car_name,car_price_in_rupees,kms_driven,fuel_type,city,year_of_manufacture
Hyundai Grand i10 Magna,₹ 6.12 Lakh,"39,664 km",CNG,Delhi,2023
Audi A4 35 TDI,₹ 35.18 Lakh,"73,423 km",Petrol,Mumbai,2021
Toyota Fortuner 2.8 4x2,₹ 9.61 Lakh,"64,654 km",CNG,Thane,2020
BMW X1 sDrive20d,₹ 38.13 Lakh,"115,788 km",Diesel,Bangalore,2016
Mahindra Thar LX,₹ 3.45 Lakh,"153,405 km",Petrol,Delhi,2014
Mahindra Thar LX,₹ 9.49 Lakh,"84,895 km",Diesel,Mumbai,2021
Audi A4 35 TDI,₹ 33.13 Lakh,"109,796 km",Petrol,Noida,2018
Hyundai Grand i10 Magna,₹ 5.54 Lakh,"57,749 km",Petrol,Pune,2022
Toyota Glanza G,₹ 8.03 Lakh,"98,018 km",Diesel,Bangalore,2018
Toyota Innova Crysta GX,₹ 11.68 Lakh,"57,790 km",CNG,Delhi,2023
Honda BR-V VX,₹ 6.56 Lakh,"41,435 km",Diesel,Thane,2023
Mahindra XUV500 W8,₹ 4.09 Lakh,"150,359 km",Petrol,Ahmedabad,2015
Hyundai Creta SX,₹ 3.98 Lakh,"72,439 km",CNG,Kolkata,2021
BMW 3 Series 320d,₹ 38.17 Lakh,"117,687 km",Diesel,Hyderabad,2016
Audi Q3 Premium,₹ 37.56 Lakh,"18,904 km",Petrol,Ahmedabad,2023
Honda BR-V VX,₹ 4.36 Lakh,"76,010 km",Petrol,Mumbai,2019
Honda Jazz VX,₹ 7.11 Lakh,"49,161 km",Diesel,Noida,2022
Audi Q3 Premium,₹ 35.97 Lakh,"79,042 km",Diesel,Delhi,2020
Audi Q3 Premium,₹ 36.55 Lakh,"47,630 km",Diesel,Kolkata,2022
Tata Harrier XZ,₹ 5.71 Lakh,"85,439 km",Petrol,Pune,2020
Audi Q5 quattro,₹ 31.39 Lakh,"148,664 km",Diesel,Noida,2015
Maruti Suzuki Swift VXi,₹ 1.20 Lakh,"129,672 km",Diesel,Hyderabad,2017
Mercedes-Benz C-Class C200,₹ 45.65 Lakh,"158,495 km",Diesel,Bangalore,2013
Audi A4 35 TDI,₹ 33.33 Lakh,"103,061 km",Petrol,Hyderabad,2016
Toyota Innova Crysta GX,₹ 7.79 Lakh,"118,377 km",Diesel,Thane,2018
Toyota Fortuner 2.8 4x2,₹ 4.50 Lakh,"160,470 km",Diesel,Mumbai,2013
Toyota Corolla Altis G,₹ 4.45 Lakh,"155,805 km",Petrol,Hyderabad,2015
Maruti Suzuki Vitara Brezza VDi,₹ 1.20 Lakh,"161,850 km",CNG,Hyderabad,2013
BMW 3 Series 320d,₹ 40.43 Lakh,"95,934 km",Petrol,Hyderabad,2020
Kia Seltos GTX,₹ 2.35 Lakh,"181,759 km",Petrol,Chennai,2013
Kia Sonet GTX,₹ 9.81 Lakh,"57,467 km",CNG,Delhi,2023
Mahindra XUV500 W8,₹ 4.44 Lakh,"142,832 km",Petrol,Hyderabad,2015
Honda WR-V VX,₹ 1.20 Lakh,"147,376 km",Petrol,Kolkata,2014
Audi A4 35 TDI,₹ 30.11 Lakh,"181,952 km",Diesel,Delhi,2012
Toyota Fortuner 2.8 4x2,₹ 7.79 Lakh,"92,711 km",Diesel,Mumbai,2018
Maruti Suzuki Ertiga VXI CNG,₹ 1.20 Lakh,"125,749 km",Diesel,Pune,2016
Audi Q5 quattro,₹ 38.28 Lakh,"33,239 km",Diesel,Mumbai,2023
Audi A4 35 TDI,₹ 36.88 Lakh,"41,651 km",Petrol,Mumbai,2023
BMW X1 sDrive20d,₹ 39.72 Lakh,"93,778 km",Diesel,Bangalore,2020
Hyundai Santro Sportz,₹ 1.20 Lakh,"162,518 km",Diesel,Delhi,2015
Mercedes-Benz C-Class C200,₹ 51.43 Lakh,"51,176 km",Petrol,Noida,2021
Mahindra Thar LX,₹ 4.43 Lakh,"127,666 km",CNG,Ahmedabad,2015
Kia Seltos GTX,₹ 9.93 Lakh,"44,902 km",Petrol,Mumbai,2022
Mercedes-Benz C-Class C200,₹ 45.17 Lakh,"150,492 km",Diesel,Thane,2013
Mahindra XUV500 W8,₹ 4.95 Lakh,"132,201 km",CNG,Pune,2015
Audi A4 35 TDI,₹ 37.46 Lakh,"58,140 km",Petrol,Delhi,2022
Honda Amaze VX,₹ 1.20 Lakh,"176,206 km",Petrol,Pune,2013
Toyota Innova Crysta GX,₹ 5.92 Lakh,"124,373 km",CNG,Pune,2015
Tata Nexon XZ+,₹ 1.20 Lakh,"146,000 km",Petrol,Mumbai,2013
Honda Amaze VX,₹ 1.20 Lakh,"132,140 km",CNG,Kolkata,2014
Kia Carens Prestige,₹ 2.06 Lakh,"195,054 km",CNG,Bangalore,2012
Mahindra Scorpio S11,₹ 7.38 Lakh,"95,686 km",Petrol,Chennai,2020
Tata Tiago XT,₹ 1.20 Lakh,"179,634 km",Petrol,Delhi,2012
Audi Q3 Premium,₹ 37.15 Lakh,"60,111 km",Diesel,Hyderabad,2021
Honda WR-V VX,₹ 1.20 Lakh,"184,713 km",Diesel,Hyderabad,2012
Hyundai Venue S,₹ 1.20 Lakh,"197,634 km",Diesel,Hyderabad,2012
BMW 5 Series 520d,₹ 37.72 Lakh,"135,420 km",Diesel,Mumbai,2016
Kia Sonet GTX,₹ 5.41 Lakh,"103,046 km",Petrol,Pune,2016
Audi Q3 Premium,₹ 37.58 Lakh,"67,771 km",Diesel,Delhi,2022
Tata Harrier XZ,₹ 5.89 Lakh,"63,242 km",Diesel,Mumbai,2021
Kia Sonet GTX,₹ 10.58 Lakh,"43,915 km",CNG,Delhi,2023
Mercedes-Benz C-Class C200,₹ 47.08 Lakh,"112,484 km",Diesel,Chennai,2016
Audi Q5 quattro,₹ 37.57 Lakh,"59,248 km",Diesel,Ahmedabad,2023
Mahindra Scorpio S11,₹ 6.70 Lakh,"105,809 km",CNG,Delhi,2017
Tata Tiago XT,₹ 6.83 Lakh,"42,785 km",Diesel,Thane,2022
Kia Carens Prestige,₹ 7.05 Lakh,"107,628 km",CNG,Bangalore,2018
Tata Safari XZ+,₹ 5.68 Lakh,"82,128 km",Petrol,Chennai,2020
Mercedes-Benz GLA 220d,₹ 48.08 Lakh,"104,167 km",Petrol,Kolkata,2017
Toyota Corolla Altis G,₹ 8.85 Lakh,"97,256 km",CNG,Bangalore,2019
Tata Tiago XT,₹ 1.20 Lakh,"131,714 km",Petrol,Pune,2013
Toyota Fortuner 2.8 4x2,₹ 2.72 Lakh,"206,049 km",CNG,Delhi,2012
Mercedes-Benz C-Class C200,₹ 52.27 Lakh,"50,875 km",Petrol,Kolkata,2023
Honda City VX,₹ 1.20 Lakh,"162,498 km",CNG,Thane,2013
Audi A4 35 TDI,₹ 30.58 Lakh,"152,700 km",Petrol,Bangalore,2013
Audi Q5 quattro,₹ 36.73 Lakh,"56,738 km",Petrol,Noida,2021
Audi Q3 Premium,₹ 35.37 Lakh,"95,360 km",Petrol,Bangalore,2020
BMW 5 Series 520d,₹ 37.22 Lakh,"125,256 km",Petrol,Thane,2016
Toyota Innova Crysta GX,₹ 8.54 Lakh,"66,033 km",Petrol,Pune,2019
Mahindra Thar LX,₹ 8.94 Lakh,"83,001 km",Diesel,Bangalore,2020
Hyundai Venue S,₹ 2.07 Lakh,"104,327 km",Diesel,Thane,2018
Maruti Suzuki Wagon R 1.0 VXI,₹ 1.20 Lakh,"85,195 km",CNG,Mumbai,2018
Mercedes-Benz E-Class E220d,₹ 49.39 Lakh,"102,162 km",Diesel,Ahmedabad,2019
Kia Sonet GTX,₹ 8.50 Lakh,"76,764 km",CNG,Hyderabad,2020
Tata Safari XZ+,₹ 4.56 Lakh,"73,918 km",Petrol,Chennai,2019
Kia Carens Prestige,₹ 2.90 Lakh,"163,507 km",CNG,Thane,2014
Kia Carens Prestige,₹ 9.02 Lakh,"42,299 km",CNG,Mumbai,2021
Kia Seltos GTX,₹ 7.81 Lakh,"92,874 km",Diesel,Hyderabad,2019
Mahindra Thar LX,₹ 6.03 Lakh,"133,471 km",Diesel,Pune,2016
BMW 3 Series 320d,₹ 43.56 Lakh,"1,500 km",Petrol,Hyderabad,2023
Maruti Suzuki Alto 800 LXi,₹ 1.20 Lakh,"124,318 km",Petrol,Mumbai,2015
Toyota Fortuner 2.8 4x2,₹ 9.00 Lakh,"81,505 km",Petrol,Kolkata,2019
Mahindra XUV500 W8,₹ 9.97 Lakh,"51,476 km",CNG,Delhi,2021
Honda Amaze VX,₹ 1.20 Lakh,"136,711 km",CNG,Chennai,2013
Toyota Glanza G,₹ 9.88 Lakh,"51,907 km",CNG,Hyderabad,2021
Tata Nexon XZ+,₹ 5.75 Lakh,"67,256 km",Diesel,Ahmedabad,2021
Mahindra XUV500 W8,₹ 7.27 Lakh,"90,149 km",Diesel,Delhi,2018
Mahindra Scorpio S11,₹ 8.55 Lakh,"85,598 km",CNG,Thane,2019
Tata Safari XZ+,₹ 4.80 Lakh,"76,626 km",Diesel,Noida,2019
Toyota Glanza G,₹ 6.71 Lakh,"131,603 km",Diesel,Noida,2016
Kia Sonet GTX,₹ 2.19 Lakh,"166,925 km",Diesel,Ahmedabad,2012
Toyota Innova Crysta GX,₹ 6.78 Lakh,"111,706 km",CNG,Pune,2016
Audi A4 35 TDI,₹ 29.96 Lakh,"181,849 km",Diesel,Chennai,2013
Toyota Etios Liva G,₹ 10.57 Lakh,"49,892 km",Petrol,Delhi,2022
Kia Carens Prestige,₹ 4.90 Lakh,"124,289 km",Diesel,Noida,2015
Audi Q5 quattro,₹ 33.66 Lakh,"95,271 km",Petrol,Ahmedabad,2017
Tata Tiago XT,₹ 2.44 Lakh,"133,962 km",Petrol,Delhi,2016
Mahindra XUV500 W8,₹ 10.52 Lakh,"21,175 km",Petrol,Hyderabad,2023
BMW 5 Series 520d,₹ 43.23 Lakh,"36,455 km",Petrol,Delhi,2023
Tata Harrier XZ,₹ 2.84 Lakh,"113,868 km",CNG,Bangalore,2017
Maruti Suzuki Ciaz ZXI+,₹ 2.94 Lakh,"42,829 km",Petrol,Kolkata,2023
Maruti Suzuki Ciaz ZXI+,₹ 1.45 Lakh,"78,144 km",Petrol,Pune,2019
BMW 3 Series 320d,₹ 34.24 Lakh,"162,460 km",Petrol,Kolkata,2013
Maruti Suzuki Baleno Delta 1.2,₹ 1.20 Lakh,"159,976 km",Petrol,Hyderabad,2014
Kia Carens Prestige,₹ 10.21 Lakh,"37,846 km",CNG,Hyderabad,2021
Kia Sonet GTX,₹ 8.14 Lakh,"84,311 km",Diesel,Pune,2019
Maruti Suzuki Swift VXi,₹ 1.20 Lakh,"152,289 km",CNG,Hyderabad,2015
Hyundai Creta SX,₹ 1.20 Lakh,"139,183 km",Petrol,Chennai,2015
Mercedes-Benz E-Class E220d,₹ 47.24 Lakh,"129,207 km",Diesel,Hyderabad,2016
Tata Safari XZ+,₹ 1.20 Lakh,"150,558 km",CNG,Noida,2013
Toyota Etios Liva G,₹ 4.84 Lakh,"135,843 km",CNG,Hyderabad,2013
Tata Harrier XZ,₹ 1.20 Lakh,"180,809 km",CNG,Noida,2013
BMW 3 Series 320d,₹ 40.12 Lakh,"96,790 km",Petrol,Chennai,2019
Audi Q5 quattro,₹ 34.98 Lakh,"74,021 km",Petrol,Ahmedabad,2019
Maruti Suzuki Swift VXi,₹ 1.20 Lakh,"143,175 km",CNG,Noida,2015
Maruti Suzuki Ciaz ZXI+,₹ 2.37 Lakh,"84,522 km",Diesel,Thane,2021
Tata Harrier XZ,₹ 7.14 Lakh,"70,042 km",Diesel,Kolkata,2021
BMW 5 Series 520d,₹ 39.20 Lakh,"92,066 km",Diesel,Ahmedabad,2018
BMW 5 Series 520d,₹ 40.83 Lakh,"68,479 km",Petrol,Thane,2022
Hyundai Elite i20 Sportz,₹ 1.42 Lakh,"110,868 km",Diesel,Thane,2016
Maruti Suzuki S-Presso VXi,₹ 1.20 Lakh,"129,494 km",Petrol,Hyderabad,2018
Mercedes-Benz E-Class E220d,₹ 51.32 Lakh,"49,349 km",Petrol,Thane,2022
Tata Safari XZ+,₹ 7.23 Lakh,"42,391 km",Diesel,Delhi,2023
Mercedes-Benz C-Class C200,₹ 52.02 Lakh,"49,265 km",Petrol,Delhi,2023
Hyundai Venue S,₹ 1.20 Lakh,"173,735 km",CNG,Bangalore,2013
Tata Tiago XT,₹ 3.56 Lakh,"118,063 km",Petrol,Kolkata,2018
Kia Seltos GTX,₹ 10.38 Lakh,"36,033 km",CNG,Bangalore,2021
Tata Safari XZ+,₹ 3.14 Lakh,"126,085 km",Petrol,Pune,2017
Mercedes-Benz GLA 220d,₹ 51.86 Lakh,"47,264 km",Petrol,Bangalore,2022
BMW 5 Series 520d,₹ 38.86 Lakh,"98,765 km",Petrol,Ahmedabad,2017
Toyota Corolla Altis G,₹ 7.14 Lakh,"96,184 km",Petrol,Chennai,2018
BMW X1 sDrive20d,₹ 40.17 Lakh,"87,632 km",Diesel,Kolkata,2018
Honda BR-V VX,₹ 5.87 Lakh,"76,625 km",Diesel,Delhi,2021
BMW 3 Series 320d,₹ 41.28 Lakh,"78,785 km",Diesel,Chennai,2020
Honda City VX,₹ 4.17 Lakh,"87,874 km",Diesel,Ahmedabad,2019
Kia Carens Prestige,₹ 3.63 Lakh,"175,005 km",CNG,Chennai,2013
BMW X1 sDrive20d,₹ 35.13 Lakh,"154,165 km",Diesel,Hyderabad,2012
Tata Harrier XZ,₹ 7.22 Lakh,"69,007 km",CNG,Delhi,2023
Tata Nexon XZ+,₹ 1.20 Lakh,"190,867 km",Diesel,Mumbai,2012
Mahindra Thar LX,₹ 3.38 Lakh,"149,450 km",CNG,Bangalore,2014
Hyundai Verna SX,₹ 1.76 Lakh,"113,359 km",CNG,Hyderabad,2018
Mercedes-Benz C-Class C200,₹ 47.28 Lakh,"128,086 km",Petrol,Mumbai,2015
BMW 5 Series 520d,₹ 42.11 Lakh,"55,220 km",Diesel,Delhi,2022
Mahindra Scorpio S11,₹ 6.35 Lakh,"116,897 km",Diesel,Kolkata,2016
Toyota Etios Liva G,₹ 8.53 Lakh,"79,337 km",Petrol,Hyderabad,2019
Mahindra Scorpio S11,₹ 4.91 Lakh,"135,027 km",CNG,Chennai,2016
Mercedes-Benz GLA 220d,₹ 53.41 Lakh,"40,539 km",Diesel,Noida,2023
Tata Harrier XZ,₹ 5.63 Lakh,"67,704 km",Petrol,Noida,2021
Honda City VX,₹ 5.88 Lakh,"45,007 km",CNG,Mumbai,2022
BMW 3 Series 320d,₹ 41.55 Lakh,"60,791 km",Petrol,Ahmedabad,2021
Honda Jazz VX,₹ 1.20 Lakh,"153,781 km",CNG,Ahmedabad,2014
Tata Harrier XZ,₹ 2.69 Lakh,"149,726 km",Diesel,Ahmedabad,2016
BMW 3 Series 320d,₹ 37.13 Lakh,"134,176 km",Diesel,Chennai,2014
Audi Q3 Premium,₹ 30.13 Lakh,"161,507 km",Diesel,Kolkata,2013
Tata Safari XZ+,₹ 7.56 Lakh,"51,056 km",Diesel,Delhi,2022
BMW 3 Series 320d,₹ 41.49 Lakh,"76,507 km",Diesel,Delhi,2021
BMW X1 sDrive20d,₹ 36.86 Lakh,"114,755 km",Petrol,Delhi,2016
Maruti Suzuki Ciaz ZXI+,₹ 1.20 Lakh,"95,544 km",CNG,Bangalore,2019
Mahindra Scorpio S11,₹ 10.58 Lakh,"46,851 km",CNG,Thane,2023
Honda WR-V VX,₹ 5.29 Lakh,"64,305 km",Diesel,Pune,2022
Mahindra XUV500 W8,₹ 8.37 Lakh,"97,108 km",Diesel,Hyderabad,2019
Hyundai Santro Sportz,₹ 1.83 Lakh,"81,160 km",Diesel,Mumbai,2017
Toyota Glanza G,₹ 8.94 Lakh,"79,865 km",Petrol,Hyderabad,2019
Mercedes-Benz C-Class C200,₹ 44.08 Lakh,"175,054 km",Diesel,Noida,2012
Audi A4 35 TDI,₹ 36.36 Lakh,"56,272 km",Diesel,Hyderabad,2021
Honda BR-V VX,₹ 1.20 Lakh,"167,113 km",Petrol,Thane,2012
Honda City VX,₹ 4.46 Lakh,"87,011 km",Petrol,Bangalore,2022
Toyota Corolla Altis G,₹ 6.89 Lakh,"122,377 km",Petrol,Chennai,2017
Hyundai Venue S,₹ 3.08 Lakh,"89,932 km",Diesel,Thane,2019
BMW X1 sDrive20d,₹ 36.65 Lakh,"140,365 km",Petrol,Kolkata,2015
Maruti Suzuki Alto 800 LXi,₹ 1.27 Lakh,"87,798 km",Diesel,Chennai,2019
BMW X1 sDrive20d,₹ 39.27 Lakh,"93,409 km",Diesel,Delhi,2019
Mercedes-Benz GLA 220d,₹ 51.83 Lakh,"67,194 km",Petrol,Chennai,2021
Audi Q3 Premium,₹ 35.53 Lakh,"76,280 km",Diesel,Thane,2019
Toyota Etios Liva G,₹ 8.30 Lakh,"88,556 km",Petrol,Chennai,2019
BMW 5 Series 520d,₹ 38.60 Lakh,"99,672 km",Petrol,Pune,2018
Honda WR-V VX,₹ 1.20 Lakh,"150,696 km",Petrol,Delhi,2013
Hyundai Santro Sportz,₹ 6.42 Lakh,"36,586 km",Petrol,Noida,2023
Audi Q3 Premium,₹ 36.93 Lakh,"57,546 km",Diesel,Chennai,2022
Kia Carens Prestige,₹ 2.42 Lakh,"188,934 km",Diesel,Delhi,2012
Toyota Fortuner 2.8 4x2,₹ 11.86 Lakh,"49,793 km",Diesel,Hyderabad,2022
Mahindra Scorpio S11,₹ 6.44 Lakh,"120,278 km",Petrol,Chennai,2017
Mercedes-Benz GLA 220d,₹ 52.82 Lakh,"59,407 km",Diesel,Noida,2022
Tata Nexon XZ+,₹ 1.20 Lakh,"146,035 km",Diesel,Ahmedabad,2014
Honda BR-V VX,₹ 5.31 Lakh,"73,127 km",Diesel,Delhi,2022
Maruti Suzuki Swift VXi,₹ 3.67 Lakh,"29,555 km",Diesel,Ahmedabad,2023
Tata Tiago XT,₹ 6.93 Lakh,"62,780 km",CNG,Delhi,2021
Honda Jazz VX,₹ 5.37 Lakh,"69,710 km",Diesel,Chennai,2021
BMW 5 Series 520d,₹ 37.00 Lakh,"126,522 km",Diesel,Thane,2016
Kia Seltos GTX,₹ 4.85 Lakh,"117,985 km",CNG,Pune,2016
Kia Carens Prestige,₹ 2.13 Lakh,"158,516 km",Petrol,Hyderabad,2012
Toyota Fortuner 2.8 4x2,₹ 6.16 Lakh,"123,511 km",Diesel,Chennai,2016
Kia Carens Prestige,₹ 10.60 Lakh,"46,881 km",Petrol,Thane,2023
Mahindra XUV500 W8,₹ 7.41 Lakh,"103,278 km",Petrol,Kolkata,2018
Mahindra Scorpio S11,₹ 7.37 Lakh,"98,306 km",CNG,Chennai,2018
Kia Sonet GTX,₹ 3.35 Lakh,"135,163 km",Petrol,Noida,2013
Mahindra XUV500 W8,₹ 6.36 Lakh,"118,550 km",Petrol,Hyderabad,2018
Kia Carens Prestige,₹ 3.23 Lakh,"152,796 km",Diesel,Hyderabad,2013
Honda City VX,₹ 4.45 Lakh,"83,299 km",CNG,Delhi,2020
Toyota Innova Crysta GX,₹ 6.44 Lakh,"109,857 km",Petrol,Hyderabad,2017
Tata Harrier XZ,₹ 1.73 Lakh,"127,038 km",CNG,Bangalore,2014
Hyundai Creta SX,₹ 5.70 Lakh,"32,903 km",CNG,Kolkata,2022
Mercedes-Benz GLA 220d,₹ 51.27 Lakh,"53,743 km",Petrol,Ahmedabad,2022
Hyundai Venue S,₹ 2.77 Lakh,"74,481 km",CNG,Mumbai,2019
Hyundai Elite i20 Sportz,₹ 2.52 Lakh,"73,267 km",Diesel,Mumbai,2019
Tata Nexon XZ+,₹ 6.78 Lakh,"68,519 km",CNG,Noida,2022
BMW X1 sDrive20d,₹ 41.69 Lakh,"59,227 km",Diesel,Kolkata,2020
Mercedes-Benz GLA 220d,₹ 46.91 Lakh,"131,076 km",Diesel,Mumbai,2015
Mahindra Scorpio S11,₹ 2.19 Lakh,"173,281 km",CNG,Bangalore,2013
BMW 5 Series 520d,₹ 40.26 Lakh,"70,016 km",Petrol,Pune,2020
Mahindra Scorpio S11,₹ 8.40 Lakh,"63,994 km",Petrol,Ahmedabad,2021
Hyundai Verna SX,₹ 5.77 Lakh,"46,081 km",CNG,Noida,2022
Mahindra XUV500 W8,₹ 9.84 Lakh,"70,979 km",CNG,Bangalore,2021
Tata Safari XZ+,₹ 1.34 Lakh,"125,598 km",Diesel,Thane,2014
Mahindra XUV500 W8,₹ 9.68 Lakh,"37,087 km",CNG,Thane,2022
Kia Carens Prestige,₹ 6.55 Lakh,"123,247 km",Petrol,Ahmedabad,2017
BMW 3 Series 320d,₹ 36.19 Lakh,"138,178 km",Diesel,Bangalore,2015
Hyundai Verna SX,₹ 3.69 Lakh,"89,687 km",Petrol,Ahmedabad,2020
Mercedes-Benz C-Class C200,₹ 50.93 Lakh,"43,583 km",Petrol,Bangalore,2021
Mercedes-Benz C-Class C200,₹ 53.39 Lakh,"29,590 km",Diesel,Kolkata,2023
BMW 3 Series 320d,₹ 41.37 Lakh,"81,711 km",Diesel,Pune,2020
BMW 3 Series 320d,₹ 38.57 Lakh,"106,208 km",Petrol,Kolkata,2017
Kia Carens Prestige,₹ 9.47 Lakh,"62,956 km",Diesel,Bangalore,2020
Mercedes-Benz C-Class C200,₹ 47.71 Lakh,"138,003 km",Petrol,Thane,2016
Audi A4 35 TDI,₹ 32.21 Lakh,"129,422 km",Diesel,Bangalore,2016
Audi A4 35 TDI,₹ 34.07 Lakh,"123,107 km",Petrol,Ahmedabad,2018
Kia Seltos GTX,₹ 6.30 Lakh,"115,365 km",CNG,Ahmedabad,2018
Hyundai Elite i20 Sportz,₹ 1.20 Lakh,"164,302 km",CNG,Ahmedabad,2015
Honda City VX,₹ 1.98 Lakh,"129,886 km",Diesel,Bangalore,2016
BMW 5 Series 520d,₹ 41.53 Lakh,"69,872 km",Petrol,Hyderabad,2021
Audi Q5 quattro,₹ 36.52 Lakh,"65,160 km",Petrol,Delhi,2021
Toyota Innova Crysta GX,₹ 3.24 Lakh,"172,962 km",CNG,Kolkata,2013
BMW X1 sDrive20d,₹ 40.77 Lakh,"80,700 km",Diesel,Thane,2020
Honda Amaze VX,₹ 2.28 Lakh,"112,193 km",CNG,Chennai,2018
Hyundai Verna SX,₹ 1.20 Lakh,"113,110 km",Petrol,Thane,2017
Audi Q5 quattro,₹ 28.98 Lakh,"162,554 km",Petrol,Ahmedabad,2012
Maruti Suzuki Vitara Brezza VDi,₹ 1.20 Lakh,"169,591 km",Diesel,Hyderabad,2013
Hyundai i10 Magna,₹ 4.17 Lakh,"63,997 km",Petrol,Ahmedabad,2021
Honda WR-V VX,₹ 7.70 Lakh,"30,256 km",Diesel,Bangalore,2023
Hyundai Santro Sportz,₹ 2.11 Lakh,"96,835 km",Petrol,Mumbai,2019
Tata Safari XZ+,₹ 4.94 Lakh,"78,854 km",Diesel,Pune,2020
Toyota Innova Crysta GX,₹ 6.81 Lakh,"115,432 km",CNG,Ahmedabad,2017
Mahindra Thar LX,₹ 7.66 Lakh,"98,138 km",CNG,Kolkata,2018
Kia Sonet GTX,₹ 4.65 Lakh,"134,925 km",CNG,Pune,2014
Kia Seltos GTX,₹ 7.05 Lakh,"101,335 km",CNG,Bangalore,2018
Mahindra XUV500 W8,₹ 3.79 Lakh,"156,275 km",Diesel,Noida,2013
Honda WR-V VX,₹ 2.62 Lakh,"121,866 km",Diesel,Mumbai,2017
Mahindra Scorpio S11,₹ 7.15 Lakh,"95,840 km",Petrol,Delhi,2018
Kia Sonet GTX,₹ 8.64 Lakh,"110,172 km",CNG,Bangalore,2020
Honda BR-V VX,₹ 6.28 Lakh,"53,624 km",Petrol,Hyderabad,2022
Mahindra Thar LX,₹ 7.21 Lakh,"97,867 km",CNG,Mumbai,2018
BMW 5 Series 520d,₹ 38.28 Lakh,"108,494 km",Diesel,Thane,2017
Mahindra Scorpio S11,₹ 4.46 Lakh,"126,656 km",Petrol,Delhi,2016
Honda WR-V VX,₹ 5.25 Lakh,"65,312 km",Diesel,Pune,2020
Toyota Corolla Altis G,₹ 5.79 Lakh,"135,047 km",CNG,Kolkata,2016
Honda City VX,₹ 3.66 Lakh,"97,860 km",Petrol,Ahmedabad,2019
Hyundai Verna SX,₹ 3.97 Lakh,"93,774 km",Diesel,Pune,2020
Honda Amaze VX,₹ 4.68 Lakh,"82,610 km",Petrol,Hyderabad,2020
Maruti Suzuki Vitara Brezza VDi,₹ 1.20 Lakh,"111,359 km",CNG,Ahmedabad,2020
Audi A4 35 TDI,₹ 36.06 Lakh,"68,305 km",Petrol,Kolkata,2021
Kia Carens Prestige,₹ 3.23 Lakh,"158,057 km",Petrol,Ahmedabad,2013
BMW 5 Series 520d,₹ 42.25 Lakh,"46,747 km",Diesel,Bangalore,2022
Maruti Suzuki Swift VXi,₹ 1.20 Lakh,"76,315 km",Petrol,Pune,2020
Mahindra Scorpio S11,₹ 4.78 Lakh,"120,805 km",Diesel,Delhi,2015
Audi Q3 Premium,₹ 30.35 Lakh,"172,502 km",Petrol,Noida,2014
Audi Q5 quattro,₹ 31.71 Lakh,"135,739 km",Diesel,Noida,2014
Mercedes-Benz E-Class E220d,₹ 50.97 Lakh,"56,371 km",Diesel,Mumbai,2021
Mercedes-Benz E-Class E220d,₹ 52.80 Lakh,"56,811 km",Diesel,Kolkata,2022
Audi Q3 Premium,₹ 36.16 Lakh,"68,164 km",Petrol,Kolkata,2022
Kia Sonet GTX,₹ 7.85 Lakh,"92,782 km",Diesel,Chennai,2019
Toyota Innova Crysta GX,₹ 10.62 Lakh,"66,867 km",Petrol,Ahmedabad,2021
Mahindra Scorpio S11,₹ 6.40 Lakh,"119,277 km",Diesel,Thane,2017
Mahindra XUV500 W8,₹ 7.48 Lakh,"88,020 km",Petrol,Pune,2019
Honda City VX,₹ 1.20 Lakh,"170,046 km",CNG,Chennai,2012
Honda Amaze VX,₹ 4.58 Lakh,"76,440 km",CNG,Ahmedabad,2021
Honda WR-V VX,₹ 4.49 Lakh,"52,867 km",Diesel,Mumbai,2020
Kia Carens Prestige,₹ 7.59 Lakh,"94,105 km",Petrol,Hyderabad,2019
Maruti Suzuki Alto 800 LXi,₹ 1.20 Lakh,"100,187 km",CNG,Kolkata,2016
Maruti Suzuki Swift VXi,₹ 1.20 Lakh,"101,796 km",Petrol,Pune,2018
Kia Sonet GTX,₹ 2.50 Lakh,"160,348 km",Petrol,Ahmedabad,2012
Hyundai Venue S,₹ 3.20 Lakh,"86,121 km",Diesel,Thane,2020
Mercedes-Benz GLA 220d,₹ 51.12 Lakh,"88,937 km",Petrol,Ahmedabad,2021
Mahindra Scorpio S11,₹ 5.78 Lakh,"135,144 km",Petrol,Hyderabad,2017
Kia Carens Prestige,₹ 2.50 Lakh,"179,252 km",Diesel,Kolkata,2012
Honda BR-V VX,₹ 4.97 Lakh,"78,829 km",Petrol,Ahmedabad,2020
Mahindra XUV500 W8,₹ 6.57 Lakh,"120,643 km",Diesel,Noida,2018
Audi Q5 quattro,₹ 35.07 Lakh,"87,840 km",Petrol,Kolkata,2019
Mahindra Thar LX,₹ 10.23 Lakh,"62,617 km",Diesel,Mumbai,2022
Tata Harrier XZ,₹ 7.44 Lakh,"48,916 km",Petrol,Noida,2023
Audi Q5 quattro,₹ 37.57 Lakh,"24,193 km",Diesel,Hyderabad,2023
Hyundai Creta SX,₹ 1.20 Lakh,"157,270 km",Diesel,Ahmedabad,2012
Kia Carens Prestige,₹ 5.53 Lakh,"119,474 km",Diesel,Mumbai,2015
Audi A4 35 TDI,₹ 35.16 Lakh,"88,063 km",Petrol,Kolkata,2020
Mahindra XUV500 W8,₹ 7.96 Lakh,"98,353 km",Diesel,Pune,2019
Toyota Fortuner 2.8 4x2,₹ 6.11 Lakh,"119,237 km",CNG,Pune,2016
Tata Tiago XT,₹ 7.68 Lakh,"45,972 km",Diesel,Kolkata,2023
Tata Tiago XT,₹ 1.20 Lakh,"179,078 km",CNG,Thane,2013
Kia Sonet GTX,₹ 3.72 Lakh,"146,514 km",CNG,Delhi,2014
BMW X1 sDrive20d,₹ 36.60 Lakh,"134,565 km",Petrol,Hyderabad,2016
Audi Q3 Premium,₹ 35.03 Lakh,"74,836 km",Diesel,Hyderabad,2020
Audi A4 35 TDI,₹ 36.72 Lakh,"46,848 km",Diesel,Mumbai,2022
Mahindra Scorpio S11,₹ 8.01 Lakh,"105,621 km",Petrol,Thane,2019
Honda WR-V VX,₹ 6.27 Lakh,"65,163 km",Diesel,Kolkata,2022
Tata Tiago XT,₹ 2.11 Lakh,"109,052 km",Petrol,Noida,2016
Maruti Suzuki Baleno Delta 1.2,₹ 1.20 Lakh,"80,199 km",Petrol,Mumbai,2018
Kia Sonet GTX,₹ 2.82 Lakh,"177,301 km",Diesel,Mumbai,2014
Mercedes-Benz GLA 220d,₹ 45.09 Lakh,"149,090 km",Petrol,Pune,2013
Audi Q5 quattro,₹ 33.97 Lakh,"93,944 km",Petrol,Pune,2019
Hyundai Elite i20 Sportz,₹ 1.20 Lakh,"144,870 km",CNG,Kolkata,2014
Honda City VX,₹ 6.39 Lakh,"35,778 km",CNG,Hyderabad,2023
Kia Sonet GTX,₹ 8.40 Lakh,"85,568 km",Diesel,Delhi,2020
Hyundai Creta SX,₹ 1.20 Lakh,"121,158 km",Petrol,Pune,2014
BMW 5 Series 520d,₹ 38.30 Lakh,"116,970 km",Petrol,Noida,2017
Maruti Suzuki Ciaz ZXI+,₹ 3.09 Lakh,"47,402 km",CNG,Delhi,2022
Honda WR-V VX,₹ 6.23 Lakh,"59,805 km",CNG,Pune,2022
Tata Tiago XT,₹ 6.31 Lakh,"70,490 km",Diesel,Bangalore,2021
Mercedes-Benz E-Class E220d,₹ 48.73 Lakh,"130,639 km",Petrol,Thane,2018
Toyota Fortuner 2.8 4x2,₹ 10.75 Lakh,"53,726 km",Petrol,Thane,2022
Mahindra XUV500 W8,₹ 10.04 Lakh,"40,626 km",Petrol,Mumbai,2021
Audi A4 35 TDI,₹ 36.49 Lakh,"57,994 km",Petrol,Delhi,2021
Mercedes-Benz E-Class E220d,₹ 44.91 Lakh,"159,357 km",Petrol,Mumbai,2013
Audi Q3 Premium,₹ 34.64 Lakh,"74,870 km",Petrol,Mumbai,2019
Maruti Suzuki Wagon R 1.0 VXI,₹ 2.07 Lakh,"58,999 km",Petrol,Mumbai,2021
Hyundai Verna SX,₹ 1.20 Lakh,"177,160 km",Diesel,Mumbai,2012
Honda Jazz VX,₹ 5.88 Lakh,"51,186 km",CNG,Chennai,2022
Kia Sonet GTX,₹ 6.63 Lakh,"88,090 km",CNG,Thane,2018
Mahindra XUV500 W8,₹ 3.73 Lakh,"161,805 km",CNG,Chennai,2014
Toyota Glanza G,₹ 3.03 Lakh,"186,259 km",CNG,Thane,2012
Kia Seltos GTX,₹ 4.36 Lakh,"135,197 km",Diesel,Ahmedabad,2015
Toyota Glanza G,₹ 2.63 Lakh,"177,567 km",Petrol,Hyderabad,2012
Hyundai Verna SX,₹ 1.20 Lakh,"161,353 km",Diesel,Noida,2012
Maruti Suzuki Wagon R 1.0 VXI,₹ 4.00 Lakh,"53,406 km",CNG,Hyderabad,2023
Maruti Suzuki Baleno Delta 1.2,₹ 2.16 Lakh,"80,540 km",Diesel,Hyderabad,2020
Mercedes-Benz E-Class E220d,₹ 51.03 Lakh,"50,357 km",Petrol,Hyderabad,2021
Honda BR-V VX,₹ 1.20 Lakh,"126,651 km",Diesel,Pune,2015
Audi Q5 quattro,₹ 37.35 Lakh,"55,298 km",Petrol,Thane,2023
Mahindra Scorpio S11,₹ 10.12 Lakh,"44,123 km",Diesel,Thane,2022
Kia Sonet GTX,₹ 3.55 Lakh,"146,641 km",CNG,Kolkata,2014
Toyota Innova Crysta GX,₹ 12.14 Lakh,"48,277 km",Petrol,Kolkata,2023
Audi Q3 Premium,₹ 33.82 Lakh,"94,973 km",Diesel,Pune,2018
Hyundai Venue S,₹ 1.42 Lakh,"110,731 km",Petrol,Thane,2017
Toyota Glanza G,₹ 5.96 Lakh,"113,278 km",Petrol,Delhi,2016
Mercedes-Benz GLA 220d,₹ 51.57 Lakh,"64,406 km",Diesel,Kolkata,2022
Mahindra Thar LX,₹ 2.75 Lakh,"174,851 km",CNG,Delhi,2012
BMW 3 Series 320d,₹ 43.54 Lakh,"48,567 km",Diesel,Chennai,2023
Audi Q3 Premium,₹ 32.06 Lakh,"114,153 km",Petrol,Pune,2016
Audi Q3 Premium,₹ 35.18 Lakh,"99,101 km",Diesel,Kolkata,2019
Mahindra XUV500 W8,₹ 5.27 Lakh,"111,586 km",Petrol,Bangalore,2017
Audi Q5 quattro,₹ 35.46 Lakh,"68,387 km",Petrol,Pune,2021
Mahindra XUV500 W8,₹ 6.74 Lakh,"92,840 km",CNG,Ahmedabad,2018
BMW X1 sDrive20d,₹ 41.38 Lakh,"49,173 km",Petrol,Kolkata,2022
Mahindra XUV500 W8,₹ 4.00 Lakh,"146,423 km",CNG,Mumbai,2014
Hyundai i10 Magna,₹ 4.95 Lakh,"39,349 km",Petrol,Mumbai,2022
Toyota Glanza G,₹ 11.22 Lakh,"45,911 km",Diesel,Ahmedabad,2023
Mercedes-Benz E-Class E220d,₹ 50.93 Lakh,"59,852 km",Petrol,Mumbai,2022
Audi Q3 Premium,₹ 28.85 Lakh,"192,100 km",Petrol,Mumbai,2012
Kia Seltos GTX,₹ 2.35 Lakh,"163,014 km",Petrol,Thane,2013
Toyota Corolla Altis G,₹ 9.51 Lakh,"76,829 km",Diesel,Delhi,2020
Kia Sonet GTX,₹ 8.56 Lakh,"76,225 km",Petrol,Hyderabad,2021
Hyundai Santro Sportz,₹ 5.32 Lakh,"53,320 km",Diesel,Chennai,2022
Maruti Suzuki Alto 800 LXi,₹ 3.71 Lakh,"35,692 km",Petrol,Delhi,2023
Kia Carens Prestige,₹ 7.08 Lakh,"91,292 km",Petrol,Thane,2017
Toyota Fortuner 2.8 4x2,₹ 11.62 Lakh,"31,467 km",CNG,Kolkata,2023
Hyundai Santro Sportz,₹ 1.20 Lakh,"137,461 km",Petrol,Bangalore,2016
Mahindra XUV500 W8,₹ 5.25 Lakh,"127,863 km",CNG,Bangalore,2015
Kia Seltos GTX,₹ 5.30 Lakh,"129,652 km",Diesel,Thane,2016
Honda City VX,₹ 3.66 Lakh,"84,587 km",CNG,Ahmedabad,2020
Kia Seltos GTX,₹ 4.10 Lakh,"149,927 km",CNG,Chennai,2013
Mahindra XUV500 W8,₹ 9.92 Lakh,"70,304 km",Diesel,Kolkata,2022
Mahindra Scorpio S11,₹ 6.62 Lakh,"84,527 km",CNG,Chennai,2018
Mercedes-Benz E-Class E220d,₹ 46.38 Lakh,"144,519 km",Diesel,Delhi,2015
Kia Carens Prestige,₹ 9.47 Lakh,"59,746 km",Diesel,Delhi,2022
Tata Safari XZ+,₹ 2.65 Lakh,"122,831 km",Diesel,Delhi,2017
Honda WR-V VX,₹ 3.13 Lakh,"75,528 km",Petrol,Mumbai,2019
Audi A4 35 TDI,₹ 35.39 Lakh,"59,959 km",Petrol,Chennai,2021
Kia Sonet GTX,₹ 3.03 Lakh,"158,581 km",Petrol,Noida,2013
Kia Seltos GTX,₹ 4.02 Lakh,"133,824 km",Diesel,Pune,2014
Honda City VX,₹ 1.20 Lakh,"137,495 km",Diesel,Delhi,2014
Toyota Etios Liva G,₹ 10.12 Lakh,"70,006 km",CNG,Hyderabad,2021
Honda Amaze VX,₹ 1.20 Lakh,"183,231 km",CNG,Chennai,2012
Mahindra Thar LX,₹ 5.90 Lakh,"109,591 km",Diesel,Noida,2017
Mahindra Scorpio S11,₹ 10.62 Lakh,"44,167 km",Diesel,Ahmedabad,2023
BMW X1 sDrive20d,₹ 35.95 Lakh,"146,928 km",Petrol,Chennai,2015
Kia Sonet GTX,₹ 3.31 Lakh,"168,293 km",CNG,Bangalore,2013
Audi A4 35 TDI,₹ 37.57 Lakh,"37,683 km",Petrol,Hyderabad,2023
Tata Nexon XZ+,₹ 3.84 Lakh,"97,943 km",Diesel,Hyderabad,2018
Honda WR-V VX,₹ 3.67 Lakh,"95,184 km",Petrol,Kolkata,2018
BMW X1 sDrive20d,₹ 38.52 Lakh,"74,423 km",Petrol,Thane,2018
Mahindra Scorpio S11,₹ 7.99 Lakh,"71,170 km",CNG,Delhi,2020
Toyota Innova Crysta GX,₹ 5.70 Lakh,"146,822 km",CNG,Chennai,2014
Mahindra Thar LX,₹ 2.62 Lakh,"158,118 km",Petrol,Delhi,2013
Audi Q5 quattro,₹ 35.82 Lakh,"59,895 km",Diesel,Kolkata,2020
BMW X1 sDrive20d,₹ 42.39 Lakh,"58,475 km",Diesel,Ahmedabad,2021
BMW 3 Series 320d,₹ 37.88 Lakh,"98,518 km",Diesel,Bangalore,2016
Mahindra Thar LX,₹ 4.16 Lakh,"152,442 km",CNG,Kolkata,2015
Hyundai Venue S,₹ 6.57 Lakh,"37,547 km",Diesel,Mumbai,2023
Hyundai Grand i10 Magna,₹ 1.68 Lakh,"103,065 km",CNG,Delhi,2017
Honda Jazz VX,₹ 5.19 Lakh,"80,240 km",CNG,Chennai,2020
Toyota Etios Liva G,₹ 10.96 Lakh,"59,305 km",Petrol,Bangalore,2022
Kia Sonet GTX,₹ 2.51 Lakh,"171,031 km",Diesel,Noida,2012
Maruti Suzuki Wagon R 1.0 VXI,₹ 1.20 Lakh,"112,215 km",Diesel,Delhi,2015
Audi A4 35 TDI,₹ 33.17 Lakh,"106,901 km",Petrol,Kolkata,2017
Mahindra Scorpio S11,₹ 6.91 Lakh,"112,788 km",CNG,Chennai,2018
Mahindra Thar LX,₹ 8.71 Lakh,"72,715 km",CNG,Pune,2019
Mercedes-Benz C-Class C200,₹ 51.90 Lakh,"38,207 km",Diesel,Ahmedabad,2022
Tata Nexon XZ+,₹ 1.36 Lakh,"144,365 km",Diesel,Chennai,2014
Mercedes-Benz E-Class E220d,₹ 49.31 Lakh,"105,734 km",Diesel,Kolkata,2018
Honda BR-V VX,₹ 1.20 Lakh,"142,415 km",Diesel,Kolkata,2014
Mahindra XUV500 W8,₹ 8.04 Lakh,"89,429 km",Petrol,Hyderabad,2019
Audi Q5 quattro,₹ 37.16 Lakh,"34,776 km",Petrol,Kolkata,2022
Hyundai Verna SX,₹ 1.20 Lakh,"173,576 km",Petrol,Pune,2012
Toyota Corolla Altis G,₹ 6.41 Lakh,"131,522 km",CNG,Kolkata,2016
Hyundai Verna SX,₹ 1.20 Lakh,"172,554 km",Diesel,Thane,2013
Mahindra Scorpio S11,₹ 1.54 Lakh,"173,813 km",Petrol,Chennai,2012
Toyota Innova Crysta GX,₹ 3.58 Lakh,"160,076 km",Diesel,Pune,2012
Hyundai Venue S,₹ 1.20 Lakh,"162,415 km",CNG,Noida,2013
Mercedes-Benz GLA 220d,₹ 48.76 Lakh,"92,289 km",Diesel,Noida,2018
Toyota Fortuner 2.8 4x2,₹ 3.10 Lakh,"159,617 km",CNG,Thane,2012
Tata Tiago XT,₹ 7.37 Lakh,"58,694 km",Diesel,Thane,2021
Hyundai Creta SX,₹ 1.71 Lakh,"133,748 km",CNG,Bangalore,2018
Honda Jazz VX,₹ 1.20 Lakh,"130,665 km",CNG,Ahmedabad,2014
Kia Sonet GTX,₹ 4.19 Lakh,"140,607 km",Diesel,Chennai,2014
Hyundai Venue S,₹ 3.91 Lakh,"72,561 km",CNG,Pune,2020
Mahindra Thar LX,₹ 8.12 Lakh,"88,605 km",CNG,Delhi,2019
BMW X1 sDrive20d,₹ 42.31 Lakh,"53,746 km",Petrol,Delhi,2022
Kia Seltos GTX,₹ 6.81 Lakh,"107,353 km",Diesel,Pune,2018
Mercedes-Benz C-Class C200,₹ 51.94 Lakh,"52,500 km",Petrol,Ahmedabad,2021
Maruti Suzuki Alto 800 LXi,₹ 1.20 Lakh,"144,966 km",Petrol,Delhi,2013
Honda WR-V VX,₹ 3.36 Lakh,"72,726 km",Petrol,Chennai,2019
Honda Amaze VX,₹ 1.20 Lakh,"166,294 km",Petrol,Ahmedabad,2014
Mahindra Scorpio S11,₹ 9.99 Lakh,"35,579 km",Petrol,Mumbai,2022
Tata Harrier XZ,₹ 3.93 Lakh,"90,526 km",Petrol,Hyderabad,2018
Honda BR-V VX,₹ 1.20 Lakh,"121,487 km",CNG,Kolkata,2015
Mahindra XUV500 W8,₹ 6.21 Lakh,"96,288 km",Petrol,Chennai,2018
Hyundai Grand i10 Magna,₹ 1.20 Lakh,"100,160 km",Diesel,Pune,2017
Honda Jazz VX,₹ 1.20 Lakh,"159,463 km",CNG,Bangalore,2013
Toyota Fortuner 2.8 4x2,₹ 8.56 Lakh,"100,701 km",CNG,Kolkata,2018
Hyundai Grand i10 Magna,₹ 1.20 Lakh,"149,246 km",Diesel,Ahmedabad,2014
Mahindra XUV500 W8,₹ 4.77 Lakh,"120,986 km",Diesel,Delhi,2015
Mercedes-Benz GLA 220d,₹ 52.83 Lakh,"24,735 km",Diesel,Pune,2023
Mercedes-Benz GLA 220d,₹ 46.95 Lakh,"123,954 km",Petrol,Pune,2015
Toyota Etios Liva G,₹ 7.83 Lakh,"111,723 km",CNG,Delhi,2018
Maruti Suzuki Vitara Brezza VDi,₹ 1.20 Lakh,"122,186 km",Petrol,Chennai,2017
Mercedes-Benz E-Class E220d,₹ 47.37 Lakh,"105,920 km",Petrol,Delhi,2017
Hyundai Grand i10 Magna,₹ 1.20 Lakh,"122,877 km",Petrol,Mumbai,2016
Kia Carens Prestige,₹ 6.15 Lakh,"115,221 km",Diesel,Chennai,2016
Hyundai Santro Sportz,₹ 3.14 Lakh,"66,772 km",CNG,Noida,2020
Hyundai Elite i20 Sportz,₹ 1.20 Lakh,"152,932 km",Petrol,Thane,2013
Mercedes-Benz GLA 220d,₹ 52.57 Lakh,"52,425 km",Diesel,Pune,2022
Toyota Glanza G,₹ 5.86 Lakh,"147,978 km",Diesel,Noida,2015
Tata Harrier XZ,₹ 1.20 Lakh,"167,606 km",Petrol,Bangalore,2013
Honda WR-V VX,₹ 2.06 Lakh,"92,242 km",CNG,Pune,2017
Honda Amaze VX,₹ 6.40 Lakh,"37,978 km",Petrol,Mumbai,2023
Kia Sonet GTX,₹ 8.19 Lakh,"94,437 km",CNG,Delhi,2020
Audi Q3 Premium,₹ 28.52 Lakh,"180,399 km",Petrol,Noida,2012
Honda Amaze VX,₹ 1.20 Lakh,"175,148 km",Petrol,Hyderabad,2013
Maruti Suzuki Alto 800 LXi,₹ 1.20 Lakh,"161,921 km",Petrol,Mumbai,2012
Kia Seltos GTX,₹ 3.09 Lakh,"170,506 km",CNG,Chennai,2014
Toyota Etios Liva G,₹ 12.71 Lakh,"31,070 km",Diesel,Pune,2023
Mercedes-Benz E-Class E220d,₹ 46.30 Lakh,"135,141 km",Diesel,Hyderabad,2013
Maruti Suzuki Ertiga VXI CNG,₹ 1.20 Lakh,"160,668 km",Diesel,Pune,2013
Tata Tiago XT,₹ 1.20 Lakh,"159,565 km",Petrol,Pune,2013
Tata Harrier XZ,₹ 5.71 Lakh,"88,502 km",Diesel,Noida,2019
Toyota Corolla Altis G,₹ 5.26 Lakh,"153,292 km",Petrol,Hyderabad,2015
Maruti Suzuki Vitara Brezza VDi,₹ 1.20 Lakh,"195,593 km",CNG,Chennai,2012
Tata Nexon XZ+,₹ 2.80 Lakh,"128,303 km",Diesel,Mumbai,2015
Honda Amaze VX,₹ 1.20 Lakh,"159,351 km",Petrol,Hyderabad,2013
Audi Q3 Premium,₹ 37.18 Lakh,"51,531 km",Diesel,Noida,2023
Honda WR-V VX,₹ 1.20 Lakh,"152,892 km",CNG,Noida,2013
Honda Jazz VX,₹ 1.37 Lakh,"124,279 km",Diesel,Ahmedabad,2016
Tata Harrier XZ,₹ 1.20 Lakh,"171,413 km",Petrol,Bangalore,2013
Mercedes-Benz C-Class C200,₹ 44.93 Lakh,"159,327 km",Petrol,Chennai,2014
Mahindra XUV500 W8,₹ 7.43 Lakh,"97,079 km",Diesel,Kolkata,2019
Hyundai Grand i10 Magna,₹ 1.20 Lakh,"152,618 km",CNG,Noida,2014
Mahindra XUV500 W8,₹ 4.07 Lakh,"151,441 km",CNG,Hyderabad,2013
Kia Carens Prestige,₹ 2.98 Lakh,"168,885 km",Petrol,Mumbai,2012
BMW X1 sDrive20d,₹ 43.10 Lakh,"32,642 km",Diesel,Delhi,2023
Honda City VX,₹ 1.20 Lakh,"192,362 km",Petrol,Bangalore,2012
Kia Sonet GTX,₹ 10.04 Lakh,"60,901 km",CNG,Delhi,2022
Tata Nexon XZ+,₹ 1.20 Lakh,"180,964 km",CNG,Kolkata,2012
Hyundai i10 Magna,₹ 1.73 Lakh,"112,857 km",Petrol,Mumbai,2017
Maruti Suzuki Baleno Delta 1.2,₹ 2.61 Lakh,"47,407 km",Diesel,Mumbai,2021
Kia Seltos GTX,₹ 5.51 Lakh,"120,856 km",Petrol,Bangalore,2017
BMW 3 Series 320d,₹ 34.27 Lakh,"160,468 km",Petrol,Kolkata,2012
Audi Q3 Premium,₹ 29.60 Lakh,"162,076 km",Diesel,Pune,2012
Kia Seltos GTX,₹ 10.32 Lakh,"63,974 km",CNG,Thane,2022
Kia Carens Prestige,₹ 7.04 Lakh,"103,281 km",Diesel,Thane,2017
Mahindra Scorpio S11,₹ 8.54 Lakh,"72,855 km",Petrol,Ahmedabad,2020
Maruti Suzuki Ciaz ZXI+,₹ 1.20 Lakh,"181,581 km",Diesel,Thane,2012
Mercedes-Benz C-Class C200,₹ 45.97 Lakh,"163,190 km",Petrol,Thane,2014
Maruti Suzuki Wagon R 1.0 VXI,₹ 2.99 Lakh,"75,328 km",Diesel,Ahmedabad,2021
Honda Jazz VX,₹ 1.67 Lakh,"118,831 km",CNG,Ahmedabad,2015
Maruti Suzuki Vitara Brezza VDi,₹ 2.60 Lakh,"53,062 km",CNG,Bangalore,2021
Toyota Etios Liva G,₹ 8.98 Lakh,"71,947 km",Petrol,Mumbai,2020
Toyota Glanza G,₹ 9.21 Lakh,"89,986 km",Diesel,Mumbai,2020
Mercedes-Benz C-Class C200,₹ 45.03 Lakh,"144,950 km",Petrol,Mumbai,2014
Mercedes-Benz GLA 220d,₹ 46.58 Lakh,"155,313 km",Diesel,Thane,2014
Hyundai Elite i20 Sportz,₹ 5.09 Lakh,"52,249 km",Petrol,Ahmedabad,2023
Honda Jazz VX,₹ 7.33 Lakh,"36,702 km",Diesel,Kolkata,2023
Honda BR-V VX,₹ 7.05 Lakh,"53,726 km",Diesel,Hyderabad,2023
Honda WR-V VX,₹ 1.20 Lakh,"114,418 km",CNG,Pune,2016
Maruti Suzuki Ertiga VXI CNG,₹ 2.22 Lakh,"80,961 km",CNG,Hyderabad,2021
Hyundai Venue S,₹ 1.20 Lakh,"152,293 km",Diesel,Delhi,2014
Mahindra XUV500 W8,₹ 9.89 Lakh,"56,887 km",CNG,Ahmedabad,2022
Tata Harrier XZ,₹ 1.51 Lakh,"133,586 km",CNG,Delhi,2015
Hyundai Santro Sportz,₹ 1.20 Lakh,"185,301 km",Diesel,Bangalore,2012
BMW 5 Series 520d,₹ 38.47 Lakh,"116,839 km",Petrol,Delhi,2017
Mercedes-Benz GLA 220d,₹ 51.44 Lakh,"55,009 km",Diesel,Pune,2022
Tata Nexon XZ+,₹ 1.20 Lakh,"173,992 km",Diesel,Bangalore,2013
Honda City VX,₹ 4.93 Lakh,"107,972 km",Diesel,Noida,2020
BMW X1 sDrive20d,₹ 34.57 Lakh,"161,148 km",Petrol,Bangalore,2012
Kia Seltos GTX,₹ 2.38 Lakh,"179,547 km",Petrol,Chennai,2012
Audi Q3 Premium,₹ 36.34 Lakh,"57,836 km",Petrol,Pune,2022
Maruti Suzuki Ertiga VXI CNG,₹ 1.53 Lakh,"51,728 km",Petrol,Ahmedabad,2021
Hyundai Elite i20 Sportz,₹ 5.09 Lakh,"48,718 km",CNG,Noida,2022
Hyundai Grand i10 Magna,₹ 1.20 Lakh,"141,756 km",Petrol,Kolkata,2015
Tata Safari XZ+,₹ 4.14 Lakh,"97,760 km",Diesel,Pune,2019
Audi Q3 Premium,₹ 30.54 Lakh,"140,893 km",Diesel,Kolkata,2014
BMW 5 Series 520d,₹ 37.60 Lakh,"133,522 km",Diesel,Pune,2016
Honda City VX,₹ 1.20 Lakh,"150,271 km",Diesel,Noida,2013
Maruti Suzuki Ertiga VXI CNG,₹ 2.36 Lakh,"58,014 km",Diesel,Thane,2020
BMW X1 sDrive20d,₹ 37.08 Lakh,"132,187 km",Diesel,Thane,2015
Audi Q5 quattro,₹ 37.95 Lakh,"53,723 km",Diesel,Delhi,2022
BMW 3 Series 320d,₹ 35.61 Lakh,"170,483 km",Diesel,Mumbai,2014
Kia Seltos GTX,₹ 9.53 Lakh,"49,203 km",Petrol,Noida,2022
Hyundai Grand i10 Magna,₹ 2.37 Lakh,"86,735 km",Diesel,Thane,2018
Maruti Suzuki Ertiga VXI CNG,₹ 1.20 Lakh,"155,725 km",Diesel,Bangalore,2013
Mercedes-Benz GLA 220d,₹ 45.69 Lakh,"174,748 km",Diesel,Pune,2013
Mahindra Thar LX,₹ 5.89 Lakh,"117,986 km",Diesel,Kolkata,2016
BMW 3 Series 320d,₹ 35.57 Lakh,"147,936 km",Petrol,Mumbai,2014
Mahindra Scorpio S11,₹ 5.04 Lakh,"143,602 km",Petrol,Kolkata,2015
Mahindra XUV500 W8,₹ 6.91 Lakh,"117,189 km",Diesel,Kolkata,2017
Hyundai i10 Magna,₹ 1.20 Lakh,"127,703 km",Petrol,Pune,2015
BMW 5 Series 520d,₹ 37.60 Lakh,"122,827 km",Diesel,Hyderabad,2016
Kia Carens Prestige,₹ 8.55 Lakh,"72,789 km",CNG,Ahmedabad,2019
Audi A4 35 TDI,₹ 31.06 Lakh,"155,654 km",Diesel,Thane,2013
Maruti Suzuki Baleno Delta 1.2,₹ 1.20 Lakh,"150,228 km",Petrol,Mumbai,2015
BMW 3 Series 320d,₹ 37.90 Lakh,"110,299 km",Petrol,Thane,2017
Hyundai Santro Sportz,₹ 1.20 Lakh,"163,784 km",Petrol,Ahmedabad,2012
BMW 3 Series 320d,₹ 40.52 Lakh,"79,484 km",Diesel,Pune,2019
Hyundai Elite i20 Sportz,₹ 1.20 Lakh,"167,219 km",Diesel,Mumbai,2012
Mercedes-Benz C-Class C200,₹ 46.70 Lakh,"126,146 km",Petrol,Chennai,2015
Maruti Suzuki S-Presso VXi,₹ 1.20 Lakh,"134,567 km",CNG,Bangalore,2014
Maruti Suzuki Wagon R 1.0 VXI,₹ 1.20 Lakh,"102,678 km",CNG,Pune,2016
Kia Sonet GTX,₹ 8.22 Lakh,"70,922 km",Diesel,Hyderabad,2019
Audi Q5 quattro,₹ 34.04 Lakh,"99,743 km",Petrol,Thane,2018
Mercedes-Benz E-Class E220d,₹ 46.97 Lakh,"124,262 km",Diesel,Kolkata,2016
Tata Tiago XT,₹ 1.98 Lakh,"123,676 km",CNG,Pune,2016
Audi A4 35 TDI,₹ 29.14 Lakh,"191,863 km",Petrol,Ahmedabad,2012
Maruti Suzuki S-Presso VXi,₹ 1.20 Lakh,"124,260 km",Diesel,Mumbai,2016
Mercedes-Benz C-Class C200,₹ 48.41 Lakh,"125,474 km",Diesel,Thane,2017
BMW X1 sDrive20d,₹ 38.19 Lakh,"89,835 km",Diesel,Pune,2017
Honda Amaze VX,₹ 7.55 Lakh,"39,934 km",CNG,Bangalore,2023
Mahindra Scorpio S11,₹ 3.79 Lakh,"162,479 km",Diesel,Chennai,2013
Mahindra Thar LX,₹ 5.24 Lakh,"133,402 km",CNG,Pune,2016
Hyundai Venue S,₹ 1.20 Lakh,"183,608 km",CNG,Delhi,2012
Toyota Corolla Altis G,₹ 4.41 Lakh,"149,177 km",CNG,Chennai,2013
Kia Seltos GTX,₹ 4.65 Lakh,"154,215 km",Diesel,Noida,2014
BMW 3 Series 320d,₹ 38.29 Lakh,"119,096 km",Diesel,Delhi,2017
Honda Amaze VX,₹ 5.75 Lakh,"65,297 km",Petrol,Bangalore,2022
Honda WR-V VX,₹ 1.20 Lakh,"165,692 km",Petrol,Noida,2013
Kia Sonet GTX,₹ 6.09 Lakh,"112,520 km",Petrol,Thane,2018
Mahindra XUV500 W8,₹ 5.49 Lakh,"110,449 km",CNG,Hyderabad,2017
Maruti Suzuki Wagon R 1.0 VXI,₹ 1.20 Lakh,"133,169 km",Petrol,Delhi,2015
Mercedes-Benz E-Class E220d,₹ 45.98 Lakh,"138,660 km",Diesel,Mumbai,2014
Tata Safari XZ+,₹ 8.02 Lakh,"26,494 km",Diesel,Bangalore,2023
BMW 5 Series 520d,₹ 36.15 Lakh,"135,140 km",Diesel,Chennai,2015
Toyota Fortuner 2.8 4x2,₹ 5.30 Lakh,"135,400 km",Petrol,Delhi,2015
Maruti Suzuki Ertiga VXI CNG,₹ 3.73 Lakh,"37,062 km",Diesel,Thane,2022
Mercedes-Benz C-Class C200,₹ 51.79 Lakh,"70,756 km",Diesel,Delhi,2022
Kia Seltos GTX,₹ 8.78 Lakh,"91,338 km",Diesel,Kolkata,2020
Toyota Glanza G,₹ 6.73 Lakh,"120,133 km",CNG,Pune,2016
Honda WR-V VX,₹ 1.20 Lakh,"163,640 km",CNG,Noida,2013
Hyundai i10 Magna,₹ 1.20 Lakh,"144,556 km",Diesel,Thane,2013
Mahindra Scorpio S11,₹ 6.44 Lakh,"101,233 km",Diesel,Bangalore,2018
BMW 3 Series 320d,₹ 43.11 Lakh,"50,816 km",Diesel,Mumbai,2023
Hyundai i10 Magna,₹ 3.80 Lakh,"60,614 km",CNG,Kolkata,2021
Hyundai i10 Magna,₹ 3.34 Lakh,"94,143 km",Diesel,Hyderabad,2020
Tata Tiago XT,₹ 4.89 Lakh,"97,741 km",Petrol,Delhi,2019
Maruti Suzuki Ciaz ZXI+,₹ 1.20 Lakh,"116,310 km",CNG,Delhi,2017
Maruti Suzuki Alto 800 LXi,₹ 1.20 Lakh,"139,149 km",CNG,Bangalore,2014
BMW X1 sDrive20d,₹ 36.56 Lakh,"128,829 km",Petrol,Bangalore,2016
Kia Sonet GTX,₹ 6.20 Lakh,"121,334 km",Diesel,Kolkata,2016
Honda City VX,₹ 1.20 Lakh,"147,615 km",Petrol,Delhi,2014
Mercedes-Benz E-Class E220d,₹ 51.33 Lakh,"61,064 km",Petrol,Bangalore,2021
Mahindra Scorpio S11,₹ 2.07 Lakh,"189,055 km",CNG,Bangalore,2012
BMW 3 Series 320d,₹ 38.42 Lakh,"82,219 km",Petrol,Mumbai,2018
Mahindra XUV500 W8,₹ 10.99 Lakh,"50,908 km",CNG,Noida,2023
Toyota Innova Crysta GX,₹ 9.06 Lakh,"66,224 km",CNG,Noida,2020
Toyota Etios Liva G,₹ 7.80 Lakh,"104,132 km",Petrol,Thane,2017
Mercedes-Benz C-Class C200,₹ 45.41 Lakh,"158,278 km",Diesel,Thane,2012
BMW 3 Series 320d,₹ 34.23 Lakh,"161,094 km",Petrol,Pune,2013
Toyota Corolla Altis G,₹ 11.94 Lakh,"42,448 km",Diesel,Chennai,2022
Hyundai Venue S,₹ 2.58 Lakh,"93,141 km",Diesel,Kolkata,2019
BMW X1 sDrive20d,₹ 42.31 Lakh,"40,589 km",Diesel,Delhi,2022
Maruti Suzuki Alto 800 LXi,₹ 1.20 Lakh,"169,002 km",CNG,Pune,2013
Audi A4 35 TDI,₹ 37.16 Lakh,"23,221 km",Petrol,Ahmedabad,2022
Maruti Suzuki Wagon R 1.0 VXI,₹ 1.28 Lakh,"78,904 km",CNG,Kolkata,2019
Mahindra Scorpio S11,₹ 7.64 Lakh,"106,836 km",Petrol,Delhi,2019
Toyota Glanza G,₹ 7.64 Lakh,"102,565 km",Diesel,Thane,2017
Hyundai Grand i10 Magna,₹ 1.20 Lakh,"162,428 km",Diesel,Bangalore,2014
Kia Seltos GTX,₹ 5.69 Lakh,"119,067 km",Diesel,Hyderabad,2016
Toyota Innova Crysta GX,₹ 5.12 Lakh,"156,038 km",Diesel,Mumbai,2013
Mercedes-Benz C-Class C200,₹ 49.43 Lakh,"73,561 km",Diesel,Kolkata,2019
Maruti Suzuki Ertiga VXI CNG,₹ 2.85 Lakh,"69,235 km",Diesel,Thane,2021
Honda BR-V VX,₹ 1.20 Lakh,"148,230 km",Diesel,Noida,2014
Mahindra Scorpio S11,₹ 7.96 Lakh,"94,756 km",Diesel,Noida,2018
Toyota Innova Crysta GX,₹ 7.04 Lakh,"132,023 km",Diesel,Bangalore,2018
Mercedes-Benz GLA 220d,₹ 53.32 Lakh,"33,776 km",Petrol,Thane,2023
Audi Q5 quattro,₹ 32.07 Lakh,"142,098 km",Petrol,Ahmedabad,2015
Honda Jazz VX,₹ 4.56 Lakh,"92,995 km",CNG,Ahmedabad,2020
Mahindra Scorpio S11,₹ 8.47 Lakh,"64,102 km",CNG,Chennai,2019
Audi Q3 Premium,₹ 33.81 Lakh,"86,734 km",Diesel,Thane,2018
Kia Seltos GTX,₹ 2.55 Lakh,"169,150 km",Petrol,Pune,2012
Honda City VX,₹ 7.54 Lakh,"33,970 km",Diesel,Hyderabad,2023
Maruti Suzuki Vitara Brezza VDi,₹ 1.20 Lakh,"108,314 km",CNG,Thane,2019
Audi Q3 Premium,₹ 31.91 Lakh,"151,498 km",Petrol,Mumbai,2015
Kia Sonet GTX,₹ 9.48 Lakh,"47,165 km",Petrol,Pune,2022
BMW 3 Series 320d,₹ 41.67 Lakh,"67,046 km",Petrol,Noida,2022
Mercedes-Benz C-Class C200,₹ 52.34 Lakh,"50,765 km",Diesel,Delhi,2023
Honda BR-V VX,₹ 1.20 Lakh,"158,771 km",Diesel,Mumbai,2013
Audi Q3 Premium,₹ 30.84 Lakh,"161,323 km",Diesel,Ahmedabad,2014
Honda City VX,₹ 1.20 Lakh,"168,671 km",Diesel,Noida,2014
Mercedes-Benz GLA 220d,₹ 47.99 Lakh,"109,379 km",Petrol,Delhi,2016
Mahindra Scorpio S11,₹ 3.78 Lakh,"137,928 km",Petrol,Thane,2015
Audi A4 35 TDI,₹ 34.61 Lakh,"89,247 km",Petrol,Hyderabad,2018
Mahindra Thar LX,₹ 7.20 Lakh,"109,738 km",Diesel,Hyderabad,2017
Mercedes-Benz GLA 220d,₹ 49.82 Lakh,"111,351 km",Diesel,Delhi,2019
BMW 3 Series 320d,₹ 42.55 Lakh,"52,526 km",Diesel,Mumbai,2022
Mahindra Thar LX,₹ 4.21 Lakh,"149,724 km",Diesel,Mumbai,2013
Mahindra Scorpio S11,₹ 7.81 Lakh,"86,831 km",Diesel,Kolkata,2020
Toyota Innova Crysta GX,₹ 8.64 Lakh,"81,684 km",CNG,Thane,2020
Hyundai Creta SX,₹ 5.58 Lakh,"55,666 km",CNG,Hyderabad,2022
Kia Seltos GTX,₹ 5.25 Lakh,"118,831 km",CNG,Chennai,2015
Hyundai Santro Sportz,₹ 4.86 Lakh,"48,607 km",Petrol,Mumbai,2022
Mahindra XUV500 W8,₹ 2.54 Lakh,"167,731 km",Diesel,Thane,2013
Toyota Innova Crysta GX,₹ 8.33 Lakh,"104,337 km",Diesel,Kolkata,2018
Kia Sonet GTX,₹ 1.57 Lakh,"168,372 km",Petrol,Noida,2012
Mercedes-Benz C-Class C200,₹ 53.63 Lakh,"44,852 km",Diesel,Ahmedabad,2023
Hyundai Elite i20 Sportz,₹ 5.11 Lakh,"51,381 km",Diesel,Chennai,2022
Maruti Suzuki S-Presso VXi,₹ 1.20 Lakh,"153,841 km",CNG,Hyderabad,2014
Kia Carens Prestige,₹ 6.07 Lakh,"131,484 km",CNG,Ahmedabad,2016
Maruti Suzuki Baleno Delta 1.2,₹ 1.20 Lakh,"159,340 km",Petrol,Mumbai,2013
Kia Carens Prestige,₹ 7.88 Lakh,"86,667 km",CNG,Ahmedabad,2020
Audi A4 35 TDI,₹ 31.37 Lakh,"145,654 km",Diesel,Hyderabad,2014
Tata Harrier XZ,₹ 1.20 Lakh,"169,995 km",Petrol,Thane,2013
Audi A4 35 TDI,₹ 31.66 Lakh,"144,547 km",Diesel,Pune,2016
Mercedes-Benz E-Class E220d,₹ 48.27 Lakh,"101,839 km",Diesel,Delhi,2017
Hyundai Creta SX,₹ 1.20 Lakh,"126,995 km",Diesel,Kolkata,2017
Tata Harrier XZ,₹ 6.05 Lakh,"45,104 km",Diesel,Bangalore,2021
Toyota Fortuner 2.8 4x2,₹ 11.61 Lakh,"32,112 km",CNG,Chennai,2023
Mahindra XUV500 W8,₹ 10.07 Lakh,"50,372 km",Diesel,Kolkata,2022
Tata Safari XZ+,₹ 5.99 Lakh,"52,531 km",Petrol,Bangalore,2020
Hyundai i10 Magna,₹ 1.20 Lakh,"129,159 km",CNG,Hyderabad,2016
Hyundai Santro Sportz,₹ 1.20 Lakh,"155,887 km",Petrol,Thane,2013
Mercedes-Benz GLA 220d,₹ 48.78 Lakh,"101,998 km",Diesel,Thane,2018
Audi Q3 Premium,₹ 37.22 Lakh,"44,759 km",Diesel,Ahmedabad,2022
Mercedes-Benz GLA 220d,₹ 47.26 Lakh,"134,433 km",Diesel,Chennai,2016
Maruti Suzuki Wagon R 1.0 VXI,₹ 2.50 Lakh,"75,549 km",CNG,Bangalore,2021
Honda WR-V VX,₹ 1.20 Lakh,"161,595 km",CNG,Bangalore,2014
BMW 5 Series 520d,₹ 33.68 Lakh,"199,397 km",Diesel,Kolkata,2012
Tata Tiago XT,₹ 1.69 Lakh,"144,874 km",Diesel,Chennai,2015
BMW 3 Series 320d,₹ 34.47 Lakh,"175,170 km",Petrol,Delhi,2012
Audi Q5 quattro,₹ 32.81 Lakh,"129,769 km",Diesel,Chennai,2016
Mahindra Scorpio S11,₹ 9.59 Lakh,"44,921 km",Petrol,Thane,2022
Toyota Corolla Altis G,₹ 9.06 Lakh,"86,459 km",Diesel,Kolkata,2018
Maruti Suzuki Baleno Delta 1.2,₹ 1.20 Lakh,"108,265 km",Petrol,Hyderabad,2019
Tata Harrier XZ,₹ 1.20 Lakh,"153,394 km",CNG,Delhi,2014
Kia Sonet GTX,₹ 10.70 Lakh,"51,498 km",Petrol,Kolkata,2023
BMW 3 Series 320d,₹ 40.53 Lakh,"77,022 km",Diesel,Hyderabad,2021
Mercedes-Benz GLA 220d,₹ 45.03 Lakh,"168,275 km",Diesel,Thane,2014
Mercedes-Benz C-Class C200,₹ 44.69 Lakh,"186,615 km",Petrol,Noida,2012
Maruti Suzuki Ciaz ZXI+,₹ 1.20 Lakh,"184,472 km",Petrol,Kolkata,2013
BMW 5 Series 520d,₹ 36.59 Lakh,"151,361 km",Diesel,Noida,2014
Honda BR-V VX,₹ 5.30 Lakh,"65,114 km",CNG,Pune,2022
Mahindra Thar LX,₹ 8.99 Lakh,"57,695 km",Diesel,Bangalore,2021
Toyota Corolla Altis G,₹ 10.12 Lakh,"72,325 km",CNG,Chennai,2020
Mercedes-Benz C-Class C200,₹ 46.42 Lakh,"132,615 km",Diesel,Thane,2014
Hyundai Grand i10 Magna,₹ 3.35 Lakh,"91,503 km",CNG,Bangalore,2019
Audi A4 35 TDI,₹ 37.32 Lakh,"44,372 km",Petrol,Mumbai,2022
Kia Seltos GTX,₹ 8.30 Lakh,"77,245 km",Diesel,Ahmedabad,2019
Mercedes-Benz C-Class C200,₹ 48.67 Lakh,"110,109 km",Diesel,Delhi,2018
Audi Q3 Premium,₹ 32.80 Lakh,"135,187 km",Diesel,Mumbai,2016
Maruti Suzuki Swift VXi,₹ 1.20 Lakh,"94,478 km",CNG,Ahmedabad,2020
Hyundai Creta SX,₹ 1.57 Lakh,"101,790 km",CNG,Noida,2018
Audi Q3 Premium,₹ 36.06 Lakh,"58,598 km",Petrol,Hyderabad,2021
Audi Q3 Premium,₹ 30.68 Lakh,"156,201 km",Petrol,Thane,2014
Tata Tiago XT,₹ 7.04 Lakh,"54,516 km",CNG,Bangalore,2021
Hyundai Santro Sportz,₹ 1.20 Lakh,"152,561 km",Diesel,Bangalore,2015
Audi Q3 Premium,₹ 33.14 Lakh,"118,201 km",Diesel,Bangalore,2017
Maruti Suzuki Swift VXi,₹ 1.20 Lakh,"133,279 km",Diesel,Noida,2014
Hyundai Elite i20 Sportz,₹ 1.20 Lakh,"125,679 km",CNG,Chennai,2015
Kia Carens Prestige,₹ 10.17 Lakh,"64,929 km",CNG,Pune,2022
Mercedes-Benz C-Class C200,₹ 45.92 Lakh,"140,794 km",Diesel,Thane,2014
Maruti Suzuki Wagon R 1.0 VXI,₹ 2.03 Lakh,"55,043 km",Petrol,Mumbai,2021
Maruti Suzuki Baleno Delta 1.2,₹ 1.20 Lakh,"181,867 km",Diesel,Chennai,2013
Toyota Corolla Altis G,₹ 4.06 Lakh,"172,582 km",CNG,Delhi,2012
Audi Q3 Premium,₹ 38.12 Lakh,"53,802 km",Petrol,Ahmedabad,2023
Tata Harrier XZ,₹ 7.19 Lakh,"41,631 km",Petrol,Kolkata,2021
Mercedes-Benz C-Class C200,₹ 47.20 Lakh,"131,469 km",Diesel,Thane,2016
Hyundai i10 Magna,₹ 3.99 Lakh,"89,703 km",Diesel,Thane,2020
Mercedes-Benz E-Class E220d,₹ 53.22 Lakh,"30,071 km",Petrol,Hyderabad,2023
BMW X1 sDrive20d,₹ 39.26 Lakh,"93,108 km",Diesel,Kolkata,2019
Hyundai Venue S,₹ 5.49 Lakh,"55,036 km",CNG,Hyderabad,2022
Kia Sonet GTX,₹ 8.98 Lakh,"68,781 km",CNG,Mumbai,2020
Tata Harrier XZ,₹ 2.47 Lakh,"139,978 km",Diesel,Delhi,2016
Honda WR-V VX,₹ 2.87 Lakh,"122,908 km",Diesel,Hyderabad,2017
Tata Harrier XZ,₹ 7.78 Lakh,"30,256 km",Diesel,Hyderabad,2023
Toyota Innova Crysta GX,₹ 6.45 Lakh,"112,961 km",Petrol,Hyderabad,2015
Mercedes-Benz E-Class E220d,₹ 46.28 Lakh,"150,096 km",Diesel,Kolkata,2014
Audi A4 35 TDI,₹ 34.36 Lakh,"83,035 km",Petrol,Noida,2019
Mercedes-Benz E-Class E220d,₹ 48.95 Lakh,"97,351 km",Petrol,Chennai,2019
Mercedes-Benz C-Class C200,₹ 44.55 Lakh,"191,612 km",Petrol,Kolkata,2012
Maruti Suzuki Vitara Brezza VDi,₹ 1.20 Lakh,"114,269 km",Diesel,Delhi,2018
BMW 5 Series 520d,₹ 43.58 Lakh,"25,041 km",Diesel,Mumbai,2023
Kia Carens Prestige,₹ 3.57 Lakh,"153,455 km",Diesel,Bangalore,2013
Toyota Innova Crysta GX,₹ 8.27 Lakh,"103,707 km",CNG,Ahmedabad,2019
BMW 5 Series 520d,₹ 36.45 Lakh,"119,489 km",Petrol,Chennai,2015
Honda BR-V VX,₹ 1.20 Lakh,"158,756 km",CNG,Hyderabad,2014
Tata Harrier XZ,₹ 5.46 Lakh,"66,298 km",Petrol,Bangalore,2020
Maruti Suzuki Baleno Delta 1.2,₹ 1.20 Lakh,"105,854 km",Diesel,Bangalore,2018
Audi Q5 quattro,₹ 38.29 Lakh,"35,438 km",Petrol,Thane,2023
Maruti Suzuki Ertiga VXI CNG,₹ 1.20 Lakh,"173,692 km",CNG,Bangalore,2013
Tata Safari XZ+,₹ 6.73 Lakh,"69,306 km",Diesel,Ahmedabad,2022
Audi Q3 Premium,₹ 32.61 Lakh,"124,277 km",Diesel,Chennai,2017
Mercedes-Benz C-Class C200,₹ 51.53 Lakh,"49,569 km",Diesel,Pune,2021
Audi Q3 Premium,₹ 37.57 Lakh,"33,028 km",Petrol,Delhi,2023
Tata Safari XZ+,₹ 6.50 Lakh,"76,267 km",CNG,Ahmedabad,2022
Mercedes-Benz GLA 220d,₹ 48.76 Lakh,"94,492 km",Diesel,Delhi,2018
Toyota Innova Crysta GX,₹ 7.04 Lakh,"102,186 km",CNG,Chennai,2017
BMW 5 Series 520d,₹ 42.36 Lakh,"25,507 km",Petrol,Chennai,2023
Maruti Suzuki Baleno Delta 1.2,₹ 3.33 Lakh,"41,881 km",CNG,Delhi,2023
Kia Seltos GTX,₹ 2.87 Lakh,"170,094 km",Petrol,Kolkata,2013
Maruti Suzuki Ertiga VXI CNG,₹ 1.20 Lakh,"77,470 km",Diesel,Noida,2020
Kia Sonet GTX,₹ 4.48 Lakh,"132,018 km",Petrol,Pune,2015
Honda Jazz VX,₹ 5.06 Lakh,"78,525 km",CNG,Ahmedabad,2020
Mahindra Thar LX,₹ 7.87 Lakh,"86,546 km",CNG,Pune,2019
Honda BR-V VX,₹ 1.20 Lakh,"137,847 km",CNG,Noida,2014
Audi Q3 Premium,₹ 32.71 Lakh,"105,840 km",Petrol,Thane,2017
Hyundai Venue S,₹ 1.20 Lakh,"118,810 km",Diesel,Mumbai,2016
Honda Amaze VX,₹ 1.20 Lakh,"131,951 km",Diesel,Thane,2016
BMW 5 Series 520d,₹ 36.59 Lakh,"137,711 km",Petrol,Noida,2016
Maruti Suzuki Vitara Brezza VDi,₹ 1.20 Lakh,"137,730 km",Diesel,Thane,2015
Toyota Fortuner 2.8 4x2,₹ 11.65 Lakh,"40,035 km",Diesel,Hyderabad,2023
Kia Carens Prestige,₹ 5.39 Lakh,"125,113 km",CNG,Noida,2015
Tata Tiago XT,₹ 7.83 Lakh,"52,030 km",Diesel,Hyderabad,2022
Honda Jazz VX,₹ 1.83 Lakh,"103,192 km",Petrol,Kolkata,2016
Tata Safari XZ+,₹ 1.23 Lakh,"134,039 km",CNG,Mumbai,2015
Hyundai Elite i20 Sportz,₹ 1.20 Lakh,"131,226 km",Petrol,Kolkata,2016
Toyota Glanza G,₹ 5.42 Lakh,"157,361 km",Diesel,Pune,2014
BMW 5 Series 520d,₹ 39.26 Lakh,"89,775 km",Diesel,Ahmedabad,2019
Honda City VX,₹ 1.20 Lakh,"125,741 km",Diesel,Bangalore,2016
Tata Safari XZ+,₹ 1.20 Lakh,"168,441 km",Petrol,Hyderabad,2012
BMW 3 Series 320d,₹ 43.13 Lakh,"48,993 km",Diesel,Thane,2023
Toyota Etios Liva G,₹ 8.68 Lakh,"100,725 km",CNG,Pune,2018
Honda City VX,₹ 6.99 Lakh,"54,447 km",Diesel,Kolkata,2023
Toyota Innova Crysta GX,₹ 4.24 Lakh,"167,422 km",CNG,Hyderabad,2012
Toyota Etios Liva G,₹ 6.67 Lakh,"134,248 km",CNG,Delhi,2017
Toyota Glanza G,₹ 3.65 Lakh,"175,017 km",CNG,Kolkata,2012
Honda Amaze VX,₹ 1.20 Lakh,"161,113 km",CNG,Noida,2013
Maruti Suzuki Alto 800 LXi,₹ 1.20 Lakh,"127,126 km",CNG,Bangalore,2017
Hyundai Creta SX,₹ 3.17 Lakh,"92,687 km",CNG,Ahmedabad,2019
BMW X1 sDrive20d,₹ 36.05 Lakh,"170,738 km",Diesel,Chennai,2015
Honda Amaze VX,₹ 1.20 Lakh,"160,182 km",Diesel,Thane,2012
Toyota Corolla Altis G,₹ 4.61 Lakh,"150,187 km",CNG,Ahmedabad,2014
BMW 5 Series 520d,₹ 40.69 Lakh,"78,109 km",Diesel,Thane,2021
Tata Tiago XT,₹ 5.06 Lakh,"69,188 km",Diesel,Kolkata,2020
Audi Q3 Premium,₹ 37.18 Lakh,"41,919 km",Petrol,Noida,2023
Hyundai Santro Sportz,₹ 3.71 Lakh,"79,144 km",Diesel,Hyderabad,2020
BMW X1 sDrive20d,₹ 35.22 Lakh,"140,969 km",Petrol,Delhi,2014
Hyundai Grand i10 Magna,₹ 1.20 Lakh,"142,094 km",Petrol,Mumbai,2014
BMW 3 Series 320d,₹ 34.69 Lakh,"177,851 km",Petrol,Kolkata,2013
Mercedes-Benz E-Class E220d,₹ 44.29 Lakh,"176,414 km",Petrol,Hyderabad,2012
Hyundai Grand i10 Magna,₹ 1.20 Lakh,"121,618 km",Petrol,Kolkata,2015
Maruti Suzuki Vitara Brezza VDi,₹ 2.44 Lakh,"54,135 km",CNG,Chennai,2020
Maruti Suzuki Ciaz ZXI+,₹ 2.35 Lakh,"81,436 km",Diesel,Delhi,2020
Audi A4 35 TDI,₹ 30.15 Lakh,"162,158 km",Diesel,Thane,2013
Toyota Corolla Altis G,₹ 11.24 Lakh,"53,130 km",Petrol,Thane,2022
Kia Carens Prestige,₹ 2.62 Lakh,"177,814 km",CNG,Noida,2013
BMW X1 sDrive20d,₹ 42.18 Lakh,"47,953 km",Diesel,Thane,2022
Mahindra Scorpio S11,₹ 3.78 Lakh,"151,488 km",CNG,Noida,2014
Mahindra Thar LX,₹ 8.95 Lakh,"87,617 km",Diesel,Chennai,2020
Kia Carens Prestige,₹ 6.33 Lakh,"112,429 km",CNG,Hyderabad,2017
Toyota Etios Liva G,₹ 10.30 Lakh,"85,216 km",Diesel,Kolkata,2020
Maruti Suzuki Alto 800 LXi,₹ 1.20 Lakh,"120,887 km",CNG,Mumbai,2016
Tata Nexon XZ+,₹ 2.93 Lakh,"133,305 km",Diesel,Mumbai,2016
Tata Harrier XZ,₹ 1.20 Lakh,"160,182 km",Petrol,Kolkata,2013
Honda Amaze VX,₹ 1.64 Lakh,"119,997 km",Diesel,Pune,2017
Kia Carens Prestige,₹ 5.15 Lakh,"131,183 km",CNG,Delhi,2015
BMW 3 Series 320d,₹ 40.02 Lakh,"97,405 km",Diesel,Noida,2019
Maruti Suzuki Ertiga VXI CNG,₹ 1.20 Lakh,"144,682 km",Petrol,Ahmedabad,2013
Kia Sonet GTX,₹ 3.73 Lakh,"166,882 km",CNG,Noida,2013
Kia Seltos GTX,₹ 5.27 Lakh,"118,719 km",CNG,Mumbai,2016
Mercedes-Benz C-Class C200,₹ 49.32 Lakh,"104,524 km",Diesel,Chennai,2017
Mercedes-Benz GLA 220d,₹ 50.61 Lakh,"76,872 km",Diesel,Hyderabad,2020
Kia Seltos GTX,₹ 4.12 Lakh,"141,970 km",CNG,Mumbai,2014
Tata Nexon XZ+,₹ 4.21 Lakh,"112,689 km",CNG,Chennai,2018
Honda Jazz VX,₹ 3.49 Lakh,"76,070 km",CNG,Noida,2019
Mercedes-Benz GLA 220d,₹ 50.12 Lakh,"71,946 km",Diesel,Hyderabad,2020
Kia Sonet GTX,₹ 9.84 Lakh,"57,619 km",CNG,Chennai,2022
Mahindra XUV500 W8,₹ 6.71 Lakh,"110,614 km",Diesel,Noida,2017
Tata Harrier XZ,₹ 3.34 Lakh,"85,820 km",Diesel,Noida,2017
Maruti Suzuki Wagon R 1.0 VXI,₹ 1.20 Lakh,"112,665 km",CNG,Ahmedabad,2015
Hyundai Grand i10 Magna,₹ 4.34 Lakh,"68,568 km",Petrol,Pune,2023
Hyundai Elite i20 Sportz,₹ 2.50 Lakh,"98,834 km",Diesel,Mumbai,2019
Audi A4 35 TDI,₹ 32.20 Lakh,"117,852 km",Petrol,Noida,2015
Honda City VX,₹ 2.36 Lakh,"95,250 km",CNG,Thane,2018
Honda City VX,₹ 1.49 Lakh,"130,649 km",Diesel,Mumbai,2016
Maruti Suzuki Swift VXi,₹ 1.20 Lakh,"118,649 km",CNG,Pune,2018
Mahindra XUV500 W8,₹ 3.47 Lakh,"166,436 km",Diesel,Hyderabad,2012
Audi Q5 quattro,₹ 30.11 Lakh,"184,996 km",Petrol,Kolkata,2013
Audi A4 35 TDI,₹ 30.54 Lakh,"158,887 km",Diesel,Mumbai,2014
Audi Q3 Premium,₹ 32.87 Lakh,"142,713 km",Petrol,Chennai,2017
Maruti Suzuki Vitara Brezza VDi,₹ 2.67 Lakh,"42,955 km",Petrol,Thane,2022
Maruti Suzuki Ciaz ZXI+,₹ 1.20 Lakh,"114,481 km",Petrol,Thane,2018
Toyota Fortuner 2.8 4x2,₹ 6.80 Lakh,"127,015 km",Petrol,Chennai,2017
Mercedes-Benz GLA 220d,₹ 52.02 Lakh,"42,432 km",Diesel,Chennai,2022
Honda WR-V VX,₹ 1.20 Lakh,"134,046 km",CNG,Bangalore,2016
Honda BR-V VX,₹ 5.20 Lakh,"71,238 km",CNG,Hyderabad,2020
Tata Harrier XZ,₹ 3.86 Lakh,"133,721 km",Petrol,Noida,2018
Mahindra XUV500 W8,₹ 8.02 Lakh,"76,112 km",CNG,Delhi,2020
Honda City VX,₹ 2.16 Lakh,"122,051 km",Diesel,Pune,2017
Tata Harrier XZ,₹ 1.20 Lakh,"128,514 km",Petrol,Bangalore,2015
Mercedes-Benz GLA 220d,₹ 48.18 Lakh,"111,984 km",Diesel,Hyderabad,2016
Mahindra XUV500 W8,₹ 11.20 Lakh,"30,824 km",Diesel,Bangalore,2023
Mercedes-Benz E-Class E220d,₹ 52.65 Lakh,"36,485 km",Petrol,Kolkata,2023
Honda Jazz VX,₹ 1.20 Lakh,"130,821 km",Petrol,Chennai,2015
Maruti Suzuki Ciaz ZXI+,₹ 1.20 Lakh,"104,071 km",Petrol,Hyderabad,2018
BMW X1 sDrive20d,₹ 39.85 Lakh,"106,636 km",Petrol,Kolkata,2019
Kia Sonet GTX,₹ 2.53 Lakh,"155,571 km",CNG,Ahmedabad,2012
Mercedes-Benz GLA 220d,₹ 50.34 Lakh,"62,959 km",Diesel,Thane,2020
BMW 3 Series 320d,₹ 36.92 Lakh,"125,040 km",Diesel,Thane,2015
Maruti Suzuki Wagon R 1.0 VXI,₹ 1.20 Lakh,"123,588 km",Diesel,Chennai,2016
Tata Safari XZ+,₹ 1.63 Lakh,"134,386 km",Petrol,Thane,2014
BMW X1 sDrive20d,₹ 39.19 Lakh,"96,742 km",Diesel,Thane,2019
Mercedes-Benz GLA 220d,₹ 49.65 Lakh,"85,180 km",Petrol,Mumbai,2020
Mercedes-Benz GLA 220d,₹ 45.92 Lakh,"146,315 km",Petrol,Delhi,2015
Honda City VX,₹ 1.20 Lakh,"170,879 km",Diesel,Delhi,2013
Kia Carens Prestige,₹ 8.16 Lakh,"85,617 km",CNG,Bangalore,2020
Kia Seltos GTX,₹ 3.14 Lakh,"162,198 km",CNG,Bangalore,2014
Honda Jazz VX,₹ 6.45 Lakh,"32,883 km",Petrol,Chennai,2023
BMW 5 Series 520d,₹ 42.25 Lakh,"63,828 km",Diesel,Mumbai,2022
Tata Nexon XZ+,₹ 4.60 Lakh,"112,274 km",Diesel,Kolkata,2019
Maruti Suzuki S-Presso VXi,₹ 1.20 Lakh,"140,639 km",Diesel,Chennai,2015
Mercedes-Benz GLA 220d,₹ 43.92 Lakh,"190,233 km",Diesel,Thane,2012
Audi A4 35 TDI,₹ 28.59 Lakh,"174,607 km",Petrol,Mumbai,2012
Maruti Suzuki Ciaz ZXI+,₹ 1.20 Lakh,"116,704 km",Petrol,Mumbai,2017
Honda Jazz VX,₹ 6.23 Lakh,"49,217 km",CNG,Noida,2022
Audi A4 35 TDI,₹ 33.59 Lakh,"106,238 km",Petrol,Mumbai,2019
Tata Tiago XT,₹ 2.40 Lakh,"130,781 km",Diesel,Thane,2017
BMW 3 Series 320d,₹ 35.24 Lakh,"147,654 km",Petrol,Ahmedabad,2013
Audi A4 35 TDI,₹ 38.35 Lakh,"42,057 km",Diesel,Kolkata,2023
Mercedes-Benz GLA 220d,₹ 47.73 Lakh,"129,018 km",Petrol,Noida,2016
Tata Tiago XT,₹ 1.20 Lakh,"138,415 km",CNG,Kolkata,2014
Honda BR-V VX,₹ 1.62 Lakh,"127,752 km",CNG,Pune,2015
Maruti Suzuki Swift VXi,₹ 1.20 Lakh,"152,098 km",CNG,Hyderabad,2012
Kia Sonet GTX,₹ 2.60 Lakh,"177,687 km",Diesel,Ahmedabad,2012
Toyota Glanza G,₹ 10.47 Lakh,"55,946 km",Petrol,Pune,2022
Audi Q3 Premium,₹ 29.16 Lakh,"182,304 km",Diesel,Ahmedabad,2012
Mercedes-Benz GLA 220d,₹ 44.78 Lakh,"176,885 km",Petrol,Kolkata,2012
Maruti Suzuki Baleno Delta 1.2,₹ 1.30 Lakh,"82,142 km",Petrol,Kolkata,2019
Audi Q3 Premium,₹ 34.58 Lakh,"91,629 km",Diesel,Thane,2019
Mahindra Scorpio S11,₹ 8.66 Lakh,"64,876 km",Petrol,Hyderabad,2020
Mahindra Thar LX,₹ 3.55 Lakh,"170,559 km",Petrol,Ahmedabad,2013
Audi A4 35 TDI,₹ 36.27 Lakh,"63,152 km",Petrol,Bangalore,2021
Tata Tiago XT,₹ 7.59 Lakh,"53,159 km",Diesel,Hyderabad,2023
Tata Harrier XZ,₹ 5.05 Lakh,"79,448 km",Diesel,Bangalore,2020
Maruti Suzuki Wagon R 1.0 VXI,₹ 1.20 Lakh,"158,469 km",Diesel,Thane,2013
Mahindra Thar LX,₹ 11.24 Lakh,"41,932 km",CNG,Pune,2023
Honda City VX,₹ 4.50 Lakh,"74,154 km",CNG,Mumbai,2020
Audi A4 35 TDI,₹ 29.59 Lakh,"167,263 km",Petrol,Mumbai,2012
Mercedes-Benz C-Class C200,₹ 48.21 Lakh,"109,391 km",Petrol,Mumbai,2017
Tata Harrier XZ,₹ 2.66 Lakh,"113,762 km",Petrol,Hyderabad,2017
Audi Q3 Premium,₹ 34.41 Lakh,"84,446 km",Diesel,Pune,2019
Mercedes-Benz GLA 220d,₹ 50.93 Lakh,"68,576 km",Diesel,Hyderabad,2020
Audi Q3 Premium,₹ 31.63 Lakh,"136,799 km",Petrol,Noida,2016
Hyundai Elite i20 Sportz,₹ 4.13 Lakh,"79,550 km",Diesel,Thane,2021
Honda City VX,₹ 3.23 Lakh,"92,170 km",Diesel,Mumbai,2019
Kia Seltos GTX,₹ 11.06 Lakh,"38,795 km",CNG,Noida,2023
BMW X1 sDrive20d,₹ 38.68 Lakh,"104,538 km",Diesel,Kolkata,2017
Hyundai i10 Magna,₹ 5.57 Lakh,"61,449 km",Diesel,Delhi,2023
BMW 5 Series 520d,₹ 36.20 Lakh,"143,323 km",Petrol,Ahmedabad,2015
Mahindra Thar LX,₹ 7.29 Lakh,"86,832 km",Diesel,Mumbai,2019
Hyundai Elite i20 Sportz,₹ 3.20 Lakh,"81,872 km",Diesel,Noida,2019
Audi A4 35 TDI,₹ 34.24 Lakh,"102,770 km",Diesel,Ahmedabad,2018
Hyundai i10 Magna,₹ 1.20 Lakh,"113,110 km",Diesel,Hyderabad,2016
Audi A4 35 TDI,₹ 34.34 Lakh,"86,518 km",Petrol,Delhi,2019
Mercedes-Benz E-Class E220d,₹ 49.62 Lakh,"90,981 km",Diesel,Bangalore,2018
Hyundai Santro Sportz,₹ 5.28 Lakh,"36,498 km",CNG,Kolkata,2023
Mercedes-Benz E-Class E220d,₹ 49.52 Lakh,"92,026 km",Diesel,Pune,2017
Hyundai Verna SX,₹ 1.20 Lakh,"153,435 km",CNG,Noida,2013
Kia Sonet GTX,₹ 8.21 Lakh,"86,379 km",Petrol,Bangalore,2019
Maruti Suzuki Baleno Delta 1.2,₹ 2.96 Lakh,"49,622 km",Petrol,Kolkata,2022
Kia Carens Prestige,₹ 9.73 Lakh,"57,301 km",Diesel,Pune,2021
Tata Safari XZ+,₹ 8.10 Lakh,"43,654 km",Diesel,Delhi,2023
Mercedes-Benz GLA 220d,₹ 49.58 Lakh,"114,516 km",Diesel,Ahmedabad,2018
Maruti Suzuki Alto 800 LXi,₹ 3.53 Lakh,"21,803 km",CNG,Ahmedabad,2023
Tata Nexon XZ+,₹ 2.29 Lakh,"122,424 km",CNG,Ahmedabad,2015
Kia Sonet GTX,₹ 7.12 Lakh,"107,667 km",CNG,Hyderabad,2018
BMW 3 Series 320d,₹ 36.32 Lakh,"115,281 km",Petrol,Chennai,2015
Honda Jazz VX,₹ 1.20 Lakh,"165,115 km",Petrol,Mumbai,2012
BMW X1 sDrive20d,₹ 39.64 Lakh,"107,402 km",Diesel,Chennai,2018
Mercedes-Benz E-Class E220d,₹ 51.51 Lakh,"63,984 km",Diesel,Kolkata,2021
Audi Q3 Premium,₹ 34.26 Lakh,"96,272 km",Diesel,Noida,2018
Toyota Corolla Altis G,₹ 6.66 Lakh,"131,070 km",Diesel,Thane,2016
Maruti Suzuki Alto 800 LXi,₹ 3.22 Lakh,"53,556 km",CNG,Kolkata,2021
Hyundai Creta SX,₹ 6.56 Lakh,"42,207 km",CNG,Thane,2023
Tata Safari XZ+,₹ 4.87 Lakh,"99,223 km",Petrol,Hyderabad,2020
Hyundai Santro Sportz,₹ 4.53 Lakh,"64,898 km",CNG,Noida,2022
Maruti Suzuki Vitara Brezza VDi,₹ 1.59 Lakh,"79,406 km",CNG,Kolkata,2020
Mahindra Thar LX,₹ 6.12 Lakh,"99,716 km",Diesel,Pune,2017
Mercedes-Benz GLA 220d,₹ 47.82 Lakh,"122,771 km",Diesel,Kolkata,2016
Mercedes-Benz C-Class C200,₹ 51.36 Lakh,"37,705 km",Petrol,Noida,2022
BMW 3 Series 320d,₹ 35.55 Lakh,"125,580 km",Petrol,Pune,2014
Tata Tiago XT,₹ 2.43 Lakh,"124,176 km",Petrol,Delhi,2016
Mercedes-Benz GLA 220d,₹ 46.68 Lakh,"142,769 km",Diesel,Pune,2014
Toyota Etios Liva G,₹ 4.84 Lakh,"139,297 km",CNG,Mumbai,2014
Hyundai Creta SX,₹ 4.80 Lakh,"71,354 km",Diesel,Chennai,2021
Toyota Etios Liva G,₹ 11.40 Lakh,"38,200 km",CNG,Bangalore,2023
Mahindra XUV500 W8,₹ 9.82 Lakh,"50,994 km",Petrol,Bangalore,2022
BMW 5 Series 520d,₹ 39.84 Lakh,"111,115 km",Diesel,Chennai,2019
Kia Sonet GTX,₹ 5.67 Lakh,"139,846 km",Petrol,Pune,2016
BMW 5 Series 520d,₹ 41.79 Lakh,"72,177 km",Petrol,Thane,2022
Maruti Suzuki Swift VXi,₹ 2.73 Lakh,"57,497 km",Diesel,Noida,2020
Tata Tiago XT,₹ 2.67 Lakh,"102,187 km",Diesel,Delhi,2016
Mercedes-Benz E-Class E220d,₹ 49.64 Lakh,"91,892 km",Diesel,Thane,2019
Honda Amaze VX,₹ 5.20 Lakh,"57,255 km",Petrol,Mumbai,2020
Maruti Suzuki Ertiga VXI CNG,₹ 1.20 Lakh,"142,977 km",Diesel,Hyderabad,2013
Tata Harrier XZ,₹ 1.20 Lakh,"170,114 km",Petrol,Noida,2012
Mercedes-Benz GLA 220d,₹ 47.16 Lakh,"153,287 km",Diesel,Delhi,2015
Honda WR-V VX,₹ 6.63 Lakh,"47,763 km",CNG,Noida,2022
Honda City VX,₹ 6.96 Lakh,"45,023 km",CNG,Delhi,2023
Tata Safari XZ+,₹ 7.26 Lakh,"50,181 km",CNG,Ahmedabad,2023
Hyundai Elite i20 Sportz,₹ 1.20 Lakh,"165,003 km",Petrol,Pune,2012
Tata Harrier XZ,₹ 5.18 Lakh,"96,248 km",Petrol,Kolkata,2019
Toyota Corolla Altis G,₹ 8.10 Lakh,"107,070 km",Petrol,Thane,2018
Toyota Corolla Altis G,₹ 10.96 Lakh,"65,579 km",Petrol,Kolkata,2022
Hyundai Grand i10 Magna,₹ 1.20 Lakh,"178,488 km",Diesel,Mumbai,2013
Honda City VX,₹ 1.20 Lakh,"181,284 km",CNG,Chennai,2012
Mahindra Thar LX,₹ 9.04 Lakh,"83,813 km",Diesel,Kolkata,2021
Hyundai Verna SX,₹ 1.20 Lakh,"137,437 km",Petrol,Chennai,2015
BMW 3 Series 320d,₹ 41.57 Lakh,"28,807 km",Petrol,Pune,2021
Hyundai Elite i20 Sportz,₹ 4.41 Lakh,"68,837 km",Diesel,Delhi,2020
Tata Harrier XZ,₹ 1.20 Lakh,"119,406 km",CNG,Hyderabad,2014
Kia Seltos GTX,₹ 10.21 Lakh,"42,455 km",CNG,Ahmedabad,2022
BMW X1 sDrive20d,₹ 36.62 Lakh,"142,012 km",Diesel,Kolkata,2015
Audi Q5 quattro,₹ 32.88 Lakh,"131,054 km",Petrol,Thane,2016
BMW 3 Series 320d,₹ 34.08 Lakh,"167,204 km",Diesel,Chennai,2012
Audi Q3 Premium,₹ 36.65 Lakh,"62,224 km",Diesel,Noida,2022
Hyundai Grand i10 Magna,₹ 5.09 Lakh,"52,006 km",Diesel,Noida,2023
Honda City VX,₹ 1.20 Lakh,"162,578 km",CNG,Mumbai,2014
Hyundai Venue S,₹ 3.94 Lakh,"72,669 km",Petrol,Delhi,2021
Mercedes-Benz C-Class C200,₹ 44.84 Lakh,"175,095 km",Diesel,Chennai,2013
Kia Sonet GTX,₹ 3.21 Lakh,"176,538 km",Petrol,Ahmedabad,2013
Toyota Glanza G,₹ 9.42 Lakh,"62,624 km",Petrol,Ahmedabad,2021
Tata Harrier XZ,₹ 3.27 Lakh,"106,679 km",Petrol,Kolkata,2018
Mercedes-Benz C-Class C200,₹ 45.74 Lakh,"159,038 km",Diesel,Noida,2014
Honda City VX,₹ 4.14 Lakh,"90,263 km",Petrol,Noida,2019
Kia Carens Prestige,₹ 7.27 Lakh,"89,701 km",CNG,Bangalore,2019
Tata Safari XZ+,₹ 4.13 Lakh,"101,501 km",CNG,Mumbai,2018
BMW X1 sDrive20d,₹ 34.69 Lakh,"168,415 km",Petrol,Ahmedabad,2013
Audi A4 35 TDI,₹ 31.47 Lakh,"147,909 km",Diesel,Noida,2015
Audi Q5 quattro,₹ 30.95 Lakh,"146,927 km",Petrol,Hyderabad,2015
Toyota Glanza G,₹ 4.82 Lakh,"136,507 km",Diesel,Kolkata,2014
Maruti Suzuki Alto 800 LXi,₹ 3.30 Lakh,"24,009 km",Diesel,Pune,2022
Tata Tiago XT,₹ 6.34 Lakh,"71,869 km",Petrol,Delhi,2021
Audi A4 35 TDI,₹ 31.48 Lakh,"129,976 km",Diesel,Kolkata,2014
Hyundai Creta SX,₹ 6.67 Lakh,"26,139 km",Diesel,Hyderabad,2023
Mahindra XUV500 W8,₹ 2.61 Lakh,"166,369 km",Diesel,Hyderabad,2013
Kia Seltos GTX,₹ 6.20 Lakh,"104,639 km",CNG,Kolkata,2018
Kia Seltos GTX,₹ 4.22 Lakh,"134,041 km",CNG,Kolkata,2015
Mahindra XUV500 W8,₹ 7.74 Lakh,"85,801 km",Diesel,Hyderabad,2019
Maruti Suzuki Alto 800 LXi,₹ 1.20 Lakh,"108,335 km",Petrol,Delhi,2016
BMW 5 Series 520d,₹ 35.16 Lakh,"149,548 km",Petrol,Noida,2014
Mercedes-Benz C-Class C200,₹ 51.49 Lakh,"56,561 km",Diesel,Delhi,2021
Audi Q3 Premium,₹ 32.20 Lakh,"117,824 km",Petrol,Mumbai,2015
Toyota Fortuner 2.8 4x2,₹ 7.20 Lakh,"100,561 km",Diesel,Noida,2017
Mercedes-Benz C-Class C200,₹ 52.09 Lakh,"75,016 km",Diesel,Mumbai,2021
Audi A4 35 TDI,₹ 34.41 Lakh,"93,553 km",Petrol,Kolkata,2018
Hyundai Venue S,₹ 3.25 Lakh,"89,914 km",Petrol,Chennai,2019
Honda Amaze VX,₹ 1.20 Lakh,"140,317 km",Petrol,Delhi,2016
Tata Harrier XZ,₹ 8.85 Lakh,"25,909 km",CNG,Mumbai,2023
BMW 3 Series 320d,₹ 43.00 Lakh,"44,947 km",Petrol,Bangalore,2023
Mahindra Scorpio S11,₹ 7.57 Lakh,"88,820 km",CNG,Delhi,2019
Mahindra Scorpio S11,₹ 3.00 Lakh,"172,399 km",Diesel,Chennai,2012
Mercedes-Benz GLA 220d,₹ 51.98 Lakh,"70,827 km",Diesel,Noida,2021
Maruti Suzuki Vitara Brezza VDi,₹ 1.20 Lakh,"152,693 km",Petrol,Chennai,2012
Mercedes-Benz C-Class C200,₹ 48.96 Lakh,"101,412 km",Diesel,Thane,2017
Toyota Fortuner 2.8 4x2,₹ 6.17 Lakh,"125,906 km",Petrol,Thane,2017
BMW X1 sDrive20d,₹ 41.01 Lakh,"77,893 km",Diesel,Ahmedabad,2021
Tata Safari XZ+,₹ 2.29 Lakh,"111,463 km",Petrol,Delhi,2016
BMW 5 Series 520d,₹ 40.62 Lakh,"70,945 km",Petrol,Kolkata,2020
Hyundai Creta SX,₹ 2.39 Lakh,"87,975 km",Petrol,Delhi,2019
Honda Amaze VX,₹ 1.20 Lakh,"168,454 km",CNG,Bangalore,2013
Toyota Corolla Altis G,₹ 10.60 Lakh,"59,117 km",Petrol,Pune,2022
Audi A4 35 TDI,₹ 34.58 Lakh,"81,578 km",Diesel,Pune,2019
Maruti Suzuki Wagon R 1.0 VXI,₹ 1.20 Lakh,"87,672 km",CNG,Ahmedabad,2020
Mahindra Scorpio S11,₹ 10.54 Lakh,"56,175 km",CNG,Thane,2022
BMW 5 Series 520d,₹ 37.37 Lakh,"111,521 km",Diesel,Pune,2016
Tata Harrier XZ,₹ 4.44 Lakh,"82,141 km",Petrol,Bangalore,2019
BMW 3 Series 320d,₹ 41.01 Lakh,"72,130 km",Diesel,Thane,2021
Honda Jazz VX,₹ 1.20 Lakh,"149,264 km",Diesel,Noida,2014
Tata Tiago XT,₹ 1.20 Lakh,"152,468 km",Petrol,Thane,2014
Mahindra Thar LX,₹ 3.59 Lakh,"138,566 km",Petrol,Thane,2014
Maruti Suzuki Ertiga VXI CNG,₹ 1.20 Lakh,"99,710 km",Petrol,Kolkata,2019
Honda City VX,₹ 7.02 Lakh,"27,315 km",CNG,Pune,2023
Tata Harrier XZ,₹ 6.10 Lakh,"60,917 km",CNG,Kolkata,2021
Hyundai Santro Sportz,₹ 2.35 Lakh,"94,324 km",CNG,Delhi,2019
Kia Carens Prestige,₹ 4.30 Lakh,"133,140 km",Diesel,Ahmedabad,2015
Maruti Suzuki Wagon R 1.0 VXI,₹ 2.09 Lakh,"44,365 km",Diesel,Hyderabad,2021
Audi Q3 Premium,₹ 37.14 Lakh,"49,540 km",Diesel,Thane,2022
BMW 5 Series 520d,₹ 40.93 Lakh,"42,284 km",Petrol,Chennai,2021
Kia Sonet GTX,₹ 7.15 Lakh,"83,362 km",Diesel,Mumbai,2018
Mahindra Thar LX,₹ 8.07 Lakh,"92,617 km",CNG,Kolkata,2019
Kia Sonet GTX,₹ 5.68 Lakh,"121,350 km",Petrol,Chennai,2016
Kia Seltos GTX,₹ 10.36 Lakh,"59,543 km",Diesel,Kolkata,2021
Audi Q3 Premium,₹ 29.23 Lakh,"157,142 km",Petrol,Delhi,2013
Tata Safari XZ+,₹ 1.20 Lakh,"131,261 km",Petrol,Hyderabad,2014
Kia Sonet GTX,₹ 9.35 Lakh,"70,511 km",Diesel,Mumbai,2020
Tata Tiago XT,₹ 4.22 Lakh,"76,527 km",Petrol,Mumbai,2019
Tata Safari XZ+,₹ 1.20 Lakh,"156,126 km",CNG,Pune,2013
BMW X1 sDrive20d,₹ 42.63 Lakh,"53,199 km",Petrol,Kolkata,2022
Hyundai Verna SX,₹ 5.87 Lakh,"47,046 km",Diesel,Noida,2023
Kia Sonet GTX,₹ 10.10 Lakh,"40,277 km",Petrol,Ahmedabad,2022
Mercedes-Benz C-Class C200,₹ 47.48 Lakh,"95,131 km",Diesel,Noida,2016
Mahindra Thar LX,₹ 10.80 Lakh,"45,722 km",Diesel,Ahmedabad,2023
Mahindra XUV500 W8,₹ 5.78 Lakh,"130,390 km",Diesel,Thane,2016
Hyundai Verna SX,₹ 1.20 Lakh,"137,787 km",Petrol,Noida,2015
Audi Q3 Premium,₹ 33.45 Lakh,"105,405 km",Petrol,Pune,2017
Mahindra XUV500 W8,₹ 8.70 Lakh,"57,423 km",Petrol,Bangalore,2020
Mahindra Thar LX,₹ 6.74 Lakh,"90,230 km",Diesel,Bangalore,2018
Honda BR-V VX,₹ 1.20 Lakh,"147,478 km",CNG,Noida,2015
Audi Q5 quattro,₹ 38.28 Lakh,"22,378 km",Diesel,Chennai,2023
Hyundai Grand i10 Magna,₹ 1.20 Lakh,"161,156 km",Diesel,Ahmedabad,2014
BMW X1 sDrive20d,₹ 40.76 Lakh,"70,652 km",Petrol,Bangalore,2020
Maruti Suzuki Swift VXi,₹ 1.20 Lakh,"149,754 km",CNG,Hyderabad,2015
Toyota Fortuner 2.8 4x2,₹ 3.44 Lakh,"174,364 km",Diesel,Delhi,2013
BMW 5 Series 520d,₹ 33.96 Lakh,"174,024 km",Diesel,Kolkata,2012
Tata Nexon XZ+,₹ 1.20 Lakh,"163,924 km",Diesel,Mumbai,2013
Hyundai Verna SX,₹ 1.20 Lakh,"130,166 km",CNG,Ahmedabad,2015
Honda Amaze VX,₹ 5.01 Lakh,"60,806 km",Diesel,Ahmedabad,2021
Audi Q5 quattro,₹ 36.89 Lakh,"65,800 km",Diesel,Noida,2021
Audi A4 35 TDI,₹ 37.21 Lakh,"56,574 km",Diesel,Pune,2023
Audi A4 35 TDI,₹ 37.81 Lakh,"47,777 km",Petrol,Ahmedabad,2023
Honda WR-V VX,₹ 6.29 Lakh,"57,839 km",Petrol,Bangalore,2022
Kia Sonet GTX,₹ 5.05 Lakh,"124,770 km",Diesel,Delhi,2015
Audi A4 35 TDI,₹ 34.66 Lakh,"87,901 km",Petrol,Pune,2019
Maruti Suzuki Swift VXi,₹ 1.20 Lakh,"101,181 km",Diesel,Noida,2017
BMW 3 Series 320d,₹ 41.08 Lakh,"77,467 km",Petrol,Pune,2020
Kia Seltos GTX,₹ 2.33 Lakh,"178,055 km",CNG,Ahmedabad,2013
BMW X1 sDrive20d,₹ 35.23 Lakh,"147,727 km",Petrol,Kolkata,2013
Hyundai Grand i10 Magna,₹ 1.20 Lakh,"134,400 km",Petrol,Bangalore,2014
Toyota Innova Crysta GX,₹ 4.88 Lakh,"148,352 km",CNG,Chennai,2015
Kia Carens Prestige,₹ 7.45 Lakh,"85,618 km",CNG,Noida,2019
Kia Sonet GTX,₹ 8.13 Lakh,"107,669 km",CNG,Noida,2019
BMW X1 sDrive20d,₹ 37.49 Lakh,"132,942 km",Diesel,Pune,2016
Toyota Fortuner 2.8 4x2,₹ 3.52 Lakh,"183,560 km",Petrol,Mumbai,2012
BMW X1 sDrive20d,₹ 33.66 Lakh,"184,604 km",Petrol,Bangalore,2012
Mercedes-Benz C-Class C200,₹ 44.51 Lakh,"158,942 km",Petrol,Kolkata,2013
BMW 5 Series 520d,₹ 41.51 Lakh,"76,193 km",Diesel,Mumbai,2020
Hyundai Venue S,₹ 2.66 Lakh,"99,981 km",Diesel,Chennai,2019
Maruti Suzuki Alto 800 LXi,₹ 1.20 Lakh,"126,681 km",Diesel,Bangalore,2014
Honda Amaze VX,₹ 7.58 Lakh,"32,700 km",Diesel,Kolkata,2023
Mercedes-Benz GLA 220d,₹ 49.82 Lakh,"79,229 km",Petrol,Kolkata,2019
Honda BR-V VX,₹ 1.20 Lakh,"157,586 km",Diesel,Pune,2012
Kia Carens Prestige,₹ 9.85 Lakh,"33,075 km",Diesel,Mumbai,2022
Maruti Suzuki Baleno Delta 1.2,₹ 1.20 Lakh,"139,445 km",Diesel,Noida,2017
Mahindra Thar LX,₹ 3.25 Lakh,"127,469 km",Diesel,Ahmedabad,2013
Toyota Fortuner 2.8 4x2,₹ 5.54 Lakh,"153,257 km",CNG,Pune,2015
Hyundai i10 Magna,₹ 1.20 Lakh,"130,507 km",CNG,Ahmedabad,2016
Kia Carens Prestige,₹ 7.86 Lakh,"81,822 km",Diesel,Pune,2020
BMW X1 sDrive20d,₹ 34.09 Lakh,"184,641 km",Petrol,Ahmedabad,2012
BMW 3 Series 320d,₹ 43.03 Lakh,"39,955 km",Diesel,Ahmedabad,2023
Mahindra XUV500 W8,₹ 9.47 Lakh,"55,297 km",Petrol,Kolkata,2021
Hyundai i10 Magna,₹ 2.40 Lakh,"107,171 km",Petrol,Pune,2020
Tata Safari XZ+,₹ 1.42 Lakh,"115,581 km",CNG,Noida,2015
Mahindra Thar LX,₹ 3.50 Lakh,"139,696 km",CNG,Thane,2013
Toyota Innova Crysta GX,₹ 4.72 Lakh,"155,100 km",Diesel,Chennai,2013
Mahindra XUV500 W8,₹ 7.53 Lakh,"92,712 km",Diesel,Pune,2018
BMW X1 sDrive20d,₹ 40.70 Lakh,"77,982 km",Diesel,Noida,2020
BMW 5 Series 520d,₹ 42.17 Lakh,"55,107 km",Petrol,Noida,2022
Maruti Suzuki Wagon R 1.0 VXI,₹ 1.20 Lakh,"104,347 km",CNG,Pune,2017
Kia Sonet GTX,₹ 3.67 Lakh,"163,077 km",CNG,Hyderabad,2013
Tata Tiago XT,₹ 6.25 Lakh,"62,741 km",Petrol,Chennai,2022
Honda Jazz VX,₹ 1.20 Lakh,"188,475 km",Petrol,Pune,2012
Audi Q3 Premium,₹ 33.64 Lakh,"99,011 km",Diesel,Pune,2018
Tata Tiago XT,₹ 7.32 Lakh,"50,371 km",CNG,Bangalore,2022
Maruti Suzuki S-Presso VXi,₹ 1.20 Lakh,"197,029 km",Diesel,Noida,2012
Hyundai Venue S,₹ 1.20 Lakh,"121,707 km",CNG,Delhi,2017
Honda Jazz VX,₹ 1.20 Lakh,"148,248 km",Petrol,Thane,2013
Mercedes-Benz GLA 220d,₹ 46.94 Lakh,"118,903 km",Petrol,Delhi,2016
Hyundai i10 Magna,₹ 2.25 Lakh,"105,402 km",Diesel,Hyderabad,2017
Toyota Fortuner 2.8 4x2,₹ 4.45 Lakh,"174,967 km",Petrol,Hyderabad,2013
BMW 5 Series 520d,₹ 36.91 Lakh,"127,651 km",Petrol,Delhi,2016
Kia Sonet GTX,₹ 10.51 Lakh,"49,910 km",Petrol,Pune,2022
Honda Amaze VX,₹ 2.89 Lakh,"84,233 km",Petrol,Noida,2019
Maruti Suzuki Wagon R 1.0 VXI,₹ 1.20 Lakh,"103,243 km",CNG,Chennai,2016
Mahindra Scorpio S11,₹ 2.72 Lakh,"152,398 km",Diesel,Chennai,2013
Kia Sonet GTX,₹ 4.96 Lakh,"123,082 km",Petrol,Hyderabad,2016
Honda WR-V VX,₹ 6.67 Lakh,"44,007 km",CNG,Chennai,2022
Tata Nexon XZ+,₹ 5.27 Lakh,"109,021 km",Diesel,Chennai,2019
Mahindra Scorpio S11,₹ 6.51 Lakh,"116,893 km",Petrol,Pune,2018
Mahindra Thar LX,₹ 9.94 Lakh,"49,454 km",CNG,Thane,2021
BMW X1 sDrive20d,₹ 35.03 Lakh,"174,291 km",Diesel,Kolkata,2012
Honda City VX,₹ 2.79 Lakh,"83,863 km",Petrol,Pune,2018
Hyundai Grand i10 Magna,₹ 1.20 Lakh,"149,047 km",CNG,Bangalore,2014
Kia Sonet GTX,₹ 7.22 Lakh,"107,975 km",Diesel,Bangalore,2019
Mercedes-Benz E-Class E220d,₹ 48.18 Lakh,"128,935 km",Diesel,Chennai,2016
Mercedes-Benz C-Class C200,₹ 44.61 Lakh,"184,775 km",Diesel,Thane,2012
Toyota Glanza G,₹ 8.28 Lakh,"94,957 km",Petrol,Mumbai,2019
Kia Carens Prestige,₹ 5.66 Lakh,"142,676 km",Petrol,Delhi,2016
Honda BR-V VX,₹ 1.20 Lakh,"175,602 km",Diesel,Kolkata,2013
Toyota Fortuner 2.8 4x2,₹ 6.44 Lakh,"126,298 km",Diesel,Kolkata,2016
Kia Seltos GTX,₹ 9.06 Lakh,"69,802 km",CNG,Hyderabad,2021
Kia Seltos GTX,₹ 1.77 Lakh,"194,849 km",Diesel,Pune,2012
BMW 3 Series 320d,₹ 38.64 Lakh,"97,974 km",Diesel,Mumbai,2017
Mahindra Scorpio S11,₹ 7.48 Lakh,"92,379 km",CNG,Hyderabad,2018
Kia Carens Prestige,₹ 8.82 Lakh,"64,789 km",Petrol,Mumbai,2021
Toyota Etios Liva G,₹ 7.45 Lakh,"118,365 km",CNG,Noida,2017
Maruti Suzuki Alto 800 LXi,₹ 1.20 Lakh,"113,252 km",Diesel,Ahmedabad,2016
Audi A4 35 TDI,₹ 35.96 Lakh,"64,664 km",Diesel,Pune,2021
BMW 5 Series 520d,₹ 39.04 Lakh,"96,084 km",Petrol,Bangalore,2019
Mahindra XUV500 W8,₹ 4.38 Lakh,"156,729 km",Diesel,Pune,2014
Kia Sonet GTX,₹ 5.63 Lakh,"109,584 km",Diesel,Thane,2016
Honda Amaze VX,₹ 7.34 Lakh,"27,761 km",Diesel,Bangalore,2023
BMW 3 Series 320d,₹ 36.41 Lakh,"142,158 km",Diesel,Kolkata,2015
BMW 5 Series 520d,₹ 34.73 Lakh,"167,972 km",Petrol,Mumbai,2013
Audi Q3 Premium,₹ 35.12 Lakh,"65,817 km",Diesel,Delhi,2019
Toyota Innova Crysta GX,₹ 5.22 Lakh,"150,021 km",Petrol,Thane,2014
Mercedes-Benz GLA 220d,₹ 51.73 Lakh,"74,904 km",Diesel,Thane,2021
Honda WR-V VX,₹ 1.20 Lakh,"202,138 km",Petrol,Kolkata,2013
Mahindra XUV500 W8,₹ 5.93 Lakh,"117,415 km",Diesel,Ahmedabad,2016
Hyundai i10 Magna,₹ 1.20 Lakh,"96,531 km",Petrol,Mumbai,2017
BMW 5 Series 520d,₹ 42.72 Lakh,"68,482 km",Diesel,Ahmedabad,2022
Mercedes-Benz E-Class E220d,₹ 49.08 Lakh,"108,523 km",Diesel,Hyderabad,2017
Tata Tiago XT,₹ 1.20 Lakh,"172,411 km",CNG,Chennai,2012
Tata Harrier XZ,₹ 1.39 Lakh,"121,906 km",Diesel,Delhi,2015
Toyota Fortuner 2.8 4x2,₹ 7.34 Lakh,"102,810 km",CNG,Bangalore,2018
BMW 5 Series 520d,₹ 42.20 Lakh,"31,340 km",Petrol,Noida,2023
Hyundai i10 Magna,₹ 1.30 Lakh,"99,125 km",Diesel,Kolkata,2017
Mercedes-Benz E-Class E220d,₹ 45.15 Lakh,"159,894 km",Petrol,Ahmedabad,2013
Kia Carens Prestige,₹ 7.20 Lakh,"113,014 km",Diesel,Hyderabad,2018
Honda WR-V VX,₹ 3.71 Lakh,"84,940 km",CNG,Thane,2020
BMW 5 Series 520d,₹ 35.44 Lakh,"172,416 km",Diesel,Bangalore,2013
Tata Harrier XZ,₹ 5.96 Lakh,"69,471 km",Diesel,Pune,2020
Audi A4 35 TDI,₹ 29.39 Lakh,"158,704 km",Petrol,Delhi,2012
Mercedes-Benz E-Class E220d,₹ 47.37 Lakh,"111,792 km",Petrol,Noida,2017
Audi A4 35 TDI,₹ 29.64 Lakh,"160,203 km",Diesel,Chennai,2013
Kia Carens Prestige,₹ 6.25 Lakh,"111,644 km",Diesel,Noida,2016
BMW X1 sDrive20d,₹ 37.41 Lakh,"110,425 km",Diesel,Hyderabad,2016
Mercedes-Benz E-Class E220d,₹ 51.90 Lakh,"75,545 km",Diesel,Chennai,2022
Maruti Suzuki Ertiga VXI CNG,₹ 1.20 Lakh,"178,464 km",Diesel,Chennai,2013
Mercedes-Benz GLA 220d,₹ 50.02 Lakh,"90,463 km",Petrol,Noida,2019
Mercedes-Benz E-Class E220d,₹ 52.10 Lakh,"32,535 km",Petrol,Pune,2023
Honda City VX,₹ 1.20 Lakh,"120,692 km",Petrol,Mumbai,2015
Toyota Glanza G,₹ 6.15 Lakh,"130,326 km",Petrol,Chennai,2015
Audi A4 35 TDI,₹ 29.37 Lakh,"161,795 km",Petrol,Kolkata,2013
Kia Seltos GTX,₹ 3.83 Lakh,"164,471 km",CNG,Kolkata,2013
BMW 3 Series 320d,₹ 39.51 Lakh,"94,964 km",Diesel,Hyderabad,2019
Kia Seltos GTX,₹ 6.68 Lakh,"129,910 km",CNG,Chennai,2017
BMW X1 sDrive20d,₹ 41.04 Lakh,"65,837 km",Petrol,Mumbai,2021
BMW X1 sDrive20d,₹ 41.50 Lakh,"60,540 km",Petrol,Hyderabad,2021
Audi A4 35 TDI,₹ 33.58 Lakh,"73,276 km",Petrol,Thane,2018
Kia Sonet GTX,₹ 4.18 Lakh,"132,636 km",Diesel,Kolkata,2013
Maruti Suzuki Baleno Delta 1.2,₹ 1.20 Lakh,"125,929 km",CNG,Hyderabad,2016
BMW 3 Series 320d,₹ 40.79 Lakh,"81,972 km",Petrol,Noida,2020
BMW 3 Series 320d,₹ 37.32 Lakh,"150,803 km",Petrol,Chennai,2016
Mahindra Thar LX,₹ 4.31 Lakh,"141,950 km",CNG,Delhi,2014
Honda Jazz VX,₹ 1.20 Lakh,"130,224 km",Petrol,Noida,2015
Kia Sonet GTX,₹ 5.83 Lakh,"126,467 km",Petrol,Ahmedabad,2016
Mahindra Scorpio S11,₹ 2.69 Lakh,"164,238 km",Petrol,Thane,2014
Hyundai Elite i20 Sportz,₹ 1.84 Lakh,"107,491 km",CNG,Hyderabad,2018
Mahindra Thar LX,₹ 2.92 Lakh,"178,648 km",CNG,Pune,2012
Audi Q5 quattro,₹ 37.53 Lakh,"56,062 km",Petrol,Kolkata,2022
Hyundai Grand i10 Magna,₹ 4.76 Lakh,"67,349 km",CNG,Delhi,2021
Maruti Suzuki Swift VXi,₹ 1.20 Lakh,"132,371 km",Diesel,Bangalore,2014
BMW X1 sDrive20d,₹ 40.50 Lakh,"71,308 km",Diesel,Bangalore,2019
Mahindra XUV500 W8,₹ 2.81 Lakh,"168,492 km",Diesel,Mumbai,2013
BMW 5 Series 520d,₹ 37.46 Lakh,"114,493 km",Diesel,Delhi,2016
Kia Sonet GTX,₹ 10.57 Lakh,"49,496 km",CNG,Chennai,2022
Honda WR-V VX,₹ 4.01 Lakh,"95,077 km",Diesel,Kolkata,2018
Audi Q5 quattro,₹ 33.91 Lakh,"125,171 km",Diesel,Thane,2017
Hyundai Elite i20 Sportz,₹ 1.39 Lakh,"108,508 km",Diesel,Bangalore,2017
Kia Seltos GTX,₹ 10.70 Lakh,"59,067 km",CNG,Mumbai,2022
Audi Q3 Premium,₹ 34.44 Lakh,"97,788 km",Petrol,Thane,2018
Mahindra Thar LX,₹ 2.49 Lakh,"184,984 km",CNG,Bangalore,2012
BMW X1 sDrive20d,₹ 37.51 Lakh,"114,193 km",Petrol,Ahmedabad,2015
Kia Seltos GTX,₹ 5.45 Lakh,"137,860 km",Diesel,Bangalore,2016
Audi Q3 Premium,₹ 31.83 Lakh,"144,527 km",Diesel,Thane,2015
Audi Q3 Premium,₹ 37.35 Lakh,"54,528 km",Petrol,Hyderabad,2022
Tata Safari XZ+,₹ 5.82 Lakh,"79,410 km",Petrol,Mumbai,2020
Tata Tiago XT,₹ 1.20 Lakh,"177,633 km",Petrol,Kolkata,2013
Maruti Suzuki S-Presso VXi,₹ 1.20 Lakh,"118,143 km",Petrol,Noida,2017
Audi Q5 quattro,₹ 32.02 Lakh,"131,211 km",Diesel,Chennai,2015
Toyota Glanza G,₹ 6.58 Lakh,"120,932 km",CNG,Noida,2017
Mahindra Thar LX,₹ 2.56 Lakh,"168,648 km",Diesel,Delhi,2013
Kia Seltos GTX,₹ 6.69 Lakh,"99,061 km",Petrol,Kolkata,2019
Audi Q3 Premium,₹ 36.43 Lakh,"45,569 km",Petrol,Noida,2021
Kia Sonet GTX,₹ 11.67 Lakh,"33,452 km",Diesel,Chennai,2023
Honda BR-V VX,₹ 1.20 Lakh,"135,785 km",CNG,Thane,2014
Hyundai Santro Sportz,₹ 1.20 Lakh,"138,268 km",Diesel,Kolkata,2015
Honda BR-V VX,₹ 1.71 Lakh,"118,318 km",Diesel,Delhi,2017
Mercedes-Benz E-Class E220d,₹ 44.43 Lakh,"170,149 km",Diesel,Delhi,2012
Mahindra Thar LX,₹ 5.51 Lakh,"103,843 km",Petrol,Noida,2016
Tata Tiago XT,₹ 1.20 Lakh,"138,875 km",Petrol,Kolkata,2015
Audi Q3 Premium,₹ 29.72 Lakh,"169,565 km",Petrol,Noida,2013
Mahindra Thar LX,₹ 7.32 Lakh,"79,927 km",CNG,Noida,2019
Honda BR-V VX,₹ 7.06 Lakh,"40,273 km",Diesel,Bangalore,2022
Mahindra XUV500 W8,₹ 9.08 Lakh,"68,188 km",CNG,Noida,2021
Toyota Etios Liva G,₹ 8.18 Lakh,"83,772 km",Diesel,Pune,2017
Honda City VX,₹ 5.52 Lakh,"57,300 km",CNG,Pune,2021
Hyundai Santro Sportz,₹ 3.46 Lakh,"102,724 km",CNG,Noida,2020
Mercedes-Benz GLA 220d,₹ 46.84 Lakh,"152,246 km",Petrol,Thane,2015
Hyundai Santro Sportz,₹ 3.82 Lakh,"78,003 km",Petrol,Hyderabad,2020
Mercedes-Benz E-Class E220d,₹ 45.06 Lakh,"163,123 km",Petrol,Chennai,2013
BMW 3 Series 320d,₹ 37.83 Lakh,"101,535 km",Petrol,Chennai,2017
Hyundai Grand i10 Magna,₹ 2.66 Lakh,"81,789 km",Petrol,Pune,2020
Tata Nexon XZ+,₹ 1.20 Lakh,"144,712 km",Petrol,Mumbai,2014
Mahindra XUV500 W8,₹ 1.86 Lakh,"184,500 km",CNG,Mumbai,2012
Hyundai Elite i20 Sportz,₹ 1.20 Lakh,"139,930 km",Diesel,Delhi,2014
Toyota Corolla Altis G,₹ 9.99 Lakh,"70,532 km",Petrol,Kolkata,2021
Audi Q3 Premium,₹ 29.95 Lakh,"159,729 km",Petrol,Delhi,2013
Kia Carens Prestige,₹ 4.38 Lakh,"147,428 km",Petrol,Pune,2015
Mercedes-Benz GLA 220d,₹ 45.45 Lakh,"161,353 km",Diesel,Pune,2013
BMW 3 Series 320d,₹ 41.77 Lakh,"68,260 km",Diesel,Bangalore,2022
Honda Jazz VX,₹ 3.25 Lakh,"106,262 km",CNG,Kolkata,2020
BMW X1 sDrive20d,₹ 37.11 Lakh,"116,020 km",Diesel,Mumbai,2016
BMW 5 Series 520d,₹ 41.22 Lakh,"64,898 km",Petrol,Hyderabad,2021
Audi Q3 Premium,₹ 29.36 Lakh,"191,114 km",Diesel,Thane,2012
Tata Nexon XZ+,₹ 4.91 Lakh,"93,801 km",CNG,Thane,2018
Kia Seltos GTX,₹ 10.28 Lakh,"43,567 km",CNG,Ahmedabad,2021
Mahindra Scorpio S11,₹ 5.57 Lakh,"143,668 km",Diesel,Hyderabad,2016
Mahindra Thar LX,₹ 4.65 Lakh,"134,598 km",Diesel,Noida,2015
Honda City VX,₹ 5.60 Lakh,"39,447 km",CNG,Bangalore,2021
BMW 5 Series 520d,₹ 40.71 Lakh,"80,795 km",Diesel,Delhi,2020
BMW X1 sDrive20d,₹ 34.67 Lakh,"147,756 km",Petrol,Chennai,2013
Maruti Suzuki Swift VXi,₹ 1.20 Lakh,"106,525 km",Diesel,Hyderabad,2019
Toyota Glanza G,₹ 6.90 Lakh,"117,029 km",Petrol,Delhi,2016
Tata Harrier XZ,₹ 1.45 Lakh,"119,906 km",Diesel,Ahmedabad,2015
BMW X1 sDrive20d,₹ 43.22 Lakh,"39,870 km",Petrol,Delhi,2023
Mercedes-Benz GLA 220d,₹ 49.47 Lakh,"88,112 km",Diesel,Thane,2019
Mercedes-Benz GLA 220d,₹ 51.76 Lakh,"47,051 km",Diesel,Delhi,2022
Mercedes-Benz C-Class C200,₹ 50.95 Lakh,"72,505 km",Petrol,Hyderabad,2020
Maruti Suzuki Ciaz ZXI+,₹ 4.03 Lakh,"40,730 km",Diesel,Mumbai,2022
Mahindra Thar LX,₹ 7.56 Lakh,"96,131 km",Diesel,Delhi,2018
BMW 5 Series 520d,₹ 38.12 Lakh,"109,443 km",Diesel,Mumbai,2017
Kia Carens Prestige,₹ 7.78 Lakh,"88,612 km",Diesel,Mumbai,2019
Mahindra XUV500 W8,₹ 9.58 Lakh,"77,947 km",Petrol,Chennai,2021
Toyota Fortuner 2.8 4x2,₹ 5.03 Lakh,"114,847 km",Diesel,Pune,2014
Hyundai Grand i10 Magna,₹ 3.34 Lakh,"86,591 km",CNG,Ahmedabad,2019
Toyota Glanza G,₹ 9.06 Lakh,"90,097 km",Petrol,Ahmedabad,2019
Mahindra Scorpio S11,₹ 4.76 Lakh,"156,458 km",CNG,Kolkata,2015
BMW X1 sDrive20d,₹ 36.15 Lakh,"153,793 km",Diesel,Mumbai,2013
Kia Sonet GTX,₹ 10.59 Lakh,"46,752 km",Diesel,Mumbai,2023
Kia Seltos GTX,₹ 3.20 Lakh,"163,490 km",CNG,Mumbai,2013
Tata Safari XZ+,₹ 3.94 Lakh,"117,514 km",Petrol,Noida,2018
Mercedes-Benz C-Class C200,₹ 49.82 Lakh,"100,349 km",Petrol,Kolkata,2019
Mercedes-Benz GLA 220d,₹ 45.65 Lakh,"145,912 km",Diesel,Kolkata,2013
Mercedes-Benz C-Class C200,₹ 45.07 Lakh,"184,901 km",Diesel,Mumbai,2013
Hyundai Verna SX,₹ 1.20 Lakh,"142,136 km",CNG,Pune,2015
BMW X1 sDrive20d,₹ 40.73 Lakh,"61,479 km",Petrol,Bangalore,2021
Maruti Suzuki Alto 800 LXi,₹ 1.20 Lakh,"144,148 km",CNG,Ahmedabad,2014
Audi A4 35 TDI,₹ 30.67 Lakh,"160,887 km",Petrol,Pune,2014
Tata Tiago XT,₹ 1.20 Lakh,"155,537 km",Petrol,Mumbai,2012
Audi A4 35 TDI,₹ 34.58 Lakh,"99,052 km",Petrol,Hyderabad,2018
Toyota Glanza G,₹ 7.28 Lakh,"118,071 km",CNG,Kolkata,2017
Mahindra Scorpio S11,₹ 8.93 Lakh,"77,659 km",Diesel,Noida,2021
Mahindra XUV500 W8,₹ 2.87 Lakh,"140,692 km",Petrol,Kolkata,2013
Maruti Suzuki Wagon R 1.0 VXI,₹ 3.70 Lakh,"46,996 km",Petrol,Kolkata,2023
Toyota Etios Liva G,₹ 11.29 Lakh,"43,534 km",CNG,Chennai,2023
Honda City VX,₹ 2.18 Lakh,"91,113 km",Petrol,Delhi,2017
Audi A4 35 TDI,₹ 31.51 Lakh,"147,010 km",Petrol,Mumbai,2014
Toyota Fortuner 2.8 4x2,₹ 6.73 Lakh,"132,635 km",Petrol,Hyderabad,2016
Honda Amaze VX,₹ 4.97 Lakh,"77,200 km",Petrol,Pune,2020
Maruti Suzuki Baleno Delta 1.2,₹ 1.20 Lakh,"108,923 km",CNG,Delhi,2018
Toyota Innova Crysta GX,₹ 9.43 Lakh,"90,351 km",CNG,Bangalore,2019
Mercedes-Benz E-Class E220d,₹ 52.05 Lakh,"62,810 km",Diesel,Delhi,2023
Honda Jazz VX,₹ 1.20 Lakh,"118,908 km",Diesel,Noida,2015
Toyota Glanza G,₹ 10.91 Lakh,"61,247 km",CNG,Hyderabad,2021
Tata Harrier XZ,₹ 3.97 Lakh,"113,300 km",Diesel,Bangalore,2017
Mercedes-Benz E-Class E220d,₹ 47.05 Lakh,"153,906 km",Diesel,Kolkata,2015
Mercedes-Benz C-Class C200,₹ 46.11 Lakh,"129,010 km",Petrol,Kolkata,2014
Honda Amaze VX,₹ 7.34 Lakh,"39,917 km",Diesel,Thane,2023
BMW 5 Series 520d,₹ 37.47 Lakh,"110,068 km",Diesel,Hyderabad,2016
Toyota Etios Liva G,₹ 5.72 Lakh,"128,646 km",Diesel,Hyderabad,2015
Kia Carens Prestige,₹ 3.14 Lakh,"159,675 km",CNG,Delhi,2014
Hyundai Elite i20 Sportz,₹ 2.40 Lakh,"84,419 km",CNG,Ahmedabad,2019
Maruti Suzuki S-Presso VXi,₹ 1.73 Lakh,"67,842 km",Diesel,Chennai,2020
BMW 5 Series 520d,₹ 36.89 Lakh,"116,278 km",Petrol,Mumbai,2016
Toyota Innova Crysta GX,₹ 10.85 Lakh,"75,952 km",Diesel,Thane,2022
Hyundai i10 Magna,₹ 1.20 Lakh,"136,856 km",Petrol,Delhi,2016
Mahindra XUV500 W8,₹ 8.35 Lakh,"79,439 km",Diesel,Pune,2020
Tata Harrier XZ,₹ 8.47 Lakh,"48,557 km",CNG,Bangalore,2023
Audi Q3 Premium,₹ 29.88 Lakh,"174,228 km",Petrol,Chennai,2012
Mercedes-Benz GLA 220d,₹ 45.14 Lakh,"163,312 km",Petrol,Thane,2012
Honda WR-V VX,₹ 1.20 Lakh,"139,883 km",Diesel,Hyderabad,2015
Audi Q3 Premium,₹ 37.72 Lakh,"60,747 km",Petrol,Ahmedabad,2023
Mahindra XUV500 W8,₹ 6.66 Lakh,"103,342 km",Petrol,Kolkata,2018
Audi A4 35 TDI,₹ 34.35 Lakh,"94,580 km",Diesel,Noida,2017
Tata Nexon XZ+,₹ 4.67 Lakh,"97,429 km",Diesel,Hyderabad,2019
Kia Carens Prestige,₹ 9.23 Lakh,"55,865 km",Diesel,Ahmedabad,2020
Mercedes-Benz C-Class C200,₹ 45.62 Lakh,"165,859 km",Petrol,Noida,2014
Mercedes-Benz GLA 220d,₹ 50.17 Lakh,"89,374 km",Petrol,Chennai,2021
Kia Seltos GTX,₹ 9.64 Lakh,"66,704 km",Diesel,Noida,2020
Tata Nexon XZ+,₹ 1.20 Lakh,"157,913 km",Petrol,Thane,2014
Mercedes-Benz E-Class E220d,₹ 43.68 Lakh,"174,764 km",Petrol,Pune,2012
Tata Nexon XZ+,₹ 4.50 Lakh,"93,198 km",Petrol,Ahmedabad,2019
Honda Amaze VX,₹ 3.16 Lakh,"72,900 km",Petrol,Thane,2018
Hyundai Venue S,₹ 1.20 Lakh,"159,919 km",Petrol,Hyderabad,2015
BMW 3 Series 320d,₹ 41.99 Lakh,"55,786 km",Diesel,Thane,2021
BMW 5 Series 520d,₹ 36.88 Lakh,"132,298 km",Diesel,Bangalore,2015
Kia Carens Prestige,₹ 5.29 Lakh,"110,994 km",Diesel,Kolkata,2015
Maruti Suzuki Swift VXi,₹ 1.20 Lakh,"120,737 km",CNG,Kolkata,2016
Tata Safari XZ+,₹ 5.78 Lakh,"75,402 km",Diesel,Hyderabad,2021
Mercedes-Benz GLA 220d,₹ 49.82 Lakh,"80,075 km",Petrol,Chennai,2018
Honda BR-V VX,₹ 1.20 Lakh,"138,276 km",Petrol,Bangalore,2013
Audi Q3 Premium,₹ 37.58 Lakh,"70,960 km",Diesel,Hyderabad,2022
Kia Carens Prestige,₹ 3.29 Lakh,"165,786 km",Petrol,Thane,2013
Mahindra Thar LX,₹ 7.08 Lakh,"88,859 km",Petrol,Pune,2019
Maruti Suzuki S-Presso VXi,₹ 1.20 Lakh,"189,559 km",CNG,Kolkata,2012
Kia Seltos GTX,₹ 6.24 Lakh,"109,202 km",Petrol,Mumbai,2018
Honda Amaze VX,₹ 5.93 Lakh,"52,885 km",Petrol,Delhi,2022
Toyota Etios Liva G,₹ 5.91 Lakh,"135,180 km",Diesel,Pune,2014
Honda City VX,₹ 4.60 Lakh,"73,084 km",CNG,Chennai,2021
Maruti Suzuki Ciaz ZXI+,₹ 1.20 Lakh,"154,913 km",Diesel,Ahmedabad,2014
Maruti Suzuki Wagon R 1.0 VXI,₹ 1.20 Lakh,"81,499 km",CNG,Delhi,2019
Tata Safari XZ+,₹ 1.20 Lakh,"151,429 km",CNG,Mumbai,2012
Kia Seltos GTX,₹ 4.47 Lakh,"130,749 km",Petrol,Mumbai,2015
Maruti Suzuki Vitara Brezza VDi,₹ 1.20 Lakh,"143,278 km",CNG,Delhi,2015
Hyundai i10 Magna,₹ 4.55 Lakh,"56,579 km",Diesel,Thane,2022
Mahindra Thar LX,₹ 8.60 Lakh,"83,310 km",CNG,Hyderabad,2020
Audi Q3 Premium,₹ 33.15 Lakh,"107,038 km",Petrol,Ahmedabad,2018
Kia Carens Prestige,₹ 5.45 Lakh,"118,727 km",Petrol,Chennai,2017
Toyota Glanza G,₹ 10.43 Lakh,"59,913 km",Diesel,Mumbai,2022
Toyota Etios Liva G,₹ 7.51 Lakh,"109,046 km",CNG,Kolkata,2016
Hyundai Santro Sportz,₹ 2.99 Lakh,"83,952 km",CNG,Bangalore,2020
Hyundai Verna SX,₹ 1.97 Lakh,"86,785 km",CNG,Chennai,2017
Honda Amaze VX,₹ 1.20 Lakh,"132,570 km",Diesel,Kolkata,2014
Maruti Suzuki S-Presso VXi,₹ 1.20 Lakh,"82,281 km",CNG,Hyderabad,2018
Maruti Suzuki Wagon R 1.0 VXI,₹ 1.20 Lakh,"153,960 km",Diesel,Hyderabad,2012
Toyota Corolla Altis G,₹ 4.06 Lakh,"143,925 km",Petrol,Bangalore,2013
Tata Harrier XZ,₹ 1.72 Lakh,"136,780 km",Petrol,Noida,2014
BMW X1 sDrive20d,₹ 37.91 Lakh,"125,105 km",Diesel,Pune,2017
Maruti Suzuki Ertiga VXI CNG,₹ 2.46 Lakh,"60,677 km",Petrol,Ahmedabad,2022
Toyota Corolla Altis G,₹ 4.20 Lakh,"154,535 km",CNG,Hyderabad,2012
Toyota Corolla Altis G,₹ 7.42 Lakh,"93,427 km",CNG,Mumbai,2018
BMW 3 Series 320d,₹ 37.60 Lakh,"135,972 km",Diesel,Bangalore,2015
Honda City VX,₹ 1.20 Lakh,"130,090 km",Petrol,Hyderabad,2014
Kia Carens Prestige,₹ 8.53 Lakh,"76,556 km",Diesel,Bangalore,2019
Toyota Etios Liva G,₹ 5.81 Lakh,"140,975 km",CNG,Kolkata,2014
Toyota Innova Crysta GX,₹ 8.50 Lakh,"82,706 km",Petrol,Ahmedabad,2019
Honda WR-V VX,₹ 4.72 Lakh,"74,448 km",Diesel,Bangalore,2019
BMW 3 Series 320d,₹ 39.06 Lakh,"108,681 km",Petrol,Delhi,2018
Tata Harrier XZ,₹ 5.66 Lakh,"75,646 km",Diesel,Pune,2020
Kia Carens Prestige,₹ 9.38 Lakh,"55,843 km",Diesel,Delhi,2021
BMW 3 Series 320d,₹ 35.55 Lakh,"149,949 km",Petrol,Kolkata,2014
Kia Sonet GTX,₹ 11.01 Lakh,"40,447 km",Diesel,Chennai,2023
Mercedes-Benz C-Class C200,₹ 49.37 Lakh,"129,147 km",Diesel,Chennai,2018
Honda Jazz VX,₹ 3.64 Lakh,"76,184 km",Diesel,Ahmedabad,2018
BMW X1 sDrive20d,₹ 43.04 Lakh,"38,202 km",Petrol,Chennai,2023
Toyota Etios Liva G,₹ 3.85 Lakh,"176,048 km",Diesel,Mumbai,2012
Honda Amaze VX,₹ 5.96 Lakh,"47,563 km",Diesel,Hyderabad,2021
Honda City VX,₹ 1.20 Lakh,"166,009 km",Petrol,Chennai,2013
Mercedes-Benz C-Class C200,₹ 49.95 Lakh,"97,698 km",Diesel,Chennai,2020
Tata Safari XZ+,₹ 7.12 Lakh,"51,855 km",Diesel,Chennai,2021
Hyundai Grand i10 Magna,₹ 5.59 Lakh,"33,746 km",Petrol,Pune,2022
Kia Carens Prestige,₹ 5.93 Lakh,"115,550 km",Petrol,Bangalore,2016
Maruti Suzuki Swift VXi,₹ 1.20 Lakh,"162,855 km",Diesel,Pune,2013
Honda Jazz VX,₹ 1.76 Lakh,"100,656 km",Petrol,Bangalore,2017
Honda BR-V VX,₹ 1.20 Lakh,"140,027 km",Petrol,Hyderabad,2013
Honda Jazz VX,₹ 1.73 Lakh,"131,718 km",Diesel,Kolkata,2016
Mercedes-Benz C-Class C200,₹ 51.40 Lakh,"58,027 km",Petrol,Delhi,2022
Mahindra XUV500 W8,₹ 8.90 Lakh,"73,639 km",Petrol,Kolkata,2021
Hyundai Grand i10 Magna,₹ 1.20 Lakh,"169,983 km",CNG,Noida,2012
Maruti Suzuki Swift VXi,₹ 1.20 Lakh,"166,755 km",CNG,Mumbai,2015
Audi Q3 Premium,₹ 34.53 Lakh,"78,273 km",Petrol,Ahmedabad,2019
Mahindra Thar LX,₹ 4.66 Lakh,"138,821 km",Diesel,Chennai,2015
Maruti Suzuki Vitara Brezza VDi,₹ 1.20 Lakh,"113,326 km",CNG,Chennai,2017
Honda City VX,₹ 4.74 Lakh,"64,115 km",Petrol,Thane,2021
Toyota Innova Crysta GX,₹ 9.04 Lakh,"76,046 km",Diesel,Thane,2019
Toyota Glanza G,₹ 11.67 Lakh,"41,085 km",Diesel,Mumbai,2022
Maruti Suzuki Vitara Brezza VDi,₹ 3.99 Lakh,"37,598 km",Diesel,Noida,2022
Mahindra Thar LX,₹ 8.02 Lakh,"94,620 km",CNG,Delhi,2019
Tata Harrier XZ,₹ 6.90 Lakh,"50,043 km",CNG,Thane,2023
BMW 3 Series 320d,₹ 37.68 Lakh,"136,385 km",Petrol,Bangalore,2016
Hyundai Venue S,₹ 4.37 Lakh,"44,329 km",Petrol,Delhi,2022
Maruti Suzuki Baleno Delta 1.2,₹ 1.20 Lakh,"110,734 km",Diesel,Pune,2017
Tata Safari XZ+,₹ 6.31 Lakh,"57,638 km",CNG,Kolkata,2022
Mahindra XUV500 W8,₹ 9.43 Lakh,"69,528 km",CNG,Delhi,2021
Kia Carens Prestige,₹ 11.58 Lakh,"39,966 km",CNG,Thane,2023
Kia Seltos GTX,₹ 4.76 Lakh,"125,279 km",Diesel,Delhi,2015
Hyundai Grand i10 Magna,₹ 1.36 Lakh,"111,330 km",CNG,Delhi,2017
Honda Amaze VX,₹ 3.19 Lakh,"72,815 km",CNG,Mumbai,2018
Mercedes-Benz GLA 220d,₹ 46.61 Lakh,"156,216 km",Petrol,Ahmedabad,2015
Honda BR-V VX,₹ 6.10 Lakh,"25,518 km",CNG,Noida,2022
Kia Seltos GTX,₹ 8.60 Lakh,"83,271 km",Diesel,Hyderabad,2020
BMW 3 Series 320d,₹ 41.63 Lakh,"56,632 km",Petrol,Bangalore,2021
Maruti Suzuki Vitara Brezza VDi,₹ 1.20 Lakh,"106,671 km",Diesel,Noida,2016
Toyota Etios Liva G,₹ 5.75 Lakh,"124,726 km",CNG,Chennai,2016
Mahindra XUV500 W8,₹ 11.20 Lakh,"45,774 km",Petrol,Mumbai,2023
Honda WR-V VX,₹ 7.45 Lakh,"59,898 km",Diesel,Pune,2023
Honda City VX,₹ 5.30 Lakh,"67,197 km",Diesel,Ahmedabad,2020
Kia Seltos GTX,₹ 8.02 Lakh,"84,874 km",CNG,Pune,2020
Toyota Corolla Altis G,₹ 8.39 Lakh,"109,685 km",CNG,Mumbai,2018
Tata Safari XZ+,₹ 6.16 Lakh,"59,089 km",Petrol,Noida,2022
BMW 5 Series 520d,₹ 35.80 Lakh,"154,421 km",Diesel,Mumbai,2014
Mercedes-Benz C-Class C200,₹ 52.59 Lakh,"73,987 km",Diesel,Chennai,2022
Kia Carens Prestige,₹ 4.74 Lakh,"153,820 km",Diesel,Bangalore,2014
Hyundai Verna SX,₹ 5.18 Lakh,"50,581 km",Diesel,Noida,2022
Honda WR-V VX,₹ 1.20 Lakh,"145,706 km",Diesel,Pune,2015
Honda WR-V VX,₹ 7.22 Lakh,"42,888 km",CNG,Delhi,2023
Kia Sonet GTX,₹ 9.30 Lakh,"46,438 km",Petrol,Delhi,2022
BMW X1 sDrive20d,₹ 42.55 Lakh,"43,576 km",Diesel,Mumbai,2022
Mercedes-Benz E-Class E220d,₹ 47.66 Lakh,"123,148 km",Diesel,Chennai,2016
Kia Sonet GTX,₹ 8.89 Lakh,"59,982 km",Petrol,Delhi,2021
Audi A4 35 TDI,₹ 33.80 Lakh,"101,922 km",Petrol,Delhi,2018
Mercedes-Benz GLA 220d,₹ 53.80 Lakh,"38,787 km",Diesel,Hyderabad,2023
Hyundai Creta SX,₹ 3.88 Lakh,"64,581 km",Diesel,Ahmedabad,2021
Honda BR-V VX,₹ 1.20 Lakh,"135,832 km",CNG,Bangalore,2015
Tata Nexon XZ+,₹ 1.20 Lakh,"175,141 km",Diesel,Thane,2013
Maruti Suzuki Wagon R 1.0 VXI,₹ 1.20 Lakh,"123,207 km",Petrol,Thane,2016
Tata Safari XZ+,₹ 1.38 Lakh,"132,631 km",CNG,Ahmedabad,2014
Audi A4 35 TDI,₹ 37.75 Lakh,"32,389 km",Diesel,Mumbai,2023
Toyota Fortuner 2.8 4x2,₹ 6.24 Lakh,"130,165 km",Petrol,Noida,2016
Mercedes-Benz E-Class E220d,₹ 47.64 Lakh,"118,433 km",Diesel,Noida,2016
Audi Q3 Premium,₹ 31.93 Lakh,"105,878 km",Petrol,Kolkata,2016
Tata Safari XZ+,₹ 6.82 Lakh,"58,557 km",Petrol,Thane,2023
Tata Harrier XZ,₹ 7.49 Lakh,"28,806 km",CNG,Noida,2023
Honda Amaze VX,₹ 3.70 Lakh,"113,639 km",Diesel,Mumbai,2018
Toyota Glanza G,₹ 5.68 Lakh,"129,105 km",CNG,Chennai,2016
Hyundai Elite i20 Sportz,₹ 1.93 Lakh,"117,086 km",Diesel,Bangalore,2017
Toyota Innova Crysta GX,₹ 3.42 Lakh,"200,318 km",Petrol,Chennai,2012
Hyundai Creta SX,₹ 3.31 Lakh,"96,314 km",CNG,Pune,2020
BMW 3 Series 320d,₹ 40.11 Lakh,"67,896 km",Petrol,Thane,2020
Hyundai Grand i10 Magna,₹ 1.20 Lakh,"161,713 km",Diesel,Chennai,2014
Audi Q5 quattro,₹ 35.53 Lakh,"73,985 km",Diesel,Pune,2021
Audi Q5 quattro,₹ 31.07 Lakh,"140,774 km",Diesel,Bangalore,2014
Tata Nexon XZ+,₹ 7.61 Lakh,"33,600 km",Petrol,Noida,2023
BMW 3 Series 320d,₹ 39.71 Lakh,"80,146 km",Petrol,Kolkata,2019
Tata Safari XZ+,₹ 5.11 Lakh,"100,133 km",Petrol,Pune,2020
Hyundai Elite i20 Sportz,₹ 2.56 Lakh,"92,121 km",Diesel,Delhi,2018
Hyundai Santro Sportz,₹ 1.20 Lakh,"143,780 km",Petrol,Delhi,2015
Audi Q3 Premium,₹ 29.92 Lakh,"170,552 km",Petrol,Thane,2012
Honda WR-V VX,₹ 4.35 Lakh,"46,958 km",CNG,Delhi,2019
Mercedes-Benz C-Class C200,₹ 53.41 Lakh,"37,022 km",Diesel,Chennai,2023
Mahindra XUV500 W8,₹ 10.34 Lakh,"26,700 km",CNG,Noida,2023
BMW 3 Series 320d,₹ 41.98 Lakh,"30,095 km",Diesel,Bangalore,2022
Honda BR-V VX,₹ 2.00 Lakh,"125,022 km",Diesel,Bangalore,2017
Hyundai Elite i20 Sportz,₹ 5.47 Lakh,"49,299 km",Petrol,Thane,2022
Hyundai Elite i20 Sportz,₹ 1.20 Lakh,"115,641 km",Petrol,Noida,2016
Tata Nexon XZ+,₹ 4.02 Lakh,"89,996 km",CNG,Kolkata,2019
Maruti Suzuki S-Presso VXi,₹ 1.20 Lakh,"111,290 km",Diesel,Bangalore,2017
Maruti Suzuki Swift VXi,₹ 1.20 Lakh,"106,451 km",Diesel,Hyderabad,2018
Audi A4 35 TDI,₹ 33.57 Lakh,"110,880 km",Diesel,Pune,2018
Kia Sonet GTX,₹ 6.10 Lakh,"134,738 km",Diesel,Chennai,2016
Audi Q3 Premium,₹ 29.06 Lakh,"178,498 km",Petrol,Bangalore,2013
Kia Seltos GTX,₹ 5.61 Lakh,"111,829 km",CNG,Hyderabad,2017
Tata Nexon XZ+,₹ 1.27 Lakh,"133,383 km",Petrol,Bangalore,2014
BMW X1 sDrive20d,₹ 37.41 Lakh,"137,184 km",Diesel,Chennai,2016
BMW X1 sDrive20d,₹ 42.72 Lakh,"54,933 km",Petrol,Thane,2023
Kia Seltos GTX,₹ 2.10 Lakh,"175,365 km",Petrol,Mumbai,2013
Mahindra Scorpio S11,₹ 2.26 Lakh,"173,961 km",CNG,Ahmedabad,2012
Mercedes-Benz GLA 220d,₹ 44.01 Lakh,"164,236 km",Petrol,Kolkata,2012
BMW 3 Series 320d,₹ 38.83 Lakh,"101,097 km",Diesel,Hyderabad,2018
Hyundai i10 Magna,₹ 1.20 Lakh,"131,902 km",CNG,Hyderabad,2016
Kia Seltos GTX,₹ 8.03 Lakh,"83,091 km",CNG,Thane,2019
Toyota Corolla Altis G,₹ 10.99 Lakh,"31,944 km",CNG,Bangalore,2022
Honda WR-V VX,₹ 1.20 Lakh,"171,828 km",Petrol,Chennai,2012
Toyota Glanza G,₹ 3.49 Lakh,"180,751 km",Diesel,Chennai,2012
Toyota Fortuner 2.8 4x2,₹ 7.17 Lakh,"109,182 km",Diesel,Mumbai,2017
Tata Tiago XT,₹ 2.21 Lakh,"126,912 km",Diesel,Chennai,2016
Maruti Suzuki Baleno Delta 1.2,₹ 1.20 Lakh,"190,636 km",Diesel,Hyderabad,2012
Tata Nexon XZ+,₹ 4.50 Lakh,"101,059 km",Petrol,Pune,2018
Mahindra Thar LX,₹ 5.64 Lakh,"138,638 km",CNG,Thane,2016
Honda Amaze VX,₹ 2.40 Lakh,"124,505 km",CNG,Ahmedabad,2017
Mercedes-Benz GLA 220d,₹ 51.51 Lakh,"52,966 km",Diesel,Noida,2021
Hyundai Creta SX,₹ 4.21 Lakh,"65,559 km",CNG,Noida,2022
Mercedes-Benz GLA 220d,₹ 47.51 Lakh,"141,575 km",Diesel,Delhi,2015
Mercedes-Benz E-Class E220d,₹ 47.08 Lakh,"137,207 km",Petrol,Hyderabad,2016
Honda City VX,₹ 1.20 Lakh,"154,434 km",Diesel,Thane,2014
Mahindra Thar LX,₹ 10.45 Lakh,"67,168 km",CNG,Delhi,2022
Hyundai Venue S,₹ 2.47 Lakh,"71,711 km",Petrol,Bangalore,2018
Honda Amaze VX,₹ 1.20 Lakh,"168,594 km",CNG,Mumbai,2012
Toyota Etios Liva G,₹ 8.62 Lakh,"79,325 km",Petrol,Bangalore,2019
Audi Q3 Premium,₹ 35.89 Lakh,"54,761 km",Petrol,Chennai,2020
Toyota Fortuner 2.8 4x2,₹ 3.91 Lakh,"177,506 km",CNG,Mumbai,2012
Audi Q3 Premium,₹ 35.75 Lakh,"84,101 km",Petrol,Pune,2020
Tata Tiago XT,₹ 5.07 Lakh,"83,261 km",CNG,Hyderabad,2020
Honda Amaze VX,₹ 1.20 Lakh,"154,814 km",Diesel,Mumbai,2014
Toyota Fortuner 2.8 4x2,₹ 10.04 Lakh,"89,933 km",CNG,Noida,2020
Mahindra XUV500 W8,₹ 10.96 Lakh,"52,574 km",CNG,Pune,2023
Kia Carens Prestige,₹ 4.83 Lakh,"123,137 km",Petrol,Ahmedabad,2016
Tata Harrier XZ,₹ 2.44 Lakh,"128,676 km",Petrol,Thane,2016
Mercedes-Benz C-Class C200,₹ 52.70 Lakh,"40,687 km",Petrol,Noida,2023
BMW 3 Series 320d,₹ 38.36 Lakh,"101,231 km",Petrol,Hyderabad,2017
Kia Seltos GTX,₹ 8.55 Lakh,"91,213 km",Diesel,Bangalore,2019
Hyundai Venue S,₹ 1.20 Lakh,"168,189 km",Diesel,Bangalore,2014
Honda Jazz VX,₹ 4.86 Lakh,"45,629 km",CNG,Pune,2021
Honda Jazz VX,₹ 2.46 Lakh,"102,155 km",CNG,Noida,2018
Honda City VX,₹ 3.53 Lakh,"101,783 km",Diesel,Delhi,2018
Honda City VX,₹ 4.42 Lakh,"91,269 km",Petrol,Chennai,2021
Hyundai i10 Magna,₹ 1.20 Lakh,"174,456 km",Petrol,Bangalore,2012
Hyundai Elite i20 Sportz,₹ 1.20 Lakh,"131,803 km",CNG,Noida,2014
Maruti Suzuki Swift VXi,₹ 1.20 Lakh,"76,050 km",CNG,Delhi,2020
BMW X1 sDrive20d,₹ 39.87 Lakh,"78,134 km",Diesel,Pune,2019
Honda Jazz VX,₹ 1.20 Lakh,"163,884 km",CNG,Delhi,2012
Maruti Suzuki Swift VXi,₹ 1.78 Lakh,"74,442 km",Diesel,Delhi,2020
Kia Seltos GTX,₹ 1.98 Lakh,"175,252 km",Diesel,Chennai,2012
Tata Harrier XZ,₹ 7.26 Lakh,"51,613 km",Diesel,Delhi,2022
Hyundai Creta SX,₹ 1.20 Lakh,"170,401 km",Petrol,Noida,2013
Mahindra XUV500 W8,₹ 1.92 Lakh,"170,362 km",CNG,Bangalore,2012
Audi Q3 Premium,₹ 36.49 Lakh,"70,279 km",Petrol,Noida,2021
Mahindra XUV500 W8,₹ 6.14 Lakh,"136,472 km",Diesel,Ahmedabad,2016
Hyundai i10 Magna,₹ 1.20 Lakh,"194,413 km",CNG,Bangalore,2012
Kia Sonet GTX,₹ 10.85 Lakh,"15,675 km",Diesel,Delhi,2023
Kia Carens Prestige,₹ 5.56 Lakh,"131,514 km",Petrol,Bangalore,2016
Mahindra Thar LX,₹ 8.11 Lakh,"97,362 km",Diesel,Kolkata,2019
Kia Carens Prestige,₹ 10.05 Lakh,"42,183 km",CNG,Hyderabad,2022
Audi Q3 Premium,₹ 35.04 Lakh,"95,698 km",Petrol,Thane,2020
Toyota Etios Liva G,₹ 4.67 Lakh,"150,028 km",CNG,Hyderabad,2013
Toyota Innova Crysta GX,₹ 3.08 Lakh,"166,881 km",Petrol,Mumbai,2012
BMW 3 Series 320d,₹ 35.10 Lakh,"171,355 km",Diesel,Pune,2013
Audi Q3 Premium,₹ 31.10 Lakh,"141,068 km",Diesel,Hyderabad,2015
Honda City VX,₹ 6.47 Lakh,"37,667 km",Petrol,Chennai,2023
Hyundai Santro Sportz,₹ 4.82 Lakh,"53,802 km",Petrol,Kolkata,2021
Honda City VX,₹ 1.20 Lakh,"145,775 km",Petrol,Mumbai,2014
Kia Seltos GTX,₹ 4.45 Lakh,"152,646 km",Diesel,Bangalore,2014
Tata Safari XZ+,₹ 3.68 Lakh,"98,769 km",CNG,Mumbai,2018
Honda City VX,₹ 6.48 Lakh,"40,191 km",Petrol,Noida,2022
Audi A4 35 TDI,₹ 29.70 Lakh,"162,979 km",Petrol,Thane,2012
Tata Tiago XT,₹ 8.16 Lakh,"48,633 km",Petrol,Chennai,2023
Tata Nexon XZ+,₹ 5.74 Lakh,"55,822 km",CNG,Hyderabad,2020
Maruti Suzuki Wagon R 1.0 VXI,₹ 1.20 Lakh,"121,506 km",Petrol,Thane,2018
Hyundai i10 Magna,₹ 6.52 Lakh,"30,801 km",CNG,Chennai,2023
Honda City VX,₹ 1.69 Lakh,"115,049 km",CNG,Chennai,2017
Hyundai Grand i10 Magna,₹ 1.20 Lakh,"147,442 km",Diesel,Mumbai,2013
Honda BR-V VX,₹ 1.20 Lakh,"176,833 km",Petrol,Hyderabad,2013
Tata Harrier XZ,₹ 4.50 Lakh,"85,248 km",Petrol,Pune,2020
Mercedes-Benz GLA 220d,₹ 42.99 Lakh,"199,354 km",Petrol,Mumbai,2012
Hyundai Elite i20 Sportz,₹ 1.20 Lakh,"192,880 km",Diesel,Thane,2012
Kia Carens Prestige,₹ 5.79 Lakh,"110,557 km",Petrol,Delhi,2017
Audi A4 35 TDI,₹ 35.41 Lakh,"79,419 km",Petrol,Kolkata,2020
Maruti Suzuki Ciaz ZXI+,₹ 1.20 Lakh,"142,595 km",Petrol,Kolkata,2014
Hyundai Santro Sportz,₹ 1.20 Lakh,"153,285 km",CNG,Bangalore,2015
Honda BR-V VX,₹ 5.02 Lakh,"62,533 km",CNG,Noida,2020
Mahindra Thar LX,₹ 4.85 Lakh,"142,980 km",Diesel,Mumbai,2014
Kia Seltos GTX,₹ 3.83 Lakh,"146,614 km",CNG,Noida,2015
Honda BR-V VX,₹ 6.17 Lakh,"58,429 km",Petrol,Bangalore,2022
Tata Nexon XZ+,₹ 4.25 Lakh,"88,809 km",Petrol,Kolkata,2019
Tata Harrier XZ,₹ 1.20 Lakh,"158,855 km",Petrol,Delhi,2013
BMW 5 Series 520d,₹ 39.59 Lakh,"100,199 km",Petrol,Kolkata,2019
Honda City VX,₹ 5.54 Lakh,"53,624 km",Diesel,Chennai,2021
Mercedes-Benz GLA 220d,₹ 45.72 Lakh,"149,840 km",Petrol,Ahmedabad,2014
Mercedes-Benz E-Class E220d,₹ 48.43 Lakh,"123,724 km",Petrol,Pune,2017
Maruti Suzuki Alto 800 LXi,₹ 2.71 Lakh,"47,205 km",Petrol,Thane,2023
Hyundai Elite i20 Sportz,₹ 1.48 Lakh,"107,606 km",Petrol,Hyderabad,2018
BMW X1 sDrive20d,₹ 34.72 Lakh,"171,155 km",Petrol,Kolkata,2013
Audi Q3 Premium,₹ 29.17 Lakh,"177,705 km",Petrol,Chennai,2013
Mahindra XUV500 W8,₹ 6.21 Lakh,"122,996 km",Diesel,Noida,2017
BMW 3 Series 320d,₹ 37.73 Lakh,"110,548 km",Petrol,Bangalore,2016
Mahindra Scorpio S11,₹ 1.61 Lakh,"177,240 km",CNG,Chennai,2012
Mahindra Thar LX,₹ 7.15 Lakh,"90,884 km",Petrol,Chennai,2019
Honda City VX,₹ 1.20 Lakh,"157,054 km",Petrol,Pune,2014
Tata Safari XZ+,₹ 5.03 Lakh,"83,355 km",Diesel,Bangalore,2018
Hyundai Venue S,₹ 1.20 Lakh,"110,230 km",Diesel,Bangalore,2017
Kia Sonet GTX,₹ 7.88 Lakh,"68,516 km",CNG,Chennai,2019
Mercedes-Benz E-Class E220d,₹ 45.03 Lakh,"168,352 km",Diesel,Delhi,2012
Mercedes-Benz GLA 220d,₹ 45.44 Lakh,"133,282 km",Petrol,Mumbai,2014
BMW 3 Series 320d,₹ 39.45 Lakh,"120,464 km",Petrol,Delhi,2019
Kia Sonet GTX,₹ 8.65 Lakh,"70,802 km",Petrol,Kolkata,2020
Mercedes-Benz C-Class C200,₹ 45.09 Lakh,"137,769 km",Diesel,Hyderabad,2012
Audi A4 35 TDI,₹ 37.35 Lakh,"57,025 km",Diesel,Noida,2021
Mahindra Thar LX,₹ 2.45 Lakh,"180,722 km",Diesel,Pune,2012
Hyundai Santro Sportz,₹ 2.85 Lakh,"81,143 km",Diesel,Ahmedabad,2019
Audi Q3 Premium,₹ 36.19 Lakh,"66,340 km",Petrol,Delhi,2020
BMW 5 Series 520d,₹ 37.54 Lakh,"120,152 km",Petrol,Chennai,2017
Kia Carens Prestige,₹ 5.89 Lakh,"139,459 km",CNG,Noida,2016
Hyundai Grand i10 Magna,₹ 1.20 Lakh,"162,846 km",Diesel,Delhi,2013
Mercedes-Benz GLA 220d,₹ 45.06 Lakh,"162,166 km",Petrol,Thane,2013
Maruti Suzuki Ciaz ZXI+,₹ 1.20 Lakh,"105,931 km",CNG,Chennai,2018
BMW 3 Series 320d,₹ 38.31 Lakh,"133,191 km",Petrol,Chennai,2017
Kia Seltos GTX,₹ 6.06 Lakh,"115,869 km",Diesel,Pune,2017
Kia Carens Prestige,₹ 3.99 Lakh,"123,007 km",Petrol,Chennai,2015
Maruti Suzuki Baleno Delta 1.2,₹ 1.20 Lakh,"120,838 km",CNG,Noida,2017
Honda BR-V VX,₹ 3.76 Lakh,"88,780 km",Petrol,Thane,2018
Toyota Corolla Altis G,₹ 10.51 Lakh,"49,939 km",CNG,Chennai,2022
Kia Carens Prestige,₹ 4.10 Lakh,"151,426 km",Diesel,Ahmedabad,2014
Kia Seltos GTX,₹ 3.43 Lakh,"159,449 km",Petrol,Noida,2013
Tata Harrier XZ,₹ 2.47 Lakh,"106,959 km",Petrol,Delhi,2017
Kia Seltos GTX,₹ 10.70 Lakh,"53,868 km",CNG,Thane,2022
Hyundai Verna SX,₹ 2.68 Lakh,"94,138 km",Petrol,Bangalore,2018
Mahindra XUV500 W8,₹ 5.12 Lakh,"132,114 km",Petrol,Thane,2015
Kia Sonet GTX,₹ 9.30 Lakh,"46,047 km",Petrol,Pune,2022
Honda City VX,₹ 6.10 Lakh,"76,991 km",Petrol,Kolkata,2022
Hyundai Grand i10 Magna,₹ 1.20 Lakh,"146,701 km",Diesel,Pune,2014
Hyundai Grand i10 Magna,₹ 1.64 Lakh,"103,844 km",Petrol,Chennai,2019
Maruti Suzuki Ertiga VXI CNG,₹ 1.20 Lakh,"139,046 km",Diesel,Delhi,2013
Kia Sonet GTX,₹ 5.85 Lakh,"104,221 km",Petrol,Bangalore,2017
Honda BR-V VX,₹ 5.61 Lakh,"43,223 km",CNG,Mumbai,2022
Mahindra Thar LX,₹ 7.29 Lakh,"105,236 km",Petrol,Bangalore,2019
Tata Nexon XZ+,₹ 1.75 Lakh,"136,481 km",CNG,Mumbai,2015
Audi Q5 quattro,₹ 30.80 Lakh,"151,402 km",Diesel,Mumbai,2014
Toyota Glanza G,₹ 11.24 Lakh,"52,178 km",CNG,Bangalore,2023
BMW 3 Series 320d,₹ 35.50 Lakh,"152,179 km",Petrol,Kolkata,2013
BMW 5 Series 520d,₹ 39.69 Lakh,"89,374 km",Petrol,Hyderabad,2020
Toyota Innova Crysta GX,₹ 7.14 Lakh,"118,004 km",CNG,Pune,2018
Toyota Etios Liva G,₹ 8.11 Lakh,"113,833 km",Diesel,Chennai,2018
Tata Tiago XT,₹ 5.68 Lakh,"74,201 km",Petrol,Noida,2021
Hyundai Venue S,₹ 1.20 Lakh,"156,377 km",Petrol,Thane,2014
Kia Sonet GTX,₹ 8.97 Lakh,"73,004 km",CNG,Ahmedabad,2021
Hyundai Creta SX,₹ 1.46 Lakh,"97,693 km",Diesel,Bangalore,2017
Hyundai Creta SX,₹ 4.55 Lakh,"48,350 km",Diesel,Delhi,2022
Maruti Suzuki Vitara Brezza VDi,₹ 1.20 Lakh,"141,848 km",Diesel,Noida,2015
Toyota Corolla Altis G,₹ 3.74 Lakh,"148,744 km",CNG,Hyderabad,2013
Tata Nexon XZ+,₹ 6.38 Lakh,"75,723 km",CNG,Chennai,2021
Kia Sonet GTX,₹ 5.67 Lakh,"114,225 km",Diesel,Kolkata,2017
Tata Safari XZ+,₹ 1.20 Lakh,"164,628 km",Petrol,Kolkata,2013
Mahindra Scorpio S11,₹ 7.56 Lakh,"101,212 km",Petrol,Noida,2018
BMW 5 Series 520d,₹ 36.31 Lakh,"151,479 km",Petrol,Mumbai,2014
Audi A4 35 TDI,₹ 33.82 Lakh,"110,204 km",Diesel,Chennai,2017
Tata Tiago XT,₹ 3.57 Lakh,"109,406 km",Diesel,Delhi,2017
Mahindra Thar LX,₹ 9.86 Lakh,"74,664 km",Diesel,Kolkata,2021
Hyundai i10 Magna,₹ 1.20 Lakh,"115,944 km",CNG,Delhi,2017
Maruti Suzuki Alto 800 LXi,₹ 1.20 Lakh,"157,367 km",CNG,Chennai,2014
Hyundai Creta SX,₹ 6.68 Lakh,"47,501 km",Diesel,Thane,2023
Maruti Suzuki Ciaz ZXI+,₹ 1.20 Lakh,"195,327 km",Petrol,Pune,2012
Mercedes-Benz E-Class E220d,₹ 47.45 Lakh,"143,661 km",Diesel,Bangalore,2016
Hyundai Creta SX,₹ 1.45 Lakh,"125,975 km",Diesel,Kolkata,2017
Audi Q5 quattro,₹ 32.52 Lakh,"121,689 km",Petrol,Kolkata,2015
Mahindra Scorpio S11,₹ 7.69 Lakh,"90,420 km",Diesel,Delhi,2019
Toyota Fortuner 2.8 4x2,₹ 12.20 Lakh,"50,283 km",Petrol,Delhi,2023
Maruti Suzuki Wagon R 1.0 VXI,₹ 1.20 Lakh,"166,540 km",Diesel,Hyderabad,2012
Mahindra XUV500 W8,₹ 10.07 Lakh,"53,162 km",CNG,Thane,2021
Tata Safari XZ+,₹ 7.37 Lakh,"61,067 km",Petrol,Hyderabad,2022
Kia Sonet GTX,₹ 9.52 Lakh,"76,711 km",CNG,Hyderabad,2021
Toyota Glanza G,₹ 6.18 Lakh,"108,820 km",CNG,Delhi,2016
Hyundai Santro Sportz,₹ 1.20 Lakh,"169,489 km",Petrol,Mumbai,2013
Honda Amaze VX,₹ 1.20 Lakh,"158,399 km",Diesel,Pune,2012
Audi A4 35 TDI,₹ 32.42 Lakh,"115,195 km",Petrol,Hyderabad,2017
Audi Q3 Premium,₹ 34.71 Lakh,"70,496 km",Petrol,Delhi,2020
Kia Carens Prestige,₹ 6.08 Lakh,"112,197 km",Petrol,Pune,2018
Honda BR-V VX,₹ 2.19 Lakh,"111,241 km",Diesel,Delhi,2016
Toyota Glanza G,₹ 6.16 Lakh,"134,414 km",Petrol,Mumbai,2015
Mercedes-Benz E-Class E220d,₹ 47.11 Lakh,"142,071 km",Diesel,Noida,2015
Kia Sonet GTX,₹ 7.12 Lakh,"103,226 km",Petrol,Hyderabad,2018
Tata Safari XZ+,₹ 1.94 Lakh,"140,854 km",CNG,Pune,2015
Tata Nexon XZ+,₹ 1.20 Lakh,"168,120 km",Petrol,Thane,2013
Mercedes-Benz E-Class E220d,₹ 52.88 Lakh,"32,097 km",Diesel,Bangalore,2023
Hyundai Creta SX,₹ 1.20 Lakh,"173,571 km",Diesel,Kolkata,2014
Maruti Suzuki S-Presso VXi,₹ 1.20 Lakh,"97,219 km",Diesel,Delhi,2018
Maruti Suzuki Vitara Brezza VDi,₹ 1.20 Lakh,"95,480 km",CNG,Mumbai,2019
Toyota Etios Liva G,₹ 4.65 Lakh,"163,157 km",CNG,Pune,2013
Audi Q5 quattro,₹ 30.47 Lakh,"149,629 km",Diesel,Delhi,2014
Mahindra Thar LX,₹ 7.62 Lakh,"85,538 km",Diesel,Kolkata,2019
BMW 3 Series 320d,₹ 39.29 Lakh,"76,828 km",Petrol,Ahmedabad,2017
Mercedes-Benz E-Class E220d,₹ 46.15 Lakh,"159,185 km",Diesel,Bangalore,2013
Toyota Fortuner 2.8 4x2,₹ 6.75 Lakh,"127,410 km",Diesel,Mumbai,2017
Kia Sonet GTX,₹ 5.63 Lakh,"136,721 km",Diesel,Delhi,2015
Audi Q3 Premium,₹ 36.51 Lakh,"69,127 km",Diesel,Pune,2020
Mahindra Thar LX,₹ 7.13 Lakh,"76,494 km",Diesel,Pune,2018
Mercedes-Benz GLA 220d,₹ 52.29 Lakh,"25,631 km",Petrol,Noida,2023
BMW X1 sDrive20d,₹ 38.10 Lakh,"105,424 km",Petrol,Bangalore,2017
Honda BR-V VX,₹ 1.20 Lakh,"155,780 km",CNG,Thane,2016
Tata Safari XZ+,₹ 2.03 Lakh,"134,212 km",Diesel,Mumbai,2016
Mercedes-Benz C-Class C200,₹ 43.32 Lakh,"176,960 km",Petrol,Pune,2012
Mahindra Scorpio S11,₹ 2.74 Lakh,"179,214 km",Diesel,Thane,2012
Audi A4 35 TDI,₹ 30.71 Lakh,"163,014 km",Petrol,Bangalore,2013
Toyota Etios Liva G,₹ 10.62 Lakh,"73,664 km",Petrol,Kolkata,2021
Toyota Etios Liva G,₹ 8.90 Lakh,"96,112 km",Diesel,Delhi,2018
Tata Tiago XT,₹ 1.20 Lakh,"132,350 km",Diesel,Noida,2014
Toyota Innova Crysta GX,₹ 4.76 Lakh,"141,930 km",Diesel,Thane,2014
Tata Nexon XZ+,₹ 2.53 Lakh,"109,576 km",CNG,Bangalore,2016
Kia Seltos GTX,₹ 4.35 Lakh,"142,133 km",CNG,Kolkata,2014
Audi Q5 quattro,₹ 38.48 Lakh,"33,980 km",Petrol,Chennai,2023
BMW 3 Series 320d,₹ 39.90 Lakh,"85,755 km",Diesel,Chennai,2020
Honda BR-V VX,₹ 1.78 Lakh,"128,607 km",Diesel,Bangalore,2016
Mercedes-Benz E-Class E220d,₹ 44.31 Lakh,"157,603 km",Petrol,Bangalore,2012
Maruti Suzuki S-Presso VXi,₹ 1.91 Lakh,"73,113 km",Petrol,Pune,2020
Hyundai Elite i20 Sportz,₹ 4.17 Lakh,"65,992 km",Petrol,Pune,2021
Mahindra XUV500 W8,₹ 3.49 Lakh,"159,924 km",CNG,Mumbai,2013
Audi A4 35 TDI,₹ 35.19 Lakh,"59,055 km",Petrol,Bangalore,2020
Honda Amaze VX,₹ 6.29 Lakh,"39,524 km",Petrol,Kolkata,2022
Toyota Glanza G,₹ 3.52 Lakh,"194,487 km",Petrol,Bangalore,2013
Hyundai Verna SX,₹ 1.20 Lakh,"161,098 km",Petrol,Thane,2013
Maruti Suzuki Swift VXi,₹ 1.20 Lakh,"130,611 km",Diesel,Kolkata,2016
Toyota Corolla Altis G,₹ 5.70 Lakh,"132,900 km",CNG,Noida,2016
Honda City VX,₹ 1.20 Lakh,"132,662 km",Petrol,Hyderabad,2014
Audi A4 35 TDI,₹ 35.11 Lakh,"79,154 km",Diesel,Noida,2019
Tata Safari XZ+,₹ 3.90 Lakh,"102,214 km",CNG,Delhi,2018
Kia Seltos GTX,₹ 2.74 Lakh,"171,734 km",Diesel,Mumbai,2012
Maruti Suzuki S-Presso VXi,₹ 1.20 Lakh,"178,937 km",Diesel,Bangalore,2012
BMW 5 Series 520d,₹ 35.03 Lakh,"184,218 km",Diesel,Ahmedabad,2012
Audi Q3 Premium,₹ 35.99 Lakh,"75,708 km",Diesel,Bangalore,2020
Mahindra Scorpio S11,₹ 11.29 Lakh,"28,722 km",Petrol,Pune,2023
Tata Safari XZ+,₹ 1.20 Lakh,"155,856 km",CNG,Kolkata,2013
BMW X1 sDrive20d,₹ 42.02 Lakh,"60,982 km",Petrol,Bangalore,2022
Mercedes-Benz GLA 220d,₹ 46.98 Lakh,"130,067 km",Petrol,Delhi,2017
Honda Jazz VX,₹ 1.20 Lakh,"153,833 km",CNG,Kolkata,2013
Toyota Fortuner 2.8 4x2,₹ 4.58 Lakh,"148,836 km",Petrol,Chennai,2013
Kia Seltos GTX,₹ 2.37 Lakh,"168,486 km",CNG,Delhi,2012
Mahindra Scorpio S11,₹ 9.63 Lakh,"49,173 km",Petrol,Bangalore,2022
BMW 5 Series 520d,₹ 35.44 Lakh,"164,633 km",Diesel,Hyderabad,2014
BMW X1 sDrive20d,₹ 38.06 Lakh,"123,905 km",Diesel,Hyderabad,2016
Kia Carens Prestige,₹ 4.17 Lakh,"139,279 km",CNG,Delhi,2015
Honda City VX,₹ 2.47 Lakh,"114,367 km",Diesel,Noida,2017
Hyundai Elite i20 Sportz,₹ 1.20 Lakh,"136,553 km",CNG,Thane,2014
Toyota Corolla Altis G,₹ 9.01 Lakh,"61,498 km",CNG,Ahmedabad,2019
Audi A4 35 TDI,₹ 29.96 Lakh,"145,407 km",Diesel,Noida,2013
Audi Q3 Premium,₹ 29.81 Lakh,"167,301 km",Diesel,Kolkata,2013
Mercedes-Benz GLA 220d,₹ 47.44 Lakh,"135,047 km",Petrol,Pune,2017
Mahindra XUV500 W8,₹ 4.12 Lakh,"152,143 km",Diesel,Delhi,2014
Toyota Corolla Altis G,₹ 10.61 Lakh,"52,886 km",Petrol,Thane,2021
Hyundai Verna SX,₹ 2.20 Lakh,"88,996 km",Diesel,Mumbai,2019
Kia Sonet GTX,₹ 4.75 Lakh,"126,658 km",Petrol,Hyderabad,2015
Mahindra Scorpio S11,₹ 1.20 Lakh,"190,601 km",Petrol,Kolkata,2012
Mercedes-Benz GLA 220d,₹ 53.13 Lakh,"52,088 km",Petrol,Delhi,2023
Mercedes-Benz GLA 220d,₹ 51.78 Lakh,"46,250 km",Diesel,Thane,2021
Honda Amaze VX,₹ 7.00 Lakh,"44,120 km",CNG,Hyderabad,2023
Kia Sonet GTX,₹ 5.92 Lakh,"125,837 km",Petrol,Mumbai,2016
Maruti Suzuki Wagon R 1.0 VXI,₹ 1.76 Lakh,"67,881 km",CNG,Mumbai,2020
Maruti Suzuki Ertiga VXI CNG,₹ 1.20 Lakh,"93,634 km",CNG,Bangalore,2018
Kia Carens Prestige,₹ 3.60 Lakh,"153,496 km",CNG,Ahmedabad,2014
Mahindra Thar LX,₹ 1.46 Lakh,"176,993 km",Petrol,Hyderabad,2012
Maruti Suzuki Wagon R 1.0 VXI,₹ 1.20 Lakh,"100,601 km",CNG,Noida,2018
Maruti Suzuki Wagon R 1.0 VXI,₹ 1.20 Lakh,"147,876 km",Petrol,Mumbai,2012
Honda Amaze VX,₹ 1.20 Lakh,"166,609 km",Petrol,Pune,2012
Kia Sonet GTX,₹ 8.90 Lakh,"67,993 km",Petrol,Delhi,2022
Audi A4 35 TDI,₹ 35.40 Lakh,"82,899 km",Diesel,Kolkata,2019
Mahindra Scorpio S11,₹ 5.87 Lakh,"103,874 km",CNG,Hyderabad,2016
Tata Tiago XT,₹ 8.44 Lakh,"35,555 km",Diesel,Chennai,2023
Mercedes-Benz E-Class E220d,₹ 48.34 Lakh,"123,550 km",Diesel,Hyderabad,2016
Audi A4 35 TDI,₹ 31.51 Lakh,"124,580 km",Petrol,Bangalore,2016
Toyota Etios Liva G,₹ 10.63 Lakh,"44,754 km",Diesel,Delhi,2022
Maruti Suzuki Ciaz ZXI+,₹ 1.20 Lakh,"116,375 km",Petrol,Mumbai,2016
Mercedes-Benz E-Class E220d,₹ 49.86 Lakh,"83,659 km",Diesel,Chennai,2019
Maruti Suzuki Wagon R 1.0 VXI,₹ 1.20 Lakh,"124,203 km",CNG,Mumbai,2015
Maruti Suzuki Vitara Brezza VDi,₹ 1.20 Lakh,"185,119 km",CNG,Ahmedabad,2012
Tata Harrier XZ,₹ 1.20 Lakh,"160,797 km",Diesel,Chennai,2012
Maruti Suzuki Swift VXi,₹ 1.95 Lakh,"95,977 km",Diesel,Pune,2020
Audi Q3 Premium,₹ 34.77 Lakh,"87,036 km",Petrol,Bangalore,2018
BMW X1 sDrive20d,₹ 36.66 Lakh,"130,148 km",Diesel,Mumbai,2015
Tata Nexon XZ+,₹ 1.20 Lakh,"138,343 km",CNG,Chennai,2015
Tata Tiago XT,₹ 3.08 Lakh,"115,039 km",CNG,Pune,2016
Mercedes-Benz C-Class C200,₹ 44.97 Lakh,"154,825 km",Petrol,Bangalore,2013
Maruti Suzuki S-Presso VXi,₹ 1.20 Lakh,"189,529 km",Diesel,Mumbai,2012
BMW X1 sDrive20d,₹ 41.33 Lakh,"77,836 km",Diesel,Pune,2020
Audi Q3 Premium,₹ 29.49 Lakh,"165,084 km",Petrol,Bangalore,2013
Tata Tiago XT,₹ 4.59 Lakh,"100,802 km",Petrol,Noida,2019
Toyota Glanza G,₹ 10.92 Lakh,"65,136 km",Petrol,Bangalore,2022
BMW X1 sDrive20d,₹ 38.84 Lakh,"131,417 km",Diesel,Pune,2017
Maruti Suzuki Vitara Brezza VDi,₹ 1.59 Lakh,"81,970 km",CNG,Mumbai,2020
Mahindra XUV500 W8,₹ 2.58 Lakh,"155,123 km",Petrol,Hyderabad,2013
Mercedes-Benz E-Class E220d,₹ 52.08 Lakh,"52,743 km",Petrol,Delhi,2022
Tata Harrier XZ,₹ 1.20 Lakh,"163,220 km",Diesel,Chennai,2012
Mahindra Thar LX,₹ 4.57 Lakh,"143,743 km",CNG,Mumbai,2016
Maruti Suzuki Ciaz ZXI+,₹ 1.20 Lakh,"151,321 km",CNG,Hyderabad,2014
Audi Q5 quattro,₹ 37.44 Lakh,"39,564 km",Petrol,Hyderabad,2023
Mercedes-Benz C-Class C200,₹ 53.01 Lakh,"51,253 km",Diesel,Delhi,2022
Toyota Corolla Altis G,₹ 10.10 Lakh,"65,375 km",CNG,Thane,2020
Audi Q5 quattro,₹ 30.16 Lakh,"169,459 km",Diesel,Noida,2013
Audi Q5 quattro,₹ 34.28 Lakh,"76,978 km",Petrol,Pune,2019
Mercedes-Benz E-Class E220d,₹ 46.60 Lakh,"126,800 km",Petrol,Hyderabad,2015
Hyundai Santro Sportz,₹ 1.20 Lakh,"155,922 km",Diesel,Chennai,2015
Mahindra Scorpio S11,₹ 8.10 Lakh,"87,094 km",Diesel,Noida,2020
Kia Seltos GTX,₹ 8.58 Lakh,"70,259 km",Petrol,Thane,2021
Kia Carens Prestige,₹ 9.33 Lakh,"56,748 km",Diesel,Ahmedabad,2021
Hyundai Venue S,₹ 2.36 Lakh,"86,864 km",CNG,Bangalore,2018
Toyota Fortuner 2.8 4x2,₹ 9.18 Lakh,"95,059 km",Diesel,Thane,2019
BMW X1 sDrive20d,₹ 35.88 Lakh,"161,592 km",Diesel,Mumbai,2013
Maruti Suzuki Baleno Delta 1.2,₹ 1.20 Lakh,"177,232 km",Diesel,Chennai,2013
Kia Carens Prestige,₹ 7.38 Lakh,"94,811 km",Petrol,Pune,2020
Mahindra Scorpio S11,₹ 9.98 Lakh,"36,405 km",Petrol,Delhi,2021
Mahindra Thar LX,₹ 7.83 Lakh,"75,265 km",CNG,Kolkata,2018
Kia Sonet GTX,₹ 8.52 Lakh,"82,983 km",CNG,Noida,2019
Audi A4 35 TDI,₹ 31.60 Lakh,"130,437 km",Diesel,Noida,2014
BMW 5 Series 520d,₹ 37.83 Lakh,"99,745 km",Petrol,Delhi,2017
BMW 5 Series 520d,₹ 33.81 Lakh,"178,384 km",Petrol,Pune,2012
Mahindra XUV500 W8,₹ 3.30 Lakh,"176,909 km",CNG,Hyderabad,2014
Tata Tiago XT,₹ 1.20 Lakh,"168,528 km",Diesel,Pune,2013
Tata Tiago XT,₹ 6.15 Lakh,"65,841 km",Diesel,Pune,2019
Hyundai Creta SX,₹ 4.43 Lakh,"62,351 km",Diesel,Bangalore,2022
Audi Q5 quattro,₹ 30.64 Lakh,"174,513 km",Diesel,Mumbai,2014
Maruti Suzuki Vitara Brezza VDi,₹ 1.20 Lakh,"141,428 km",Diesel,Noida,2015
BMW X1 sDrive20d,₹ 35.94 Lakh,"153,890 km",Diesel,Delhi,2014
Kia Sonet GTX,₹ 6.20 Lakh,"116,240 km",Petrol,Bangalore,2016
Hyundai Elite i20 Sportz,₹ 1.20 Lakh,"160,694 km",Petrol,Ahmedabad,2013
Mahindra Thar LX,₹ 8.18 Lakh,"80,493 km",CNG,Thane,2019
Hyundai Santro Sportz,₹ 6.90 Lakh,"30,190 km",Diesel,Delhi,2023
Audi Q3 Premium,₹ 31.03 Lakh,"162,062 km",Diesel,Mumbai,2015
Mercedes-Benz E-Class E220d,₹ 47.46 Lakh,"132,635 km",Diesel,Kolkata,2015
BMW 5 Series 520d,₹ 36.99 Lakh,"140,649 km",Diesel,Delhi,2014
Toyota Glanza G,₹ 6.79 Lakh,"114,979 km",Petrol,Bangalore,2018
Tata Safari XZ+,₹ 7.15 Lakh,"59,286 km",CNG,Hyderabad,2022
BMW X1 sDrive20d,₹ 42.09 Lakh,"76,603 km",Diesel,Pune,2022
BMW X1 sDrive20d,₹ 38.88 Lakh,"94,035 km",Petrol,Thane,2018
Hyundai Creta SX,₹ 1.20 Lakh,"185,884 km",Diesel,Chennai,2013
Mahindra XUV500 W8,₹ 9.83 Lakh,"47,094 km",Diesel,Delhi,2022
Mahindra Scorpio S11,₹ 3.62 Lakh,"154,042 km",Petrol,Kolkata,2013
BMW X1 sDrive20d,₹ 38.67 Lakh,"110,889 km",Diesel,Mumbai,2018
Audi A4 35 TDI,₹ 33.30 Lakh,"120,141 km",Petrol,Ahmedabad,2018
BMW 5 Series 520d,₹ 38.27 Lakh,"108,690 km",Petrol,Mumbai,2018
Toyota Innova Crysta GX,₹ 11.28 Lakh,"57,302 km",Diesel,Hyderabad,2022
Honda BR-V VX,₹ 1.57 Lakh,"127,633 km",CNG,Delhi,2015
Mercedes-Benz GLA 220d,₹ 47.58 Lakh,"123,287 km",Diesel,Chennai,2017
Mahindra Thar LX,₹ 8.15 Lakh,"87,847 km",Petrol,Mumbai,2020
Mahindra Scorpio S11,₹ 4.14 Lakh,"159,802 km",Diesel,Hyderabad,2015
Honda Amaze VX,₹ 2.54 Lakh,"110,875 km",Diesel,Hyderabad,2017
Toyota Glanza G,₹ 3.18 Lakh,"184,365 km",CNG,Delhi,2012
BMW 3 Series 320d,₹ 35.26 Lakh,"132,385 km",Petrol,Pune,2014
Toyota Glanza G,₹ 6.06 Lakh,"124,988 km",Diesel,Chennai,2016
Tata Nexon XZ+,₹ 1.20 Lakh,"139,025 km",Petrol,Thane,2013
Kia Seltos GTX,₹ 2.58 Lakh,"172,308 km",Petrol,Delhi,2012
Kia Seltos GTX,₹ 9.63 Lakh,"50,025 km",Diesel,Ahmedabad,2021
Maruti Suzuki Ciaz ZXI+,₹ 1.20 Lakh,"119,683 km",CNG,Noida,2016
Tata Safari XZ+,₹ 1.20 Lakh,"162,404 km",Petrol,Chennai,2013
BMW 5 Series 520d,₹ 43.53 Lakh,"32,206 km",Diesel,Kolkata,2023
Mahindra Scorpio S11,₹ 10.20 Lakh,"39,138 km",Petrol,Kolkata,2023
Maruti Suzuki Ertiga VXI CNG,₹ 1.20 Lakh,"124,089 km",Petrol,Pune,2015
Hyundai Grand i10 Magna,₹ 3.82 Lakh,"81,458 km",Petrol,Hyderabad,2020
BMW X1 sDrive20d,₹ 36.65 Lakh,"147,537 km",Petrol,Thane,2015
Mercedes-Benz C-Class C200,₹ 43.93 Lakh,"179,133 km",Petrol,Pune,2012
Mahindra XUV500 W8,₹ 2.34 Lakh,"166,277 km",Diesel,Mumbai,2012
Toyota Corolla Altis G,₹ 8.20 Lakh,"102,955 km",CNG,Kolkata,2019
Toyota Innova Crysta GX,₹ 9.49 Lakh,"85,313 km",CNG,Delhi,2019
Kia Carens Prestige,₹ 4.01 Lakh,"147,054 km",Diesel,Bangalore,2013
Honda BR-V VX,₹ 7.13 Lakh,"46,749 km",Petrol,Mumbai,2023
BMW 3 Series 320d,₹ 42.15 Lakh,"58,500 km",Petrol,Bangalore,2022
Audi Q3 Premium,₹ 33.71 Lakh,"106,992 km",Petrol,Pune,2018
Mercedes-Benz E-Class E220d,₹ 51.14 Lakh,"65,348 km",Diesel,Bangalore,2021
Toyota Corolla Altis G,₹ 11.75 Lakh,"29,717 km",Diesel,Kolkata,2023
Mahindra Scorpio S11,₹ 10.44 Lakh,"52,826 km",Petrol,Bangalore,2023
BMW 3 Series 320d,₹ 38.22 Lakh,"107,075 km",Diesel,Mumbai,2017
Toyota Fortuner 2.8 4x2,₹ 11.48 Lakh,"44,438 km",Petrol,Thane,2023
Hyundai Grand i10 Magna,₹ 5.22 Lakh,"58,134 km",Diesel,Thane,2021
Mahindra Scorpio S11,₹ 1.82 Lakh,"174,368 km",Petrol,Pune,2012
Kia Carens Prestige,₹ 11.21 Lakh,"35,236 km",Diesel,Pune,2023
Toyota Glanza G,₹ 10.17 Lakh,"80,775 km",Petrol,Delhi,2021
Tata Harrier XZ,₹ 2.79 Lakh,"119,246 km",CNG,Noida,2016
Kia Sonet GTX,₹ 8.97 Lakh,"62,567 km",CNG,Noida,2021
Mercedes-Benz GLA 220d,₹ 49.29 Lakh,"89,221 km",Diesel,Hyderabad,2019
Mercedes-Benz C-Class C200,₹ 46.70 Lakh,"149,849 km",Diesel,Kolkata,2014
Mahindra XUV500 W8,₹ 2.05 Lakh,"187,195 km",Diesel,Kolkata,2012
Audi A4 35 TDI,₹ 31.63 Lakh,"153,510 km",Petrol,Chennai,2015
BMW 5 Series 520d,₹ 38.10 Lakh,"130,539 km",Diesel,Noida,2016
Honda Amaze VX,₹ 6.87 Lakh,"32,105 km",Petrol,Chennai,2023
BMW X1 sDrive20d,₹ 36.84 Lakh,"118,943 km",Petrol,Ahmedabad,2016
Mahindra Thar LX,₹ 10.04 Lakh,"38,914 km",Diesel,Chennai,2022
Audi A4 35 TDI,₹ 34.44 Lakh,"81,359 km",Diesel,Hyderabad,2018
Audi A4 35 TDI,₹ 28.18 Lakh,"192,837 km",Petrol,Ahmedabad,2012
Mahindra Thar LX,₹ 8.28 Lakh,"91,444 km",Petrol,Pune,2020
Kia Seltos GTX,₹ 10.59 Lakh,"33,242 km",CNG,Pune,2023
Maruti Suzuki Alto 800 LXi,₹ 3.13 Lakh,"77,993 km",CNG,Kolkata,2023
BMW X1 sDrive20d,₹ 42.36 Lakh,"34,898 km",Diesel,Mumbai,2022
Mercedes-Benz GLA 220d,₹ 46.03 Lakh,"146,939 km",Diesel,Delhi,2014
Hyundai Grand i10 Magna,₹ 2.58 Lakh,"81,801 km",CNG,Mumbai,2019
Audi Q3 Premium,₹ 32.32 Lakh,"125,979 km",Petrol,Ahmedabad,2015
Honda BR-V VX,₹ 6.53 Lakh,"24,761 km",Diesel,Thane,2023
Kia Sonet GTX,₹ 10.45 Lakh,"50,872 km",CNG,Bangalore,2022
Hyundai Creta SX,₹ 2.79 Lakh,"85,150 km",Petrol,Pune,2019
Audi Q3 Premium,₹ 31.03 Lakh,"133,784 km",Diesel,Pune,2014
Mahindra XUV500 W8,₹ 7.27 Lakh,"95,675 km",Diesel,Noida,2017
Hyundai Verna SX,₹ 1.63 Lakh,"111,825 km",Petrol,Delhi,2019
Mercedes-Benz GLA 220d,₹ 43.88 Lakh,"187,118 km",Diesel,Mumbai,2012
Mahindra Thar LX,₹ 3.38 Lakh,"181,604 km",Diesel,Hyderabad,2013
Honda Amaze VX,₹ 1.20 Lakh,"152,957 km",Diesel,Pune,2012
Honda BR-V VX,₹ 2.25 Lakh,"93,457 km",Diesel,Hyderabad,2017
Tata Tiago XT,₹ 7.15 Lakh,"52,726 km",Diesel,Pune,2023
Mahindra Scorpio S11,₹ 5.85 Lakh,"102,992 km",Diesel,Bangalore,2017
Mercedes-Benz E-Class E220d,₹ 45.62 Lakh,"162,983 km",Diesel,Chennai,2014
Tata Harrier XZ,₹ 2.64 Lakh,"108,580 km",CNG,Pune,2017
Toyota Innova Crysta GX,₹ 5.38 Lakh,"123,499 km",Diesel,Pune,2015
Hyundai Verna SX,₹ 5.13 Lakh,"43,741 km",Diesel,Noida,2022
Mercedes-Benz E-Class E220d,₹ 52.75 Lakh,"43,001 km",Diesel,Ahmedabad,2022
Mahindra XUV500 W8,₹ 3.59 Lakh,"139,460 km",CNG,Delhi,2014
Mahindra Thar LX,₹ 3.52 Lakh,"154,135 km",Diesel,Thane,2014
Maruti Suzuki S-Presso VXi,₹ 2.71 Lakh,"49,865 km",Diesel,Chennai,2021
Toyota Innova Crysta GX,₹ 11.68 Lakh,"45,248 km",Diesel,Noida,2023
Kia Sonet GTX,₹ 1.82 Lakh,"197,173 km",CNG,Delhi,2012
Tata Safari XZ+,₹ 6.18 Lakh,"60,509 km",Petrol,Bangalore,2021
Tata Harrier XZ,₹ 7.23 Lakh,"65,073 km",Diesel,Mumbai,2021
Tata Harrier XZ,₹ 2.99 Lakh,"106,670 km",Diesel,Chennai,2017
Maruti Suzuki Baleno Delta 1.2,₹ 1.20 Lakh,"144,535 km",Petrol,Bangalore,2015
Toyota Etios Liva G,₹ 3.72 Lakh,"154,182 km",CNG,Hyderabad,2013
Audi Q3 Premium,₹ 29.68 Lakh,"162,078 km",Petrol,Thane,2012
Toyota Etios Liva G,₹ 11.55 Lakh,"54,565 km",Diesel,Kolkata,2022
Hyundai Venue S,₹ 1.20 Lakh,"137,307 km",Diesel,Ahmedabad,2014
Kia Carens Prestige,₹ 6.28 Lakh,"126,527 km",CNG,Delhi,2018
Mercedes-Benz C-Class C200,₹ 46.56 Lakh,"142,657 km",Diesel,Ahmedabad,2015
Audi A4 35 TDI,₹ 36.40 Lakh,"60,049 km",Petrol,Delhi,2021
Honda WR-V VX,₹ 1.20 Lakh,"146,783 km",Petrol,Ahmedabad,2015
Honda WR-V VX,₹ 1.20 Lakh,"151,792 km",Diesel,Pune,2014
BMW 3 Series 320d,₹ 37.72 Lakh,"137,135 km",Diesel,Chennai,2016
Hyundai Venue S,₹ 1.20 Lakh,"157,762 km",Diesel,Delhi,2013
Kia Seltos GTX,₹ 3.46 Lakh,"142,406 km",Diesel,Kolkata,2014
Kia Sonet GTX,₹ 1.94 Lakh,"187,238 km",Diesel,Chennai,2012
Hyundai Verna SX,₹ 3.68 Lakh,"68,087 km",CNG,Ahmedabad,2019
Mahindra XUV500 W8,₹ 4.54 Lakh,"148,729 km",Diesel,Thane,2014
Hyundai Creta SX,₹ 1.20 Lakh,"158,431 km",CNG,Pune,2012
Mercedes-Benz GLA 220d,₹ 49.06 Lakh,"112,902 km",Petrol,Mumbai,2019
Maruti Suzuki Swift VXi,₹ 1.20 Lakh,"85,272 km",CNG,Ahmedabad,2019
Mahindra Scorpio S11,₹ 4.86 Lakh,"125,950 km",Petrol,Thane,2016
Tata Tiago XT,₹ 3.95 Lakh,"111,567 km",CNG,Mumbai,2018
Mahindra Scorpio S11,₹ 1.96 Lakh,"174,167 km",CNG,Chennai,2012
Hyundai Verna SX,₹ 1.20 Lakh,"165,711 km",Diesel,Chennai,2013
Mahindra Thar LX,₹ 11.40 Lakh,"45,774 km",CNG,Hyderabad,2023
Audi Q5 quattro,₹ 34.94 Lakh,"99,325 km",Diesel,Bangalore,2019
Hyundai Venue S,₹ 3.21 Lakh,"79,695 km",CNG,Delhi,2020
Tata Safari XZ+,₹ 4.20 Lakh,"130,117 km",Diesel,Delhi,2018
Kia Seltos GTX,₹ 5.40 Lakh,"141,122 km",CNG,Pune,2015
Mercedes-Benz GLA 220d,₹ 50.73 Lakh,"82,464 km",Diesel,Ahmedabad,2020
Toyota Etios Liva G,₹ 6.22 Lakh,"117,886 km",CNG,Bangalore,2016
Maruti Suzuki Ertiga VXI CNG,₹ 1.20 Lakh,"144,825 km",Diesel,Hyderabad,2014
Kia Carens Prestige,₹ 4.21 Lakh,"140,382 km",Diesel,Pune,2014
Mahindra XUV500 W8,₹ 4.61 Lakh,"139,970 km",Petrol,Delhi,2015
Mercedes-Benz E-Class E220d,₹ 50.47 Lakh,"83,619 km",Petrol,Noida,2021
Kia Sonet GTX,₹ 7.96 Lakh,"87,917 km",Diesel,Kolkata,2020
BMW 3 Series 320d,₹ 40.31 Lakh,"77,863 km",Diesel,Chennai,2020
Maruti Suzuki Swift VXi,₹ 3.87 Lakh,"18,360 km",Petrol,Hyderabad,2022
Audi Q3 Premium,₹ 32.12 Lakh,"127,936 km",Petrol,Ahmedabad,2016
BMW 3 Series 320d,₹ 35.70 Lakh,"143,870 km",Petrol,Noida,2014
Maruti Suzuki Ciaz ZXI+,₹ 2.39 Lakh,"71,879 km",CNG,Kolkata,2020
Kia Carens Prestige,₹ 3.93 Lakh,"127,870 km",Petrol,Delhi,2014
Toyota Glanza G,₹ 10.70 Lakh,"85,238 km",Diesel,Bangalore,2021
Kia Carens Prestige,₹ 6.78 Lakh,"95,970 km",CNG,Pune,2018
Mahindra Scorpio S11,₹ 3.03 Lakh,"167,740 km",CNG,Ahmedabad,2013
Audi Q3 Premium,₹ 31.85 Lakh,"145,874 km",Petrol,Pune,2015
BMW 3 Series 320d,₹ 35.12 Lakh,"138,141 km",Petrol,Pune,2014
Mahindra Thar LX,₹ 10.27 Lakh,"65,279 km",Diesel,Noida,2022
Kia Sonet GTX,₹ 4.46 Lakh,"160,111 km",CNG,Mumbai,2015
Honda BR-V VX,₹ 6.08 Lakh,"60,084 km",CNG,Chennai,2021
Mahindra Scorpio S11,₹ 4.69 Lakh,"136,896 km",Petrol,Noida,2015
Hyundai Elite i20 Sportz,₹ 1.20 Lakh,"171,900 km",CNG,Chennai,2012
Toyota Fortuner 2.8 4x2,₹ 8.88 Lakh,"64,140 km",Diesel,Hyderabad,2019
Toyota Innova Crysta GX,₹ 4.78 Lakh,"142,210 km",Petrol,Noida,2014
Toyota Corolla Altis G,₹ 8.86 Lakh,"113,525 km",Petrol,Bangalore,2019
Audi Q5 quattro,₹ 30.16 Lakh,"168,576 km",Diesel,Hyderabad,2013
Hyundai Grand i10 Magna,₹ 6.59 Lakh,"19,399 km",Petrol,Chennai,2023
BMW 5 Series 520d,₹ 35.48 Lakh,"167,218 km",Diesel,Noida,2013
Audi Q5 quattro,₹ 30.24 Lakh,"143,480 km",Petrol,Kolkata,2012
Maruti Suzuki Ciaz ZXI+,₹ 1.20 Lakh,"110,111 km",Petrol,Ahmedabad,2018
Audi Q5 quattro,₹ 37.61 Lakh,"36,001 km",Petrol,Chennai,2022
Hyundai Creta SX,₹ 1.20 Lakh,"125,788 km",Petrol,Bangalore,2016
Mahindra XUV500 W8,₹ 4.79 Lakh,"121,217 km",Diesel,Hyderabad,2015
Mahindra Scorpio S11,₹ 11.01 Lakh,"63,972 km",Diesel,Hyderabad,2023
Mahindra Thar LX,₹ 11.26 Lakh,"52,536 km",Diesel,Ahmedabad,2023
Tata Tiago XT,₹ 5.41 Lakh,"71,425 km",CNG,Pune,2021
Mahindra Scorpio S11,₹ 5.88 Lakh,"114,467 km",CNG,Pune,2017
Honda BR-V VX,₹ 5.61 Lakh,"46,605 km",CNG,Pune,2022
Honda Jazz VX,₹ 4.77 Lakh,"82,851 km",Diesel,Chennai,2021
Toyota Glanza G,₹ 5.37 Lakh,"131,108 km",Petrol,Pune,2015
Audi Q5 quattro,₹ 35.56 Lakh,"73,603 km",Petrol,Kolkata,2020
Honda Amaze VX,₹ 5.81 Lakh,"66,091 km",Diesel,Thane,2022
BMW X1 sDrive20d,₹ 35.34 Lakh,"168,494 km",Petrol,Bangalore,2014
Kia Seltos GTX,₹ 9.62 Lakh,"63,381 km",Diesel,Hyderabad,2022
Tata Nexon XZ+,₹ 6.91 Lakh,"49,405 km",Petrol,Ahmedabad,2022
Mercedes-Benz GLA 220d,₹ 44.14 Lakh,"185,429 km",Diesel,Hyderabad,2012
Maruti Suzuki Ertiga VXI CNG,₹ 3.21 Lakh,"33,408 km",Petrol,Ahmedabad,2022
Tata Nexon XZ+,₹ 1.20 Lakh,"159,213 km",Petrol,Pune,2012
Honda Jazz VX,₹ 1.20 Lakh,"141,804 km",CNG,Kolkata,2015
Mercedes-Benz E-Class E220d,₹ 50.81 Lakh,"73,601 km",Diesel,Bangalore,2020
Maruti Suzuki Wagon R 1.0 VXI,₹ 1.20 Lakh,"156,490 km",Petrol,Noida,2015
BMW 5 Series 520d,₹ 34.83 Lakh,"140,634 km",Petrol,Delhi,2013
Hyundai Venue S,₹ 1.20 Lakh,"156,187 km",Diesel,Hyderabad,2013
Mercedes-Benz C-Class C200,₹ 51.71 Lakh,"49,474 km",Petrol,Delhi,2021
BMW X1 sDrive20d,₹ 36.06 Lakh,"138,248 km",Petrol,Mumbai,2015
Kia Carens Prestige,₹ 5.61 Lakh,"117,528 km",CNG,Kolkata,2016
Tata Tiago XT,₹ 4.95 Lakh,"77,347 km",Petrol,Ahmedabad,2020
Audi Q5 quattro,₹ 31.93 Lakh,"120,898 km",Diesel,Kolkata,2016
Audi Q3 Premium,₹ 34.33 Lakh,"84,850 km",Diesel,Bangalore,2019
Kia Carens Prestige,₹ 5.81 Lakh,"144,790 km",Diesel,Thane,2016
Toyota Glanza G,₹ 5.25 Lakh,"150,371 km",Petrol,Pune,2015
Mahindra Scorpio S11,₹ 7.72 Lakh,"97,089 km",CNG,Hyderabad,2019
Honda Amaze VX,₹ 1.20 Lakh,"155,107 km",Petrol,Chennai,2014
Honda BR-V VX,₹ 6.41 Lakh,"69,567 km",Diesel,Noida,2022
Tata Harrier XZ,₹ 1.99 Lakh,"150,095 km",Diesel,Pune,2016
Tata Tiago XT,₹ 8.11 Lakh,"28,942 km",Diesel,Pune,2023
Kia Sonet GTX,₹ 3.05 Lakh,"188,761 km",Diesel,Mumbai,2012
Mahindra Scorpio S11,₹ 2.89 Lakh,"169,231 km",Petrol,Hyderabad,2014
Tata Tiago XT,₹ 2.96 Lakh,"109,793 km",Petrol,Ahmedabad,2017
Kia Sonet GTX,₹ 8.45 Lakh,"69,557 km",Petrol,Noida,2020
Tata Nexon XZ+,₹ 1.20 Lakh,"158,054 km",Petrol,Bangalore,2013
BMW X1 sDrive20d,₹ 42.35 Lakh,"33,618 km",Diesel,Chennai,2021
BMW 3 Series 320d,₹ 36.50 Lakh,"131,012 km",Petrol,Mumbai,2016
Mahindra Thar LX,₹ 8.06 Lakh,"58,438 km",Petrol,Kolkata,2020
Hyundai Elite i20 Sportz,₹ 6.25 Lakh,"60,903 km",Diesel,Bangalore,2023
Mercedes-Benz E-Class E220d,₹ 51.57 Lakh,"66,591 km",Diesel,Ahmedabad,2021
Tata Tiago XT,₹ 7.96 Lakh,"45,898 km",Petrol,Bangalore,2023
Hyundai i10 Magna,₹ 6.45 Lakh,"38,498 km",Diesel,Kolkata,2023
Toyota Fortuner 2.8 4x2,₹ 7.54 Lakh,"102,887 km",Diesel,Hyderabad,2017
Mahindra XUV500 W8,₹ 9.31 Lakh,"62,142 km",CNG,Mumbai,2022
Kia Sonet GTX,₹ 7.74 Lakh,"99,341 km",Diesel,Mumbai,2018
Maruti Suzuki Vitara Brezza VDi,₹ 1.20 Lakh,"136,749 km",CNG,Ahmedabad,2012
BMW 5 Series 520d,₹ 41.74 Lakh,"49,119 km",Petrol,Delhi,2021
Mercedes-Benz C-Class C200,₹ 51.34 Lakh,"79,823 km",Diesel,Noida,2020
Mercedes-Benz GLA 220d,₹ 47.65 Lakh,"122,489 km",Diesel,Chennai,2015
BMW 5 Series 520d,₹ 42.64 Lakh,"47,196 km",Diesel,Noida,2023
Audi Q5 quattro,₹ 37.30 Lakh,"49,782 km",Petrol,Mumbai,2023
Tata Nexon XZ+,₹ 5.94 Lakh,"66,105 km",Petrol,Ahmedabad,2021
Tata Harrier XZ,₹ 6.37 Lakh,"62,934 km",CNG,Ahmedabad,2021
Toyota Corolla Altis G,₹ 6.45 Lakh,"127,892 km",CNG,Bangalore,2017
Honda Jazz VX,₹ 1.20 Lakh,"113,182 km",Petrol,Delhi,2016
Mercedes-Benz C-Class C200,₹ 46.92 Lakh,"120,092 km",Petrol,Ahmedabad,2014
Toyota Fortuner 2.8 4x2,₹ 7.17 Lakh,"117,563 km",Petrol,Chennai,2016
Toyota Fortuner 2.8 4x2,₹ 7.51 Lakh,"137,236 km",Diesel,Delhi,2017
Kia Seltos GTX,₹ 7.48 Lakh,"93,197 km",CNG,Hyderabad,2019
BMW 5 Series 520d,₹ 39.82 Lakh,"107,534 km",Diesel,Delhi,2018
Audi Q5 quattro,₹ 38.07 Lakh,"60,539 km",Diesel,Bangalore,2023
Hyundai Venue S,₹ 5.80 Lakh,"25,207 km",Diesel,Chennai,2023
Hyundai i10 Magna,₹ 3.54 Lakh,"64,773 km",Diesel,Kolkata,2020
Hyundai Venue S,₹ 1.20 Lakh,"194,621 km",Diesel,Delhi,2012
Tata Nexon XZ+,₹ 3.53 Lakh,"101,986 km",CNG,Pune,2018
Hyundai Santro Sportz,₹ 5.05 Lakh,"62,049 km",Petrol,Pune,2022
Mahindra XUV500 W8,₹ 4.23 Lakh,"126,214 km",Petrol,Bangalore,2014
Honda BR-V VX,₹ 1.20 Lakh,"157,602 km",Petrol,Mumbai,2014
Toyota Innova Crysta GX,₹ 7.55 Lakh,"123,427 km",CNG,Chennai,2017
Kia Seltos GTX,₹ 3.19 Lakh,"177,652 km",CNG,Bangalore,2014
Hyundai i10 Magna,₹ 1.20 Lakh,"136,875 km",Petrol,Kolkata,2014
Kia Carens Prestige,₹ 6.73 Lakh,"120,921 km",Diesel,Mumbai,2017
Mahindra XUV500 W8,₹ 8.30 Lakh,"83,901 km",Petrol,Bangalore,2019
Maruti Suzuki Ertiga VXI CNG,₹ 1.86 Lakh,"63,742 km",Petrol,Mumbai,2021
Toyota Glanza G,₹ 8.66 Lakh,"93,789 km",Petrol,Delhi,2018
BMW 5 Series 520d,₹ 41.07 Lakh,"54,975 km",Diesel,Pune,2020
Tata Harrier XZ,₹ 2.85 Lakh,"121,653 km",CNG,Thane,2017
Mercedes-Benz GLA 220d,₹ 52.36 Lakh,"52,495 km",Diesel,Bangalore,2023
Honda Jazz VX,₹ 1.20 Lakh,"144,960 km",CNG,Delhi,2015
Kia Sonet GTX,₹ 8.68 Lakh,"71,783 km",Petrol,Pune,2021
BMW X1 sDrive20d,₹ 40.71 Lakh,"70,277 km",Petrol,Bangalore,2021
Mahindra Scorpio S11,₹ 4.37 Lakh,"124,385 km",Petrol,Chennai,2014
Toyota Fortuner 2.8 4x2,₹ 3.96 Lakh,"159,595 km",Petrol,Mumbai,2012
Toyota Fortuner 2.8 4x2,₹ 7.81 Lakh,"94,118 km",Diesel,Ahmedabad,2018
Mercedes-Benz E-Class E220d,₹ 49.89 Lakh,"103,039 km",Diesel,Kolkata,2019
Audi Q3 Premium,₹ 30.76 Lakh,"160,445 km",Petrol,Ahmedabad,2013
Honda Amaze VX,₹ 2.66 Lakh,"95,490 km",Diesel,Thane,2017
Hyundai Santro Sportz,₹ 1.63 Lakh,"113,780 km",Diesel,Chennai,2017
Audi A4 35 TDI,₹ 31.05 Lakh,"151,660 km",Diesel,Kolkata,2013
Hyundai Verna SX,₹ 6.03 Lakh,"34,089 km",Diesel,Kolkata,2023
Hyundai i10 Magna,₹ 3.40 Lakh,"100,393 km",Petrol,Chennai,2020
Audi A4 35 TDI,₹ 31.41 Lakh,"153,554 km",Diesel,Hyderabad,2014
Mahindra Scorpio S11,₹ 9.79 Lakh,"57,823 km",Petrol,Noida,2021
Audi A4 35 TDI,₹ 35.27 Lakh,"71,352 km",Diesel,Ahmedabad,2020
Honda BR-V VX,₹ 1.20 Lakh,"143,598 km",CNG,Bangalore,2015
Mercedes-Benz E-Class E220d,₹ 46.40 Lakh,"131,611 km",Petrol,Pune,2015
Audi Q3 Premium,₹ 33.43 Lakh,"118,854 km",Petrol,Ahmedabad,2019
Tata Nexon XZ+,₹ 1.20 Lakh,"160,872 km",Diesel,Hyderabad,2013
Mercedes-Benz GLA 220d,₹ 44.50 Lakh,"176,286 km",Diesel,Chennai,2013
BMW 3 Series 320d,₹ 36.73 Lakh,"131,515 km",Petrol,Chennai,2015
Toyota Innova Crysta GX,₹ 3.30 Lakh,"165,465 km",Petrol,Pune,2013
Kia Seltos GTX,₹ 10.56 Lakh,"39,126 km",Petrol,Hyderabad,2023
Tata Tiago XT,₹ 1.20 Lakh,"144,218 km",CNG,Delhi,2012
Audi A4 35 TDI,₹ 37.49 Lakh,"45,893 km",Petrol,Pune,2022
Audi Q5 quattro,₹ 35.48 Lakh,"59,941 km",Petrol,Bangalore,2021
Mahindra Thar LX,₹ 2.40 Lakh,"154,415 km",Petrol,Kolkata,2012
Honda WR-V VX,₹ 1.20 Lakh,"142,124 km",Petrol,Thane,2016
Mercedes-Benz GLA 220d,₹ 47.87 Lakh,"114,278 km",Petrol,Chennai,2017
Hyundai i10 Magna,₹ 1.20 Lakh,"148,338 km",CNG,Pune,2016
Audi Q3 Premium,₹ 33.08 Lakh,"96,451 km",Petrol,Delhi,2018
BMW 3 Series 320d,₹ 41.37 Lakh,"57,085 km",Petrol,Hyderabad,2021
Tata Nexon XZ+,₹ 8.28 Lakh,"24,655 km",CNG,Chennai,2023
Kia Seltos GTX,₹ 9.60 Lakh,"66,248 km",Petrol,Noida,2021
Hyundai Verna SX,₹ 1.20 Lakh,"176,085 km",Diesel,Noida,2013
Mercedes-Benz E-Class E220d,₹ 49.17 Lakh,"114,722 km",Diesel,Ahmedabad,2018
BMW 5 Series 520d,₹ 41.31 Lakh,"67,162 km",Petrol,Chennai,2021
Maruti Suzuki Wagon R 1.0 VXI,₹ 2.33 Lakh,"62,497 km",Petrol,Mumbai,2021
Mahindra XUV500 W8,₹ 5.67 Lakh,"143,965 km",CNG,Kolkata,2016
Tata Tiago XT,₹ 8.19 Lakh,"42,677 km",Diesel,Ahmedabad,2022
Toyota Innova Crysta GX,₹ 9.14 Lakh,"91,234 km",CNG,Pune,2019
Honda Jazz VX,₹ 5.09 Lakh,"66,607 km",CNG,Ahmedabad,2020
Mahindra XUV500 W8,₹ 8.01 Lakh,"95,716 km",CNG,Thane,2019
Toyota Innova Crysta GX,₹ 6.63 Lakh,"116,523 km",Petrol,Delhi,2016
Mahindra Scorpio S11,₹ 8.35 Lakh,"76,090 km",Petrol,Pune,2019
BMW 5 Series 520d,₹ 38.70 Lakh,"97,499 km",Petrol,Ahmedabad,2017
Honda Amaze VX,₹ 1.20 Lakh,"185,115 km",CNG,Thane,2012
Audi Q5 quattro,₹ 30.85 Lakh,"159,214 km",Petrol,Noida,2014
Toyota Glanza G,₹ 4.83 Lakh,"154,648 km",CNG,Chennai,2013
Honda Amaze VX,₹ 4.59 Lakh,"51,142 km",Diesel,Chennai,2020
Kia Seltos GTX,₹ 10.95 Lakh,"50,899 km",Diesel,Noida,2023
Hyundai Elite i20 Sportz,₹ 1.20 Lakh,"113,954 km",Diesel,Mumbai,2015
Honda Amaze VX,₹ 1.20 Lakh,"150,300 km",Petrol,Hyderabad,2012
BMW X1 sDrive20d,₹ 36.54 Lakh,"137,785 km",Diesel,Mumbai,2015
Maruti Suzuki S-Presso VXi,₹ 1.20 Lakh,"75,947 km",CNG,Hyderabad,2019
Audi Q5 quattro,₹ 33.97 Lakh,"108,771 km",Petrol,Pune,2018
Mahindra Thar LX,₹ 7.16 Lakh,"83,342 km",Petrol,Ahmedabad,2018
Hyundai Santro Sportz,₹ 1.20 Lakh,"167,748 km",Diesel,Hyderabad,2014
Mercedes-Benz C-Class C200,₹ 44.28 Lakh,"181,865 km",Petrol,Thane,2013
Mercedes-Benz C-Class C200,₹ 53.17 Lakh,"38,498 km",Petrol,Thane,2023
Toyota Etios Liva G,₹ 6.51 Lakh,"121,456 km",CNG,Kolkata,2016
Kia Seltos GTX,₹ 3.67 Lakh,"147,215 km",Petrol,Thane,2014
Maruti Suzuki Vitara Brezza VDi,₹ 1.20 Lakh,"93,571 km",CNG,Ahmedabad,2019
Tata Tiago XT,₹ 7.69 Lakh,"35,980 km",Petrol,Noida,2023
Honda WR-V VX,₹ 1.20 Lakh,"131,561 km",CNG,Pune,2015
Mercedes-Benz GLA 220d,₹ 50.11 Lakh,"92,212 km",Diesel,Thane,2018
Mercedes-Benz E-Class E220d,₹ 43.51 Lakh,"176,893 km",Petrol,Noida,2012
Hyundai Verna SX,₹ 1.20 Lakh,"160,279 km",CNG,Chennai,2013
Toyota Fortuner 2.8 4x2,₹ 10.22 Lakh,"70,387 km",Petrol,Mumbai,2021
BMW X1 sDrive20d,₹ 34.95 Lakh,"125,143 km",Petrol,Delhi,2013
Kia Carens Prestige,₹ 11.12 Lakh,"52,276 km",Diesel,Chennai,2023
Honda Amaze VX,₹ 1.20 Lakh,"145,259 km",Petrol,Pune,2014
Kia Sonet GTX,₹ 7.17 Lakh,"96,848 km",Petrol,Hyderabad,2019
Hyundai Elite i20 Sportz,₹ 2.07 Lakh,"94,031 km",Petrol,Thane,2019
Mercedes-Benz C-Class C200,₹ 51.26 Lakh,"87,806 km",Diesel,Mumbai,2020
Audi A4 35 TDI,₹ 28.80 Lakh,"177,211 km",Petrol,Chennai,2012
Mercedes-Benz GLA 220d,₹ 48.07 Lakh,"132,005 km",Diesel,Noida,2017
Audi A4 35 TDI,₹ 33.99 Lakh,"89,837 km",Diesel,Bangalore,2017
Mercedes-Benz C-Class C200,₹ 49.51 Lakh,"82,314 km",Diesel,Thane,2019
BMW 3 Series 320d,₹ 42.53 Lakh,"41,227 km",Diesel,Thane,2021
Hyundai i10 Magna,₹ 1.20 Lakh,"130,259 km",CNG,Bangalore,2016
Honda City VX,₹ 3.04 Lakh,"86,725 km",Petrol,Noida,2019
Mercedes-Benz E-Class E220d,₹ 50.01 Lakh,"102,626 km",Petrol,Kolkata,2019
Audi A4 35 TDI,₹ 32.96 Lakh,"106,441 km",Diesel,Ahmedabad,2017
BMW 3 Series 320d,₹ 38.07 Lakh,"105,029 km",Petrol,Noida,2018
Audi A4 35 TDI,₹ 36.93 Lakh,"54,077 km",Petrol,Thane,2022
Audi Q5 quattro,₹ 33.19 Lakh,"101,749 km",Petrol,Ahmedabad,2018
Toyota Innova Crysta GX,₹ 11.45 Lakh,"35,788 km",Diesel,Chennai,2022
Hyundai Venue S,₹ 1.20 Lakh,"162,446 km",Diesel,Noida,2012
BMW 5 Series 520d,₹ 42.77 Lakh,"53,581 km",Diesel,Thane,2022
Toyota Glanza G,₹ 5.65 Lakh,"140,513 km",CNG,Thane,2016
Mahindra Scorpio S11,₹ 1.89 Lakh,"160,505 km",CNG,Mumbai,2012
Tata Safari XZ+,₹ 2.23 Lakh,"128,104 km",CNG,Chennai,2015
Audi A4 35 TDI,₹ 35.76 Lakh,"88,962 km",Petrol,Mumbai,2020
Hyundai Venue S,₹ 1.20 Lakh,"163,774 km",Petrol,Hyderabad,2014
Mercedes-Benz GLA 220d,₹ 52.37 Lakh,"53,141 km",Diesel,Mumbai,2021
Toyota Glanza G,₹ 7.27 Lakh,"133,894 km",Diesel,Bangalore,2016
Toyota Innova Crysta GX,₹ 7.20 Lakh,"101,264 km",Petrol,Bangalore,2018
Toyota Corolla Altis G,₹ 11.41 Lakh,"51,605 km",CNG,Noida,2022
Tata Harrier XZ,₹ 6.41 Lakh,"80,081 km",CNG,Pune,2022
Maruti Suzuki Ertiga VXI CNG,₹ 1.20 Lakh,"84,464 km",Petrol,Kolkata,2018
Maruti Suzuki Ertiga VXI CNG,₹ 1.20 Lakh,"189,098 km",CNG,Kolkata,2012
Toyota Glanza G,₹ 10.64 Lakh,"58,313 km",Diesel,Delhi,2022
Mahindra XUV500 W8,₹ 10.58 Lakh,"45,648 km",Diesel,Chennai,2023
Tata Tiago XT,₹ 7.23 Lakh,"63,534 km",Diesel,Hyderabad,2021
Audi Q3 Premium,₹ 32.31 Lakh,"157,249 km",Diesel,Thane,2015
BMW 5 Series 520d,₹ 34.24 Lakh,"163,555 km",Petrol,Bangalore,2013
Hyundai Creta SX,₹ 1.84 Lakh,"103,152 km",CNG,Ahmedabad,2018
Honda WR-V VX,₹ 5.67 Lakh,"67,121 km",CNG,Hyderabad,2021
Mahindra XUV500 W8,₹ 9.14 Lakh,"47,431 km",Petrol,Bangalore,2021
Tata Harrier XZ,₹ 3.28 Lakh,"87,892 km",Petrol,Chennai,2017
Tata Nexon XZ+,₹ 1.20 Lakh,"143,105 km",Petrol,Hyderabad,2015
BMW 3 Series 320d,₹ 38.86 Lakh,"97,170 km",Petrol,Thane,2019
Audi Q3 Premium,₹ 29.37 Lakh,"176,805 km",Diesel,Delhi,2012
Audi A4 35 TDI,₹ 35.41 Lakh,"61,448 km",Petrol,Ahmedabad,2021
Hyundai Santro Sportz,₹ 1.20 Lakh,"118,073 km",Petrol,Chennai,2015
Maruti Suzuki Ertiga VXI CNG,₹ 2.27 Lakh,"71,251 km",CNG,Mumbai,2021
Hyundai Grand i10 Magna,₹ 5.37 Lakh,"58,843 km",Diesel,Noida,2022
Tata Safari XZ+,₹ 4.41 Lakh,"96,471 km",Diesel,Noida,2019
BMW 5 Series 520d,₹ 36.41 Lakh,"144,274 km",Petrol,Thane,2014
Toyota Fortuner 2.8 4x2,₹ 7.35 Lakh,"120,161 km",Diesel,Pune,2016
Mahindra Scorpio S11,₹ 2.12 Lakh,"167,363 km",Diesel,Pune,2012
BMW 5 Series 520d,₹ 42.85 Lakh,"58,070 km",Petrol,Bangalore,2023
Mahindra XUV500 W8,₹ 7.41 Lakh,"84,930 km",Diesel,Chennai,2018
BMW 5 Series 520d,₹ 39.33 Lakh,"90,389 km",Petrol,Bangalore,2018
Toyota Fortuner 2.8 4x2,₹ 5.75 Lakh,"139,475 km",CNG,Hyderabad,2015
Mercedes-Benz E-Class E220d,₹ 50.13 Lakh,"69,536 km",Petrol,Ahmedabad,2019
Toyota Etios Liva G,₹ 5.30 Lakh,"142,917 km",Diesel,Delhi,2014
BMW 5 Series 520d,₹ 41.83 Lakh,"58,186 km",Petrol,Thane,2021
Kia Carens Prestige,₹ 5.94 Lakh,"105,198 km",Petrol,Kolkata,2018
Toyota Etios Liva G,₹ 10.80 Lakh,"60,222 km",CNG,Noida,2021
Kia Carens Prestige,₹ 4.34 Lakh,"128,685 km",Petrol,Chennai,2015
Toyota Fortuner 2.8 4x2,₹ 9.33 Lakh,"77,723 km",CNG,Thane,2019
Maruti Suzuki Swift VXi,₹ 1.20 Lakh,"186,522 km",Petrol,Mumbai,2013
Maruti Suzuki Vitara Brezza VDi,₹ 1.20 Lakh,"150,987 km",Petrol,Bangalore,2013
Tata Nexon XZ+,₹ 2.92 Lakh,"136,835 km",CNG,Ahmedabad,2017
BMW 5 Series 520d,₹ 37.92 Lakh,"110,147 km",Diesel,Thane,2017
Honda Jazz VX,₹ 3.61 Lakh,"91,492 km",Petrol,Thane,2018
Kia Seltos GTX,₹ 9.71 Lakh,"64,210 km",Diesel,Hyderabad,2020
Honda WR-V VX,₹ 1.20 Lakh,"156,637 km",Petrol,Bangalore,2013
BMW 5 Series 520d,₹ 39.66 Lakh,"90,154 km",Petrol,Kolkata,2019
Honda WR-V VX,₹ 1.20 Lakh,"175,114 km",Diesel,Noida,2012
Mahindra XUV500 W8,₹ 6.98 Lakh,"118,865 km",Diesel,Chennai,2017
Hyundai i10 Magna,₹ 4.46 Lakh,"55,710 km",Petrol,Ahmedabad,2022
Hyundai Elite i20 Sportz,₹ 3.90 Lakh,"78,947 km",CNG,Noida,2021
Honda Amaze VX,₹ 1.20 Lakh,"123,555 km",Petrol,Thane,2016
Audi A4 35 TDI,₹ 34.62 Lakh,"85,971 km",Diesel,Pune,2019
Kia Sonet GTX,₹ 2.72 Lakh,"179,588 km",Diesel,Kolkata,2012
Mahindra Scorpio S11,₹ 2.35 Lakh,"195,630 km",CNG,Mumbai,2012
Maruti Suzuki Ciaz ZXI+,₹ 1.20 Lakh,"125,297 km",Petrol,Kolkata,2018
Maruti Suzuki Ciaz ZXI+,₹ 3.81 Lakh,"32,880 km",CNG,Chennai,2023
Mahindra XUV500 W8,₹ 6.15 Lakh,"121,104 km",CNG,Pune,2017
BMW 5 Series 520d,₹ 38.02 Lakh,"136,362 km",Diesel,Ahmedabad,2016
Hyundai Grand i10 Magna,₹ 1.20 Lakh,"155,557 km",Petrol,Hyderabad,2014
Mahindra XUV500 W8,₹ 3.08 Lakh,"141,060 km",Petrol,Delhi,2014
Maruti Suzuki Vitara Brezza VDi,₹ 2.28 Lakh,"61,146 km",Petrol,Bangalore,2021
BMW X1 sDrive20d,₹ 38.72 Lakh,"114,277 km",Diesel,Mumbai,2017
Toyota Glanza G,₹ 4.02 Lakh,"143,469 km",Petrol,Delhi,2014
Toyota Fortuner 2.8 4x2,₹ 2.94 Lakh,"170,554 km",CNG,Thane,2012
Toyota Etios Liva G,₹ 10.44 Lakh,"53,384 km",CNG,Bangalore,2021
Mercedes-Benz C-Class C200,₹ 49.56 Lakh,"89,536 km",Diesel,Hyderabad,2019
Audi Q5 quattro,₹ 31.36 Lakh,"138,239 km",Diesel,Delhi,2015
Mahindra XUV500 W8,₹ 4.30 Lakh,"130,998 km",Diesel,Noida,2014
Tata Harrier XZ,₹ 4.31 Lakh,"115,023 km",Diesel,Ahmedabad,2018
Audi A4 35 TDI,₹ 35.90 Lakh,"67,066 km",Petrol,Bangalore,2022
Hyundai Venue S,₹ 1.62 Lakh,"101,445 km",CNG,Mumbai,2017
Kia Seltos GTX,₹ 9.52 Lakh,"54,724 km",Petrol,Delhi,2022
Mahindra Scorpio S11,₹ 10.50 Lakh,"34,035 km",CNG,Delhi,2022
Mahindra Thar LX,₹ 6.85 Lakh,"112,326 km",Diesel,Pune,2017
Mahindra Scorpio S11,₹ 11.00 Lakh,"27,284 km",Petrol,Hyderabad,2023
Maruti Suzuki Vitara Brezza VDi,₹ 1.20 Lakh,"87,968 km",Diesel,Kolkata,2018
BMW 5 Series 520d,₹ 35.94 Lakh,"151,917 km",Diesel,Chennai,2014
Maruti Suzuki Baleno Delta 1.2,₹ 1.20 Lakh,"95,170 km",Petrol,Chennai,2017
Kia Carens Prestige,₹ 4.14 Lakh,"165,438 km",Petrol,Noida,2014
Toyota Glanza G,₹ 2.92 Lakh,"167,695 km",Diesel,Hyderabad,2012
Kia Seltos GTX,₹ 4.94 Lakh,"129,316 km",CNG,Pune,2016
BMW X1 sDrive20d,₹ 43.99 Lakh,"28,175 km",Diesel,Kolkata,2023
Maruti Suzuki Vitara Brezza VDi,₹ 1.20 Lakh,"161,069 km",Petrol,Ahmedabad,2013
Mercedes-Benz E-Class E220d,₹ 46.05 Lakh,"151,678 km",Diesel,Chennai,2014
Tata Harrier XZ,₹ 3.00 Lakh,"141,628 km",CNG,Pune,2017
Kia Carens Prestige,₹ 4.06 Lakh,"149,028 km",Diesel,Ahmedabad,2013
Honda Amaze VX,₹ 4.86 Lakh,"56,403 km",Diesel,Delhi,2021
Mahindra Thar LX,₹ 4.65 Lakh,"139,687 km",Petrol,Ahmedabad,2015
BMW 5 Series 520d,₹ 40.60 Lakh,"87,319 km",Petrol,Noida,2020
Toyota Fortuner 2.8 4x2,₹ 7.14 Lakh,"116,084 km",Petrol,Noida,2017
Toyota Etios Liva G,₹ 10.46 Lakh,"49,667 km",Diesel,Mumbai,2021
Hyundai Venue S,₹ 1.20 Lakh,"145,475 km",Diesel,Kolkata,2014
Tata Nexon XZ+,₹ 5.48 Lakh,"85,536 km",Diesel,Hyderabad,2019
Tata Harrier XZ,₹ 3.19 Lakh,"115,412 km",Petrol,Hyderabad,2017
Mahindra Thar LX,₹ 8.98 Lakh,"61,579 km",Diesel,Thane,2021
Tata Tiago XT,₹ 4.97 Lakh,"105,280 km",CNG,Hyderabad,2019
Toyota Corolla Altis G,₹ 10.48 Lakh,"63,490 km",Petrol,Pune,2021
Toyota Corolla Altis G,₹ 9.47 Lakh,"72,701 km",Diesel,Mumbai,2020
Toyota Fortuner 2.8 4x2,₹ 6.12 Lakh,"145,783 km",Petrol,Mumbai,2016
Kia Seltos GTX,₹ 6.68 Lakh,"87,313 km",Petrol,Kolkata,2017
Audi A4 35 TDI,₹ 35.35 Lakh,"70,751 km",Petrol,Ahmedabad,2021
Tata Safari XZ+,₹ 2.69 Lakh,"130,281 km",Diesel,Bangalore,2016
Mahindra XUV500 W8,₹ 2.76 Lakh,"176,515 km",Petrol,Ahmedabad,2013
Mahindra XUV500 W8,₹ 6.15 Lakh,"118,720 km",Petrol,Chennai,2017
Kia Seltos GTX,₹ 6.63 Lakh,"102,868 km",CNG,Mumbai,2017
Mahindra Scorpio S11,₹ 9.02 Lakh,"78,930 km",CNG,Bangalore,2021
Hyundai Creta SX,₹ 1.20 Lakh,"152,519 km",Petrol,Thane,2014
Toyota Glanza G,₹ 7.62 Lakh,"123,738 km",Diesel,Ahmedabad,2017
BMW 5 Series 520d,₹ 40.61 Lakh,"75,113 km",Diesel,Thane,2020
Kia Carens Prestige,₹ 3.26 Lakh,"144,039 km",Petrol,Kolkata,2014
Tata Harrier XZ,₹ 1.20 Lakh,"135,453 km",Petrol,Thane,2015
Toyota Etios Liva G,₹ 2.84 Lakh,"192,523 km",Petrol,Bangalore,2012
Mahindra Thar LX,₹ 9.18 Lakh,"58,298 km",CNG,Chennai,2022
Tata Safari XZ+,₹ 1.20 Lakh,"164,028 km",CNG,Delhi,2012
Mercedes-Benz C-Class C200,₹ 47.16 Lakh,"120,767 km",Diesel,Noida,2015
Mahindra Scorpio S11,₹ 2.67 Lakh,"150,979 km",Petrol,Chennai,2013
Audi A4 35 TDI,₹ 37.04 Lakh,"47,360 km",Petrol,Pune,2022
Audi Q3 Premium,₹ 30.05 Lakh,"159,213 km",Petrol,Ahmedabad,2014
Tata Safari XZ+,₹ 1.20 Lakh,"143,685 km",CNG,Pune,2013
BMW X1 sDrive20d,₹ 41.80 Lakh,"43,298 km",Diesel,Bangalore,2022
Kia Seltos GTX,₹ 11.35 Lakh,"22,857 km",Petrol,Hyderabad,2023
Tata Harrier XZ,₹ 6.10 Lakh,"69,696 km",Petrol,Hyderabad,2021
Tata Harrier XZ,₹ 4.72 Lakh,"66,660 km",Petrol,Pune,2020
Honda Amaze VX,₹ 1.20 Lakh,"117,854 km",CNG,Ahmedabad,2015
Kia Carens Prestige,₹ 4.21 Lakh,"149,048 km",Diesel,Kolkata,2014
Tata Harrier XZ,₹ 1.20 Lakh,"142,443 km",Petrol,Noida,2013
Maruti Suzuki Ciaz ZXI+,₹ 1.20 Lakh,"156,354 km",Diesel,Kolkata,2012
Mercedes-Benz C-Class C200,₹ 45.60 Lakh,"168,888 km",Diesel,Chennai,2013
Mahindra XUV500 W8,₹ 5.28 Lakh,"127,758 km",Diesel,Mumbai,2016
Maruti Suzuki Swift VXi,₹ 1.20 Lakh,"133,333 km",Petrol,Delhi,2016
Maruti Suzuki S-Presso VXi,₹ 1.20 Lakh,"159,313 km",Petrol,Delhi,2014
Toyota Etios Liva G,₹ 10.11 Lakh,"61,748 km",Petrol,Noida,2021
Honda Jazz VX,₹ 1.20 Lakh,"151,983 km",Diesel,Chennai,2013
BMW 5 Series 520d,₹ 41.18 Lakh,"61,521 km",Diesel,Delhi,2019
Tata Tiago XT,₹ 8.19 Lakh,"57,857 km",Diesel,Hyderabad,2023
Maruti Suzuki Ciaz ZXI+,₹ 1.20 Lakh,"138,245 km",Petrol,Mumbai,2015
Kia Carens Prestige,₹ 11.12 Lakh,"54,022 km",Diesel,Hyderabad,2023
Maruti Suzuki Ciaz ZXI+,₹ 1.20 Lakh,"122,755 km",Diesel,Thane,2017
Mahindra Scorpio S11,₹ 8.12 Lakh,"83,055 km",CNG,Bangalore,2020
Mahindra Thar LX,₹ 3.74 Lakh,"138,862 km",Diesel,Pune,2014
BMW X1 sDrive20d,₹ 41.15 Lakh,"71,409 km",Petrol,Ahmedabad,2020
Hyundai Verna SX,₹ 1.20 Lakh,"133,087 km",Diesel,Kolkata,2016
Audi Q5 quattro,₹ 31.26 Lakh,"141,849 km",Diesel,Ahmedabad,2014
Honda BR-V VX,₹ 1.83 Lakh,"91,053 km",Petrol,Noida,2017
Toyota Etios Liva G,₹ 5.24 Lakh,"155,334 km",Diesel,Delhi,2013
Audi A4 35 TDI,₹ 35.99 Lakh,"77,858 km",Diesel,Hyderabad,2020
Mahindra Thar LX,₹ 3.42 Lakh,"161,655 km",Diesel,Ahmedabad,2013
Kia Carens Prestige,₹ 10.48 Lakh,"56,562 km",Diesel,Chennai,2022
Hyundai Creta SX,₹ 4.63 Lakh,"45,349 km",CNG,Kolkata,2022
Toyota Glanza G,₹ 8.82 Lakh,"81,330 km",Petrol,Pune,2020
Kia Sonet GTX,₹ 5.65 Lakh,"123,653 km",CNG,Delhi,2015
Toyota Glanza G,₹ 2.39 Lakh,"178,980 km",Petrol,Delhi,2012
BMW 3 Series 320d,₹ 37.98 Lakh,"102,183 km",Petrol,Chennai,2018
Mercedes-Benz E-Class E220d,₹ 48.27 Lakh,"106,752 km",Petrol,Noida,2017
BMW X1 sDrive20d,₹ 42.15 Lakh,"70,319 km",Diesel,Kolkata,2021
BMW 5 Series 520d,₹ 38.12 Lakh,"131,284 km",Petrol,Thane,2017
Kia Carens Prestige,₹ 9.93 Lakh,"68,611 km",CNG,Ahmedabad,2021
BMW 3 Series 320d,₹ 38.54 Lakh,"114,466 km",Diesel,Kolkata,2018
Hyundai Grand i10 Magna,₹ 1.20 Lakh,"140,338 km",CNG,Delhi,2015
Mahindra XUV500 W8,₹ 9.87 Lakh,"68,156 km",Diesel,Thane,2021
BMW 3 Series 320d,₹ 40.30 Lakh,"64,681 km",Petrol,Delhi,2021
Honda BR-V VX,₹ 6.15 Lakh,"58,410 km",Diesel,Delhi,2022
BMW 5 Series 520d,₹ 43.35 Lakh,"13,425 km",Petrol,Thane,2023
Maruti Suzuki Ciaz ZXI+,₹ 1.56 Lakh,"75,693 km",Petrol,Kolkata,2021
Honda City VX,₹ 1.20 Lakh,"134,751 km",CNG,Ahmedabad,2016
Honda City VX,₹ 1.48 Lakh,"127,974 km",Diesel,Bangalore,2015
Maruti Suzuki Ciaz ZXI+,₹ 1.20 Lakh,"150,016 km",Petrol,Ahmedabad,2014
Mercedes-Benz E-Class E220d,₹ 46.44 Lakh,"132,084 km",Diesel,Delhi,2015
Honda BR-V VX,₹ 5.46 Lakh,"43,745 km",Petrol,Kolkata,2021
Kia Seltos GTX,₹ 10.51 Lakh,"22,767 km",CNG,Thane,2023
BMW 3 Series 320d,₹ 37.63 Lakh,"122,091 km",Petrol,Thane,2016
Hyundai Grand i10 Magna,₹ 1.20 Lakh,"158,655 km",Diesel,Kolkata,2013
Toyota Fortuner 2.8 4x2,₹ 2.77 Lakh,"190,149 km",Petrol,Bangalore,2013
Honda Jazz VX,₹ 3.86 Lakh,"80,909 km",CNG,Pune,2019
Honda BR-V VX,₹ 2.27 Lakh,"88,275 km",Petrol,Thane,2018
Toyota Fortuner 2.8 4x2,₹ 5.32 Lakh,"137,495 km",Petrol,Ahmedabad,2016
Maruti Suzuki Swift VXi,₹ 1.40 Lakh,"90,857 km",CNG,Pune,2020
Maruti Suzuki Ciaz ZXI+,₹ 1.20 Lakh,"145,205 km",Diesel,Hyderabad,2014
BMW 5 Series 520d,₹ 39.28 Lakh,"97,126 km",Diesel,Delhi,2019
Audi Q5 quattro,₹ 38.20 Lakh,"32,069 km",Diesel,Bangalore,2022
Honda City VX,₹ 3.95 Lakh,"83,428 km",CNG,Delhi,2019
Toyota Etios Liva G,₹ 10.64 Lakh,"47,462 km",Diesel,Chennai,2022
Kia Seltos GTX,₹ 5.81 Lakh,"119,547 km",Diesel,Mumbai,2017
Mahindra Thar LX,₹ 8.06 Lakh,"70,090 km",CNG,Bangalore,2019
Audi Q3 Premium,₹ 37.67 Lakh,"38,056 km",Diesel,Hyderabad,2022
Tata Safari XZ+,₹ 1.20 Lakh,"158,257 km",Petrol,Thane,2013
Honda City VX,₹ 2.04 Lakh,"114,233 km",Diesel,Chennai,2017
Mahindra Thar LX,₹ 9.08 Lakh,"55,755 km",Diesel,Thane,2020
Mercedes-Benz GLA 220d,₹ 50.75 Lakh,"60,457 km",Diesel,Kolkata,2020
BMW 5 Series 520d,₹ 41.31 Lakh,"60,143 km",Petrol,Pune,2020
Tata Harrier XZ,₹ 3.55 Lakh,"111,192 km",Diesel,Hyderabad,2017
Mahindra Thar LX,₹ 4.39 Lakh,"143,638 km",Diesel,Pune,2015
Kia Carens Prestige,₹ 10.70 Lakh,"40,118 km",Petrol,Noida,2022
Honda Amaze VX,₹ 1.20 Lakh,"132,624 km",CNG,Thane,2015
BMW X1 sDrive20d,₹ 41.26 Lakh,"66,509 km",Diesel,Delhi,2020
Tata Harrier XZ,₹ 2.75 Lakh,"123,129 km",Diesel,Bangalore,2015
BMW 5 Series 520d,₹ 37.01 Lakh,"127,169 km",Petrol,Kolkata,2015
Mercedes-Benz E-Class E220d,₹ 50.20 Lakh,"72,001 km",Diesel,Pune,2020
Kia Carens Prestige,₹ 6.15 Lakh,"108,725 km",Petrol,Delhi,2018
Tata Safari XZ+,₹ 4.81 Lakh,"102,920 km",Diesel,Thane,2019
Toyota Innova Crysta GX,₹ 3.85 Lakh,"166,950 km",Diesel,Kolkata,2012
BMW 5 Series 520d,₹ 39.64 Lakh,"98,455 km",Diesel,Ahmedabad,2018
Maruti Suzuki Alto 800 LXi,₹ 1.20 Lakh,"167,072 km",Diesel,Delhi,2013
Tata Harrier XZ,₹ 1.20 Lakh,"177,329 km",Petrol,Mumbai,2013
Mercedes-Benz C-Class C200,₹ 45.50 Lakh,"164,776 km",Diesel,Ahmedabad,2012
Tata Tiago XT,₹ 4.38 Lakh,"101,495 km",CNG,Noida,2018
Audi Q3 Premium,₹ 31.82 Lakh,"145,454 km",Diesel,Mumbai,2015
Mahindra XUV500 W8,₹ 3.77 Lakh,"156,684 km",Petrol,Thane,2014
Honda City VX,₹ 6.42 Lakh,"43,949 km",CNG,Noida,2021
Tata Safari XZ+,₹ 1.20 Lakh,"180,121 km",Petrol,Hyderabad,2013
Honda Jazz VX,₹ 1.20 Lakh,"150,115 km",Diesel,Delhi,2015
Tata Safari XZ+,₹ 5.78 Lakh,"79,989 km",Diesel,Hyderabad,2021
Hyundai Venue S,₹ 5.78 Lakh,"23,086 km",Diesel,Kolkata,2023
Kia Carens Prestige,₹ 6.32 Lakh,"121,210 km",Petrol,Kolkata,2018
Audi Q3 Premium,₹ 33.38 Lakh,"115,944 km",Diesel,Kolkata,2017
Kia Sonet GTX,₹ 9.59 Lakh,"66,851 km",Petrol,Noida,2021
Kia Seltos GTX,₹ 6.37 Lakh,"107,443 km",Petrol,Hyderabad,2018
Kia Sonet GTX,₹ 5.59 Lakh,"131,390 km",Diesel,Noida,2015
Maruti Suzuki Wagon R 1.0 VXI,₹ 3.42 Lakh,"27,954 km",CNG,Delhi,2022
Maruti Suzuki Ertiga VXI CNG,₹ 2.96 Lakh,"58,382 km",Diesel,Chennai,2021
Kia Seltos GTX,₹ 6.57 Lakh,"110,712 km",Diesel,Ahmedabad,2018
Mahindra Thar LX,₹ 7.82 Lakh,"93,607 km",CNG,Thane,2019
Toyota Glanza G,₹ 8.47 Lakh,"108,071 km",Diesel,Mumbai,2018
Hyundai Santro Sportz,₹ 1.20 Lakh,"164,470 km",Petrol,Pune,2014
Tata Safari XZ+,₹ 1.51 Lakh,"159,145 km",Diesel,Bangalore,2014
Tata Harrier XZ,₹ 2.19 Lakh,"130,895 km",Petrol,Hyderabad,2015
Mercedes-Benz C-Class C200,₹ 51.49 Lakh,"68,902 km",Diesel,Pune,2021
Kia Seltos GTX,₹ 3.44 Lakh,"167,430 km",CNG,Delhi,2015
Hyundai Elite i20 Sportz,₹ 1.20 Lakh,"152,297 km",CNG,Delhi,2014
Audi Q3 Premium,₹ 38.36 Lakh,"47,401 km",Diesel,Hyderabad,2023
Mahindra XUV500 W8,₹ 5.21 Lakh,"138,368 km",CNG,Mumbai,2016
Maruti Suzuki Ertiga VXI CNG,₹ 1.20 Lakh,"155,727 km",Petrol,Hyderabad,2014
Mahindra Scorpio S11,₹ 5.37 Lakh,"136,708 km",Diesel,Hyderabad,2016
Hyundai Santro Sportz,₹ 1.20 Lakh,"145,593 km",Petrol,Delhi,2015
Honda City VX,₹ 1.88 Lakh,"138,942 km",Diesel,Thane,2016
Kia Carens Prestige,₹ 8.55 Lakh,"73,258 km",Diesel,Thane,2020
Mercedes-Benz GLA 220d,₹ 53.10 Lakh,"16,129 km",Petrol,Pune,2023
Kia Seltos GTX,₹ 7.56 Lakh,"80,910 km",Petrol,Hyderabad,2020
Mahindra Thar LX,₹ 3.05 Lakh,"156,145 km",CNG,Chennai,2013
Tata Tiago XT,₹ 1.20 Lakh,"169,848 km",Petrol,Hyderabad,2012
Honda WR-V VX,₹ 5.39 Lakh,"72,339 km",CNG,Bangalore,2021
Tata Safari XZ+,₹ 1.57 Lakh,"153,141 km",Diesel,Pune,2015
BMW X1 sDrive20d,₹ 39.13 Lakh,"109,100 km",Petrol,Hyderabad,2019
Kia Seltos GTX,₹ 3.85 Lakh,"161,220 km",Petrol,Pune,2015
Mahindra Thar LX,₹ 6.46 Lakh,"92,745 km",CNG,Chennai,2018
Tata Tiago XT,₹ 5.54 Lakh,"73,728 km",Diesel,Delhi,2020
Toyota Innova Crysta GX,₹ 10.12 Lakh,"75,900 km",Petrol,Mumbai,2020
Honda BR-V VX,₹ 1.20 Lakh,"138,321 km",CNG,Thane,2016
BMW 5 Series 520d,₹ 38.12 Lakh,"118,263 km",Petrol,Ahmedabad,2017
Tata Tiago XT,₹ 1.20 Lakh,"178,038 km",Diesel,Kolkata,2012
Audi A4 35 TDI,₹ 38.21 Lakh,"37,889 km",Diesel,Bangalore,2022
Kia Sonet GTX,₹ 9.55 Lakh,"48,668 km",CNG,Pune,2022
Toyota Glanza G,₹ 10.65 Lakh,"46,029 km",Diesel,Pune,2021
Maruti Suzuki Alto 800 LXi,₹ 1.20 Lakh,"131,391 km",Diesel,Noida,2016
Honda WR-V VX,₹ 5.29 Lakh,"77,487 km",CNG,Pune,2020
Toyota Glanza G,₹ 4.58 Lakh,"162,716 km",CNG,Kolkata,2013
Toyota Etios Liva G,₹ 4.25 Lakh,"151,837 km",CNG,Kolkata,2014
BMW 5 Series 520d,₹ 41.23 Lakh,"63,399 km",Petrol,Pune,2021
Audi Q5 quattro,₹ 32.67 Lakh,"101,533 km",Petrol,Thane,2017
Mercedes-Benz GLA 220d,₹ 52.80 Lakh,"50,084 km",Diesel,Hyderabad,2022
Kia Sonet GTX,₹ 5.05 Lakh,"140,842 km",Diesel,Thane,2016
Kia Seltos GTX,₹ 9.30 Lakh,"57,555 km",Petrol,Bangalore,2021
Toyota Fortuner 2.8 4x2,₹ 8.45 Lakh,"111,744 km",Petrol,Delhi,2019
Audi Q3 Premium,₹ 33.12 Lakh,"100,412 km",Petrol,Pune,2018
Honda BR-V VX,₹ 4.41 Lakh,"76,502 km",CNG,Delhi,2019
Maruti Suzuki Ertiga VXI CNG,₹ 1.20 Lakh,"103,759 km",Diesel,Mumbai,2018
Mahindra XUV500 W8,₹ 5.97 Lakh,"118,630 km",Petrol,Kolkata,2016
BMW 5 Series 520d,₹ 41.02 Lakh,"67,851 km",Diesel,Pune,2021
Honda Amaze VX,₹ 1.20 Lakh,"161,402 km",CNG,Ahmedabad,2014
Hyundai Grand i10 Magna,₹ 1.20 Lakh,"178,058 km",Petrol,Thane,2013
Hyundai i10 Magna,₹ 6.42 Lakh,"50,702 km",CNG,Bangalore,2023
Maruti Suzuki S-Presso VXi,₹ 1.20 Lakh,"158,751 km",Diesel,Ahmedabad,2014
Hyundai Grand i10 Magna,₹ 1.20 Lakh,"151,031 km",Diesel,Ahmedabad,2014
Mercedes-Benz C-Class C200,₹ 45.52 Lakh,"156,232 km",Diesel,Bangalore,2012
BMW 3 Series 320d,₹ 38.05 Lakh,"110,336 km",Petrol,Noida,2016
Hyundai i10 Magna,₹ 3.75 Lakh,"64,055 km",CNG,Pune,2021
Audi A4 35 TDI,₹ 34.12 Lakh,"93,294 km",Diesel,Pune,2019
Mahindra Scorpio S11,₹ 3.94 Lakh,"141,576 km",Diesel,Thane,2014
Kia Sonet GTX,₹ 4.79 Lakh,"116,418 km",Diesel,Ahmedabad,2015
BMW 3 Series 320d,₹ 42.33 Lakh,"43,739 km",Diesel,Bangalore,2023
BMW 3 Series 320d,₹ 36.48 Lakh,"153,042 km",Diesel,Pune,2014
Mahindra Scorpio S11,₹ 4.90 Lakh,"134,488 km",Petrol,Thane,2015
Tata Harrier XZ,₹ 4.76 Lakh,"76,418 km",CNG,Mumbai,2019
Kia Seltos GTX,₹ 5.86 Lakh,"115,772 km",Diesel,Chennai,2017
BMW 5 Series 520d,₹ 41.74 Lakh,"54,221 km",Petrol,Ahmedabad,2022
Mahindra Scorpio S11,₹ 10.19 Lakh,"31,783 km",CNG,Bangalore,2023
Honda Amaze VX,₹ 3.29 Lakh,"105,891 km",Petrol,Kolkata,2018
Mahindra XUV500 W8,₹ 3.00 Lakh,"179,640 km",CNG,Kolkata,2012
Toyota Fortuner 2.8 4x2,₹ 8.10 Lakh,"95,087 km",Petrol,Mumbai,2018
Mahindra Scorpio S11,₹ 5.81 Lakh,"110,062 km",CNG,Hyderabad,2017
Mahindra Scorpio S11,₹ 9.60 Lakh,"57,815 km",CNG,Thane,2022
Kia Carens Prestige,₹ 9.63 Lakh,"52,437 km",Diesel,Mumbai,2021
Mercedes-Benz GLA 220d,₹ 47.10 Lakh,"114,275 km",Petrol,Mumbai,2016
Maruti Suzuki Ertiga VXI CNG,₹ 3.43 Lakh,"50,160 km",Diesel,Chennai,2021
Mercedes-Benz GLA 220d,₹ 46.31 Lakh,"121,775 km",Petrol,Noida,2015
Tata Tiago XT,₹ 6.41 Lakh,"66,235 km",CNG,Noida,2022
Tata Nexon XZ+,₹ 5.19 Lakh,"59,294 km",Petrol,Mumbai,2020
BMW 3 Series 320d,₹ 39.17 Lakh,"104,753 km",Diesel,Pune,2018
Audi Q3 Premium,₹ 29.45 Lakh,"173,053 km",Petrol,Noida,2012
BMW X1 sDrive20d,₹ 37.83 Lakh,"122,133 km",Diesel,Hyderabad,2015
Kia Carens Prestige,₹ 11.14 Lakh,"37,765 km",Diesel,Bangalore,2023
Toyota Glanza G,₹ 10.25 Lakh,"43,319 km",Petrol,Kolkata,2022
Honda Amaze VX,₹ 1.20 Lakh,"153,592 km",CNG,Pune,2014
Kia Seltos GTX,₹ 6.44 Lakh,"103,042 km",Petrol,Pune,2018
Audi Q5 quattro,₹ 36.36 Lakh,"83,883 km",Diesel,Delhi,2020
Hyundai i10 Magna,₹ 1.20 Lakh,"177,246 km",Diesel,Bangalore,2012
BMW 5 Series 520d,₹ 34.37 Lakh,"159,725 km",Petrol,Thane,2013
Mercedes-Benz E-Class E220d,₹ 45.90 Lakh,"157,735 km",Diesel,Chennai,2013
Audi Q3 Premium,₹ 38.42 Lakh,"45,140 km",Diesel,Noida,2023
Hyundai Grand i10 Magna,₹ 1.20 Lakh,"153,319 km",CNG,Thane,2014
Mahindra XUV500 W8,₹ 5.68 Lakh,"118,627 km",Diesel,Chennai,2017
Audi Q3 Premium,₹ 31.73 Lakh,"145,280 km",Petrol,Noida,2015
Hyundai Santro Sportz,₹ 1.20 Lakh,"151,522 km",CNG,Kolkata,2015
BMW 5 Series 520d,₹ 38.43 Lakh,"108,001 km",Diesel,Mumbai,2017
Maruti Suzuki Vitara Brezza VDi,₹ 1.20 Lakh,"166,758 km",CNG,Ahmedabad,2012
Kia Carens Prestige,₹ 2.31 Lakh,"196,448 km",Petrol,Bangalore,2012
Mercedes-Benz GLA 220d,₹ 50.21 Lakh,"72,463 km",Diesel,Noida,2020
BMW X1 sDrive20d,₹ 40.34 Lakh,"75,347 km",Diesel,Ahmedabad,2020
Audi Q3 Premium,₹ 32.13 Lakh,"114,171 km",Diesel,Delhi,2016
Tata Harrier XZ,₹ 7.37 Lakh,"40,390 km",Petrol,Pune,2023
Kia Seltos GTX,₹ 8.50 Lakh,"88,709 km",Diesel,Delhi,2020
Tata Safari XZ+,₹ 1.20 Lakh,"182,700 km",Petrol,Delhi,2012
Audi Q5 quattro,₹ 35.83 Lakh,"66,608 km",Diesel,Ahmedabad,2021
Tata Tiago XT,₹ 3.39 Lakh,"118,822 km",Petrol,Noida,2017
Toyota Glanza G,₹ 7.15 Lakh,"120,083 km",Diesel,Thane,2016
Hyundai i10 Magna,₹ 5.76 Lakh,"25,989 km",CNG,Thane,2023
Audi Q5 quattro,₹ 33.14 Lakh,"120,233 km",Diesel,Chennai,2016
Maruti Suzuki Ciaz ZXI+,₹ 1.20 Lakh,"110,013 km",CNG,Mumbai,2018
Hyundai Verna SX,₹ 1.20 Lakh,"178,958 km",Petrol,Kolkata,2012
Mahindra Thar LX,₹ 7.75 Lakh,"82,524 km",CNG,Hyderabad,2020
Honda Jazz VX,₹ 6.18 Lakh,"57,391 km",CNG,Delhi,2022
Maruti Suzuki S-Presso VXi,₹ 1.20 Lakh,"136,168 km",CNG,Thane,2015
Kia Seltos GTX,₹ 10.28 Lakh,"46,810 km",CNG,Pune,2022
Toyota Etios Liva G,₹ 9.00 Lakh,"77,965 km",CNG,Chennai,2020
Audi Q3 Premium,₹ 33.95 Lakh,"125,681 km",Diesel,Chennai,2017
Kia Carens Prestige,₹ 4.89 Lakh,"122,984 km",Petrol,Chennai,2016
Mercedes-Benz E-Class E220d,₹ 44.43 Lakh,"189,488 km",Diesel,Chennai,2012
Tata Harrier XZ,₹ 5.37 Lakh,"71,883 km",Petrol,Hyderabad,2021
Maruti Suzuki Wagon R 1.0 VXI,₹ 1.20 Lakh,"152,732 km",CNG,Mumbai,2015
Kia Seltos GTX,₹ 4.85 Lakh,"136,026 km",Petrol,Hyderabad,2015
Maruti Suzuki Ertiga VXI CNG,₹ 1.20 Lakh,"166,784 km",Diesel,Hyderabad,2013
Honda City VX,₹ 2.61 Lakh,"107,385 km",CNG,Thane,2017
BMW X1 sDrive20d,₹ 36.51 Lakh,"147,999 km",Diesel,Hyderabad,2015
Toyota Fortuner 2.8 4x2,₹ 7.93 Lakh,"79,422 km",Petrol,Pune,2019
BMW 3 Series 320d,₹ 34.61 Lakh,"173,668 km",Diesel,Kolkata,2012
Toyota Etios Liva G,₹ 4.15 Lakh,"165,854 km",Diesel,Bangalore,2013
Maruti Suzuki S-Presso VXi,₹ 1.32 Lakh,"72,515 km",Petrol,Noida,2020
Tata Harrier XZ,₹ 4.45 Lakh,"96,272 km",Diesel,Chennai,2019
BMW 3 Series 320d,₹ 39.99 Lakh,"111,833 km",Diesel,Mumbai,2019
BMW 5 Series 520d,₹ 36.24 Lakh,"152,146 km",Diesel,Delhi,2015
Mahindra Scorpio S11,₹ 5.11 Lakh,"123,711 km",CNG,Delhi,2016
Audi Q3 Premium,₹ 38.71 Lakh,"37,440 km",Diesel,Hyderabad,2023
Tata Harrier XZ,₹ 7.12 Lakh,"55,461 km",CNG,Noida,2022
Audi A4 35 TDI,₹ 37.23 Lakh,"38,291 km",Diesel,Mumbai,2022
Audi Q3 Premium,₹ 36.04 Lakh,"65,273 km",Petrol,Mumbai,2021
Honda City VX,₹ 7.28 Lakh,"33,929 km",Diesel,Pune,2023
Kia Carens Prestige,₹ 8.71 Lakh,"84,132 km",CNG,Noida,2021
Kia Sonet GTX,₹ 8.80 Lakh,"67,979 km",Petrol,Ahmedabad,2021
Toyota Corolla Altis G,₹ 7.15 Lakh,"121,486 km",Diesel,Hyderabad,2017
Audi A4 35 TDI,₹ 37.62 Lakh,"54,742 km",Diesel,Hyderabad,2023
Maruti Suzuki Wagon R 1.0 VXI,₹ 1.61 Lakh,"96,140 km",Diesel,Thane,2019
Hyundai Grand i10 Magna,₹ 4.33 Lakh,"68,103 km",CNG,Bangalore,2022
Toyota Fortuner 2.8 4x2,₹ 6.64 Lakh,"112,028 km",Petrol,Mumbai,2017
Mercedes-Benz E-Class E220d,₹ 43.99 Lakh,"178,198 km",Petrol,Hyderabad,2013
Toyota Corolla Altis G,₹ 4.43 Lakh,"160,060 km",Petrol,Pune,2013
Audi Q5 quattro,₹ 36.76 Lakh,"61,253 km",Petrol,Pune,2022
Maruti Suzuki S-Presso VXi,₹ 1.20 Lakh,"133,627 km",Diesel,Ahmedabad,2015
Audi Q5 quattro,₹ 32.02 Lakh,"145,618 km",Petrol,Ahmedabad,2015
BMW X1 sDrive20d,₹ 43.47 Lakh,"36,595 km",Diesel,Mumbai,2023
Mercedes-Benz C-Class C200,₹ 52.65 Lakh,"51,834 km",Diesel,Hyderabad,2022
Honda Jazz VX,₹ 1.20 Lakh,"144,281 km",Petrol,Bangalore,2015
Maruti Suzuki S-Presso VXi,₹ 1.20 Lakh,"134,769 km",CNG,Hyderabad,2015
Tata Safari XZ+,₹ 1.49 Lakh,"146,940 km",CNG,Delhi,2014
Honda WR-V VX,₹ 3.07 Lakh,"112,611 km",CNG,Bangalore,2018
Kia Seltos GTX,₹ 2.26 Lakh,"161,556 km",Petrol,Hyderabad,2013
Kia Seltos GTX,₹ 7.47 Lakh,"103,854 km",Diesel,Thane,2018
Audi Q5 quattro,₹ 35.14 Lakh,"86,774 km",Petrol,Kolkata,2021
Mercedes-Benz GLA 220d,₹ 52.51 Lakh,"25,879 km",Petrol,Bangalore,2022
BMW 5 Series 520d,₹ 37.78 Lakh,"100,797 km",Petrol,Noida,2017
Maruti Suzuki Wagon R 1.0 VXI,₹ 1.20 Lakh,"95,171 km",Diesel,Delhi,2018
Hyundai i10 Magna,₹ 4.82 Lakh,"60,812 km",Petrol,Mumbai,2023
Audi A4 35 TDI,₹ 36.21 Lakh,"50,927 km",Diesel,Mumbai,2020
Audi A4 35 TDI,₹ 31.07 Lakh,"152,406 km",Diesel,Mumbai,2014
Mercedes-Benz GLA 220d,₹ 45.00 Lakh,"161,812 km",Petrol,Thane,2013
Tata Tiago XT,₹ 3.47 Lakh,"128,191 km",CNG,Bangalore,2017
Maruti Suzuki Ertiga VXI CNG,₹ 1.20 Lakh,"93,791 km",Petrol,Delhi,2019
Mercedes-Benz E-Class E220d,₹ 44.40 Lakh,"154,425 km",Petrol,Thane,2013
Mahindra Thar LX,₹ 3.65 Lakh,"133,248 km",Diesel,Mumbai,2014
Maruti Suzuki Alto 800 LXi,₹ 4.24 Lakh,"18,782 km",CNG,Mumbai,2022
Maruti Suzuki Swift VXi,₹ 1.20 Lakh,"123,066 km",CNG,Noida,2017
Toyota Etios Liva G,₹ 4.28 Lakh,"178,002 km",Diesel,Thane,2013
Maruti Suzuki Alto 800 LXi,₹ 4.36 Lakh,"47,598 km",Diesel,Delhi,2023
Audi Q5 quattro,₹ 31.54 Lakh,"134,055 km",Petrol,Pune,2016
Audi A4 35 TDI,₹ 36.25 Lakh,"57,643 km",Petrol,Kolkata,2021
Hyundai Creta SX,₹ 1.20 Lakh,"135,979 km",Diesel,Thane,2014
Maruti Suzuki Vitara Brezza VDi,₹ 1.20 Lakh,"86,997 km",Diesel,Mumbai,2018
Maruti Suzuki Alto 800 LXi,₹ 3.00 Lakh,"55,773 km",Diesel,Hyderabad,2022
Mahindra XUV500 W8,₹ 5.85 Lakh,"111,428 km",Petrol,Chennai,2017
Hyundai Creta SX,₹ 1.97 Lakh,"91,503 km",Petrol,Pune,2018
Mahindra Thar LX,₹ 9.47 Lakh,"62,854 km",Petrol,Noida,2022
Maruti Suzuki Alto 800 LXi,₹ 3.04 Lakh,"56,133 km",Diesel,Mumbai,2022
Toyota Etios Liva G,₹ 10.57 Lakh,"74,479 km",CNG,Ahmedabad,2021
Maruti Suzuki Baleno Delta 1.2,₹ 1.20 Lakh,"136,940 km",Petrol,Mumbai,2014
Maruti Suzuki Swift VXi,₹ 1.20 Lakh,"100,739 km",CNG,Thane,2018
Tata Tiago XT,₹ 7.30 Lakh,"67,714 km",Petrol,Thane,2022
BMW 3 Series 320d,₹ 40.83 Lakh,"83,598 km",Diesel,Thane,2020
Kia Sonet GTX,₹ 3.59 Lakh,"154,922 km",Petrol,Delhi,2015
Kia Carens Prestige,₹ 9.94 Lakh,"50,943 km",CNG,Pune,2022
Honda City VX,₹ 1.20 Lakh,"144,052 km",Diesel,Bangalore,2015
Audi Q3 Premium,₹ 30.99 Lakh,"161,237 km",Petrol,Delhi,2015
Maruti Suzuki Ertiga VXI CNG,₹ 1.20 Lakh,"143,580 km",CNG,Chennai,2016
Mahindra Thar LX,₹ 1.98 Lakh,"181,208 km",CNG,Ahmedabad,2012
Honda Amaze VX,₹ 1.20 Lakh,"156,500 km",CNG,Mumbai,2015
BMW 5 Series 520d,₹ 37.52 Lakh,"116,752 km",Petrol,Thane,2016
Audi Q5 quattro,₹ 29.28 Lakh,"178,147 km",Diesel,Delhi,2012
Audi Q5 quattro,₹ 36.08 Lakh,"54,550 km",Petrol,Ahmedabad,2020
Honda WR-V VX,₹ 5.61 Lakh,"62,343 km",CNG,Mumbai,2021
Mahindra XUV500 W8,₹ 5.21 Lakh,"123,403 km",Diesel,Hyderabad,2016
Toyota Fortuner 2.8 4x2,₹ 6.70 Lakh,"109,190 km",Petrol,Thane,2017
Mahindra Scorpio S11,₹ 2.42 Lakh,"154,292 km",Petrol,Delhi,2013
Mercedes-Benz E-Class E220d,₹ 50.29 Lakh,"82,221 km",Petrol,Delhi,2020
Mercedes-Benz C-Class C200,₹ 46.68 Lakh,"122,887 km",Diesel,Kolkata,2015
Kia Carens Prestige,₹ 6.80 Lakh,"103,625 km",Petrol,Mumbai,2017
Maruti Suzuki Swift VXi,₹ 1.20 Lakh,"175,373 km",CNG,Kolkata,2013
Mahindra Thar LX,₹ 4.07 Lakh,"152,876 km",Diesel,Thane,2013
Audi Q5 quattro,₹ 36.20 Lakh,"78,367 km",Diesel,Hyderabad,2020
Maruti Suzuki Swift VXi,₹ 1.20 Lakh,"111,895 km",Diesel,Delhi,2017
Mercedes-Benz GLA 220d,₹ 43.80 Lakh,"173,411 km",Petrol,Kolkata,2012
Tata Nexon XZ+,₹ 8.41 Lakh,"52,672 km",Diesel,Mumbai,2023
Toyota Etios Liva G,₹ 6.87 Lakh,"104,470 km",Petrol,Delhi,2017
Hyundai i10 Magna,₹ 1.20 Lakh,"153,967 km",CNG,Noida,2013
Audi Q3 Premium,₹ 31.59 Lakh,"138,723 km",Petrol,Mumbai,2015
Kia Seltos GTX,₹ 4.36 Lakh,"163,642 km",CNG,Bangalore,2014
Mercedes-Benz GLA 220d,₹ 49.96 Lakh,"82,322 km",Petrol,Ahmedabad,2020
Hyundai Grand i10 Magna,₹ 1.20 Lakh,"132,124 km",Petrol,Pune,2016
Audi Q3 Premium,₹ 37.39 Lakh,"52,059 km",Diesel,Ahmedabad,2023
Kia Sonet GTX,₹ 6.96 Lakh,"104,051 km",CNG,Mumbai,2018
Hyundai Grand i10 Magna,₹ 6.06 Lakh,"55,417 km",Petrol,Mumbai,2023
Maruti Suzuki Wagon R 1.0 VXI,₹ 1.20 Lakh,"128,120 km",Diesel,Chennai,2017
Hyundai i10 Magna,₹ 1.20 Lakh,"159,222 km",Petrol,Ahmedabad,2012
Toyota Glanza G,₹ 5.14 Lakh,"160,949 km",Petrol,Pune,2014
Mahindra XUV500 W8,₹ 7.10 Lakh,"93,373 km",CNG,Delhi,2018
BMW 5 Series 520d,₹ 40.26 Lakh,"76,564 km",Diesel,Noida,2020
Audi Q3 Premium,₹ 33.28 Lakh,"124,992 km",Diesel,Pune,2016
Maruti Suzuki S-Presso VXi,₹ 1.20 Lakh,"133,556 km",Diesel,Pune,2015
Audi Q5 quattro,₹ 35.85 Lakh,"79,412 km",Diesel,Ahmedabad,2020
Hyundai Grand i10 Magna,₹ 1.20 Lakh,"163,788 km",CNG,Ahmedabad,2013
Maruti Suzuki Alto 800 LXi,₹ 2.19 Lakh,"66,533 km",CNG,Delhi,2020
Tata Harrier XZ,₹ 1.20 Lakh,"184,394 km",CNG,Kolkata,2012
Mercedes-Benz C-Class C200,₹ 48.89 Lakh,"101,733 km",Petrol,Noida,2018
Kia Carens Prestige,₹ 6.20 Lakh,"106,233 km",CNG,Noida,2016
BMW 3 Series 320d,₹ 40.20 Lakh,"72,806 km",Petrol,Noida,2020
Mercedes-Benz C-Class C200,₹ 44.83 Lakh,"163,251 km",Petrol,Noida,2014
Maruti Suzuki Ciaz ZXI+,₹ 3.14 Lakh,"41,088 km",Petrol,Bangalore,2021
Hyundai Creta SX,₹ 1.20 Lakh,"114,887 km",Diesel,Bangalore,2015
Kia Sonet GTX,₹ 10.27 Lakh,"38,714 km",Diesel,Noida,2021
Audi Q3 Premium,₹ 30.84 Lakh,"138,621 km",Petrol,Delhi,2014
Kia Seltos GTX,₹ 11.29 Lakh,"34,350 km",Diesel,Thane,2022
Toyota Corolla Altis G,₹ 10.22 Lakh,"72,115 km",Petrol,Ahmedabad,2021
Mercedes-Benz E-Class E220d,₹ 52.64 Lakh,"54,114 km",Diesel,Thane,2022
Tata Nexon XZ+,₹ 3.66 Lakh,"142,358 km",Diesel,Delhi,2017
Mercedes-Benz GLA 220d,₹ 49.47 Lakh,"92,775 km",Diesel,Chennai,2018
Mahindra Scorpio S11,₹ 9.87 Lakh,"65,721 km",Petrol,Chennai,2022
Hyundai i10 Magna,₹ 4.55 Lakh,"68,349 km",Diesel,Delhi,2020
Toyota Glanza G,₹ 8.93 Lakh,"84,877 km",Diesel,Chennai,2020
Honda Jazz VX,₹ 4.94 Lakh,"72,762 km",Petrol,Pune,2020
Tata Safari XZ+,₹ 5.27 Lakh,"87,017 km",Petrol,Hyderabad,2020
Tata Tiago XT,₹ 6.91 Lakh,"71,978 km",Petrol,Kolkata,2022
Maruti Suzuki Alto 800 LXi,₹ 3.46 Lakh,"39,027 km",CNG,Chennai,2022
Kia Seltos GTX,₹ 1.66 Lakh,"197,872 km",Diesel,Thane,2012
Hyundai Santro Sportz,₹ 1.20 Lakh,"159,428 km",CNG,Ahmedabad,2015
Maruti Suzuki Alto 800 LXi,₹ 1.20 Lakh,"158,116 km",CNG,Pune,2013
Mercedes-Benz C-Class C200,₹ 52.49 Lakh,"43,876 km",Petrol,Mumbai,2023
Honda BR-V VX,₹ 1.20 Lakh,"157,314 km",CNG,Chennai,2015
Maruti Suzuki Vitara Brezza VDi,₹ 1.20 Lakh,"115,862 km",CNG,Pune,2015
BMW 5 Series 520d,₹ 40.74 Lakh,"79,284 km",Diesel,Kolkata,2019
Kia Sonet GTX,₹ 9.39 Lakh,"46,049 km",Petrol,Noida,2022
Maruti Suzuki Swift VXi,₹ 4.45 Lakh,"54,414 km",Diesel,Chennai,2023
Honda BR-V VX,₹ 7.49 Lakh,"27,148 km",CNG,Delhi,2023
Tata Nexon XZ+,₹ 4.64 Lakh,"117,573 km",Diesel,Delhi,2018
Toyota Fortuner 2.8 4x2,₹ 9.37 Lakh,"82,021 km",Petrol,Delhi,2019
Mahindra Thar LX,₹ 10.83 Lakh,"48,319 km",Diesel,Delhi,2023
Hyundai Venue S,₹ 1.20 Lakh,"169,589 km",Petrol,Bangalore,2012
Hyundai Verna SX,₹ 1.20 Lakh,"154,866 km",Diesel,Hyderabad,2014
Mahindra XUV500 W8,₹ 8.07 Lakh,"89,017 km",Diesel,Thane,2019
Mahindra Thar LX,₹ 2.74 Lakh,"165,782 km",CNG,Thane,2013
Tata Nexon XZ+,₹ 7.11 Lakh,"53,165 km",Petrol,Noida,2023
Honda WR-V VX,₹ 1.47 Lakh,"92,801 km",Petrol,Chennai,2016
Maruti Suzuki Wagon R 1.0 VXI,₹ 1.20 Lakh,"86,919 km",Petrol,Pune,2019
Kia Sonet GTX,₹ 8.89 Lakh,"82,158 km",Diesel,Kolkata,2020
Honda Jazz VX,₹ 1.20 Lakh,"165,174 km",Petrol,Bangalore,2013
BMW X1 sDrive20d,₹ 40.70 Lakh,"79,603 km",Diesel,Pune,2020
Kia Seltos GTX,₹ 9.74 Lakh,"60,069 km",CNG,Ahmedabad,2021
BMW X1 sDrive20d,₹ 42.57 Lakh,"46,129 km",Petrol,Hyderabad,2022
Audi A4 35 TDI,₹ 30.74 Lakh,"155,566 km",Diesel,Thane,2013
Mahindra Thar LX,₹ 2.72 Lakh,"164,745 km",Diesel,Mumbai,2012
Mercedes-Benz GLA 220d,₹ 52.66 Lakh,"54,287 km",Petrol,Chennai,2023
Hyundai Venue S,₹ 3.66 Lakh,"85,243 km",Diesel,Hyderabad,2019
Audi A4 35 TDI,₹ 29.20 Lakh,"161,411 km",Petrol,Mumbai,2012
Honda City VX,₹ 5.70 Lakh,"57,083 km",CNG,Ahmedabad,2022
Honda City VX,₹ 2.32 Lakh,"94,625 km",CNG,Ahmedabad,2018
Mahindra Scorpio S11,₹ 7.08 Lakh,"105,872 km",Diesel,Noida,2019
Hyundai Verna SX,₹ 5.74 Lakh,"45,956 km",Petrol,Delhi,2022
Honda Amaze VX,₹ 5.56 Lakh,"54,377 km",CNG,Mumbai,2021
Audi Q5 quattro,₹ 32.70 Lakh,"132,930 km",Diesel,Chennai,2016
Audi Q3 Premium,₹ 35.91 Lakh,"97,057 km",Diesel,Mumbai,2020
Maruti Suzuki Wagon R 1.0 VXI,₹ 4.20 Lakh,"31,117 km",CNG,Chennai,2022
Mercedes-Benz GLA 220d,₹ 53.63 Lakh,"40,846 km",Diesel,Pune,2023
Mahindra Scorpio S11,₹ 8.92 Lakh,"96,639 km",CNG,Thane,2021
Hyundai Elite i20 Sportz,₹ 1.99 Lakh,"98,610 km",Diesel,Mumbai,2017
BMW 3 Series 320d,₹ 38.97 Lakh,"117,489 km",Diesel,Hyderabad,2017
Kia Sonet GTX,₹ 6.49 Lakh,"86,208 km",CNG,Bangalore,2018
Mercedes-Benz E-Class E220d,₹ 47.95 Lakh,"127,095 km",Petrol,Delhi,2016
Hyundai Santro Sportz,₹ 5.16 Lakh,"46,110 km",CNG,Thane,2022
Audi A4 35 TDI,₹ 36.28 Lakh,"53,565 km",Petrol,Thane,2021
Honda Jazz VX,₹ 2.82 Lakh,"105,110 km",CNG,Mumbai,2017
Audi Q3 Premium,₹ 37.49 Lakh,"52,198 km",Diesel,Chennai,2022
Toyota Innova Crysta GX,₹ 3.95 Lakh,"164,653 km",CNG,Ahmedabad,2012
Kia Sonet GTX,₹ 11.53 Lakh,"17,584 km",CNG,Ahmedabad,2023
Mercedes-Benz C-Class C200,₹ 45.21 Lakh,"169,615 km",Diesel,Ahmedabad,2012
Tata Tiago XT,₹ 1.20 Lakh,"142,558 km",CNG,Chennai,2014
Kia Seltos GTX,₹ 4.58 Lakh,"135,701 km",Diesel,Bangalore,2014
Honda BR-V VX,₹ 6.96 Lakh,"58,591 km",CNG,Pune,2023
Toyota Fortuner 2.8 4x2,₹ 8.69 Lakh,"103,391 km",Petrol,Ahmedabad,2020
Tata Nexon XZ+,₹ 6.67 Lakh,"46,307 km",CNG,Ahmedabad,2022
Mahindra Scorpio S11,₹ 8.47 Lakh,"101,651 km",Diesel,Bangalore,2019
Honda WR-V VX,₹ 4.36 Lakh,"90,988 km",Petrol,Hyderabad,2021
Mercedes-Benz GLA 220d,₹ 48.41 Lakh,"132,069 km",Diesel,Thane,2017
Mahindra Thar LX,₹ 2.16 Lakh,"187,265 km",CNG,Kolkata,2012
Kia Carens Prestige,₹ 6.75 Lakh,"123,497 km",Diesel,Pune,2017
Toyota Glanza G,₹ 5.26 Lakh,"138,034 km",Diesel,Noida,2015
Audi Q5 quattro,₹ 29.83 Lakh,"166,262 km",Petrol,Noida,2013
Maruti Suzuki Wagon R 1.0 VXI,₹ 1.69 Lakh,"74,373 km",CNG,Ahmedabad,2020
Tata Nexon XZ+,₹ 1.20 Lakh,"165,354 km",Diesel,Delhi,2013
BMW 3 Series 320d,₹ 37.51 Lakh,"106,000 km",Petrol,Hyderabad,2017
Honda Amaze VX,₹ 4.54 Lakh,"81,704 km",Diesel,Thane,2021
Kia Sonet GTX,₹ 7.01 Lakh,"98,476 km",Petrol,Mumbai,2017
Tata Harrier XZ,₹ 7.01 Lakh,"55,214 km",Diesel,Delhi,2023
Mahindra XUV500 W8,₹ 8.29 Lakh,"72,724 km",Diesel,Noida,2019
Hyundai Santro Sportz,₹ 4.97 Lakh,"49,762 km",CNG,Bangalore,2021
Maruti Suzuki Ciaz ZXI+,₹ 1.20 Lakh,"110,711 km",Petrol,Hyderabad,2017
Audi Q5 quattro,₹ 33.88 Lakh,"92,392 km",Petrol,Thane,2017
Kia Sonet GTX,₹ 2.33 Lakh,"187,542 km",Diesel,Noida,2012
BMW X1 sDrive20d,₹ 40.36 Lakh,"84,588 km",Diesel,Kolkata,2019
Audi Q3 Premium,₹ 37.40 Lakh,"64,498 km",Petrol,Thane,2023
Mercedes-Benz E-Class E220d,₹ 47.96 Lakh,"116,026 km",Petrol,Bangalore,2017
Tata Nexon XZ+,₹ 1.20 Lakh,"150,961 km",CNG,Chennai,2013
Maruti Suzuki Baleno Delta 1.2,₹ 1.20 Lakh,"175,627 km",Diesel,Ahmedabad,2012
Mercedes-Benz GLA 220d,₹ 46.34 Lakh,"134,608 km",Diesel,Hyderabad,2015
Hyundai i10 Magna,₹ 1.20 Lakh,"116,080 km",Petrol,Ahmedabad,2017
Maruti Suzuki Wagon R 1.0 VXI,₹ 3.20 Lakh,"49,656 km",CNG,Chennai,2022
Honda City VX,₹ 1.40 Lakh,"117,307 km",CNG,Noida,2016
Mercedes-Benz GLA 220d,₹ 52.21 Lakh,"63,121 km",Petrol,Bangalore,2023
Toyota Etios Liva G,₹ 8.67 Lakh,"106,032 km",CNG,Pune,2019
Honda City VX,₹ 1.20 Lakh,"136,439 km",Diesel,Thane,2014
Honda Amaze VX,₹ 1.80 Lakh,"132,690 km",CNG,Hyderabad,2016
Honda BR-V VX,₹ 1.20 Lakh,"190,302 km",CNG,Bangalore,2013
Hyundai Creta SX,₹ 1.20 Lakh,"117,676 km",CNG,Mumbai,2015
Mercedes-Benz C-Class C200,₹ 45.08 Lakh,"157,701 km",Petrol,Mumbai,2012
Audi A4 35 TDI,₹ 33.03 Lakh,"100,448 km",Petrol,Ahmedabad,2018
Honda WR-V VX,₹ 3.12 Lakh,"108,068 km",CNG,Delhi,2018
Honda Jazz VX,₹ 2.50 Lakh,"102,526 km",CNG,Ahmedabad,2017
Tata Safari XZ+,₹ 1.67 Lakh,"150,317 km",Diesel,Bangalore,2014
Maruti Suzuki Vitara Brezza VDi,₹ 1.20 Lakh,"138,452 km",CNG,Kolkata,2014
Audi A4 35 TDI,₹ 37.47 Lakh,"31,266 km",Diesel,Chennai,2023
Honda WR-V VX,₹ 1.20 Lakh,"156,445 km",Diesel,Hyderabad,2013
Toyota Corolla Altis G,₹ 11.88 Lakh,"47,096 km",CNG,Bangalore,2022
Maruti Suzuki Vitara Brezza VDi,₹ 1.20 Lakh,"156,358 km",CNG,Noida,2014
Kia Seltos GTX,₹ 3.38 Lakh,"174,906 km",CNG,Chennai,2013
Mercedes-Benz C-Class C200,₹ 52.97 Lakh,"48,003 km",Diesel,Hyderabad,2022
Mahindra Scorpio S11,₹ 6.42 Lakh,"127,388 km",CNG,Hyderabad,2017
Audi A4 35 TDI,₹ 33.17 Lakh,"103,331 km",Petrol,Delhi,2017
BMW X1 sDrive20d,₹ 42.13 Lakh,"37,454 km",Petrol,Hyderabad,2023
Kia Sonet GTX,₹ 4.75 Lakh,"151,584 km",Diesel,Pune,2015
BMW X1 sDrive20d,₹ 43.74 Lakh,"35,426 km",Diesel,Bangalore,2023
Mercedes-Benz GLA 220d,₹ 48.73 Lakh,"104,610 km",Petrol,Delhi,2019
Mahindra XUV500 W8,₹ 10.46 Lakh,"53,263 km",CNG,Kolkata,2022
BMW X1 sDrive20d,₹ 35.00 Lakh,"165,194 km",Petrol,Bangalore,2013
Audi Q5 quattro,₹ 30.80 Lakh,"155,353 km",Diesel,Bangalore,2015
Hyundai Creta SX,₹ 1.20 Lakh,"96,060 km",Petrol,Thane,2017
Maruti Suzuki Alto 800 LXi,₹ 1.20 Lakh,"137,779 km",CNG,Kolkata,2016
BMW X1 sDrive20d,₹ 40.90 Lakh,"61,443 km",Petrol,Hyderabad,2020
Mahindra Scorpio S11,₹ 8.30 Lakh,"76,421 km",Diesel,Bangalore,2020
Audi Q3 Premium,₹ 28.67 Lakh,"181,175 km",Diesel,Hyderabad,2012
Tata Harrier XZ,₹ 4.95 Lakh,"75,117 km",CNG,Delhi,2018
Mercedes-Benz E-Class E220d,₹ 46.14 Lakh,"150,267 km",Diesel,Hyderabad,2013
Mercedes-Benz C-Class C200,₹ 44.00 Lakh,"175,740 km",Diesel,Noida,2012
Mercedes-Benz GLA 220d,₹ 48.11 Lakh,"110,280 km",Diesel,Kolkata,2017
Audi A4 35 TDI,₹ 29.79 Lakh,"168,466 km",Diesel,Mumbai,2012
BMW 3 Series 320d,₹ 36.82 Lakh,"131,534 km",Diesel,Bangalore,2015
Honda Jazz VX,₹ 1.20 Lakh,"147,973 km",Petrol,Bangalore,2013
BMW 5 Series 520d,₹ 40.38 Lakh,"89,109 km",Diesel,Noida,2019
Hyundai Grand i10 Magna,₹ 1.20 Lakh,"154,419 km",Diesel,Chennai,2013
Honda City VX,₹ 1.20 Lakh,"158,739 km",Petrol,Ahmedabad,2013
Audi Q3 Premium,₹ 32.32 Lakh,"134,942 km",Diesel,Noida,2015
Toyota Glanza G,₹ 6.91 Lakh,"113,526 km",Diesel,Hyderabad,2016
Honda WR-V VX,₹ 6.59 Lakh,"47,434 km",CNG,Pune,2022
Hyundai Creta SX,₹ 1.20 Lakh,"127,334 km",Petrol,Thane,2016
Audi A4 35 TDI,₹ 33.60 Lakh,"117,663 km",Diesel,Noida,2017
Honda Jazz VX,₹ 5.63 Lakh,"63,559 km",CNG,Hyderabad,2021
Mahindra Thar LX,₹ 11.40 Lakh,"47,134 km",Diesel,Delhi,2023
Maruti Suzuki Wagon R 1.0 VXI,₹ 3.75 Lakh,"32,944 km",Petrol,Noida,2023
Maruti Suzuki Swift VXi,₹ 1.20 Lakh,"122,989 km",Diesel,Delhi,2015
Toyota Etios Liva G,₹ 8.09 Lakh,"98,775 km",Diesel,Pune,2017
Honda Jazz VX,₹ 1.20 Lakh,"168,408 km",Diesel,Delhi,2012
Honda City VX,₹ 1.20 Lakh,"176,634 km",Diesel,Delhi,2014
Honda WR-V VX,₹ 1.20 Lakh,"135,278 km",CNG,Kolkata,2015
Honda BR-V VX,₹ 4.64 Lakh,"82,705 km",Petrol,Chennai,2021
Mercedes-Benz C-Class C200,₹ 48.45 Lakh,"108,206 km",Diesel,Bangalore,2018
Tata Nexon XZ+,₹ 2.80 Lakh,"100,464 km",Petrol,Mumbai,2017
Tata Nexon XZ+,₹ 1.20 Lakh,"163,887 km",Petrol,Delhi,2015
Mahindra Thar LX,₹ 8.16 Lakh,"70,133 km",Diesel,Ahmedabad,2019
Tata Nexon XZ+,₹ 3.84 Lakh,"104,916 km",Diesel,Noida,2017
Mahindra Thar LX,₹ 5.34 Lakh,"118,417 km",Petrol,Pune,2016
Hyundai Creta SX,₹ 1.20 Lakh,"128,345 km",Diesel,Chennai,2016
Maruti Suzuki Alto 800 LXi,₹ 1.20 Lakh,"165,218 km",Petrol,Hyderabad,2013
Kia Carens Prestige,₹ 4.57 Lakh,"123,211 km",Petrol,Kolkata,2015
Hyundai Venue S,₹ 1.20 Lakh,"145,856 km",Petrol,Thane,2014
Mahindra Thar LX,₹ 2.17 Lakh,"162,631 km",Petrol,Noida,2013
Hyundai Elite i20 Sportz,₹ 5.58 Lakh,"45,677 km",CNG,Mumbai,2023
Hyundai Creta SX,₹ 1.20 Lakh,"174,879 km",Diesel,Hyderabad,2012
Maruti Suzuki Ciaz ZXI+,₹ 1.20 Lakh,"142,238 km",Diesel,Pune,2017
Kia Seltos GTX,₹ 2.49 Lakh,"155,416 km",CNG,Hyderabad,2013
Mercedes-Benz E-Class E220d,₹ 45.85 Lakh,"135,157 km",Petrol,Kolkata,2014
Kia Carens Prestige,₹ 4.83 Lakh,"144,323 km",Diesel,Mumbai,2016
Audi A4 35 TDI,₹ 33.16 Lakh,"118,640 km",Diesel,Noida,2017
BMW 5 Series 520d,₹ 38.99 Lakh,"117,982 km",Petrol,Chennai,2018
Hyundai Elite i20 Sportz,₹ 3.16 Lakh,"73,190 km",Petrol,Kolkata,2021
Maruti Suzuki Ciaz ZXI+,₹ 1.20 Lakh,"104,487 km",Diesel,Chennai,2018
Mahindra Scorpio S11,₹ 8.92 Lakh,"69,441 km",Petrol,Mumbai,2021
BMW X1 sDrive20d,₹ 39.20 Lakh,"89,701 km",Diesel,Pune,2019
Tata Harrier XZ,₹ 5.89 Lakh,"78,742 km",CNG,Noida,2020
Tata Nexon XZ+,₹ 2.99 Lakh,"97,892 km",Petrol,Delhi,2017
Honda City VX,₹ 1.88 Lakh,"114,116 km",CNG,Pune,2016
Mercedes-Benz E-Class E220d,₹ 49.18 Lakh,"91,931 km",Petrol,Hyderabad,2018
Toyota Etios Liva G,₹ 10.75 Lakh,"59,365 km",Diesel,Chennai,2021
Tata Nexon XZ+,₹ 3.58 Lakh,"103,271 km",Diesel,Delhi,2018
BMW 5 Series 520d,₹ 35.40 Lakh,"157,456 km",Diesel,Hyderabad,2012
Mahindra Thar LX,₹ 3.96 Lakh,"150,467 km",Petrol,Thane,2014
Mercedes-Benz E-Class E220d,₹ 50.48 Lakh,"59,635 km",Petrol,Mumbai,2021
Tata Harrier XZ,₹ 3.27 Lakh,"98,538 km",CNG,Bangalore,2018
BMW 3 Series 320d,₹ 40.51 Lakh,"51,803 km",Diesel,Delhi,2020
Maruti Suzuki Baleno Delta 1.2,₹ 3.14 Lakh,"59,344 km",CNG,Mumbai,2022
Tata Nexon XZ+,₹ 5.25 Lakh,"97,171 km",Petrol,Ahmedabad,2020
Mercedes-Benz GLA 220d,₹ 51.08 Lakh,"69,553 km",Petrol,Bangalore,2020
Hyundai Venue S,₹ 1.20 Lakh,"171,221 km",CNG,Noida,2012
Audi A4 35 TDI,₹ 29.90 Lakh,"146,204 km",Petrol,Pune,2013
Honda Jazz VX,₹ 1.20 Lakh,"137,428 km",Diesel,Thane,2013
Toyota Corolla Altis G,₹ 8.51 Lakh,"96,447 km",CNG,Ahmedabad,2019
Maruti Suzuki Baleno Delta 1.2,₹ 1.20 Lakh,"176,525 km",Petrol,Chennai,2012
BMW X1 sDrive20d,₹ 35.32 Lakh,"152,392 km",Diesel,Hyderabad,2013
Hyundai Elite i20 Sportz,₹ 5.28 Lakh,"48,247 km",CNG,Delhi,2021
Audi Q3 Premium,₹ 36.80 Lakh,"64,659 km",Petrol,Bangalore,2022
Kia Carens Prestige,₹ 9.22 Lakh,"88,310 km",Diesel,Noida,2020
BMW X1 sDrive20d,₹ 41.23 Lakh,"68,657 km",Diesel,Pune,2022
Mahindra XUV500 W8,₹ 10.14 Lakh,"60,200 km",Petrol,Noida,2023
Mahindra Thar LX,₹ 2.50 Lakh,"190,562 km",Diesel,Thane,2012
Honda WR-V VX,₹ 1.20 Lakh,"114,996 km",CNG,Thane,2016
Kia Sonet GTX,₹ 4.18 Lakh,"141,611 km",Diesel,Noida,2013
Kia Seltos GTX,₹ 6.47 Lakh,"109,098 km",Diesel,Pune,2016
Kia Sonet GTX,₹ 9.36 Lakh,"57,778 km",Petrol,Pune,2020
Kia Seltos GTX,₹ 4.65 Lakh,"115,062 km",Petrol,Kolkata,2016
Audi Q3 Premium,₹ 29.35 Lakh,"164,018 km",Petrol,Bangalore,2013
Mahindra Scorpio S11,₹ 3.98 Lakh,"142,601 km",CNG,Thane,2015
Audi Q5 quattro,₹ 31.52 Lakh,"126,094 km",Petrol,Thane,2015
Audi A4 35 TDI,₹ 35.82 Lakh,"77,415 km",Petrol,Chennai,2021
Audi Q3 Premium,₹ 35.66 Lakh,"68,278 km",Diesel,Chennai,2021
Hyundai Grand i10 Magna,₹ 1.20 Lakh,"164,146 km",Petrol,Noida,2016
Toyota Innova Crysta GX,₹ 11.49 Lakh,"72,591 km",CNG,Bangalore,2022
Toyota Etios Liva G,₹ 4.07 Lakh,"162,482 km",Diesel,Mumbai,2013
Toyota Glanza G,₹ 6.42 Lakh,"138,543 km",Diesel,Thane,2016
Kia Sonet GTX,₹ 10.88 Lakh,"48,151 km",Diesel,Pune,2023
Tata Nexon XZ+,₹ 5.77 Lakh,"65,991 km",Petrol,Chennai,2021
Maruti Suzuki Wagon R 1.0 VXI,₹ 3.67 Lakh,"40,300 km",CNG,Chennai,2023
Hyundai Venue S,₹ 6.40 Lakh,"43,786 km",Diesel,Delhi,2023
Honda Amaze VX,₹ 5.71 Lakh,"45,508 km",CNG,Mumbai,2021
Maruti Suzuki Ertiga VXI CNG,₹ 1.20 Lakh,"84,224 km",CNG,Bangalore,2019
Hyundai Venue S,₹ 1.20 Lakh,"105,055 km",Petrol,Hyderabad,2016
Mercedes-Benz C-Class C200,₹ 48.64 Lakh,"113,016 km",Petrol,Pune,2018
Mercedes-Benz GLA 220d,₹ 50.75 Lakh,"57,275 km",Petrol,Noida,2020
Tata Safari XZ+,₹ 6.53 Lakh,"47,073 km",Diesel,Delhi,2021
Mercedes-Benz E-Class E220d,₹ 47.81 Lakh,"114,260 km",Diesel,Noida,2017
Mercedes-Benz GLA 220d,₹ 46.97 Lakh,"145,398 km",Diesel,Kolkata,2014
Toyota Etios Liva G,₹ 11.79 Lakh,"46,658 km",Diesel,Delhi,2023
Maruti Suzuki Wagon R 1.0 VXI,₹ 2.74 Lakh,"66,624 km",CNG,Thane,2021
Toyota Etios Liva G,₹ 6.57 Lakh,"113,297 km",CNG,Bangalore,2017
Mercedes-Benz E-Class E220d,₹ 46.72 Lakh,"145,748 km",Petrol,Noida,2017
BMW 3 Series 320d,₹ 33.55 Lakh,"190,320 km",Petrol,Bangalore,2012
Mercedes-Benz E-Class E220d,₹ 46.74 Lakh,"151,717 km",Diesel,Pune,2014
Kia Carens Prestige,₹ 5.27 Lakh,"129,362 km",CNG,Noida,2016
BMW 5 Series 520d,₹ 34.15 Lakh,"153,776 km",Petrol,Chennai,2012
Maruti Suzuki Ciaz ZXI+,₹ 1.20 Lakh,"102,870 km",Diesel,Ahmedabad,2017
Maruti Suzuki S-Presso VXi,₹ 1.20 Lakh,"130,274 km",Diesel,Hyderabad,2016
Audi Q5 quattro,₹ 29.81 Lakh,"165,027 km",Petrol,Pune,2012
Kia Seltos GTX,₹ 9.51 Lakh,"57,052 km",Petrol,Chennai,2022
Tata Nexon XZ+,₹ 1.20 Lakh,"152,389 km",CNG,Ahmedabad,2013
Maruti Suzuki Alto 800 LXi,₹ 3.15 Lakh,"47,551 km",CNG,Chennai,2023
Honda City VX,₹ 1.20 Lakh,"153,374 km",Diesel,Chennai,2014
BMW X1 sDrive20d,₹ 41.58 Lakh,"59,195 km",Petrol,Pune,2022
Mahindra Scorpio S11,₹ 3.36 Lakh,"156,671 km",Petrol,Pune,2013
Hyundai Grand i10 Magna,₹ 1.21 Lakh,"116,574 km",CNG,Pune,2017
Audi Q5 quattro,₹ 34.12 Lakh,"102,328 km",Diesel,Delhi,2018
Audi Q3 Premium,₹ 33.95 Lakh,"88,944 km",Petrol,Thane,2019
Hyundai Creta SX,₹ 5.59 Lakh,"41,385 km",Diesel,Mumbai,2021
Tata Safari XZ+,₹ 1.68 Lakh,"132,837 km",CNG,Chennai,2014
Honda WR-V VX,₹ 1.20 Lakh,"164,500 km",Petrol,Mumbai,2013
Tata Harrier XZ,₹ 7.49 Lakh,"45,648 km",Diesel,Ahmedabad,2023
Mahindra Scorpio S11,₹ 9.27 Lakh,"61,906 km",CNG,Mumbai,2021
Mahindra Scorpio S11,₹ 5.26 Lakh,"125,122 km",Diesel,Pune,2014
Honda Amaze VX,₹ 1.20 Lakh,"159,943 km",Petrol,Thane,2014
Tata Tiago XT,₹ 2.34 Lakh,"135,726 km",Petrol,Mumbai,2016
Kia Sonet GTX,₹ 6.14 Lakh,"119,361 km",Diesel,Ahmedabad,2016
Toyota Glanza G,₹ 3.54 Lakh,"152,943 km",Petrol,Hyderabad,2013
BMW 5 Series 520d,₹ 40.95 Lakh,"62,281 km",Petrol,Noida,2020
Hyundai Venue S,₹ 2.77 Lakh,"76,060 km",Diesel,Hyderabad,2019
Tata Harrier XZ,₹ 4.49 Lakh,"92,782 km",CNG,Thane,2019
Honda City VX,₹ 4.07 Lakh,"95,852 km",Diesel,Mumbai,2019
Maruti Suzuki Swift VXi,₹ 1.69 Lakh,"71,521 km",Petrol,Pune,2021
Toyota Glanza G,₹ 8.24 Lakh,"70,971 km",CNG,Hyderabad,2018
Audi Q5 quattro,₹ 31.38 Lakh,"146,327 km",Petrol,Hyderabad,2014
Maruti Suzuki Alto 800 LXi,₹ 3.38 Lakh,"66,271 km",CNG,Delhi,2023
Kia Sonet GTX,₹ 7.56 Lakh,"74,588 km",Petrol,Chennai,2019
Honda Amaze VX,₹ 1.28 Lakh,"124,532 km",Diesel,Ahmedabad,2016
Kia Seltos GTX,₹ 8.61 Lakh,"80,669 km",Diesel,Delhi,2020
Mercedes-Benz C-Class C200,₹ 49.92 Lakh,"103,391 km",Diesel,Mumbai,2019
Mahindra XUV500 W8,₹ 10.37 Lakh,"47,419 km",Diesel,Thane,2022
Tata Safari XZ+,₹ 6.23 Lakh,"61,168 km",CNG,Noida,2021
Mercedes-Benz GLA 220d,₹ 51.43 Lakh,"81,121 km",Diesel,Pune,2020
Mahindra Thar LX,₹ 10.26 Lakh,"40,394 km",CNG,Bangalore,2021
Hyundai Elite i20 Sportz,₹ 3.11 Lakh,"85,143 km",Petrol,Mumbai,2019
Mercedes-Benz GLA 220d,₹ 52.24 Lakh,"32,666 km",Petrol,Pune,2023
Honda Jazz VX,₹ 4.06 Lakh,"67,444 km",Petrol,Thane,2020
Mercedes-Benz C-Class C200,₹ 46.35 Lakh,"136,071 km",Diesel,Thane,2014
Kia Seltos GTX,₹ 9.59 Lakh,"66,831 km",CNG,Mumbai,2021
Audi A4 35 TDI,₹ 30.26 Lakh,"156,151 km",Diesel,Delhi,2014
Hyundai Grand i10 Magna,₹ 1.20 Lakh,"152,150 km",Petrol,Delhi,2014
Kia Sonet GTX,₹ 6.01 Lakh,"125,961 km",Diesel,Delhi,2018
Maruti Suzuki S-Presso VXi,₹ 3.14 Lakh,"39,639 km",Petrol,Pune,2023
Kia Seltos GTX,₹ 5.87 Lakh,"126,180 km",Petrol,Hyderabad,2016
Tata Tiago XT,₹ 7.43 Lakh,"54,089 km",CNG,Thane,2022
BMW 5 Series 520d,₹ 38.37 Lakh,"129,738 km",Diesel,Hyderabad,2018
Kia Carens Prestige,₹ 5.35 Lakh,"123,454 km",Petrol,Mumbai,2017
Maruti Suzuki S-Presso VXi,₹ 1.20 Lakh,"82,552 km",Petrol,Mumbai,2018
Tata Tiago XT,₹ 7.04 Lakh,"30,058 km",Petrol,Ahmedabad,2023
Maruti Suzuki Ertiga VXI CNG,₹ 1.20 Lakh,"94,216 km",CNG,Chennai,2018
Hyundai Grand i10 Magna,₹ 1.20 Lakh,"182,916 km",Diesel,Pune,2012
Hyundai Santro Sportz,₹ 1.20 Lakh,"130,259 km",Diesel,Mumbai,2015
Audi Q3 Premium,₹ 30.22 Lakh,"143,177 km",Petrol,Noida,2013
Audi Q5 quattro,₹ 29.37 Lakh,"186,151 km",Petrol,Thane,2012
Kia Sonet GTX,₹ 8.99 Lakh,"81,501 km",Diesel,Thane,2020
Mercedes-Benz GLA 220d,₹ 49.09 Lakh,"115,568 km",Diesel,Chennai,2018
Maruti Suzuki Wagon R 1.0 VXI,₹ 1.20 Lakh,"63,037 km",CNG,Noida,2020
Audi Q5 quattro,₹ 36.05 Lakh,"59,204 km",Petrol,Noida,2022
Maruti Suzuki Vitara Brezza VDi,₹ 2.19 Lakh,"54,725 km",Petrol,Noida,2021
Kia Seltos GTX,₹ 10.13 Lakh,"45,933 km",CNG,Hyderabad,2023
Hyundai Creta SX,₹ 2.47 Lakh,"115,968 km",Diesel,Kolkata,2018
Audi Q5 quattro,₹ 35.19 Lakh,"63,150 km",Diesel,Chennai,2020
Hyundai Verna SX,₹ 1.20 Lakh,"175,335 km",CNG,Ahmedabad,2012
Hyundai i10 Magna,₹ 3.57 Lakh,"55,428 km",Diesel,Ahmedabad,2019
Hyundai Venue S,₹ 3.05 Lakh,"70,905 km",CNG,Bangalore,2019
Kia Carens Prestige,₹ 3.69 Lakh,"154,021 km",Petrol,Delhi,2014
Audi A4 35 TDI,₹ 31.86 Lakh,"140,881 km",Petrol,Bangalore,2016
Honda Jazz VX,₹ 1.20 Lakh,"159,346 km",CNG,Kolkata,2014
Mercedes-Benz C-Class C200,₹ 48.85 Lakh,"106,757 km",Petrol,Ahmedabad,2019
Honda City VX,₹ 4.40 Lakh,"83,191 km",Diesel,Pune,2020
Maruti Suzuki Vitara Brezza VDi,₹ 1.20 Lakh,"102,149 km",CNG,Bangalore,2018
Mahindra Thar LX,₹ 1.73 Lakh,"166,867 km",CNG,Noida,2012
Maruti Suzuki Swift VXi,₹ 3.28 Lakh,"30,954 km",Diesel,Chennai,2022
Maruti Suzuki S-Presso VXi,₹ 1.20 Lakh,"165,165 km",Petrol,Bangalore,2014
BMW 3 Series 320d,₹ 39.38 Lakh,"84,996 km",Petrol,Pune,2020
Hyundai Venue S,₹ 2.77 Lakh,"90,133 km",CNG,Thane,2020
Tata Safari XZ+,₹ 1.61 Lakh,"169,235 km",Petrol,Chennai,2015
Audi Q3 Premium,₹ 28.11 Lakh,"193,482 km",Petrol,Delhi,2012
Mahindra Scorpio S11,₹ 10.13 Lakh,"43,613 km",Petrol,Delhi,2022
Maruti Suzuki Baleno Delta 1.2,₹ 1.20 Lakh,"61,291 km",Petrol,Delhi,2019
Kia Seltos GTX,₹ 9.64 Lakh,"55,447 km",Petrol,Kolkata,2023
Mercedes-Benz C-Class C200,₹ 47.07 Lakh,"123,452 km",Diesel,Mumbai,2015
Kia Carens Prestige,₹ 7.07 Lakh,"112,512 km",Diesel,Pune,2017
Hyundai Verna SX,₹ 4.84 Lakh,"63,955 km",Diesel,Thane,2021
Tata Harrier XZ,₹ 7.22 Lakh,"62,839 km",Diesel,Chennai,2022
Mercedes-Benz C-Class C200,₹ 48.72 Lakh,"113,023 km",Petrol,Bangalore,2018
Tata Safari XZ+,₹ 1.20 Lakh,"144,320 km",CNG,Thane,2013
BMW 3 Series 320d,₹ 38.11 Lakh,"135,088 km",Diesel,Hyderabad,2016
Hyundai Grand i10 Magna,₹ 1.20 Lakh,"121,572 km",CNG,Noida,2016
Honda City VX,₹ 4.59 Lakh,"95,027 km",Diesel,Hyderabad,2019
Mahindra Thar LX,₹ 6.29 Lakh,"100,506 km",Petrol,Ahmedabad,2016
Honda WR-V VX,₹ 4.96 Lakh,"73,275 km",Petrol,Chennai,2020
Audi Q3 Premium,₹ 30.22 Lakh,"172,616 km",Diesel,Pune,2012
Audi Q5 quattro,₹ 31.43 Lakh,"123,927 km",Petrol,Bangalore,2015
Toyota Etios Liva G,₹ 9.94 Lakh,"62,902 km",Petrol,Thane,2022
Mahindra XUV500 W8,₹ 8.31 Lakh,"87,049 km",Diesel,Pune,2019
Kia Sonet GTX,₹ 7.55 Lakh,"80,839 km",Diesel,Chennai,2019
Mercedes-Benz C-Class C200,₹ 52.40 Lakh,"33,348 km",Diesel,Noida,2023
Mahindra Thar LX,₹ 3.32 Lakh,"177,298 km",Diesel,Mumbai,2013
Mercedes-Benz C-Class C200,₹ 47.60 Lakh,"141,459 km",Diesel,Delhi,2015
BMW X1 sDrive20d,₹ 38.38 Lakh,"130,098 km",Diesel,Bangalore,2018
Tata Safari XZ+,₹ 7.19 Lakh,"72,709 km",Diesel,Mumbai,2022
Honda Jazz VX,₹ 5.61 Lakh,"71,856 km",Diesel,Hyderabad,2022
Tata Nexon XZ+,₹ 7.42 Lakh,"55,840 km",Petrol,Mumbai,2022
Honda Jazz VX,₹ 4.04 Lakh,"106,106 km",CNG,Ahmedabad,2019
Maruti Suzuki Alto 800 LXi,₹ 1.20 Lakh,"136,753 km",Diesel,Mumbai,2014
Hyundai Elite i20 Sportz,₹ 1.20 Lakh,"155,040 km",Diesel,Noida,2015
Mercedes-Benz E-Class E220d,₹ 43.83 Lakh,"151,964 km",Petrol,Pune,2012
BMW 3 Series 320d,₹ 39.75 Lakh,"82,426 km",Petrol,Noida,2019
Mahindra Scorpio S11,₹ 11.44 Lakh,"18,800 km",CNG,Ahmedabad,2023
Toyota Glanza G,₹ 2.72 Lakh,"184,961 km",CNG,Noida,2012
Tata Nexon XZ+,₹ 1.20 Lakh,"137,731 km",CNG,Noida,2015
Tata Tiago XT,₹ 1.20 Lakh,"171,764 km",Diesel,Mumbai,2014
Tata Nexon XZ+,₹ 1.20 Lakh,"151,601 km",CNG,Pune,2013
Hyundai Creta SX,₹ 4.78 Lakh,"44,393 km",Petrol,Thane,2022
Toyota Innova Crysta GX,₹ 10.23 Lakh,"67,181 km",CNG,Ahmedabad,2022
Mahindra Thar LX,₹ 3.84 Lakh,"173,011 km",Diesel,Noida,2013
Maruti Suzuki Alto 800 LXi,₹ 1.20 Lakh,"103,547 km",CNG,Chennai,2018
Audi A4 35 TDI,₹ 29.55 Lakh,"142,746 km",Petrol,Pune,2013
Toyota Etios Liva G,₹ 10.16 Lakh,"71,480 km",Diesel,Bangalore,2020
Toyota Fortuner 2.8 4x2,₹ 10.75 Lakh,"70,947 km",CNG,Ahmedabad,2021
Maruti Suzuki Alto 800 LXi,₹ 1.20 Lakh,"92,624 km",Diesel,Kolkata,2018
Honda Amaze VX,₹ 1.60 Lakh,"120,093 km",Diesel,Mumbai,2017
Toyota Etios Liva G,₹ 8.05 Lakh,"113,359 km",Diesel,Bangalore,2017
Honda Amaze VX,₹ 1.20 Lakh,"152,095 km",CNG,Mumbai,2013
Mercedes-Benz GLA 220d,₹ 45.77 Lakh,"151,323 km",Diesel,Hyderabad,2014
Hyundai Grand i10 Magna,₹ 1.20 Lakh,"172,754 km",Petrol,Chennai,2012
Maruti Suzuki Vitara Brezza VDi,₹ 1.20 Lakh,"133,951 km",Petrol,Thane,2015
Kia Carens Prestige,₹ 5.06 Lakh,"125,303 km",Petrol,Delhi,2016
BMW 3 Series 320d,₹ 36.63 Lakh,"155,871 km",Diesel,Pune,2014
Mahindra Thar LX,₹ 6.12 Lakh,"114,062 km",CNG,Thane,2017
Mercedes-Benz C-Class C200,₹ 46.45 Lakh,"121,116 km",Diesel,Noida,2013
Kia Sonet GTX,₹ 4.12 Lakh,"142,120 km",Petrol,Chennai,2014
Honda City VX,₹ 6.31 Lakh,"46,319 km",Petrol,Kolkata,2023
Audi A4 35 TDI,₹ 29.78 Lakh,"159,741 km",Diesel,Noida,2013
BMW 3 Series 320d,₹ 33.90 Lakh,"195,308 km",Petrol,Bangalore,2013
Audi A4 35 TDI,₹ 31.23 Lakh,"155,962 km",Diesel,Delhi,2014
Mercedes-Benz GLA 220d,₹ 51.70 Lakh,"70,282 km",Diesel,Delhi,2022
Audi A4 35 TDI,₹ 36.04 Lakh,"64,529 km",Diesel,Ahmedabad,2020
Kia Seltos GTX,₹ 2.80 Lakh,"154,856 km",CNG,Chennai,2013
Mahindra Thar LX,₹ 9.45 Lakh,"58,545 km",Diesel,Noida,2020
BMW 3 Series 320d,₹ 43.21 Lakh,"34,926 km",Diesel,Chennai,2023
Maruti Suzuki Alto 800 LXi,₹ 1.20 Lakh,"124,884 km",CNG,Noida,2017
Hyundai Verna SX,₹ 2.12 Lakh,"94,188 km",CNG,Bangalore,2018
Mercedes-Benz E-Class E220d,₹ 45.91 Lakh,"152,193 km",Petrol,Mumbai,2014
Audi A4 35 TDI,₹ 30.08 Lakh,"139,897 km",Petrol,Bangalore,2014
Honda BR-V VX,₹ 1.20 Lakh,"125,837 km",CNG,Hyderabad,2015
Honda City VX,₹ 1.20 Lakh,"115,153 km",Petrol,Pune,2016
Tata Harrier XZ,₹ 6.87 Lakh,"54,510 km",CNG,Delhi,2023
Mahindra Scorpio S11,₹ 9.34 Lakh,"79,694 km",CNG,Hyderabad,2021
Honda City VX,₹ 1.20 Lakh,"156,981 km",Petrol,Pune,2014
Honda Jazz VX,₹ 1.20 Lakh,"150,843 km",Petrol,Kolkata,2014
Honda City VX,₹ 1.20 Lakh,"131,500 km",Petrol,Thane,2015
Mahindra XUV500 W8,₹ 6.60 Lakh,"106,644 km",Diesel,Chennai,2018
Maruti Suzuki Vitara Brezza VDi,₹ 3.91 Lakh,"43,322 km",Diesel,Kolkata,2023
Kia Carens Prestige,₹ 2.86 Lakh,"152,622 km",CNG,Thane,2013
Hyundai Santro Sportz,₹ 1.20 Lakh,"151,763 km",Petrol,Chennai,2012
Hyundai Venue S,₹ 1.20 Lakh,"95,079 km",Diesel,Noida,2016
Honda BR-V VX,₹ 6.06 Lakh,"49,096 km",Petrol,Pune,2023
Audi Q3 Premium,₹ 29.45 Lakh,"158,691 km",Petrol,Chennai,2013
Mercedes-Benz C-Class C200,₹ 45.96 Lakh,"148,609 km",Diesel,Thane,2015
Kia Carens Prestige,₹ 6.44 Lakh,"108,309 km",Diesel,Chennai,2017
Maruti Suzuki Ertiga VXI CNG,₹ 1.20 Lakh,"128,521 km",Petrol,Noida,2015
Kia Sonet GTX,₹ 6.62 Lakh,"86,667 km",Petrol,Pune,2017
Tata Tiago XT,₹ 7.00 Lakh,"83,313 km",Diesel,Hyderabad,2022
Mercedes-Benz C-Class C200,₹ 52.75 Lakh,"48,011 km",Diesel,Noida,2023
Maruti Suzuki Ciaz ZXI+,₹ 3.50 Lakh,"47,249 km",Petrol,Bangalore,2022
Kia Seltos GTX,₹ 6.53 Lakh,"96,567 km",Petrol,Delhi,2018
Honda Amaze VX,₹ 1.32 Lakh,"140,964 km",CNG,Ahmedabad,2015
Audi Q5 quattro,₹ 32.69 Lakh,"95,689 km",Petrol,Bangalore,2017
Audi Q5 quattro,₹ 37.52 Lakh,"55,566 km",Petrol,Noida,2022
Mercedes-Benz C-Class C200,₹ 52.88 Lakh,"38,773 km",Petrol,Bangalore,2023
Tata Nexon XZ+,₹ 7.03 Lakh,"38,343 km",Diesel,Hyderabad,2022
Mahindra XUV500 W8,₹ 4.83 Lakh,"138,240 km",CNG,Pune,2014
Honda Amaze VX,₹ 5.21 Lakh,"66,822 km",Petrol,Hyderabad,2022
Toyota Glanza G,₹ 10.84 Lakh,"46,233 km",Petrol,Delhi,2023
Mahindra Scorpio S11,₹ 8.36 Lakh,"74,140 km",CNG,Pune,2020
BMW X1 sDrive20d,₹ 38.51 Lakh,"101,008 km",Petrol,Kolkata,2018
BMW 5 Series 520d,₹ 41.88 Lakh,"60,480 km",Petrol,Ahmedabad,2021
Mahindra XUV500 W8,₹ 7.47 Lakh,"82,378 km",Diesel,Noida,2018
Tata Safari XZ+,₹ 4.46 Lakh,"115,642 km",CNG,Chennai,2018
Hyundai Venue S,₹ 1.20 Lakh,"130,243 km",Diesel,Bangalore,2015
Mahindra Thar LX,₹ 5.42 Lakh,"131,383 km",Petrol,Noida,2017
Mercedes-Benz E-Class E220d,₹ 50.16 Lakh,"79,572 km",Diesel,Ahmedabad,2020
Kia Carens Prestige,₹ 3.98 Lakh,"136,383 km",CNG,Chennai,2014
BMW 3 Series 320d,₹ 34.82 Lakh,"186,511 km",Diesel,Mumbai,2013
Tata Harrier XZ,₹ 1.21 Lakh,"124,121 km",Petrol,Pune,2015
Hyundai i10 Magna,₹ 1.20 Lakh,"139,074 km",Petrol,Pune,2016
Mercedes-Benz C-Class C200,₹ 46.13 Lakh,"138,859 km",Petrol,Delhi,2015
Mahindra Thar LX,₹ 4.73 Lakh,"130,227 km",CNG,Mumbai,2015
Kia Seltos GTX,₹ 9.27 Lakh,"54,093 km",CNG,Mumbai,2022
Hyundai Venue S,₹ 3.29 Lakh,"68,480 km",Diesel,Bangalore,2020
Hyundai Grand i10 Magna,₹ 1.20 Lakh,"111,354 km",CNG,Pune,2017
Toyota Innova Crysta GX,₹ 11.37 Lakh,"40,049 km",Diesel,Bangalore,2022
Audi Q3 Premium,₹ 31.66 Lakh,"123,061 km",Petrol,Mumbai,2016
Toyota Fortuner 2.8 4x2,₹ 11.03 Lakh,"71,017 km",CNG,Mumbai,2022
Kia Sonet GTX,₹ 10.87 Lakh,"44,642 km",Diesel,Kolkata,2023
Mercedes-Benz E-Class E220d,₹ 48.42 Lakh,"93,303 km",Petrol,Chennai,2018
BMW 3 Series 320d,₹ 35.87 Lakh,"160,231 km",Diesel,Ahmedabad,2013
BMW X1 sDrive20d,₹ 35.00 Lakh,"165,222 km",Diesel,Ahmedabad,2013
Audi Q5 quattro,₹ 29.08 Lakh,"199,320 km",Petrol,Bangalore,2012
Hyundai Elite i20 Sportz,₹ 1.20 Lakh,"155,120 km",Diesel,Kolkata,2014
Toyota Glanza G,₹ 8.23 Lakh,"111,017 km",CNG,Delhi,2018
Toyota Etios Liva G,₹ 9.47 Lakh,"78,681 km",CNG,Delhi,2020
Honda City VX,₹ 1.20 Lakh,"145,443 km",Diesel,Ahmedabad,2015
Audi Q3 Premium,₹ 31.20 Lakh,"157,092 km",Diesel,Noida,2014
Mercedes-Benz GLA 220d,₹ 51.96 Lakh,"65,976 km",Petrol,Bangalore,2022
Mercedes-Benz E-Class E220d,₹ 51.98 Lakh,"36,474 km",Diesel,Hyderabad,2022
Honda WR-V VX,₹ 1.20 Lakh,"134,559 km",CNG,Noida,2015
Maruti Suzuki Ciaz ZXI+,₹ 1.20 Lakh,"105,599 km",Diesel,Hyderabad,2017
Toyota Fortuner 2.8 4x2,₹ 5.92 Lakh,"132,461 km",Diesel,Mumbai,2015
Hyundai Grand i10 Magna,₹ 3.69 Lakh,"79,376 km",Diesel,Mumbai,2020
Kia Carens Prestige,₹ 8.25 Lakh,"90,436 km",CNG,Bangalore,2019
Toyota Etios Liva G,₹ 3.28 Lakh,"167,082 km",Petrol,Mumbai,2012
Honda WR-V VX,₹ 1.20 Lakh,"146,879 km",CNG,Hyderabad,2013
Audi Q5 quattro,₹ 36.12 Lakh,"95,388 km",Diesel,Delhi,2020
BMW X1 sDrive20d,₹ 42.73 Lakh,"35,744 km",Petrol,Thane,2022
Kia Sonet GTX,₹ 5.16 Lakh,"144,500 km",Diesel,Kolkata,2015
Honda Jazz VX,₹ 1.20 Lakh,"167,711 km",CNG,Bangalore,2015
Honda BR-V VX,₹ 1.20 Lakh,"169,057 km",CNG,Delhi,2012
Tata Tiago XT,₹ 1.20 Lakh,"128,232 km",CNG,Noida,2014
Honda Jazz VX,₹ 5.76 Lakh,"71,106 km",Diesel,Chennai,2023
Honda BR-V VX,₹ 2.87 Lakh,"117,246 km",Diesel,Hyderabad,2017
BMW 3 Series 320d,₹ 34.33 Lakh,"178,010 km",Diesel,Thane,2013
Kia Carens Prestige,₹ 7.88 Lakh,"85,370 km",Petrol,Kolkata,2019
Toyota Corolla Altis G,₹ 5.57 Lakh,"147,208 km",Petrol,Thane,2016
Maruti Suzuki Swift VXi,₹ 1.20 Lakh,"138,151 km",CNG,Mumbai,2015
Tata Safari XZ+,₹ 2.07 Lakh,"129,657 km",CNG,Kolkata,2015
Kia Seltos GTX,₹ 5.77 Lakh,"110,405 km",Petrol,Ahmedabad,2017
Mercedes-Benz C-Class C200,₹ 45.84 Lakh,"127,934 km",Diesel,Ahmedabad,2014
Tata Nexon XZ+,₹ 1.20 Lakh,"136,433 km",Diesel,Ahmedabad,2013
Maruti Suzuki Swift VXi,₹ 2.62 Lakh,"54,143 km",CNG,Chennai,2021
Toyota Corolla Altis G,₹ 7.22 Lakh,"99,604 km",Petrol,Mumbai,2017
Maruti Suzuki Baleno Delta 1.2,₹ 1.20 Lakh,"177,272 km",Diesel,Bangalore,2012
Honda City VX,₹ 1.20 Lakh,"148,497 km",Petrol,Bangalore,2013
Hyundai Creta SX,₹ 1.20 Lakh,"112,846 km",Petrol,Hyderabad,2016
Kia Carens Prestige,₹ 6.71 Lakh,"85,906 km",Diesel,Chennai,2018
Audi Q3 Premium,₹ 31.70 Lakh,"140,597 km",Diesel,Bangalore,2015
BMW 3 Series 320d,₹ 35.07 Lakh,"171,314 km",Diesel,Bangalore,2013
Kia Carens Prestige,₹ 3.50 Lakh,"139,760 km",Diesel,Ahmedabad,2012
Audi Q5 quattro,₹ 36.89 Lakh,"50,129 km",Petrol,Hyderabad,2021
Toyota Corolla Altis G,₹ 11.29 Lakh,"43,340 km",CNG,Pune,2023
Mercedes-Benz C-Class C200,₹ 52.95 Lakh,"54,340 km",Diesel,Mumbai,2022
Mercedes-Benz GLA 220d,₹ 48.01 Lakh,"102,368 km",Diesel,Hyderabad,2017
Maruti Suzuki Baleno Delta 1.2,₹ 1.20 Lakh,"151,418 km",Petrol,Ahmedabad,2013
Kia Sonet GTX,₹ 6.03 Lakh,"119,244 km",CNG,Kolkata,2016
Tata Safari XZ+,₹ 1.20 Lakh,"172,857 km",Diesel,Thane,2012
Tata Tiago XT,₹ 5.52 Lakh,"76,431 km",CNG,Chennai,2020
Tata Safari XZ+,₹ 6.76 Lakh,"55,174 km",Petrol,Chennai,2021
Kia Sonet GTX,₹ 6.54 Lakh,"104,182 km",CNG,Mumbai,2018
Mahindra XUV500 W8,₹ 2.51 Lakh,"163,671 km",CNG,Hyderabad,2012
Maruti Suzuki Ertiga VXI CNG,₹ 1.20 Lakh,"131,194 km",CNG,Chennai,2016
BMW 5 Series 520d,₹ 34.83 Lakh,"174,133 km",Petrol,Bangalore,2013
Kia Seltos GTX,₹ 6.13 Lakh,"123,852 km",Petrol,Mumbai,2017
Mercedes-Benz E-Class E220d,₹ 52.85 Lakh,"52,481 km",Diesel,Bangalore,2023
BMW 5 Series 520d,₹ 41.92 Lakh,"53,574 km",Diesel,Chennai,2022
Hyundai i10 Magna,₹ 2.12 Lakh,"92,855 km",CNG,Thane,2017
Mahindra Scorpio S11,₹ 7.36 Lakh,"83,446 km",Diesel,Pune,2018
Kia Seltos GTX,₹ 4.99 Lakh,"144,787 km",Diesel,Hyderabad,2016
Tata Nexon XZ+,₹ 2.35 Lakh,"121,530 km",CNG,Delhi,2016
Mercedes-Benz GLA 220d,₹ 46.61 Lakh,"137,167 km",Petrol,Pune,2015
Tata Harrier XZ,₹ 6.26 Lakh,"56,058 km",Diesel,Chennai,2021
Audi Q5 quattro,₹ 37.44 Lakh,"50,709 km",Diesel,Mumbai,2022
Audi Q3 Premium,₹ 31.63 Lakh,"142,008 km",Petrol,Hyderabad,2014
Audi Q5 quattro,₹ 35.60 Lakh,"52,725 km",Diesel,Hyderabad,2020
Maruti Suzuki S-Presso VXi,₹ 1.20 Lakh,"135,126 km",Petrol,Bangalore,2014
BMW 3 Series 320d,₹ 39.42 Lakh,"77,066 km",Petrol,Hyderabad,2019
Kia Sonet GTX,₹ 5.42 Lakh,"135,771 km",Diesel,Noida,2017
Honda City VX,₹ 1.20 Lakh,"147,150 km",CNG,Chennai,2015
Kia Seltos GTX,₹ 3.46 Lakh,"149,648 km",CNG,Noida,2014
Maruti Suzuki Alto 800 LXi,₹ 1.20 Lakh,"168,532 km",Petrol,Bangalore,2014
Toyota Etios Liva G,₹ 7.73 Lakh,"98,284 km",Diesel,Ahmedabad,2017
Mercedes-Benz E-Class E220d,₹ 46.67 Lakh,"131,709 km",Petrol,Mumbai,2015
Kia Seltos GTX,₹ 9.82 Lakh,"74,515 km",CNG,Hyderabad,2021
Tata Tiago XT,₹ 5.58 Lakh,"74,218 km",Diesel,Chennai,2020
Hyundai Grand i10 Magna,₹ 1.20 Lakh,"145,873 km",CNG,Thane,2015
Toyota Innova Crysta GX,₹ 4.09 Lakh,"153,483 km",CNG,Bangalore,2014
Toyota Fortuner 2.8 4x2,₹ 5.94 Lakh,"136,427 km",Diesel,Pune,2016
Kia Seltos GTX,₹ 10.25 Lakh,"60,918 km",CNG,Kolkata,2022
Kia Carens Prestige,₹ 11.15 Lakh,"47,366 km",CNG,Chennai,2023
Audi A4 35 TDI,₹ 29.74 Lakh,"148,533 km",Petrol,Bangalore,2012
Tata Safari XZ+,₹ 6.85 Lakh,"56,680 km",Petrol,Bangalore,2021
Hyundai Santro Sportz,₹ 4.96 Lakh,"65,690 km",Diesel,Delhi,2022
Toyota Glanza G,₹ 5.58 Lakh,"122,766 km",Petrol,Ahmedabad,2016
Toyota Corolla Altis G,₹ 7.80 Lakh,"119,777 km",CNG,Noida,2017
Kia Sonet GTX,₹ 6.46 Lakh,"110,667 km",Petrol,Kolkata,2017
Honda Jazz VX,₹ 1.20 Lakh,"162,665 km",CNG,Hyderabad,2015
Maruti Suzuki Baleno Delta 1.2,₹ 1.20 Lakh,"141,556 km",Diesel,Noida,2017
Toyota Fortuner 2.8 4x2,₹ 3.52 Lakh,"174,073 km",Diesel,Chennai,2012
Hyundai Santro Sportz,₹ 5.91 Lakh,"49,378 km",Petrol,Chennai,2023
Mahindra XUV500 W8,₹ 8.05 Lakh,"93,100 km",Diesel,Noida,2019
Mahindra XUV500 W8,₹ 10.35 Lakh,"35,775 km",Petrol,Bangalore,2023
Mahindra XUV500 W8,₹ 1.86 Lakh,"195,877 km",Petrol,Noida,2012
Tata Safari XZ+,₹ 1.20 Lakh,"161,249 km",Petrol,Mumbai,2014
Honda City VX,₹ 1.20 Lakh,"136,130 km",CNG,Mumbai,2014
Honda Jazz VX,₹ 5.19 Lakh,"49,679 km",Petrol,Pune,2022
Mahindra XUV500 W8,₹ 7.75 Lakh,"96,552 km",Diesel,Thane,2019
Hyundai i10 Magna,₹ 2.78 Lakh,"71,340 km",CNG,Kolkata,2019
Tata Safari XZ+,₹ 1.20 Lakh,"144,692 km",Petrol,Pune,2013
Mahindra Scorpio S11,₹ 9.19 Lakh,"61,236 km",Petrol,Thane,2020
BMW 3 Series 320d,₹ 41.81 Lakh,"46,327 km",Diesel,Bangalore,2022
Mercedes-Benz C-Class C200,₹ 50.89 Lakh,"66,309 km",Petrol,Chennai,2021
Audi Q3 Premium,₹ 38.00 Lakh,"40,576 km",Diesel,Hyderabad,2023
Toyota Etios Liva G,₹ 9.18 Lakh,"79,268 km",Petrol,Bangalore,2021
Hyundai Grand i10 Magna,₹ 1.20 Lakh,"182,724 km",CNG,Mumbai,2012
Mahindra Scorpio S11,₹ 7.83 Lakh,"86,043 km",Diesel,Noida,2020
Hyundai Venue S,₹ 1.20 Lakh,"182,004 km",CNG,Mumbai,2012
Toyota Corolla Altis G,₹ 5.45 Lakh,"138,517 km",Diesel,Delhi,2014
Mercedes-Benz GLA 220d,₹ 47.29 Lakh,"122,428 km",Petrol,Delhi,2016
Honda Jazz VX,₹ 1.20 Lakh,"141,935 km",Diesel,Chennai,2014
Toyota Fortuner 2.8 4x2,₹ 9.28 Lakh,"70,120 km",Diesel,Pune,2020
Hyundai Venue S,₹ 1.20 Lakh,"151,026 km",Diesel,Ahmedabad,2014
Tata Safari XZ+,₹ 1.69 Lakh,"153,549 km",Petrol,Thane,2015
Toyota Innova Crysta GX,₹ 7.45 Lakh,"114,317 km",Diesel,Kolkata,2016
Maruti Suzuki Ciaz ZXI+,₹ 2.05 Lakh,"84,606 km",CNG,Noida,2020
Maruti Suzuki Ciaz ZXI+,₹ 1.20 Lakh,"77,115 km",Petrol,Bangalore,2019
Mahindra Scorpio S11,₹ 10.61 Lakh,"42,742 km",Diesel,Delhi,2022
Mahindra XUV500 W8,₹ 9.68 Lakh,"62,937 km",Diesel,Kolkata,2022
Honda WR-V VX,₹ 2.94 Lakh,"95,549 km",CNG,Ahmedabad,2018
Tata Harrier XZ,₹ 4.77 Lakh,"82,844 km",Diesel,Kolkata,2019
Honda Jazz VX,₹ 1.81 Lakh,"110,941 km",Petrol,Chennai,2017
Hyundai Creta SX,₹ 4.34 Lakh,"64,074 km",Petrol,Mumbai,2021
Mercedes-Benz GLA 220d,₹ 46.69 Lakh,"154,742 km",Diesel,Ahmedabad,2014
Kia Seltos GTX,₹ 1.75 Lakh,"180,998 km",Petrol,Noida,2012
Mercedes-Benz E-Class E220d,₹ 46.58 Lakh,"124,684 km",Diesel,Chennai,2015
Mercedes-Benz GLA 220d,₹ 47.45 Lakh,"130,247 km",Diesel,Mumbai,2016
Hyundai Elite i20 Sportz,₹ 4.80 Lakh,"52,165 km",CNG,Thane,2022
Toyota Fortuner 2.8 4x2,₹ 11.60 Lakh,"55,398 km",Petrol,Hyderabad,2023
Maruti Suzuki Alto 800 LXi,₹ 1.20 Lakh,"104,038 km",Petrol,Bangalore,2016
Hyundai Creta SX,₹ 1.20 Lakh,"138,502 km",Petrol,Bangalore,2014
Mahindra Scorpio S11,₹ 5.79 Lakh,"98,629 km",Petrol,Ahmedabad,2016
Kia Carens Prestige,₹ 7.80 Lakh,"99,114 km",CNG,Kolkata,2018
Tata Nexon XZ+,₹ 1.20 Lakh,"161,492 km",Diesel,Pune,2013
Maruti Suzuki Ertiga VXI CNG,₹ 1.20 Lakh,"119,235 km",Diesel,Bangalore,2016
Maruti Suzuki Alto 800 LXi,₹ 1.20 Lakh,"113,087 km",Diesel,Kolkata,2018
BMW 3 Series 320d,₹ 37.79 Lakh,"137,737 km",Petrol,Chennai,2017
Tata Safari XZ+,₹ 8.30 Lakh,"33,601 km",CNG,Chennai,2023
Toyota Innova Crysta GX,₹ 10.69 Lakh,"71,417 km",Petrol,Delhi,2022
Kia Seltos GTX,₹ 3.27 Lakh,"155,796 km",Diesel,Delhi,2014
Honda BR-V VX,₹ 1.86 Lakh,"128,468 km",CNG,Hyderabad,2016
Hyundai Elite i20 Sportz,₹ 5.41 Lakh,"26,703 km",CNG,Delhi,2023
Mercedes-Benz E-Class E220d,₹ 45.87 Lakh,"150,297 km",Petrol,Noida,2014
Mercedes-Benz E-Class E220d,₹ 51.83 Lakh,"63,030 km",Diesel,Thane,2021
Hyundai Santro Sportz,₹ 2.96 Lakh,"71,964 km",Petrol,Mumbai,2020
Kia Sonet GTX,₹ 5.75 Lakh,"119,161 km",Petrol,Mumbai,2018
Mahindra XUV500 W8,₹ 10.31 Lakh,"43,403 km",Petrol,Thane,2023
Audi Q3 Premium,₹ 32.37 Lakh,"137,735 km",Diesel,Ahmedabad,2015
Tata Harrier XZ,₹ 5.66 Lakh,"76,245 km",Petrol,Thane,2020
Mahindra Scorpio S11,₹ 10.95 Lakh,"47,567 km",CNG,Bangalore,2023
Mercedes-Benz GLA 220d,₹ 44.23 Lakh,"183,617 km",Diesel,Kolkata,2012
Kia Seltos GTX,₹ 8.08 Lakh,"90,103 km",Petrol,Bangalore,2019
Toyota Corolla Altis G,₹ 10.53 Lakh,"37,077 km",Diesel,Hyderabad,2021
BMW 5 Series 520d,₹ 43.50 Lakh,"50,409 km",Diesel,Thane,2023
Kia Seltos GTX,₹ 6.68 Lakh,"106,430 km",Diesel,Delhi,2018
Audi Q3 Premium,₹ 30.73 Lakh,"165,718 km",Diesel,Thane,2013
Toyota Fortuner 2.8 4x2,₹ 11.17 Lakh,"41,024 km",CNG,Bangalore,2023
Audi Q5 quattro,₹ 38.19 Lakh,"51,938 km",Diesel,Kolkata,2023
Hyundai Verna SX,₹ 2.83 Lakh,"86,971 km",Diesel,Mumbai,2019
BMW 5 Series 520d,₹ 38.20 Lakh,"103,958 km",Petrol,Noida,2018
Audi Q5 quattro,₹ 30.35 Lakh,"163,009 km",Petrol,Hyderabad,2013
Mercedes-Benz C-Class C200,₹ 51.04 Lakh,"65,453 km",Diesel,Kolkata,2019
Hyundai Elite i20 Sportz,₹ 5.38 Lakh,"46,329 km",Diesel,Noida,2021
Toyota Corolla Altis G,₹ 12.49 Lakh,"35,662 km",Petrol,Mumbai,2023
Honda WR-V VX,₹ 2.93 Lakh,"117,817 km",Diesel,Chennai,2018
Honda BR-V VX,₹ 2.03 Lakh,"108,239 km",Diesel,Kolkata,2017
Mercedes-Benz GLA 220d,₹ 51.25 Lakh,"62,584 km",Diesel,Ahmedabad,2021
Mercedes-Benz E-Class E220d,₹ 52.75 Lakh,"37,326 km",Petrol,Pune,2022
Mercedes-Benz GLA 220d,₹ 44.27 Lakh,"179,764 km",Petrol,Pune,2012
Honda BR-V VX,₹ 4.18 Lakh,"69,260 km",Diesel,Delhi,2018
Mercedes-Benz GLA 220d,₹ 48.58 Lakh,"117,664 km",Petrol,Mumbai,2018
Audi Q5 quattro,₹ 34.43 Lakh,"82,653 km",Petrol,Thane,2019
Mercedes-Benz GLA 220d,₹ 46.27 Lakh,"141,959 km",Petrol,Pune,2016
Audi A4 35 TDI,₹ 36.28 Lakh,"72,460 km",Diesel,Chennai,2021
Tata Safari XZ+,₹ 5.44 Lakh,"54,977 km",CNG,Ahmedabad,2020
Mercedes-Benz GLA 220d,₹ 50.21 Lakh,"86,201 km",Diesel,Pune,2020
Maruti Suzuki Baleno Delta 1.2,₹ 3.40 Lakh,"60,307 km",CNG,Thane,2022
Maruti Suzuki Vitara Brezza VDi,₹ 1.20 Lakh,"167,476 km",Petrol,Bangalore,2014
BMW 3 Series 320d,₹ 38.56 Lakh,"117,975 km",Petrol,Pune,2018
Maruti Suzuki Alto 800 LXi,₹ 1.63 Lakh,"83,392 km",Diesel,Ahmedabad,2020
Toyota Glanza G,₹ 9.36 Lakh,"90,395 km",CNG,Noida,2020
Maruti Suzuki Vitara Brezza VDi,₹ 1.20 Lakh,"81,519 km",CNG,Hyderabad,2019
BMW 5 Series 520d,₹ 42.40 Lakh,"61,729 km",Diesel,Thane,2023
Toyota Glanza G,₹ 4.18 Lakh,"160,656 km",Diesel,Mumbai,2014
Toyota Glanza G,₹ 11.77 Lakh,"47,102 km",Diesel,Chennai,2022
Kia Seltos GTX,₹ 8.42 Lakh,"80,938 km",Diesel,Hyderabad,2021
Mahindra Thar LX,₹ 5.11 Lakh,"111,577 km",Petrol,Thane,2016
Mercedes-Benz C-Class C200,₹ 49.15 Lakh,"106,588 km",Petrol,Chennai,2019
Maruti Suzuki S-Presso VXi,₹ 3.70 Lakh,"38,637 km",Petrol,Delhi,2023
Honda WR-V VX,₹ 5.91 Lakh,"53,999 km",CNG,Hyderabad,2022
Hyundai Grand i10 Magna,₹ 1.20 Lakh,"134,147 km",Diesel,Pune,2015
Tata Harrier XZ,₹ 6.80 Lakh,"62,051 km",Diesel,Pune,2021
Kia Carens Prestige,₹ 6.90 Lakh,"98,988 km",Diesel,Bangalore,2018
Maruti Suzuki Ertiga VXI CNG,₹ 1.20 Lakh,"150,450 km",Diesel,Ahmedabad,2014
Kia Sonet GTX,₹ 4.66 Lakh,"142,942 km",Diesel,Chennai,2014
Honda Jazz VX,₹ 1.20 Lakh,"152,654 km",Petrol,Pune,2013
Maruti Suzuki Ciaz ZXI+,₹ 1.71 Lakh,"82,184 km",Diesel,Kolkata,2019
Tata Tiago XT,₹ 6.70 Lakh,"55,559 km",Petrol,Noida,2022
Honda City VX,₹ 1.20 Lakh,"125,704 km",CNG,Hyderabad,2015
BMW 3 Series 320d,₹ 35.67 Lakh,"144,478 km",Diesel,Delhi,2014
Mercedes-Benz C-Class C200,₹ 43.65 Lakh,"191,847 km",Diesel,Chennai,2012
Honda City VX,₹ 1.20 Lakh,"179,830 km",Petrol,Bangalore,2013
BMW 5 Series 520d,₹ 35.94 Lakh,"140,036 km",Petrol,Pune,2014
Audi Q5 quattro,₹ 31.41 Lakh,"125,693 km",Petrol,Thane,2015
Honda BR-V VX,₹ 6.72 Lakh,"42,714 km",Diesel,Bangalore,2022
Mahindra XUV500 W8,₹ 10.27 Lakh,"44,516 km",Petrol,Thane,2023
Mahindra Scorpio S11,₹ 2.72 Lakh,"156,706 km",Diesel,Delhi,2013
Maruti Suzuki Alto 800 LXi,₹ 1.20 Lakh,"111,097 km",Diesel,Kolkata,2017
BMW 3 Series 320d,₹ 38.76 Lakh,"117,940 km",Diesel,Ahmedabad,2017
Tata Safari XZ+,₹ 6.30 Lakh,"74,317 km",Diesel,Delhi,2020
BMW 3 Series 320d,₹ 38.37 Lakh,"89,647 km",Petrol,Noida,2017
Tata Tiago XT,₹ 6.48 Lakh,"68,133 km",Diesel,Thane,2021
Toyota Fortuner 2.8 4x2,₹ 3.84 Lakh,"171,342 km",CNG,Hyderabad,2013
Hyundai Santro Sportz,₹ 1.20 Lakh,"138,121 km",CNG,Bangalore,2015
Maruti Suzuki S-Presso VXi,₹ 1.70 Lakh,"94,217 km",CNG,Bangalore,2020
Audi A4 35 TDI,₹ 32.16 Lakh,"116,778 km",Petrol,Hyderabad,2017
Audi Q3 Premium,₹ 30.66 Lakh,"135,808 km",Petrol,Delhi,2014
Hyundai Venue S,₹ 6.56 Lakh,"37,338 km",CNG,Hyderabad,2023
Toyota Etios Liva G,₹ 9.15 Lakh,"87,026 km",Petrol,Delhi,2020
Hyundai Elite i20 Sportz,₹ 2.23 Lakh,"97,949 km",Diesel,Chennai,2018
BMW 5 Series 520d,₹ 42.89 Lakh,"33,881 km",Petrol,Bangalore,2023
Kia Carens Prestige,₹ 3.34 Lakh,"169,527 km",Diesel,Bangalore,2013
Mercedes-Benz E-Class E220d,₹ 49.55 Lakh,"100,298 km",Petrol,Pune,2018
Mahindra XUV500 W8,₹ 8.70 Lakh,"51,416 km",Petrol,Mumbai,2021
Audi Q5 quattro,₹ 35.03 Lakh,"68,671 km",Petrol,Kolkata,2020
Maruti Suzuki Wagon R 1.0 VXI,₹ 3.14 Lakh,"51,166 km",CNG,Delhi,2022
Kia Carens Prestige,₹ 8.31 Lakh,"70,062 km",Diesel,Pune,2020
Tata Safari XZ+,₹ 2.66 Lakh,"123,743 km",CNG,Pune,2016
Mercedes-Benz GLA 220d,₹ 49.28 Lakh,"74,627 km",Petrol,Kolkata,2019
Mahindra Thar LX,₹ 7.11 Lakh,"102,683 km",CNG,Bangalore,2017
Hyundai i10 Magna,₹ 3.72 Lakh,"53,281 km",Petrol,Bangalore,2021
BMW X1 sDrive20d,₹ 41.42 Lakh,"50,477 km",Diesel,Bangalore,2021
Audi A4 35 TDI,₹ 36.72 Lakh,"56,461 km",Petrol,Delhi,2022
Mahindra Scorpio S11,₹ 9.35 Lakh,"67,517 km",Diesel,Delhi,2020
Toyota Etios Liva G,₹ 8.81 Lakh,"118,658 km",Petrol,Thane,2019
Audi A4 35 TDI,₹ 30.33 Lakh,"164,473 km",Diesel,Hyderabad,2013
Mahindra Thar LX,₹ 8.30 Lakh,"84,656 km",Petrol,Delhi,2020
Mercedes-Benz E-Class E220d,₹ 49.08 Lakh,"102,366 km",Petrol,Noida,2020
Maruti Suzuki Baleno Delta 1.2,₹ 1.20 Lakh,"174,900 km",Diesel,Kolkata,2013
Mahindra Thar LX,₹ 3.86 Lakh,"137,266 km",Diesel,Noida,2014
Mahindra XUV500 W8,₹ 10.52 Lakh,"48,330 km",CNG,Ahmedabad,2022
Audi A4 35 TDI,₹ 37.36 Lakh,"21,536 km",Petrol,Hyderabad,2023
Kia Seltos GTX,₹ 10.13 Lakh,"45,391 km",CNG,Delhi,2023
Toyota Corolla Altis G,₹ 4.17 Lakh,"191,210 km",CNG,Bangalore,2013
BMW 5 Series 520d,₹ 35.08 Lakh,"150,983 km",Petrol,Ahmedabad,2014
Kia Seltos GTX,₹ 9.60 Lakh,"78,763 km",CNG,Delhi,2021
Hyundai Grand i10 Magna,₹ 1.20 Lakh,"130,356 km",Diesel,Mumbai,2016
Tata Harrier XZ,₹ 8.22 Lakh,"29,223 km",Diesel,Thane,2023
Kia Sonet GTX,₹ 3.61 Lakh,"151,941 km",Diesel,Delhi,2014
Mahindra Scorpio S11,₹ 10.43 Lakh,"28,391 km",Petrol,Ahmedabad,2023
Mercedes-Benz C-Class C200,₹ 53.25 Lakh,"31,889 km",Diesel,Ahmedabad,2023
Kia Seltos GTX,₹ 5.67 Lakh,"106,306 km",CNG,Hyderabad,2017
Mahindra Thar LX,₹ 6.89 Lakh,"93,610 km",Petrol,Noida,2018
Honda Amaze VX,₹ 1.98 Lakh,"114,474 km",Diesel,Pune,2017
Mercedes-Benz C-Class C200,₹ 53.01 Lakh,"47,235 km",Diesel,Thane,2022
BMW 5 Series 520d,₹ 35.98 Lakh,"126,264 km",Petrol,Chennai,2014
Mahindra XUV500 W8,₹ 4.47 Lakh,"131,306 km",Petrol,Thane,2016
Tata Tiago XT,₹ 1.20 Lakh,"168,432 km",Petrol,Mumbai,2013
Mercedes-Benz GLA 220d,₹ 49.58 Lakh,"72,399 km",Petrol,Hyderabad,2019
Tata Safari XZ+,₹ 1.55 Lakh,"136,182 km",Petrol,Mumbai,2016
Audi Q5 quattro,₹ 30.30 Lakh,"176,086 km",Diesel,Kolkata,2012
Maruti Suzuki Ciaz ZXI+,₹ 1.20 Lakh,"140,822 km",Petrol,Thane,2014
Tata Tiago XT,₹ 6.62 Lakh,"53,689 km",Diesel,Kolkata,2022
Mercedes-Benz C-Class C200,₹ 51.40 Lakh,"61,620 km",Diesel,Noida,2021
Maruti Suzuki Ertiga VXI CNG,₹ 1.20 Lakh,"96,548 km",Diesel,Pune,2019
Mercedes-Benz GLA 220d,₹ 52.82 Lakh,"54,649 km",Diesel,Thane,2023
Tata Safari XZ+,₹ 2.16 Lakh,"117,481 km",Diesel,Ahmedabad,2016
Toyota Innova Crysta GX,₹ 9.64 Lakh,"76,885 km",Diesel,Delhi,2020
Toyota Glanza G,₹ 12.22 Lakh,"39,805 km",Diesel,Thane,2022
Hyundai i10 Magna,₹ 1.20 Lakh,"162,089 km",Diesel,Mumbai,2013
Toyota Corolla Altis G,₹ 9.94 Lakh,"54,085 km",CNG,Delhi,2020
Toyota Corolla Altis G,₹ 9.46 Lakh,"70,347 km",CNG,Hyderabad,2019
Toyota Etios Liva G,₹ 5.75 Lakh,"131,956 km",Diesel,Kolkata,2016
Tata Nexon XZ+,₹ 2.45 Lakh,"133,679 km",CNG,Delhi,2015
Mahindra XUV500 W8,₹ 9.55 Lakh,"60,983 km",CNG,Chennai,2020
Honda BR-V VX,₹ 1.20 Lakh,"140,181 km",Petrol,Mumbai,2014
Hyundai Santro Sportz,₹ 1.20 Lakh,"155,761 km",Petrol,Delhi,2014
Mahindra Thar LX,₹ 7.07 Lakh,"95,322 km",Diesel,Delhi,2019
BMW X1 sDrive20d,₹ 41.06 Lakh,"72,076 km",Petrol,Delhi,2021
Honda Amaze VX,₹ 1.35 Lakh,"121,893 km",CNG,Delhi,2017
BMW X1 sDrive20d,₹ 41.81 Lakh,"64,878 km",Petrol,Delhi,2021
Honda Jazz VX,₹ 1.64 Lakh,"112,075 km",CNG,Thane,2016
Kia Sonet GTX,₹ 9.04 Lakh,"61,334 km",Diesel,Hyderabad,2021
Mahindra XUV500 W8,₹ 6.56 Lakh,"100,643 km",Petrol,Pune,2019
Toyota Fortuner 2.8 4x2,₹ 8.16 Lakh,"83,148 km",Petrol,Delhi,2018
Mercedes-Benz C-Class C200,₹ 44.41 Lakh,"177,171 km",Petrol,Delhi,2012
Toyota Glanza G,₹ 8.42 Lakh,"100,021 km",Petrol,Bangalore,2019
BMW X1 sDrive20d,₹ 41.25 Lakh,"66,513 km",Diesel,Mumbai,2022
Mahindra XUV500 W8,₹ 6.05 Lakh,"125,521 km",Diesel,Bangalore,2018
Mahindra XUV500 W8,₹ 6.45 Lakh,"116,341 km",Petrol,Ahmedabad,2018
Mercedes-Benz E-Class E220d,₹ 44.65 Lakh,"168,899 km",Diesel,Delhi,2012
Honda Amaze VX,₹ 5.62 Lakh,"67,690 km",Diesel,Hyderabad,2021
Hyundai Creta SX,₹ 1.20 Lakh,"172,410 km",CNG,Kolkata,2012
Hyundai Grand i10 Magna,₹ 1.20 Lakh,"125,632 km",Petrol,Thane,2015
Hyundai Santro Sportz,₹ 1.73 Lakh,"98,040 km",Diesel,Bangalore,2018
Maruti Suzuki Ciaz ZXI+,₹ 1.20 Lakh,"125,936 km",Diesel,Chennai,2017
BMW 3 Series 320d,₹ 42.22 Lakh,"51,248 km",Diesel,Thane,2021
Hyundai Venue S,₹ 1.20 Lakh,"163,146 km",Diesel,Mumbai,2012
Honda Jazz VX,₹ 1.20 Lakh,"127,876 km",Diesel,Bangalore,2016
Honda City VX,₹ 6.60 Lakh,"47,652 km",Petrol,Hyderabad,2022
Tata Nexon XZ+,₹ 1.20 Lakh,"153,025 km",CNG,Mumbai,2014
Tata Safari XZ+,₹ 4.67 Lakh,"97,656 km",Petrol,Hyderabad,2019
Kia Carens Prestige,₹ 9.74 Lakh,"45,202 km",Diesel,Ahmedabad,2022
Honda WR-V VX,₹ 2.21 Lakh,"112,816 km",Diesel,Thane,2018
Honda Amaze VX,₹ 2.24 Lakh,"119,390 km",CNG,Ahmedabad,2017
Mahindra XUV500 W8,₹ 6.59 Lakh,"106,521 km",CNG,Delhi,2018
Audi Q5 quattro,₹ 30.39 Lakh,"162,309 km",Diesel,Chennai,2013
Kia Carens Prestige,₹ 5.66 Lakh,"122,629 km",Diesel,Pune,2016
Kia Carens Prestige,₹ 10.17 Lakh,"31,522 km",Diesel,Bangalore,2022
Kia Seltos GTX,₹ 1.99 Lakh,"163,495 km",Diesel,Pune,2012
Toyota Etios Liva G,₹ 11.81 Lakh,"52,988 km",CNG,Delhi,2022
Hyundai Verna SX,₹ 1.20 Lakh,"156,341 km",CNG,Bangalore,2012
Tata Nexon XZ+,₹ 1.20 Lakh,"173,974 km",Diesel,Noida,2012
Audi A4 35 TDI,₹ 34.91 Lakh,"85,870 km",Diesel,Hyderabad,2018
Toyota Innova Crysta GX,₹ 9.83 Lakh,"64,811 km",Diesel,Thane,2020
BMW 3 Series 320d,₹ 39.87 Lakh,"81,682 km",Petrol,Ahmedabad,2020
Honda Jazz VX,₹ 5.79 Lakh,"48,149 km",Petrol,Bangalore,2023
Honda Jazz VX,₹ 7.45 Lakh,"38,351 km",CNG,Bangalore,2023
Mahindra Thar LX,₹ 1.71 Lakh,"154,919 km",Petrol,Hyderabad,2012
Maruti Suzuki Alto 800 LXi,₹ 1.80 Lakh,"67,990 km",Diesel,Chennai,2020
Mercedes-Benz C-Class C200,₹ 51.53 Lakh,"63,919 km",Diesel,Mumbai,2021
Mercedes-Benz GLA 220d,₹ 45.40 Lakh,"165,371 km",Diesel,Mumbai,2013
Hyundai Venue S,₹ 4.72 Lakh,"69,173 km",CNG,Bangalore,2021
Honda WR-V VX,₹ 1.20 Lakh,"155,073 km",CNG,Thane,2015
Mercedes-Benz GLA 220d,₹ 49.31 Lakh,"81,018 km",Diesel,Chennai,2019
Mahindra Thar LX,₹ 7.95 Lakh,"106,396 km",CNG,Chennai,2020
Tata Safari XZ+,₹ 1.20 Lakh,"134,963 km",Petrol,Mumbai,2015
Mercedes-Benz GLA 220d,₹ 50.96 Lakh,"75,557 km",Petrol,Delhi,2020
Toyota Etios Liva G,₹ 4.41 Lakh,"169,315 km",Petrol,Thane,2013
Mahindra XUV500 W8,₹ 10.02 Lakh,"39,281 km",CNG,Pune,2022
Honda BR-V VX,₹ 1.20 Lakh,"114,478 km",Petrol,Mumbai,2016
Tata Nexon XZ+,₹ 1.20 Lakh,"154,077 km",Petrol,Pune,2013
Maruti Suzuki S-Presso VXi,₹ 1.20 Lakh,"121,051 km",Diesel,Noida,2017
Tata Tiago XT,₹ 6.25 Lakh,"72,410 km",Diesel,Chennai,2021
Maruti Suzuki Swift VXi,₹ 1.20 Lakh,"166,914 km",CNG,Bangalore,2012
Maruti Suzuki Baleno Delta 1.2,₹ 3.20 Lakh,"44,300 km",CNG,Thane,2023
Honda Jazz VX,₹ 5.86 Lakh,"50,858 km",Diesel,Noida,2020
Tata Nexon XZ+,₹ 1.20 Lakh,"160,595 km",Petrol,Thane,2014
Hyundai Venue S,₹ 1.20 Lakh,"122,098 km",CNG,Ahmedabad,2016
BMW 3 Series 320d,₹ 38.83 Lakh,"107,889 km",Petrol,Bangalore,2017
Toyota Innova Crysta GX,₹ 8.33 Lakh,"83,040 km",Petrol,Mumbai,2019
Honda BR-V VX,₹ 1.20 Lakh,"176,359 km",Petrol,Thane,2013
Hyundai Verna SX,₹ 1.20 Lakh,"160,274 km",CNG,Chennai,2013
Honda Amaze VX,₹ 3.19 Lakh,"103,930 km",Diesel,Delhi,2017
Maruti Suzuki S-Presso VXi,₹ 1.44 Lakh,"61,111 km",Petrol,Hyderabad,2021
Kia Sonet GTX,₹ 1.51 Lakh,"178,920 km",Petrol,Thane,2012
Hyundai Grand i10 Magna,₹ 1.20 Lakh,"163,080 km",CNG,Bangalore,2013
Honda BR-V VX,₹ 5.65 Lakh,"57,824 km",Petrol,Ahmedabad,2023
Maruti Suzuki Ciaz ZXI+,₹ 1.20 Lakh,"75,963 km",CNG,Ahmedabad,2020
Kia Sonet GTX,₹ 5.85 Lakh,"116,531 km",CNG,Pune,2017
Maruti Suzuki Ciaz ZXI+,₹ 3.22 Lakh,"74,756 km",Petrol,Bangalore,2022
Kia Seltos GTX,₹ 10.17 Lakh,"46,094 km",Petrol,Delhi,2022
Mahindra XUV500 W8,₹ 2.55 Lakh,"194,322 km",Diesel,Kolkata,2012
Toyota Innova Crysta GX,₹ 9.59 Lakh,"94,244 km",Diesel,Thane,2019
Hyundai Venue S,₹ 1.58 Lakh,"93,318 km",CNG,Bangalore,2018
Mahindra XUV500 W8,₹ 10.82 Lakh,"31,366 km",CNG,Bangalore,2023
Maruti Suzuki Ertiga VXI CNG,₹ 1.20 Lakh,"80,729 km",CNG,Chennai,2018
Kia Seltos GTX,₹ 4.55 Lakh,"148,219 km",CNG,Kolkata,2014
Kia Carens Prestige,₹ 8.13 Lakh,"93,726 km",CNG,Pune,2019
Tata Safari XZ+,₹ 4.82 Lakh,"97,506 km",CNG,Mumbai,2019
Mahindra XUV500 W8,₹ 3.36 Lakh,"157,496 km",Diesel,Delhi,2012
Tata Safari XZ+,₹ 3.04 Lakh,"131,130 km",Diesel,Pune,2016
Tata Nexon XZ+,₹ 3.07 Lakh,"123,971 km",CNG,Chennai,2016
Kia Carens Prestige,₹ 4.55 Lakh,"155,491 km",Diesel,Chennai,2014
Mercedes-Benz GLA 220d,₹ 48.07 Lakh,"110,776 km",Diesel,Ahmedabad,2017
Honda City VX,₹ 3.70 Lakh,"95,823 km",Diesel,Delhi,2018
Hyundai Santro Sportz,₹ 6.40 Lakh,"32,852 km",CNG,Kolkata,2023
Audi Q5 quattro,₹ 30.16 Lakh,"147,862 km",Diesel,Chennai,2013
Toyota Innova Crysta GX,₹ 11.09 Lakh,"50,391 km",CNG,Pune,2022
Audi A4 35 TDI,₹ 36.61 Lakh,"54,291 km",Petrol,Thane,2023
Kia Sonet GTX,₹ 5.70 Lakh,"130,729 km",Petrol,Ahmedabad,2016
Hyundai Grand i10 Magna,₹ 1.20 Lakh,"167,535 km",Diesel,Pune,2014
Tata Nexon XZ+,₹ 7.98 Lakh,"52,944 km",Petrol,Hyderabad,2023
Hyundai Santro Sportz,₹ 1.20 Lakh,"116,658 km",CNG,Chennai,2018
Toyota Etios Liva G,₹ 4.44 Lakh,"154,192 km",Petrol,Thane,2014
Maruti Suzuki Wagon R 1.0 VXI,₹ 1.20 Lakh,"166,177 km",Petrol,Noida,2014
Mercedes-Benz GLA 220d,₹ 50.70 Lakh,"72,112 km",Diesel,Delhi,2021
Tata Nexon XZ+,₹ 1.20 Lakh,"179,713 km",Diesel,Delhi,2012
BMW X1 sDrive20d,₹ 34.35 Lakh,"187,051 km",Petrol,Thane,2013
Hyundai Santro Sportz,₹ 2.85 Lakh,"106,208 km",Diesel,Noida,2018
Maruti Suzuki Ciaz ZXI+,₹ 1.20 Lakh,"156,355 km",CNG,Pune,2013
BMW X1 sDrive20d,₹ 37.62 Lakh,"131,188 km",Diesel,Delhi,2017
BMW 5 Series 520d,₹ 36.31 Lakh,"116,970 km",Petrol,Thane,2015
Hyundai Grand i10 Magna,₹ 2.54 Lakh,"102,559 km",CNG,Kolkata,2019
Maruti Suzuki S-Presso VXi,₹ 1.20 Lakh,"141,834 km",Diesel,Noida,2014
Toyota Etios Liva G,₹ 4.16 Lakh,"166,345 km",Petrol,Thane,2013
Hyundai i10 Magna,₹ 3.92 Lakh,"63,094 km",Diesel,Bangalore,2021
Toyota Corolla Altis G,₹ 11.06 Lakh,"57,115 km",Diesel,Kolkata,2021
Audi A4 35 TDI,₹ 33.97 Lakh,"80,198 km",Petrol,Hyderabad,2019
Kia Carens Prestige,₹ 2.56 Lakh,"162,146 km",Diesel,Thane,2013
Audi Q3 Premium,₹ 32.28 Lakh,"112,163 km",Petrol,Thane,2017
Honda Amaze VX,₹ 6.35 Lakh,"58,329 km",Petrol,Hyderabad,2022
Honda Jazz VX,₹ 1.20 Lakh,"155,189 km",Diesel,Noida,2013
Kia Carens Prestige,₹ 10.06 Lakh,"54,279 km",Diesel,Pune,2022
BMW 3 Series 320d,₹ 38.36 Lakh,"85,857 km",Petrol,Ahmedabad,2018
Mercedes-Benz GLA 220d,₹ 44.28 Lakh,"161,600 km",Petrol,Bangalore,2013
Maruti Suzuki Swift VXi,₹ 1.20 Lakh,"124,354 km",Diesel,Bangalore,2018
Maruti Suzuki S-Presso VXi,₹ 1.20 Lakh,"175,309 km",CNG,Thane,2012
Honda Amaze VX,₹ 1.20 Lakh,"148,180 km",CNG,Delhi,2015
Toyota Corolla Altis G,₹ 4.57 Lakh,"143,339 km",CNG,Delhi,2014
Maruti Suzuki Ciaz ZXI+,₹ 1.20 Lakh,"183,905 km",CNG,Chennai,2013
Hyundai i10 Magna,₹ 1.20 Lakh,"169,496 km",Petrol,Delhi,2012
Hyundai Venue S,₹ 3.03 Lakh,"96,905 km",CNG,Ahmedabad,2019
Audi Q3 Premium,₹ 38.37 Lakh,"36,192 km",Diesel,Hyderabad,2023
Mercedes-Benz E-Class E220d,₹ 45.50 Lakh,"155,338 km",Petrol,Thane,2015
Maruti Suzuki Vitara Brezza VDi,₹ 1.20 Lakh,"183,557 km",Diesel,Kolkata,2012
Honda WR-V VX,₹ 5.49 Lakh,"54,632 km",CNG,Chennai,2020
Hyundai Elite i20 Sportz,₹ 2.16 Lakh,"89,219 km",CNG,Delhi,2019
Hyundai Venue S,₹ 2.17 Lakh,"99,876 km",Diesel,Delhi,2019
Mercedes-Benz E-Class E220d,₹ 50.63 Lakh,"59,536 km",Petrol,Pune,2021
Maruti Suzuki S-Presso VXi,₹ 1.20 Lakh,"149,077 km",Petrol,Chennai,2014
Tata Tiago XT,₹ 4.04 Lakh,"102,214 km",Diesel,Pune,2018
BMW 5 Series 520d,₹ 35.84 Lakh,"125,956 km",Diesel,Ahmedabad,2014
Hyundai Grand i10 Magna,₹ 2.61 Lakh,"95,463 km",Diesel,Delhi,2019
Tata Safari XZ+,₹ 5.10 Lakh,"98,525 km",CNG,Hyderabad,2020
Maruti Suzuki Wagon R 1.0 VXI,₹ 1.20 Lakh,"150,761 km",Petrol,Thane,2013
Honda WR-V VX,₹ 1.24 Lakh,"125,859 km",Petrol,Pune,2016
Mahindra Scorpio S11,₹ 7.12 Lakh,"83,427 km",Petrol,Noida,2019
Tata Safari XZ+,₹ 8.00 Lakh,"42,599 km",CNG,Chennai,2022
BMW 3 Series 320d,₹ 40.76 Lakh,"66,912 km",Diesel,Kolkata,2020
Tata Harrier XZ,₹ 1.20 Lakh,"171,969 km",Diesel,Chennai,2012
Honda WR-V VX,₹ 1.20 Lakh,"172,945 km",Diesel,Hyderabad,2013
Kia Sonet GTX,₹ 7.02 Lakh,"86,499 km",CNG,Bangalore,2018
Honda Jazz VX,₹ 4.23 Lakh,"64,096 km",Diesel,Noida,2020
Maruti Suzuki Ciaz ZXI+,₹ 1.55 Lakh,"82,949 km",CNG,Chennai,2020
Toyota Fortuner 2.8 4x2,₹ 2.53 Lakh,"165,791 km",Petrol,Pune,2012
Maruti Suzuki Baleno Delta 1.2,₹ 1.20 Lakh,"69,395 km",Petrol,Noida,2019
Hyundai Elite i20 Sportz,₹ 4.04 Lakh,"72,708 km",Diesel,Mumbai,2021
Mahindra Thar LX,₹ 7.73 Lakh,"78,900 km",Petrol,Kolkata,2019
BMW 5 Series 520d,₹ 42.84 Lakh,"36,118 km",Petrol,Delhi,2023
Maruti Suzuki Wagon R 1.0 VXI,₹ 2.13 Lakh,"84,799 km",Diesel,Bangalore,2020
BMW 3 Series 320d,₹ 38.48 Lakh,"100,983 km",Diesel,Bangalore,2018
Honda Jazz VX,₹ 5.33 Lakh,"46,660 km",Petrol,Kolkata,2022
Hyundai i10 Magna,₹ 2.97 Lakh,"97,403 km",Diesel,Chennai,2019
BMW 3 Series 320d,₹ 39.90 Lakh,"85,743 km",Diesel,Mumbai,2018
Honda BR-V VX,₹ 4.76 Lakh,"70,128 km",CNG,Chennai,2020
Toyota Glanza G,₹ 7.42 Lakh,"120,140 km",Petrol,Delhi,2017
Mercedes-Benz C-Class C200,₹ 47.86 Lakh,"118,246 km",Diesel,Mumbai,2015
Kia Carens Prestige,₹ 9.31 Lakh,"65,986 km",Petrol,Delhi,2020
Tata Harrier XZ,₹ 6.92 Lakh,"41,774 km",Petrol,Mumbai,2022
Maruti Suzuki Swift VXi,₹ 1.47 Lakh,"97,426 km",Diesel,Mumbai,2019
Hyundai Venue S,₹ 1.20 Lakh,"117,366 km",Diesel,Mumbai,2015
Tata Harrier XZ,₹ 1.89 Lakh,"143,978 km",Petrol,Chennai,2015
Honda Amaze VX,₹ 1.20 Lakh,"118,893 km",Petrol,Kolkata,2016
Tata Safari XZ+,₹ 2.88 Lakh,"106,974 km",Petrol,Thane,2018
Toyota Corolla Altis G,₹ 2.90 Lakh,"171,915 km",Diesel,Pune,2012
Mahindra Scorpio S11,₹ 10.89 Lakh,"20,866 km",CNG,Thane,2023
Mercedes-Benz C-Class C200,₹ 52.59 Lakh,"36,046 km",Diesel,Kolkata,2023
Hyundai Creta SX,₹ 3.70 Lakh,"61,172 km",Petrol,Chennai,2021
Maruti Suzuki Ciaz ZXI+,₹ 2.37 Lakh,"66,720 km",Diesel,Chennai,2021
Mahindra XUV500 W8,₹ 7.85 Lakh,"85,164 km",Petrol,Thane,2019
Mahindra XUV500 W8,₹ 9.38 Lakh,"48,266 km",CNG,Noida,2021
BMW X1 sDrive20d,₹ 34.67 Lakh,"174,131 km",Petrol,Pune,2012
Kia Carens Prestige,₹ 6.46 Lakh,"109,068 km",Petrol,Bangalore,2019
Maruti Suzuki Swift VXi,₹ 1.37 Lakh,"64,207 km",Petrol,Noida,2021
Honda City VX,₹ 1.20 Lakh,"117,805 km",Petrol,Noida,2017
Tata Nexon XZ+,₹ 7.23 Lakh,"36,546 km",Petrol,Bangalore,2021
Mahindra XUV500 W8,₹ 4.25 Lakh,"137,373 km",Petrol,Hyderabad,2015
Maruti Suzuki Baleno Delta 1.2,₹ 1.20 Lakh,"114,325 km",CNG,Ahmedabad,2017
Maruti Suzuki Swift VXi,₹ 2.09 Lakh,"71,437 km",Diesel,Pune,2021
Maruti Suzuki Wagon R 1.0 VXI,₹ 1.20 Lakh,"95,305 km",CNG,Thane,2018
Audi Q3 Premium,₹ 38.55 Lakh,"44,492 km",Diesel,Hyderabad,2023
Tata Harrier XZ,₹ 3.96 Lakh,"84,588 km",Petrol,Noida,2018
Maruti Suzuki Alto 800 LXi,₹ 1.20 Lakh,"94,879 km",CNG,Hyderabad,2017
Tata Tiago XT,₹ 1.20 Lakh,"153,248 km",Petrol,Noida,2013
Mahindra Scorpio S11,₹ 6.57 Lakh,"91,563 km",CNG,Noida,2018
Maruti Suzuki Swift VXi,₹ 1.20 Lakh,"171,557 km",Petrol,Kolkata,2014
Hyundai Venue S,₹ 3.27 Lakh,"84,809 km",Petrol,Delhi,2019
Kia Seltos GTX,₹ 9.39 Lakh,"75,783 km",Diesel,Delhi,2021
BMW 5 Series 520d,₹ 41.22 Lakh,"70,422 km",Diesel,Bangalore,2021
Hyundai Santro Sportz,₹ 1.20 Lakh,"136,521 km",Petrol,Kolkata,2015
Kia Seltos GTX,₹ 7.34 Lakh,"106,885 km",Diesel,Bangalore,2018
Audi Q5 quattro,₹ 33.28 Lakh,"93,409 km",Petrol,Chennai,2018
Honda City VX,₹ 4.50 Lakh,"53,307 km",Petrol,Mumbai,2021
Mercedes-Benz C-Class C200,₹ 52.34 Lakh,"58,891 km",Petrol,Ahmedabad,2022
Tata Nexon XZ+,₹ 2.41 Lakh,"139,852 km",Diesel,Hyderabad,2015
Mahindra XUV500 W8,₹ 5.46 Lakh,"117,908 km",Petrol,Pune,2017
Honda City VX,₹ 5.42 Lakh,"58,538 km",CNG,Mumbai,2021
BMW 5 Series 520d,₹ 40.84 Lakh,"57,204 km",Petrol,Bangalore,2021
Mercedes-Benz C-Class C200,₹ 49.23 Lakh,"109,768 km",Diesel,Bangalore,2017
Audi Q5 quattro,₹ 31.96 Lakh,"128,460 km",Petrol,Ahmedabad,2015
Audi A4 35 TDI,₹ 36.70 Lakh,"76,658 km",Diesel,Pune,2021
BMW 5 Series 520d,₹ 33.95 Lakh,"197,910 km",Petrol,Kolkata,2012
Mercedes-Benz C-Class C200,₹ 45.57 Lakh,"151,780 km",Petrol,Ahmedabad,2015
Mercedes-Benz C-Class C200,₹ 46.31 Lakh,"135,229 km",Petrol,Kolkata,2014
Tata Safari XZ+,₹ 2.66 Lakh,"138,601 km",CNG,Thane,2016
Mahindra Scorpio S11,₹ 8.95 Lakh,"82,122 km",CNG,Hyderabad,2020
Audi A4 35 TDI,₹ 32.97 Lakh,"107,100 km",Petrol,Bangalore,2017
Honda City VX,₹ 6.97 Lakh,"23,047 km",CNG,Pune,2023
Honda BR-V VX,₹ 1.20 Lakh,"131,319 km",CNG,Ahmedabad,2014
Hyundai i10 Magna,₹ 4.20 Lakh,"85,724 km",Diesel,Bangalore,2021
Honda Jazz VX,₹ 2.28 Lakh,"118,680 km",Petrol,Ahmedabad,2017
Kia Seltos GTX,₹ 5.73 Lakh,"125,308 km",Diesel,Bangalore,2016
Toyota Corolla Altis G,₹ 6.49 Lakh,"137,668 km",Petrol,Bangalore,2016
Toyota Innova Crysta GX,₹ 4.68 Lakh,"149,224 km",Diesel,Noida,2013
Mercedes-Benz C-Class C200,₹ 44.96 Lakh,"159,197 km",Petrol,Bangalore,2012
BMW 3 Series 320d,₹ 35.11 Lakh,"138,225 km",Petrol,Chennai,2014
Mahindra XUV500 W8,₹ 9.71 Lakh,"59,923 km",Petrol,Kolkata,2021
Maruti Suzuki Alto 800 LXi,₹ 2.82 Lakh,"47,034 km",Petrol,Noida,2023
Hyundai Verna SX,₹ 1.20 Lakh,"137,561 km",CNG,Noida,2015
Honda Amaze VX,₹ 3.90 Lakh,"109,355 km",Petrol,Delhi,2019
Toyota Etios Liva G,₹ 2.69 Lakh,"168,745 km",Petrol,Thane,2012
BMW X1 sDrive20d,₹ 34.05 Lakh,"161,222 km",Petrol,Chennai,2012
Hyundai Santro Sportz,₹ 6.96 Lakh,"20,991 km",Diesel,Chennai,2023
Kia Sonet GTX,₹ 4.82 Lakh,"148,332 km",CNG,Thane,2015
Mahindra XUV500 W8,₹ 1.96 Lakh,"165,240 km",Petrol,Hyderabad,2012
Hyundai Venue S,₹ 2.62 Lakh,"97,202 km",CNG,Bangalore,2018
Hyundai Creta SX,₹ 1.20 Lakh,"138,346 km",CNG,Noida,2015
Hyundai Venue S,₹ 1.20 Lakh,"119,232 km",Petrol,Hyderabad,2016
Kia Sonet GTX,₹ 5.24 Lakh,"132,994 km",CNG,Hyderabad,2016
BMW 5 Series 520d,₹ 41.73 Lakh,"47,186 km",Petrol,Thane,2022
Kia Seltos GTX,₹ 6.76 Lakh,"106,176 km",Diesel,Noida,2018
Mercedes-Benz C-Class C200,₹ 47.32 Lakh,"118,634 km",Petrol,Delhi,2016
Mahindra XUV500 W8,₹ 8.55 Lakh,"74,721 km",Petrol,Kolkata,2020
Mercedes-Benz C-Class C200,₹ 45.00 Lakh,"148,252 km",Petrol,Bangalore,2014
Honda Amaze VX,₹ 5.11 Lakh,"78,979 km",Diesel,Delhi,2020
Honda Jazz VX,₹ 1.92 Lakh,"135,098 km",Diesel,Chennai,2016
Toyota Corolla Altis G,₹ 7.77 Lakh,"89,244 km",Petrol,Bangalore,2018
Tata Tiago XT,₹ 8.26 Lakh,"35,231 km",Petrol,Chennai,2023
Honda WR-V VX,₹ 4.39 Lakh,"68,126 km",Diesel,Bangalore,2020
Kia Carens Prestige,₹ 11.33 Lakh,"36,972 km",Diesel,Delhi,2023
Maruti Suzuki Vitara Brezza VDi,₹ 1.20 Lakh,"126,116 km",Diesel,Kolkata,2015
Tata Harrier XZ,₹ 1.20 Lakh,"160,941 km",Diesel,Pune,2013
Mercedes-Benz GLA 220d,₹ 44.61 Lakh,"174,574 km",Diesel,Kolkata,2012
Tata Safari XZ+,₹ 1.20 Lakh,"170,347 km",Diesel,Kolkata,2012
Kia Carens Prestige,₹ 2.86 Lakh,"157,419 km",CNG,Pune,2013
BMW 3 Series 320d,₹ 38.62 Lakh,"113,740 km",Petrol,Delhi,2018
BMW X1 sDrive20d,₹ 37.31 Lakh,"119,672 km",Petrol,Kolkata,2017
Kia Seltos GTX,₹ 6.89 Lakh,"94,612 km",CNG,Delhi,2018
Tata Nexon XZ+,₹ 4.95 Lakh,"66,900 km",CNG,Noida,2020
Maruti Suzuki Baleno Delta 1.2,₹ 1.20 Lakh,"99,387 km",Diesel,Bangalore,2019
Hyundai Grand i10 Magna,₹ 3.55 Lakh,"75,760 km",Diesel,Thane,2020
Tata Harrier XZ,₹ 2.61 Lakh,"116,244 km",Diesel,Chennai,2017
Maruti Suzuki Wagon R 1.0 VXI,₹ 4.02 Lakh,"41,120 km",Diesel,Noida,2023
Toyota Glanza G,₹ 8.28 Lakh,"110,457 km",Diesel,Kolkata,2018
Maruti Suzuki Ertiga VXI CNG,₹ 1.38 Lakh,"81,372 km",Petrol,Thane,2019
Honda Jazz VX,₹ 4.27 Lakh,"77,094 km",Diesel,Kolkata,2018
Tata Nexon XZ+,₹ 5.91 Lakh,"79,298 km",CNG,Thane,2021
Toyota Corolla Altis G,₹ 7.68 Lakh,"114,455 km",CNG,Noida,2017
Maruti Suzuki Ertiga VXI CNG,₹ 1.20 Lakh,"89,140 km",Petrol,Pune,2019
Honda BR-V VX,₹ 7.50 Lakh,"25,353 km",CNG,Thane,2023
Kia Seltos GTX,₹ 11.15 Lakh,"52,948 km",CNG,Ahmedabad,2023
Tata Harrier XZ,₹ 1.20 Lakh,"131,137 km",Petrol,Kolkata,2014
Audi Q3 Premium,₹ 36.83 Lakh,"42,402 km",Petrol,Kolkata,2023
Kia Seltos GTX,₹ 3.83 Lakh,"134,004 km",Petrol,Delhi,2014
Honda BR-V VX,₹ 5.95 Lakh,"54,649 km",Petrol,Noida,2022
Audi Q5 quattro,₹ 29.77 Lakh,"159,742 km",Diesel,Kolkata,2013
Honda WR-V VX,₹ 6.75 Lakh,"30,001 km",Petrol,Hyderabad,2023
BMW X1 sDrive20d,₹ 33.96 Lakh,"195,323 km",Petrol,Pune,2012
Honda WR-V VX,₹ 5.35 Lakh,"64,225 km",CNG,Noida,2021
Toyota Glanza G,₹ 10.48 Lakh,"55,869 km",Petrol,Ahmedabad,2022
Mercedes-Benz GLA 220d,₹ 43.27 Lakh,"181,581 km",Petrol,Kolkata,2012
Kia Carens Prestige,₹ 3.33 Lakh,"156,371 km",Petrol,Noida,2014
Audi Q3 Premium,₹ 31.29 Lakh,"146,279 km",Diesel,Pune,2015
Audi Q5 quattro,₹ 32.96 Lakh,"125,116 km",Diesel,Mumbai,2016
Hyundai Venue S,₹ 5.85 Lakh,"28,954 km",CNG,Mumbai,2023
Kia Carens Prestige,₹ 5.79 Lakh,"122,005 km",CNG,Hyderabad,2016
Mahindra Scorpio S11,₹ 8.44 Lakh,"59,341 km",Petrol,Delhi,2020
Tata Harrier XZ,₹ 6.95 Lakh,"43,306 km",CNG,Delhi,2022
Toyota Etios Liva G,₹ 3.19 Lakh,"176,020 km",CNG,Bangalore,2012
Tata Nexon XZ+,₹ 3.75 Lakh,"91,643 km",Petrol,Hyderabad,2019
Audi A4 35 TDI,₹ 35.44 Lakh,"61,731 km",Diesel,Kolkata,2020
Honda BR-V VX,₹ 1.20 Lakh,"130,396 km",CNG,Chennai,2014
Tata Tiago XT,₹ 5.69 Lakh,"63,612 km",CNG,Mumbai,2020
Audi Q5 quattro,₹ 35.88 Lakh,"78,772 km",Petrol,Noida,2022
BMW X1 sDrive20d,₹ 38.16 Lakh,"135,607 km",Diesel,Chennai,2016
Hyundai Santro Sportz,₹ 3.84 Lakh,"71,621 km",Diesel,Delhi,2021
BMW 5 Series 520d,₹ 38.58 Lakh,"111,317 km",Diesel,Mumbai,2018
Hyundai Venue S,₹ 1.20 Lakh,"184,328 km",CNG,Bangalore,2012
Kia Seltos GTX,₹ 9.83 Lakh,"60,657 km",Diesel,Hyderabad,2022
Mercedes-Benz E-Class E220d,₹ 52.08 Lakh,"47,535 km",Diesel,Pune,2022
Audi Q5 quattro,₹ 35.37 Lakh,"92,995 km",Diesel,Pune,2019
Honda Amaze VX,₹ 1.20 Lakh,"146,096 km",CNG,Ahmedabad,2014
Mercedes-Benz C-Class C200,₹ 50.85 Lakh,"88,120 km",Diesel,Kolkata,2021
Maruti Suzuki Baleno Delta 1.2,₹ 1.37 Lakh,"91,677 km",Diesel,Noida,2020
Maruti Suzuki Wagon R 1.0 VXI,₹ 3.01 Lakh,"50,488 km",Petrol,Bangalore,2021
Tata Harrier XZ,₹ 4.48 Lakh,"115,201 km",Diesel,Bangalore,2018
Tata Nexon XZ+,₹ 3.62 Lakh,"101,625 km",Diesel,Pune,2017
Hyundai Santro Sportz,₹ 3.90 Lakh,"91,691 km",Diesel,Ahmedabad,2020
Tata Nexon XZ+,₹ 1.68 Lakh,"152,766 km",Diesel,Thane,2015
Hyundai Elite i20 Sportz,₹ 6.90 Lakh,"24,974 km",CNG,Kolkata,2023
Toyota Corolla Altis G,₹ 8.27 Lakh,"109,867 km",Diesel,Bangalore,2017
Honda Jazz VX,₹ 2.29 Lakh,"119,681 km",Petrol,Chennai,2018
BMW X1 sDrive20d,₹ 41.06 Lakh,"77,067 km",Diesel,Bangalore,2021
Tata Safari XZ+,₹ 7.28 Lakh,"50,710 km",Petrol,Bangalore,2022
Tata Harrier XZ,₹ 6.81 Lakh,"57,425 km",Diesel,Noida,2021
Maruti Suzuki Ertiga VXI CNG,₹ 1.20 Lakh,"99,827 km",Diesel,Delhi,2018
Mercedes-Benz GLA 220d,₹ 49.36 Lakh,"112,233 km",Petrol,Noida,2018
Mercedes-Benz GLA 220d,₹ 45.42 Lakh,"171,720 km",Diesel,Hyderabad,2014
Audi Q5 quattro,₹ 34.32 Lakh,"97,028 km",Petrol,Kolkata,2019
Honda Amaze VX,₹ 2.34 Lakh,"91,912 km",Petrol,Pune,2018
Tata Harrier XZ,₹ 1.20 Lakh,"149,155 km",Diesel,Noida,2012
Hyundai Elite i20 Sportz,₹ 1.20 Lakh,"133,490 km",CNG,Thane,2015
Mercedes-Benz C-Class C200,₹ 46.53 Lakh,"161,158 km",Diesel,Mumbai,2014
Tata Tiago XT,₹ 1.20 Lakh,"172,314 km",CNG,Kolkata,2012
Honda BR-V VX,₹ 7.58 Lakh,"40,915 km",Diesel,Hyderabad,2023
Tata Nexon XZ+,₹ 1.20 Lakh,"132,520 km",Diesel,Delhi,2015
Audi Q5 quattro,₹ 34.00 Lakh,"77,803 km",Petrol,Bangalore,2019
Mercedes-Benz GLA 220d,₹ 48.04 Lakh,"124,260 km",Petrol,Chennai,2018
Honda Amaze VX,₹ 1.20 Lakh,"157,804 km",CNG,Bangalore,2012
Honda Jazz VX,₹ 1.63 Lakh,"140,845 km",Petrol,Mumbai,2017
BMW 5 Series 520d,₹ 39.73 Lakh,"84,283 km",Petrol,Thane,2018
Kia Seltos GTX,₹ 9.76 Lakh,"51,411 km",CNG,Mumbai,2021
Mahindra Thar LX,₹ 8.29 Lakh,"77,755 km",Diesel,Ahmedabad,2020
Maruti Suzuki S-Presso VXi,₹ 1.83 Lakh,"65,821 km",Diesel,Chennai,2021
Audi Q3 Premium,₹ 35.90 Lakh,"58,144 km",Petrol,Mumbai,2021
Tata Safari XZ+,₹ 1.74 Lakh,"136,895 km",Petrol,Bangalore,2016
Hyundai Santro Sportz,₹ 1.20 Lakh,"120,441 km",Diesel,Delhi,2015
BMW 5 Series 520d,₹ 39.23 Lakh,"90,863 km",Diesel,Bangalore,2019
Mahindra XUV500 W8,₹ 5.75 Lakh,"119,355 km",CNG,Bangalore,2015
Honda Amaze VX,₹ 5.26 Lakh,"74,838 km",CNG,Noida,2021
Hyundai Verna SX,₹ 1.20 Lakh,"129,170 km",Diesel,Mumbai,2015
Honda Amaze VX,₹ 1.32 Lakh,"124,228 km",Diesel,Kolkata,2016
Mercedes-Benz C-Class C200,₹ 47.74 Lakh,"122,265 km",Petrol,Bangalore,2016
Mahindra XUV500 W8,₹ 2.25 Lakh,"173,113 km",CNG,Kolkata,2012
Hyundai i10 Magna,₹ 4.43 Lakh,"77,209 km",Petrol,Thane,2021
Mahindra XUV500 W8,₹ 8.38 Lakh,"94,867 km",CNG,Hyderabad,2019
Honda BR-V VX,₹ 6.33 Lakh,"59,568 km",Diesel,Hyderabad,2021
Maruti Suzuki Swift VXi,₹ 1.20 Lakh,"84,768 km",Diesel,Thane,2020
Mahindra Scorpio S11,₹ 10.93 Lakh,"58,232 km",Petrol,Ahmedabad,2023
BMW 5 Series 520d,₹ 36.68 Lakh,"134,340 km",Petrol,Ahmedabad,2016
Hyundai Venue S,₹ 1.20 Lakh,"159,530 km",Petrol,Mumbai,2012
Mercedes-Benz C-Class C200,₹ 45.13 Lakh,"155,267 km",Petrol,Ahmedabad,2012
Hyundai Verna SX,₹ 1.20 Lakh,"163,505 km",Petrol,Noida,2016
Audi A4 35 TDI,₹ 30.42 Lakh,"145,289 km",Diesel,Thane,2014
Toyota Corolla Altis G,₹ 7.66 Lakh,"95,431 km",CNG,Mumbai,2018
Mahindra Scorpio S11,₹ 8.84 Lakh,"81,395 km",Diesel,Pune,2020
Maruti Suzuki S-Presso VXi,₹ 2.01 Lakh,"70,341 km",Diesel,Bangalore,2020
Mahindra XUV500 W8,₹ 7.55 Lakh,"99,268 km",Diesel,Chennai,2018
Toyota Fortuner 2.8 4x2,₹ 10.87 Lakh,"42,596 km",Petrol,Hyderabad,2023
Toyota Corolla Altis G,₹ 9.16 Lakh,"108,102 km",Diesel,Pune,2019
Audi Q5 quattro,₹ 29.16 Lakh,"174,744 km",Petrol,Mumbai,2012
Mercedes-Benz GLA 220d,₹ 49.83 Lakh,"66,075 km",Diesel,Noida,2019
Hyundai Verna SX,₹ 6.60 Lakh,"29,777 km",CNG,Pune,2023
Hyundai Grand i10 Magna,₹ 1.20 Lakh,"127,089 km",CNG,Bangalore,2015
Kia Seltos GTX,₹ 2.72 Lakh,"156,079 km",Diesel,Thane,2013
Honda WR-V VX,₹ 1.20 Lakh,"145,286 km",Petrol,Delhi,2015
Kia Seltos GTX,₹ 4.50 Lakh,"146,472 km",CNG,Bangalore,2016
Mahindra XUV500 W8,₹ 9.46 Lakh,"64,216 km",Diesel,Mumbai,2021
Tata Tiago XT,₹ 8.44 Lakh,"38,553 km",CNG,Mumbai,2023
Honda Jazz VX,₹ 1.20 Lakh,"174,508 km",Diesel,Delhi,2013
Hyundai i10 Magna,₹ 4.47 Lakh,"47,570 km",CNG,Pune,2021
BMW 5 Series 520d,₹ 38.82 Lakh,"92,489 km",Diesel,Chennai,2018
Mahindra Scorpio S11,₹ 8.51 Lakh,"64,363 km",Petrol,Mumbai,2021
Kia Seltos GTX,₹ 10.03 Lakh,"41,629 km",CNG,Pune,2023
Mahindra Thar LX,₹ 8.54 Lakh,"78,093 km",Diesel,Thane,2020
Mahindra XUV500 W8,₹ 6.63 Lakh,"100,279 km",Petrol,Mumbai,2018
Toyota Etios Liva G,₹ 3.70 Lakh,"168,650 km",CNG,Delhi,2012
Kia Sonet GTX,₹ 2.44 Lakh,"177,576 km",CNG,Thane,2012
Maruti Suzuki Wagon R 1.0 VXI,₹ 2.46 Lakh,"70,794 km",Petrol,Mumbai,2021
Toyota Glanza G,₹ 4.33 Lakh,"150,636 km",Diesel,Bangalore,2014
Tata Tiago XT,₹ 1.37 Lakh,"141,283 km",Diesel,Ahmedabad,2014
Mercedes-Benz E-Class E220d,₹ 47.46 Lakh,"118,013 km",Diesel,Noida,2015
Honda WR-V VX,₹ 1.20 Lakh,"191,140 km",Diesel,Mumbai,2012
BMW 5 Series 520d,₹ 39.06 Lakh,"94,836 km",Petrol,Ahmedabad,2019
Tata Harrier XZ,₹ 1.20 Lakh,"164,637 km",CNG,Pune,2012
Mahindra XUV500 W8,₹ 8.08 Lakh,"95,057 km",Petrol,Delhi,2020
Audi A4 35 TDI,₹ 37.36 Lakh,"29,621 km",Petrol,Thane,2023
Tata Tiago XT,₹ 4.83 Lakh,"97,458 km",Diesel,Bangalore,2018
Mercedes-Benz GLA 220d,₹ 47.57 Lakh,"121,266 km",Petrol,Mumbai,2017
Kia Sonet GTX,₹ 1.35 Lakh,"184,289 km",Petrol,Chennai,2012
Kia Seltos GTX,₹ 5.22 Lakh,"122,116 km",Petrol,Pune,2016
Honda WR-V VX,₹ 2.31 Lakh,"100,225 km",Petrol,Bangalore,2018
Hyundai Elite i20 Sportz,₹ 2.68 Lakh,"73,950 km",Petrol,Mumbai,2020
Toyota Glanza G,₹ 7.83 Lakh,"104,451 km",Diesel,Delhi,2018
Maruti Suzuki Vitara Brezza VDi,₹ 1.20 Lakh,"73,013 km",Petrol,Bangalore,2020
Hyundai Creta SX,₹ 1.20 Lakh,"138,577 km",CNG,Ahmedabad,2015
Mercedes-Benz E-Class E220d,₹ 43.68 Lakh,"165,081 km",Petrol,Hyderabad,2012
Mahindra Scorpio S11,₹ 8.01 Lakh,"58,433 km",CNG,Mumbai,2019
BMW 3 Series 320d,₹ 41.74 Lakh,"69,478 km",Petrol,Chennai,2021
Tata Safari XZ+,₹ 5.84 Lakh,"63,014 km",Petrol,Chennai,2021
Hyundai Verna SX,₹ 1.20 Lakh,"140,597 km",CNG,Kolkata,2015
Audi Q3 Premium,₹ 34.30 Lakh,"110,954 km",Diesel,Ahmedabad,2018
Maruti Suzuki Baleno Delta 1.2,₹ 1.20 Lakh,"155,455 km",Diesel,Delhi,2015
Toyota Glanza G,₹ 10.36 Lakh,"52,283 km",Petrol,Noida,2022
Maruti Suzuki Vitara Brezza VDi,₹ 1.20 Lakh,"92,626 km",Petrol,Noida,2018
Toyota Fortuner 2.8 4x2,₹ 5.34 Lakh,"137,586 km",CNG,Chennai,2015
Maruti Suzuki Baleno Delta 1.2,₹ 1.84 Lakh,"86,322 km",Petrol,Chennai,2020
BMW 5 Series 520d,₹ 41.03 Lakh,"59,992 km",Diesel,Pune,2021
BMW 3 Series 320d,₹ 40.24 Lakh,"71,456 km",Petrol,Bangalore,2021
Toyota Fortuner 2.8 4x2,₹ 3.04 Lakh,"170,111 km",CNG,Delhi,2012
Maruti Suzuki Swift VXi,₹ 1.20 Lakh,"94,591 km",Petrol,Thane,2018
Honda Jazz VX,₹ 1.92 Lakh,"119,216 km",Diesel,Delhi,2016
Audi A4 35 TDI,₹ 36.34 Lakh,"82,904 km",Petrol,Ahmedabad,2021
Mahindra Thar LX,₹ 11.63 Lakh,"42,024 km",Diesel,Bangalore,2023
Maruti Suzuki S-Presso VXi,₹ 1.20 Lakh,"96,086 km",CNG,Delhi,2017
Toyota Glanza G,₹ 3.52 Lakh,"180,140 km",Petrol,Chennai,2012
Toyota Fortuner 2.8 4x2,₹ 11.70 Lakh,"64,652 km",Diesel,Bangalore,2022
BMW 5 Series 520d,₹ 38.77 Lakh,"106,083 km",Petrol,Hyderabad,2019
Hyundai Venue S,₹ 7.25 Lakh,"10,565 km",Diesel,Chennai,2023
BMW 3 Series 320d,₹ 40.06 Lakh,"87,807 km",Diesel,Hyderabad,2019
Maruti Suzuki Wagon R 1.0 VXI,₹ 1.20 Lakh,"104,192 km",Diesel,Bangalore,2018
Tata Harrier XZ,₹ 7.80 Lakh,"42,639 km",Diesel,Delhi,2022
Maruti Suzuki S-Presso VXi,₹ 3.26 Lakh,"39,827 km",Diesel,Pune,2023
Kia Sonet GTX,₹ 6.03 Lakh,"116,808 km",CNG,Bangalore,2017
Kia Seltos GTX,₹ 5.65 Lakh,"112,242 km",Diesel,Bangalore,2017
Maruti Suzuki Wagon R 1.0 VXI,₹ 4.51 Lakh,"40,648 km",Diesel,Hyderabad,2023
Mahindra Scorpio S11,₹ 6.55 Lakh,"116,861 km",Diesel,Delhi,2018
BMW 5 Series 520d,₹ 37.81 Lakh,"98,665 km",Petrol,Noida,2017
Audi A4 35 TDI,₹ 36.71 Lakh,"60,082 km",Petrol,Noida,2021
Tata Nexon XZ+,₹ 2.60 Lakh,"110,188 km",CNG,Thane,2016
Mercedes-Benz GLA 220d,₹ 51.33 Lakh,"81,843 km",Diesel,Pune,2021
Toyota Fortuner 2.8 4x2,₹ 7.98 Lakh,"86,840 km",Diesel,Pune,2018
Honda Jazz VX,₹ 4.54 Lakh,"64,464 km",Petrol,Delhi,2021
Audi Q5 quattro,₹ 37.53 Lakh,"52,741 km",Diesel,Delhi,2023
Tata Tiago XT,₹ 1.78 Lakh,"136,989 km",Petrol,Bangalore,2015
Kia Carens Prestige,₹ 11.25 Lakh,"42,085 km",Petrol,Bangalore,2023
Mercedes-Benz GLA 220d,₹ 52.69 Lakh,"65,470 km",Petrol,Bangalore,2023
Honda Amaze VX,₹ 3.64 Lakh,"86,615 km",CNG,Kolkata,2018
BMW 3 Series 320d,₹ 40.59 Lakh,"79,235 km",Diesel,Hyderabad,2020
Audi Q5 quattro,₹ 35.46 Lakh,"74,500 km",Diesel,Ahmedabad,2019
Tata Nexon XZ+,₹ 4.31 Lakh,"89,293 km",Petrol,Hyderabad,2018
Tata Tiago XT,₹ 4.61 Lakh,"99,359 km",Diesel,Kolkata,2018
Mercedes-Benz GLA 220d,₹ 50.16 Lakh,"108,091 km",Petrol,Mumbai,2020
Mahindra Scorpio S11,₹ 7.28 Lakh,"95,566 km",CNG,Kolkata,2018
Mercedes-Benz E-Class E220d,₹ 47.26 Lakh,"148,154 km",Diesel,Noida,2015
BMW 3 Series 320d,₹ 35.95 Lakh,"126,989 km",Petrol,Delhi,2015
Audi A4 35 TDI,₹ 35.33 Lakh,"74,092 km",Petrol,Chennai,2021
Hyundai Venue S,₹ 1.94 Lakh,"104,467 km",Diesel,Ahmedabad,2017
Audi Q3 Premium,₹ 32.13 Lakh,"116,391 km",Petrol,Ahmedabad,2016
Mahindra Thar LX,₹ 5.34 Lakh,"128,533 km",Petrol,Bangalore,2017
Kia Sonet GTX,₹ 2.41 Lakh,"184,849 km",Diesel,Ahmedabad,2012
Kia Carens Prestige,₹ 3.88 Lakh,"149,510 km",Diesel,Mumbai,2014
Kia Sonet GTX,₹ 6.60 Lakh,"112,808 km",Petrol,Pune,2017
Tata Nexon XZ+,₹ 5.37 Lakh,"82,691 km",CNG,Noida,2020
Tata Nexon XZ+,₹ 1.20 Lakh,"156,244 km",Petrol,Thane,2014
Audi Q3 Premium,₹ 30.49 Lakh,"151,475 km",Diesel,Ahmedabad,2012
Maruti Suzuki Swift VXi,₹ 1.20 Lakh,"97,929 km",Petrol,Mumbai,2019
Tata Tiago XT,₹ 1.20 Lakh,"150,121 km",Petrol,Thane,2014
Maruti Suzuki Baleno Delta 1.2,₹ 1.20 Lakh,"176,162 km",Petrol,Thane,2012
Audi A4 35 TDI,₹ 28.91 Lakh,"162,678 km",Petrol,Delhi,2012
Mercedes-Benz C-Class C200,₹ 51.02 Lakh,"67,160 km",Petrol,Noida,2021
Mercedes-Benz E-Class E220d,₹ 46.81 Lakh,"132,030 km",Petrol,Ahmedabad,2014
Audi Q3 Premium,₹ 29.12 Lakh,"163,981 km",Petrol,Thane,2013
Mahindra XUV500 W8,₹ 7.75 Lakh,"100,537 km",Petrol,Ahmedabad,2019
Kia Carens Prestige,₹ 7.34 Lakh,"84,646 km",Petrol,Noida,2019
Toyota Corolla Altis G,₹ 6.83 Lakh,"138,644 km",CNG,Mumbai,2016
Mercedes-Benz GLA 220d,₹ 49.48 Lakh,"93,872 km",Petrol,Mumbai,2020
Mercedes-Benz E-Class E220d,₹ 48.04 Lakh,"129,920 km",Diesel,Mumbai,2016
Hyundai Elite i20 Sportz,₹ 3.66 Lakh,"60,568 km",Diesel,Thane,2020
Maruti Suzuki S-Presso VXi,₹ 1.20 Lakh,"124,988 km",Diesel,Bangalore,2015
Hyundai Verna SX,₹ 6.13 Lakh,"28,616 km",Diesel,Thane,2023
Mahindra Scorpio S11,₹ 5.23 Lakh,"117,901 km",Petrol,Pune,2017
Kia Carens Prestige,₹ 4.64 Lakh,"143,267 km",CNG,Bangalore,2016
Audi Q5 quattro,₹ 37.74 Lakh,"40,245 km",Diesel,Noida,2023
Audi Q3 Premium,₹ 38.39 Lakh,"12,851 km",Diesel,Noida,2023
Toyota Fortuner 2.8 4x2,₹ 5.54 Lakh,"146,463 km",Diesel,Mumbai,2014
Mahindra Scorpio S11,₹ 8.86 Lakh,"65,023 km",Diesel,Bangalore,2020
BMW 5 Series 520d,₹ 41.06 Lakh,"88,716 km",Diesel,Delhi,2020
BMW 3 Series 320d,₹ 42.59 Lakh,"53,184 km",Diesel,Delhi,2023
Audi A4 35 TDI,₹ 35.39 Lakh,"89,190 km",Diesel,Pune,2019
Kia Sonet GTX,₹ 6.96 Lakh,"101,550 km",CNG,Noida,2017
Kia Seltos GTX,₹ 4.93 Lakh,"132,204 km",Petrol,Kolkata,2015
Toyota Etios Liva G,₹ 5.16 Lakh,"147,503 km",CNG,Mumbai,2013
Honda Jazz VX,₹ 2.96 Lakh,"93,356 km",CNG,Noida,2019
Kia Sonet GTX,₹ 4.50 Lakh,"138,258 km",CNG,Kolkata,2016
Audi Q3 Premium,₹ 34.51 Lakh,"75,391 km",Petrol,Noida,2019
Tata Nexon XZ+,₹ 6.71 Lakh,"56,199 km",Diesel,Ahmedabad,2022
Audi A4 35 TDI,₹ 36.33 Lakh,"64,875 km",Diesel,Kolkata,2020
BMW X1 sDrive20d,₹ 34.29 Lakh,"158,357 km",Petrol,Noida,2013
Mercedes-Benz E-Class E220d,₹ 47.80 Lakh,"116,508 km",Petrol,Bangalore,2017
Audi A4 35 TDI,₹ 35.38 Lakh,"75,775 km",Petrol,Hyderabad,2020
Honda City VX,₹ 5.32 Lakh,"67,316 km",Diesel,Chennai,2022
Toyota Corolla Altis G,₹ 7.28 Lakh,"97,831 km",CNG,Noida,2018
Mahindra Scorpio S11,₹ 2.64 Lakh,"154,125 km",CNG,Thane,2013
Mercedes-Benz GLA 220d,₹ 51.35 Lakh,"65,252 km",Diesel,Thane,2020
Maruti Suzuki S-Presso VXi,₹ 1.20 Lakh,"171,290 km",Diesel,Chennai,2012
Mercedes-Benz C-Class C200,₹ 45.52 Lakh,"176,247 km",Diesel,Kolkata,2013
Mercedes-Benz GLA 220d,₹ 45.81 Lakh,"153,646 km",Petrol,Thane,2014
Toyota Fortuner 2.8 4x2,₹ 6.61 Lakh,"136,892 km",Diesel,Pune,2016
BMW 3 Series 320d,₹ 36.50 Lakh,"128,949 km",Petrol,Mumbai,2015
Mahindra Thar LX,₹ 9.63 Lakh,"58,996 km",CNG,Hyderabad,2020
Toyota Innova Crysta GX,₹ 6.72 Lakh,"97,290 km",CNG,Kolkata,2017
BMW 5 Series 520d,₹ 36.62 Lakh,"135,681 km",Diesel,Delhi,2015
Mahindra Scorpio S11,₹ 2.66 Lakh,"152,591 km",CNG,Ahmedabad,2012
Maruti Suzuki Vitara Brezza VDi,₹ 1.20 Lakh,"139,934 km",CNG,Noida,2014
Toyota Corolla Altis G,₹ 6.28 Lakh,"113,506 km",CNG,Pune,2016
Tata Tiago XT,₹ 4.72 Lakh,"71,512 km",Petrol,Pune,2020
BMW 3 Series 320d,₹ 42.97 Lakh,"51,686 km",Diesel,Bangalore,2022
Mahindra XUV500 W8,₹ 5.22 Lakh,"107,299 km",Petrol,Ahmedabad,2015
Kia Carens Prestige,₹ 8.83 Lakh,"86,409 km",Petrol,Mumbai,2021
BMW 5 Series 520d,₹ 41.77 Lakh,"61,246 km",Diesel,Hyderabad,2021
Tata Tiago XT,₹ 3.06 Lakh,"114,313 km",Diesel,Thane,2017
Kia Sonet GTX,₹ 9.42 Lakh,"65,992 km",Petrol,Chennai,2021
Kia Sonet GTX,₹ 1.78 Lakh,"170,503 km",Petrol,Chennai,2012
Honda BR-V VX,₹ 3.17 Lakh,"92,937 km",CNG,Hyderabad,2017
Mahindra Scorpio S11,₹ 8.23 Lakh,"91,564 km",Diesel,Kolkata,2019
Honda BR-V VX,₹ 6.78 Lakh,"32,416 km",Petrol,Delhi,2023
Audi Q5 quattro,₹ 32.27 Lakh,"121,534 km",Diesel,Bangalore,2015
Hyundai Elite i20 Sportz,₹ 4.74 Lakh,"64,308 km",Diesel,Bangalore,2020
Toyota Fortuner 2.8 4x2,₹ 4.67 Lakh,"162,810 km",Diesel,Delhi,2014
Mahindra XUV500 W8,₹ 8.85 Lakh,"65,747 km",CNG,Hyderabad,2020
Kia Seltos GTX,₹ 6.92 Lakh,"105,127 km",Petrol,Pune,2019
Kia Sonet GTX,₹ 11.00 Lakh,"40,783 km",Petrol,Ahmedabad,2023
Mercedes-Benz E-Class E220d,₹ 50.85 Lakh,"84,479 km",Petrol,Delhi,2020
BMW 5 Series 520d,₹ 41.86 Lakh,"66,117 km",Diesel,Chennai,2023
Maruti Suzuki Vitara Brezza VDi,₹ 1.20 Lakh,"161,543 km",Petrol,Bangalore,2012
Hyundai Venue S,₹ 4.34 Lakh,"48,624 km",Diesel,Delhi,2021
Tata Tiago XT,₹ 7.66 Lakh,"47,472 km",Diesel,Chennai,2022
Maruti Suzuki Ciaz ZXI+,₹ 1.20 Lakh,"81,001 km",Diesel,Pune,2020
Honda BR-V VX,₹ 6.22 Lakh,"54,271 km",Petrol,Thane,2023
Toyota Fortuner 2.8 4x2,₹ 4.05 Lakh,"177,785 km",CNG,Ahmedabad,2012
Maruti Suzuki Ertiga VXI CNG,₹ 3.91 Lakh,"29,323 km",Petrol,Delhi,2023
Toyota Etios Liva G,₹ 8.87 Lakh,"95,121 km",CNG,Chennai,2018
Kia Sonet GTX,₹ 3.72 Lakh,"162,811 km",Petrol,Bangalore,2013
Kia Seltos GTX,₹ 5.48 Lakh,"138,522 km",Petrol,Bangalore,2016
Honda Jazz VX,₹ 5.21 Lakh,"79,089 km",CNG,Hyderabad,2022
Mercedes-Benz GLA 220d,₹ 43.69 Lakh,"205,238 km",Petrol,Chennai,2012
Kia Sonet GTX,₹ 5.28 Lakh,"128,761 km",CNG,Mumbai,2017
BMW X1 sDrive20d,₹ 34.49 Lakh,"153,030 km",Petrol,Chennai,2013
Tata Nexon XZ+,₹ 5.40 Lakh,"80,075 km",Petrol,Hyderabad,2021
Mahindra XUV500 W8,₹ 8.63 Lakh,"84,989 km",Diesel,Chennai,2019
Honda WR-V VX,₹ 1.20 Lakh,"184,351 km",Petrol,Thane,2012
BMW 3 Series 320d,₹ 39.36 Lakh,"104,085 km",Petrol,Chennai,2018
Mahindra Thar LX,₹ 8.78 Lakh,"80,229 km",Petrol,Bangalore,2021
BMW 5 Series 520d,₹ 37.13 Lakh,"128,832 km",Diesel,Mumbai,2016
Audi Q3 Premium,₹ 29.50 Lakh,"163,647 km",Diesel,Ahmedabad,2012
Toyota Innova Crysta GX,₹ 6.27 Lakh,"133,228 km",CNG,Chennai,2016
Honda BR-V VX,₹ 3.59 Lakh,"72,830 km",Petrol,Noida,2020
BMW 3 Series 320d,₹ 36.40 Lakh,"162,000 km",Petrol,Chennai,2015
Hyundai Elite i20 Sportz,₹ 5.18 Lakh,"64,025 km",Diesel,Pune,2022
Toyota Fortuner 2.8 4x2,₹ 7.12 Lakh,"120,786 km",CNG,Kolkata,2017
BMW X1 sDrive20d,₹ 37.74 Lakh,"118,135 km",Diesel,Delhi,2017
Maruti Suzuki Ciaz ZXI+,₹ 1.20 Lakh,"164,474 km",Diesel,Kolkata,2012
Kia Seltos GTX,₹ 8.72 Lakh,"72,090 km",Petrol,Mumbai,2020
Mahindra Scorpio S11,₹ 2.81 Lakh,"190,889 km",CNG,Kolkata,2012
Hyundai Elite i20 Sportz,₹ 1.20 Lakh,"144,053 km",CNG,Delhi,2015
Hyundai Elite i20 Sportz,₹ 1.20 Lakh,"123,443 km",Petrol,Delhi,2015
Maruti Suzuki S-Presso VXi,₹ 1.20 Lakh,"83,055 km",Petrol,Thane,2020
Maruti Suzuki Ertiga VXI CNG,₹ 3.49 Lakh,"40,559 km",Petrol,Ahmedabad,2022
Maruti Suzuki Ertiga VXI CNG,₹ 2.51 Lakh,"51,069 km",CNG,Mumbai,2022
Kia Carens Prestige,₹ 9.68 Lakh,"61,767 km",CNG,Delhi,2022
Tata Harrier XZ,₹ 6.57 Lakh,"66,830 km",CNG,Hyderabad,2023
Maruti Suzuki Alto 800 LXi,₹ 1.20 Lakh,"151,589 km",CNG,Chennai,2014
Mahindra Scorpio S11,₹ 2.92 Lakh,"180,226 km",CNG,Ahmedabad,2012
Honda Jazz VX,₹ 1.20 Lakh,"124,692 km",Petrol,Mumbai,2016
BMW 3 Series 320d,₹ 34.66 Lakh,"155,622 km",Petrol,Delhi,2013
Mercedes-Benz GLA 220d,₹ 45.73 Lakh,"183,035 km",Petrol,Chennai,2014
Toyota Corolla Altis G,₹ 5.21 Lakh,"153,102 km",Petrol,Bangalore,2014
Tata Nexon XZ+,₹ 1.20 Lakh,"181,708 km",CNG,Bangalore,2012
Honda City VX,₹ 2.67 Lakh,"112,518 km",Diesel,Bangalore,2017
Hyundai Santro Sportz,₹ 6.08 Lakh,"38,210 km",Petrol,Delhi,2023
Tata Tiago XT,₹ 1.20 Lakh,"134,573 km",Petrol,Noida,2015
Toyota Fortuner 2.8 4x2,₹ 6.38 Lakh,"117,883 km",Petrol,Hyderabad,2017
Mercedes-Benz E-Class E220d,₹ 47.56 Lakh,"123,643 km",Petrol,Pune,2017
Toyota Innova Crysta GX,₹ 5.21 Lakh,"138,897 km",Diesel,Noida,2014
Maruti Suzuki Baleno Delta 1.2,₹ 1.20 Lakh,"124,962 km",CNG,Thane,2016
Toyota Innova Crysta GX,₹ 4.52 Lakh,"148,441 km",CNG,Ahmedabad,2014
BMW X1 sDrive20d,₹ 41.84 Lakh,"33,597 km",Petrol,Hyderabad,2022
Mercedes-Benz GLA 220d,₹ 51.71 Lakh,"47,700 km",Petrol,Hyderabad,2022
Hyundai Elite i20 Sportz,₹ 6.48 Lakh,"35,695 km",Petrol,Chennai,2023
Kia Sonet GTX,₹ 7.23 Lakh,"108,894 km",Diesel,Chennai,2017
Mahindra XUV500 W8,₹ 10.27 Lakh,"51,292 km",CNG,Mumbai,2022
Kia Sonet GTX,₹ 5.06 Lakh,"135,716 km",Diesel,Hyderabad,2016
Mercedes-Benz GLA 220d,₹ 48.87 Lakh,"121,336 km",Diesel,Pune,2017
Tata Safari XZ+,₹ 4.34 Lakh,"97,630 km",Diesel,Hyderabad,2018
Kia Seltos GTX,₹ 10.98 Lakh,"35,528 km",CNG,Thane,2022
Toyota Fortuner 2.8 4x2,₹ 7.19 Lakh,"132,749 km",Diesel,Kolkata,2016
Honda Amaze VX,₹ 1.20 Lakh,"186,217 km",Diesel,Kolkata,2013
BMW X1 sDrive20d,₹ 42.16 Lakh,"67,965 km",Diesel,Ahmedabad,2023
Tata Safari XZ+,₹ 6.33 Lakh,"65,131 km",Diesel,Thane,2020
Toyota Corolla Altis G,₹ 2.91 Lakh,"168,263 km",CNG,Thane,2012
Mercedes-Benz E-Class E220d,₹ 51.60 Lakh,"67,883 km",Diesel,Noida,2021
Audi Q5 quattro,₹ 29.86 Lakh,"151,325 km",Diesel,Thane,2013
Kia Carens Prestige,₹ 9.08 Lakh,"58,698 km",Petrol,Kolkata,2022
Toyota Glanza G,₹ 8.82 Lakh,"93,720 km",Diesel,Mumbai,2019
Honda City VX,₹ 1.20 Lakh,"148,243 km",Diesel,Thane,2013
BMW X1 sDrive20d,₹ 42.27 Lakh,"66,360 km",Petrol,Pune,2023
Hyundai Creta SX,₹ 1.20 Lakh,"164,058 km",Diesel,Chennai,2013
Mercedes-Benz E-Class E220d,₹ 50.10 Lakh,"80,544 km",Petrol,Bangalore,2019
Honda WR-V VX,₹ 7.30 Lakh,"47,401 km",Diesel,Ahmedabad,2023
Toyota Fortuner 2.8 4x2,₹ 10.40 Lakh,"70,081 km",CNG,Noida,2021
Tata Nexon XZ+,₹ 1.43 Lakh,"141,144 km",Diesel,Noida,2015
Hyundai Santro Sportz,₹ 1.20 Lakh,"166,171 km",Diesel,Pune,2013
Hyundai Verna SX,₹ 1.84 Lakh,"112,268 km",Diesel,Mumbai,2018
Audi A4 35 TDI,₹ 32.75 Lakh,"129,295 km",Diesel,Delhi,2015
Hyundai Creta SX,₹ 1.20 Lakh,"127,303 km",CNG,Mumbai,2017
Toyota Corolla Altis G,₹ 9.68 Lakh,"62,795 km",Petrol,Hyderabad,2021
Tata Tiago XT,₹ 2.13 Lakh,"152,763 km",Diesel,Chennai,2015
Toyota Innova Crysta GX,₹ 9.94 Lakh,"79,696 km",CNG,Thane,2020
Tata Nexon XZ+,₹ 8.36 Lakh,"31,623 km",Petrol,Delhi,2023
BMW X1 sDrive20d,₹ 36.05 Lakh,"174,298 km",Diesel,Delhi,2015
Tata Nexon XZ+,₹ 1.20 Lakh,"182,003 km",Petrol,Pune,2012
Honda City VX,₹ 1.20 Lakh,"126,770 km",Diesel,Chennai,2014
Kia Carens Prestige,₹ 3.06 Lakh,"168,812 km",CNG,Delhi,2012
Mercedes-Benz C-Class C200,₹ 46.92 Lakh,"135,404 km",Diesel,Pune,2015
Mahindra Thar LX,₹ 9.40 Lakh,"82,909 km",Diesel,Bangalore,2020
Toyota Innova Crysta GX,₹ 6.59 Lakh,"140,809 km",Diesel,Noida,2015
Hyundai Venue S,₹ 4.72 Lakh,"66,931 km",Petrol,Hyderabad,2021
Kia Seltos GTX,₹ 3.73 Lakh,"154,847 km",CNG,Delhi,2013
Hyundai Creta SX,₹ 1.20 Lakh,"161,279 km",CNG,Delhi,2014
Tata Nexon XZ+,₹ 1.55 Lakh,"144,583 km",Petrol,Bangalore,2014
Audi Q5 quattro,₹ 36.37 Lakh,"65,651 km",Diesel,Pune,2022
Honda BR-V VX,₹ 4.13 Lakh,"95,001 km",Petrol,Kolkata,2019
Hyundai i10 Magna,₹ 4.19 Lakh,"56,856 km",Petrol,Chennai,2021
Audi Q3 Premium,₹ 34.58 Lakh,"71,590 km",Diesel,Noida,2019
Audi A4 35 TDI,₹ 29.08 Lakh,"189,233 km",Petrol,Pune,2012
Hyundai Santro Sportz,₹ 1.58 Lakh,"112,340 km",Diesel,Bangalore,2018
Honda City VX,₹ 1.54 Lakh,"123,936 km",Diesel,Mumbai,2017
Toyota Glanza G,₹ 7.95 Lakh,"113,783 km",CNG,Chennai,2017
Honda WR-V VX,₹ 1.20 Lakh,"164,818 km",Diesel,Thane,2013
Mahindra Thar LX,₹ 4.17 Lakh,"156,454 km",CNG,Kolkata,2014
Hyundai Grand i10 Magna,₹ 1.20 Lakh,"148,922 km",CNG,Ahmedabad,2014
Hyundai Santro Sportz,₹ 3.03 Lakh,"75,006 km",CNG,Pune,2019
Mahindra Thar LX,₹ 7.14 Lakh,"92,871 km",CNG,Pune,2018
Mercedes-Benz C-Class C200,₹ 44.01 Lakh,"178,574 km",Petrol,Chennai,2012
Kia Seltos GTX,₹ 6.07 Lakh,"114,086 km",Diesel,Thane,2017
Honda Jazz VX,₹ 3.45 Lakh,"85,702 km",Petrol,Chennai,2019
Mahindra Thar LX,₹ 5.90 Lakh,"109,106 km",Petrol,Pune,2017
Maruti Suzuki S-Presso VXi,₹ 1.20 Lakh,"170,412 km",CNG,Pune,2012
Toyota Glanza G,₹ 8.64 Lakh,"96,726 km",CNG,Chennai,2018
Tata Nexon XZ+,₹ 7.19 Lakh,"20,237 km",Petrol,Mumbai,2023
Kia Sonet GTX,₹ 8.82 Lakh,"75,437 km",CNG,Mumbai,2020
Hyundai Venue S,₹ 1.20 Lakh,"147,545 km",Diesel,Bangalore,2014
Hyundai Grand i10 Magna,₹ 1.20 Lakh,"112,662 km",CNG,Bangalore,2017
Honda BR-V VX,₹ 1.20 Lakh,"155,426 km",Diesel,Mumbai,2014
BMW 5 Series 520d,₹ 36.67 Lakh,"162,877 km",Diesel,Ahmedabad,2014
Mercedes-Benz GLA 220d,₹ 47.11 Lakh,"134,388 km",Diesel,Thane,2016
Mercedes-Benz C-Class C200,₹ 46.78 Lakh,"138,910 km",Petrol,Delhi,2015
Toyota Innova Crysta GX,₹ 10.54 Lakh,"76,090 km",Diesel,Hyderabad,2022
BMW 3 Series 320d,₹ 36.51 Lakh,"153,359 km",Diesel,Mumbai,2014
Kia Sonet GTX,₹ 3.77 Lakh,"143,004 km",Diesel,Kolkata,2013
Maruti Suzuki S-Presso VXi,₹ 1.20 Lakh,"55,369 km",Petrol,Mumbai,2020
Audi A4 35 TDI,₹ 29.36 Lakh,"171,024 km",Petrol,Ahmedabad,2013
Hyundai Verna SX,₹ 1.41 Lakh,"114,505 km",Petrol,Thane,2017
Hyundai Santro Sportz,₹ 1.20 Lakh,"121,393 km",Diesel,Pune,2016
Honda BR-V VX,₹ 1.20 Lakh,"187,853 km",Petrol,Delhi,2012
Audi Q5 quattro,₹ 32.10 Lakh,"145,417 km",Petrol,Kolkata,2015
Audi Q5 quattro,₹ 37.93 Lakh,"42,201 km",Diesel,Hyderabad,2023
Mercedes-Benz C-Class C200,₹ 52.44 Lakh,"58,171 km",Petrol,Pune,2022
Toyota Etios Liva G,₹ 9.87 Lakh,"71,746 km",CNG,Mumbai,2021
Mahindra Scorpio S11,₹ 6.07 Lakh,"138,712 km",Diesel,Noida,2017
Maruti Suzuki Ciaz ZXI+,₹ 1.20 Lakh,"142,021 km",CNG,Mumbai,2014
Mercedes-Benz E-Class E220d,₹ 51.33 Lakh,"53,092 km",Petrol,Bangalore,2021
Audi Q3 Premium,₹ 29.80 Lakh,"159,034 km",Petrol,Delhi,2012
Kia Sonet GTX,₹ 7.24 Lakh,"92,527 km",Diesel,Ahmedabad,2018
Maruti Suzuki Swift VXi,₹ 1.20 Lakh,"103,192 km",Diesel,Bangalore,2018
Hyundai Creta SX,₹ 1.32 Lakh,"98,660 km",CNG,Thane,2018
Mahindra XUV500 W8,₹ 9.56 Lakh,"49,107 km",Petrol,Thane,2022
BMW X1 sDrive20d,₹ 38.51 Lakh,"95,699 km",Petrol,Pune,2018
BMW 5 Series 520d,₹ 35.85 Lakh,"144,269 km",Petrol,Mumbai,2014
Honda Jazz VX,₹ 6.53 Lakh,"46,772 km",Petrol,Pune,2023
Maruti Suzuki Ciaz ZXI+,₹ 1.20 Lakh,"168,052 km",Diesel,Bangalore,2013
Mahindra Thar LX,₹ 4.34 Lakh,"148,309 km",Petrol,Ahmedabad,2015
Mahindra Thar LX,₹ 5.34 Lakh,"120,709 km",CNG,Mumbai,2016
BMW X1 sDrive20d,₹ 37.91 Lakh,"110,633 km",Petrol,Kolkata,2018
Toyota Fortuner 2.8 4x2,₹ 11.30 Lakh,"53,907 km",Petrol,Noida,2022
Mercedes-Benz E-Class E220d,₹ 48.58 Lakh,"116,560 km",Diesel,Ahmedabad,2017
Honda BR-V VX,₹ 2.29 Lakh,"108,727 km",Petrol,Mumbai,2018
Honda BR-V VX,₹ 3.51 Lakh,"80,707 km",CNG,Noida,2018
BMW 3 Series 320d,₹ 35.38 Lakh,"177,297 km",Petrol,Pune,2013
Mercedes-Benz C-Class C200,₹ 46.31 Lakh,"154,049 km",Petrol,Thane,2014
Honda City VX,₹ 2.35 Lakh,"113,846 km",CNG,Hyderabad,2017
Kia Sonet GTX,₹ 8.53 Lakh,"70,913 km",Petrol,Chennai,2021
Honda Amaze VX,₹ 1.20 Lakh,"195,979 km",Petrol,Delhi,2012
Mercedes-Benz C-Class C200,₹ 49.55 Lakh,"91,189 km",Petrol,Mumbai,2020
Maruti Suzuki Ertiga VXI CNG,₹ 1.20 Lakh,"165,137 km",CNG,Noida,2013
Mercedes-Benz C-Class C200,₹ 52.40 Lakh,"53,472 km",Diesel,Kolkata,2022
Hyundai Verna SX,₹ 1.20 Lakh,"184,598 km",Petrol,Mumbai,2012
Honda BR-V VX,₹ 6.45 Lakh,"50,010 km",Petrol,Bangalore,2022
Kia Carens Prestige,₹ 11.05 Lakh,"45,607 km",CNG,Pune,2023
Hyundai Verna SX,₹ 6.76 Lakh,"19,487 km",Diesel,Mumbai,2023
Mercedes-Benz GLA 220d,₹ 45.35 Lakh,"172,355 km",Diesel,Mumbai,2014
Mahindra Scorpio S11,₹ 4.73 Lakh,"142,727 km",Diesel,Kolkata,2015
Audi A4 35 TDI,₹ 31.79 Lakh,"131,640 km",Petrol,Chennai,2016
Tata Harrier XZ,₹ 5.11 Lakh,"108,635 km",CNG,Pune,2019
Mahindra XUV500 W8,₹ 10.69 Lakh,"54,588 km",CNG,Delhi,2022
BMW 5 Series 520d,₹ 38.20 Lakh,"119,567 km",Petrol,Mumbai,2018
BMW X1 sDrive20d,₹ 38.49 Lakh,"97,360 km",Diesel,Bangalore,2018
Mercedes-Benz C-Class C200,₹ 50.10 Lakh,"92,941 km",Petrol,Kolkata,2020
Kia Carens Prestige,₹ 2.27 Lakh,"170,637 km",CNG,Noida,2013
Honda Jazz VX,₹ 1.20 Lakh,"155,587 km",CNG,Thane,2013
BMW 3 Series 320d,₹ 38.50 Lakh,"90,349 km",Petrol,Chennai,2018
Toyota Fortuner 2.8 4x2,₹ 4.98 Lakh,"153,410 km",CNG,Ahmedabad,2014
Hyundai i10 Magna,₹ 1.20 Lakh,"162,129 km",Diesel,Thane,2014
Audi Q3 Premium,₹ 34.69 Lakh,"103,581 km",Diesel,Pune,2018
Mercedes-Benz E-Class E220d,₹ 45.88 Lakh,"150,849 km",Diesel,Mumbai,2015
Toyota Etios Liva G,₹ 7.85 Lakh,"114,292 km",CNG,Noida,2017
Honda Jazz VX,₹ 6.50 Lakh,"32,082 km",CNG,Delhi,2023
Tata Safari XZ+,₹ 3.84 Lakh,"99,342 km",Diesel,Chennai,2017
Honda WR-V VX,₹ 4.06 Lakh,"67,150 km",CNG,Pune,2020
Audi A4 35 TDI,₹ 38.08 Lakh,"42,012 km",Diesel,Ahmedabad,2022
Audi A4 35 TDI,₹ 30.03 Lakh,"173,211 km",Diesel,Delhi,2012
Maruti Suzuki Ertiga VXI CNG,₹ 1.20 Lakh,"119,547 km",Diesel,Bangalore,2017
Toyota Innova Crysta GX,₹ 3.25 Lakh,"171,862 km",Petrol,Kolkata,2013
Tata Tiago XT,₹ 3.66 Lakh,"117,002 km",Petrol,Kolkata,2017
Mahindra Scorpio S11,₹ 6.98 Lakh,"122,423 km",Diesel,Chennai,2018
Kia Sonet GTX,₹ 8.35 Lakh,"67,669 km",Diesel,Bangalore,2020
Mercedes-Benz E-Class E220d,₹ 51.78 Lakh,"44,607 km",Petrol,Delhi,2023
Kia Carens Prestige,₹ 4.89 Lakh,"136,991 km",CNG,Bangalore,2014
Kia Sonet GTX,₹ 7.06 Lakh,"128,798 km",CNG,Ahmedabad,2018
Honda City VX,₹ 2.63 Lakh,"102,996 km",Diesel,Kolkata,2018
Toyota Innova Crysta GX,₹ 11.88 Lakh,"21,098 km",Petrol,Noida,2023
Toyota Innova Crysta GX,₹ 10.66 Lakh,"70,275 km",Petrol,Bangalore,2022
Tata Safari XZ+,₹ 7.05 Lakh,"36,224 km",Diesel,Mumbai,2022
Toyota Innova Crysta GX,₹ 9.01 Lakh,"55,505 km",CNG,Mumbai,2019
Mahindra Thar LX,₹ 11.24 Lakh,"49,271 km",CNG,Kolkata,2023
Honda Amaze VX,₹ 1.20 Lakh,"167,539 km",CNG,Mumbai,2013
Toyota Fortuner 2.8 4x2,₹ 10.60 Lakh,"45,489 km",CNG,Thane,2022
Tata Safari XZ+,₹ 5.04 Lakh,"64,727 km",Petrol,Hyderabad,2020
Honda City VX,₹ 5.46 Lakh,"38,647 km",CNG,Pune,2021
Kia Sonet GTX,₹ 7.01 Lakh,"102,302 km",Diesel,Hyderabad,2018
Toyota Fortuner 2.8 4x2,₹ 9.15 Lakh,"64,038 km",Diesel,Hyderabad,2020
Hyundai Creta SX,₹ 1.20 Lakh,"177,867 km",Petrol,Thane,2014
Tata Harrier XZ,₹ 3.62 Lakh,"105,957 km",Diesel,Thane,2018
Toyota Etios Liva G,₹ 9.54 Lakh,"83,709 km",CNG,Bangalore,2019
Audi Q5 quattro,₹ 34.29 Lakh,"90,504 km",Petrol,Delhi,2018
Kia Seltos GTX,₹ 7.12 Lakh,"107,160 km",Diesel,Chennai,2017
Mercedes-Benz C-Class C200,₹ 43.96 Lakh,"165,930 km",Petrol,Chennai,2012
Maruti Suzuki Swift VXi,₹ 1.20 Lakh,"147,206 km",Petrol,Noida,2015
Mahindra XUV500 W8,₹ 8.98 Lakh,"66,256 km",Petrol,Delhi,2022
Mahindra Thar LX,₹ 6.89 Lakh,"109,517 km",CNG,Mumbai,2018
Maruti Suzuki Wagon R 1.0 VXI,₹ 1.51 Lakh,"84,021 km",CNG,Thane,2020
Maruti Suzuki Ciaz ZXI+,₹ 1.20 Lakh,"122,240 km",Petrol,Pune,2016
Mahindra Thar LX,₹ 6.36 Lakh,"97,745 km",CNG,Ahmedabad,2018
Toyota Innova Crysta GX,₹ 6.43 Lakh,"119,677 km",Diesel,Thane,2015
BMW 5 Series 520d,₹ 39.60 Lakh,"86,541 km",Petrol,Ahmedabad,2019
Toyota Glanza G,₹ 11.23 Lakh,"61,408 km",Diesel,Thane,2021
Kia Sonet GTX,₹ 8.17 Lakh,"84,705 km",Petrol,Kolkata,2019
BMW X1 sDrive20d,₹ 37.73 Lakh,"154,911 km",Diesel,Bangalore,2016
Hyundai Venue S,₹ 4.39 Lakh,"71,901 km",CNG,Thane,2021
Toyota Etios Liva G,₹ 12.62 Lakh,"45,243 km",Diesel,Thane,2023
Kia Carens Prestige,₹ 6.83 Lakh,"104,199 km",Petrol,Delhi,2018
BMW 5 Series 520d,₹ 39.62 Lakh,"76,878 km",Diesel,Hyderabad,2019
Hyundai Venue S,₹ 1.20 Lakh,"188,376 km",CNG,Ahmedabad,2012
Mahindra Scorpio S11,₹ 4.11 Lakh,"130,483 km",CNG,Thane,2015
Mahindra Thar LX,₹ 6.37 Lakh,"119,522 km",Diesel,Bangalore,2017
Toyota Innova Crysta GX,₹ 4.86 Lakh,"152,724 km",CNG,Thane,2015
Honda WR-V VX,₹ 2.36 Lakh,"99,751 km",CNG,Bangalore,2018
BMW 5 Series 520d,₹ 39.88 Lakh,"94,479 km",Petrol,Chennai,2020
BMW X1 sDrive20d,₹ 36.01 Lakh,"141,878 km",Diesel,Hyderabad,2015
Audi Q3 Premium,₹ 32.07 Lakh,"149,304 km",Diesel,Kolkata,2015
Kia Carens Prestige,₹ 7.78 Lakh,"95,755 km",CNG,Hyderabad,2020
Hyundai Santro Sportz,₹ 1.20 Lakh,"120,062 km",Petrol,Ahmedabad,2017
Audi Q3 Premium,₹ 33.31 Lakh,"107,485 km",Petrol,Delhi,2016
Maruti Suzuki S-Presso VXi,₹ 1.20 Lakh,"138,387 km",CNG,Kolkata,2015
Maruti Suzuki S-Presso VXi,₹ 1.20 Lakh,"136,464 km",CNG,Bangalore,2015
BMW 5 Series 520d,₹ 40.09 Lakh,"114,737 km",Diesel,Delhi,2019
Audi Q3 Premium,₹ 31.28 Lakh,"134,819 km",Petrol,Bangalore,2014
BMW X1 sDrive20d,₹ 40.50 Lakh,"84,030 km",Diesel,Mumbai,2020
Hyundai Creta SX,₹ 1.20 Lakh,"157,223 km",Petrol,Bangalore,2013
Tata Harrier XZ,₹ 1.29 Lakh,"134,215 km",Petrol,Mumbai,2015
BMW X1 sDrive20d,₹ 41.02 Lakh,"62,538 km",Petrol,Kolkata,2022
Mercedes-Benz GLA 220d,₹ 48.29 Lakh,"117,561 km",Petrol,Delhi,2018
Mercedes-Benz E-Class E220d,₹ 48.58 Lakh,"105,792 km",Petrol,Chennai,2017
Kia Sonet GTX,₹ 3.42 Lakh,"157,966 km",Diesel,Thane,2012
Toyota Innova Crysta GX,₹ 6.65 Lakh,"112,993 km",Petrol,Mumbai,2016
Mahindra XUV500 W8,₹ 3.63 Lakh,"170,137 km",Petrol,Chennai,2014
Mahindra XUV500 W8,₹ 8.64 Lakh,"80,036 km",CNG,Hyderabad,2019
Honda Jazz VX,₹ 1.20 Lakh,"143,194 km",Petrol,Noida,2013
BMW 3 Series 320d,₹ 38.47 Lakh,"103,290 km",Petrol,Kolkata,2017
Kia Seltos GTX,₹ 2.68 Lakh,"150,279 km",CNG,Delhi,2013
Mahindra XUV500 W8,₹ 9.75 Lakh,"59,237 km",CNG,Delhi,2023
Kia Carens Prestige,₹ 3.61 Lakh,"146,381 km",Petrol,Bangalore,2014
Audi Q5 quattro,₹ 38.54 Lakh,"42,459 km",Diesel,Pune,2023
Mahindra Scorpio S11,₹ 6.94 Lakh,"106,582 km",Petrol,Hyderabad,2019
Audi Q5 quattro,₹ 38.36 Lakh,"20,678 km",Diesel,Ahmedabad,2023
Hyundai Verna SX,₹ 1.20 Lakh,"161,156 km",Diesel,Noida,2014
Tata Safari XZ+,₹ 2.19 Lakh,"146,776 km",CNG,Thane,2015
Kia Sonet GTX,₹ 9.00 Lakh,"63,786 km",Petrol,Hyderabad,2022
BMW X1 sDrive20d,₹ 35.85 Lakh,"129,882 km",Petrol,Chennai,2014
Audi A4 35 TDI,₹ 33.07 Lakh,"116,555 km",Diesel,Kolkata,2016
Tata Nexon XZ+,₹ 1.20 Lakh,"179,734 km",Petrol,Bangalore,2012
Kia Carens Prestige,₹ 2.02 Lakh,"188,229 km",Diesel,Mumbai,2012
Mercedes-Benz C-Class C200,₹ 49.68 Lakh,"86,183 km",Petrol,Pune,2020
Honda WR-V VX,₹ 1.20 Lakh,"146,858 km",CNG,Mumbai,2013
Toyota Fortuner 2.8 4x2,₹ 7.04 Lakh,"123,187 km",Diesel,Hyderabad,2017
Toyota Glanza G,₹ 3.17 Lakh,"164,425 km",Petrol,Noida,2013
Mercedes-Benz GLA 220d,₹ 46.83 Lakh,"134,736 km",Diesel,Thane,2015
Hyundai Santro Sportz,₹ 1.20 Lakh,"176,775 km",CNG,Mumbai,2012
Toyota Innova Crysta GX,₹ 11.92 Lakh,"31,382 km",Diesel,Delhi,2023
Mercedes-Benz C-Class C200,₹ 52.28 Lakh,"58,157 km",Diesel,Mumbai,2021
Toyota Etios Liva G,₹ 8.04 Lakh,"85,732 km",Diesel,Delhi,2018
Kia Sonet GTX,₹ 3.65 Lakh,"132,170 km",CNG,Delhi,2014
Honda WR-V VX,₹ 4.94 Lakh,"73,372 km",Petrol,Ahmedabad,2020
Mercedes-Benz E-Class E220d,₹ 49.66 Lakh,"115,651 km",Petrol,Mumbai,2019
Toyota Glanza G,₹ 4.62 Lakh,"140,092 km",Petrol,Ahmedabad,2013
Toyota Fortuner 2.8 4x2,₹ 2.95 Lakh,"181,268 km",Petrol,Noida,2012
Audi Q3 Premium,₹ 31.43 Lakh,"139,259 km",Diesel,Thane,2014
Hyundai Santro Sportz,₹ 1.20 Lakh,"133,015 km",Petrol,Kolkata,2016
Mahindra Scorpio S11,₹ 2.06 Lakh,"182,680 km",CNG,Delhi,2012
BMW 5 Series 520d,₹ 39.42 Lakh,"86,993 km",Petrol,Kolkata,2019
Honda BR-V VX,₹ 5.09 Lakh,"71,923 km",Petrol,Chennai,2020
Kia Carens Prestige,₹ 8.41 Lakh,"91,779 km",Petrol,Delhi,2020
Kia Carens Prestige,₹ 3.77 Lakh,"139,097 km",Diesel,Chennai,2014
Honda Jazz VX,₹ 2.41 Lakh,"89,160 km",CNG,Thane,2018
Toyota Etios Liva G,₹ 11.87 Lakh,"58,367 km",Diesel,Delhi,2022
Mahindra XUV500 W8,₹ 4.96 Lakh,"132,677 km",CNG,Thane,2014
Maruti Suzuki S-Presso VXi,₹ 1.20 Lakh,"119,662 km",CNG,Noida,2016
Mahindra Scorpio S11,₹ 8.33 Lakh,"85,334 km",CNG,Kolkata,2020
Honda WR-V VX,₹ 1.91 Lakh,"119,563 km",CNG,Kolkata,2017
Maruti Suzuki Wagon R 1.0 VXI,₹ 1.20 Lakh,"63,535 km",Petrol,Ahmedabad,2020
Hyundai Santro Sportz,₹ 1.20 Lakh,"139,454 km",Petrol,Kolkata,2016
Kia Sonet GTX,₹ 7.82 Lakh,"81,646 km",Petrol,Bangalore,2019
Mahindra Thar LX,₹ 6.11 Lakh,"110,537 km",Petrol,Thane,2017
Hyundai Santro Sportz,₹ 1.20 Lakh,"166,604 km",Diesel,Mumbai,2013
Mahindra XUV500 W8,₹ 2.04 Lakh,"164,352 km",CNG,Noida,2012
Tata Harrier XZ,₹ 5.67 Lakh,"91,583 km",Diesel,Ahmedabad,2020
Maruti Suzuki Wagon R 1.0 VXI,₹ 3.08 Lakh,"48,047 km",Petrol,Bangalore,2022
Maruti Suzuki Swift VXi,₹ 1.20 Lakh,"160,189 km",CNG,Mumbai,2013
Audi Q3 Premium,₹ 37.01 Lakh,"46,208 km",Diesel,Kolkata,2022
Mercedes-Benz C-Class C200,₹ 48.80 Lakh,"92,422 km",Diesel,Bangalore,2018
Toyota Etios Liva G,₹ 10.54 Lakh,"51,185 km",Petrol,Delhi,2021
Maruti Suzuki Ertiga VXI CNG,₹ 1.20 Lakh,"150,503 km",Diesel,Hyderabad,2014
Honda Amaze VX,₹ 1.20 Lakh,"147,698 km",Diesel,Chennai,2014
Mercedes-Benz E-Class E220d,₹ 48.30 Lakh,"114,957 km",Petrol,Mumbai,2017
Mahindra Thar LX,₹ 9.78 Lakh,"69,852 km",Petrol,Pune,2023
Mercedes-Benz E-Class E220d,₹ 49.34 Lakh,"89,576 km",Petrol,Mumbai,2018
Audi Q3 Premium,₹ 31.51 Lakh,"113,385 km",Petrol,Pune,2015
Mahindra XUV500 W8,₹ 6.32 Lakh,"122,863 km",Diesel,Chennai,2016
Audi Q5 quattro,₹ 33.23 Lakh,"104,869 km",Petrol,Thane,2018
Tata Harrier XZ,₹ 3.09 Lakh,"103,114 km",CNG,Ahmedabad,2016
Kia Carens Prestige,₹ 3.82 Lakh,"140,085 km",Diesel,Kolkata,2014
Kia Sonet GTX,₹ 8.52 Lakh,"74,313 km",CNG,Kolkata,2020
Audi Q3 Premium,₹ 28.53 Lakh,"179,405 km",Petrol,Hyderabad,2012
Kia Carens Prestige,₹ 8.22 Lakh,"81,443 km",Diesel,Pune,2020
Kia Carens Prestige,₹ 9.86 Lakh,"63,115 km",Diesel,Thane,2023
Maruti Suzuki Ciaz ZXI+,₹ 1.20 Lakh,"116,490 km",CNG,Mumbai,2017
Audi Q3 Premium,₹ 34.35 Lakh,"90,189 km",Petrol,Bangalore,2018
Maruti Suzuki Alto 800 LXi,₹ 1.20 Lakh,"91,408 km",CNG,Hyderabad,2019
BMW 5 Series 520d,₹ 36.91 Lakh,"143,973 km",Petrol,Bangalore,2015
Mercedes-Benz E-Class E220d,₹ 48.07 Lakh,"107,062 km",Diesel,Hyderabad,2016
Maruti Suzuki Swift VXi,₹ 1.20 Lakh,"80,670 km",Petrol,Ahmedabad,2018
Mahindra XUV500 W8,₹ 5.78 Lakh,"119,216 km",CNG,Mumbai,2017
Mahindra XUV500 W8,₹ 9.17 Lakh,"54,531 km",Petrol,Thane,2022
Toyota Innova Crysta GX,₹ 5.42 Lakh,"141,922 km",Diesel,Noida,2015
Toyota Fortuner 2.8 4x2,₹ 8.33 Lakh,"84,645 km",CNG,Ahmedabad,2019
Hyundai Grand i10 Magna,₹ 1.20 Lakh,"149,772 km",Petrol,Pune,2014
Honda WR-V VX,₹ 2.32 Lakh,"124,163 km",Petrol,Kolkata,2017
Honda BR-V VX,₹ 2.05 Lakh,"107,320 km",Petrol,Ahmedabad,2018
Maruti Suzuki Vitara Brezza VDi,₹ 1.20 Lakh,"79,107 km",Petrol,Thane,2019
Mahindra Thar LX,₹ 6.26 Lakh,"122,312 km",CNG,Chennai,2016
Mercedes-Benz GLA 220d,₹ 44.63 Lakh,"165,107 km",Diesel,Ahmedabad,2013
BMW X1 sDrive20d,₹ 38.08 Lakh,"118,713 km",Diesel,Kolkata,2016
Kia Seltos GTX,₹ 7.93 Lakh,"98,374 km",Petrol,Thane,2019
Kia Sonet GTX,₹ 5.03 Lakh,"137,145 km",Petrol,Bangalore,2015
Mahindra Thar LX,₹ 6.67 Lakh,"122,104 km",Diesel,Bangalore,2017
Tata Nexon XZ+,₹ 1.20 Lakh,"149,059 km",Diesel,Thane,2014
BMW 5 Series 520d,₹ 36.36 Lakh,"146,102 km",Diesel,Noida,2014
Maruti Suzuki Ertiga VXI CNG,₹ 1.68 Lakh,"66,633 km",Diesel,Hyderabad,2021
Toyota Corolla Altis G,₹ 10.09 Lakh,"81,240 km",Diesel,Delhi,2021
BMW 3 Series 320d,₹ 38.49 Lakh,"115,297 km",Diesel,Bangalore,2016
Kia Sonet GTX,₹ 5.11 Lakh,"153,268 km",CNG,Delhi,2015
Toyota Innova Crysta GX,₹ 6.29 Lakh,"143,933 km",CNG,Thane,2015
Tata Tiago XT,₹ 1.20 Lakh,"147,961 km",CNG,Pune,2013
Maruti Suzuki Baleno Delta 1.2,₹ 1.20 Lakh,"106,034 km",Diesel,Ahmedabad,2017
Honda BR-V VX,₹ 1.20 Lakh,"143,397 km",CNG,Hyderabad,2014
Tata Harrier XZ,₹ 4.58 Lakh,"81,532 km",Diesel,Kolkata,2019
Mercedes-Benz C-Class C200,₹ 44.94 Lakh,"169,820 km",Petrol,Pune,2013
Tata Tiago XT,₹ 1.71 Lakh,"148,526 km",CNG,Hyderabad,2015
Toyota Etios Liva G,₹ 11.30 Lakh,"56,093 km",Diesel,Hyderabad,2021
Hyundai Grand i10 Magna,₹ 5.09 Lakh,"48,994 km",CNG,Kolkata,2022
Hyundai Elite i20 Sportz,₹ 1.20 Lakh,"167,249 km",Diesel,Bangalore,2012
Hyundai Santro Sportz,₹ 3.77 Lakh,"79,573 km",Diesel,Delhi,2019
Toyota Fortuner 2.8 4x2,₹ 8.87 Lakh,"69,691 km",Petrol,Chennai,2020
Mercedes-Benz C-Class C200,₹ 52.22 Lakh,"54,401 km",Diesel,Noida,2023
Hyundai Verna SX,₹ 3.34 Lakh,"81,689 km",Petrol,Chennai,2020
Hyundai i10 Magna,₹ 1.20 Lakh,"96,062 km",Diesel,Kolkata,2017
Maruti Suzuki Vitara Brezza VDi,₹ 1.20 Lakh,"155,381 km",CNG,Thane,2014
BMW 3 Series 320d,₹ 40.65 Lakh,"82,135 km",Diesel,Ahmedabad,2019
Maruti Suzuki Ciaz ZXI+,₹ 1.20 Lakh,"116,323 km",Diesel,Mumbai,2016
Honda City VX,₹ 1.20 Lakh,"150,907 km",CNG,Hyderabad,2014
Audi Q5 quattro,₹ 30.01 Lakh,"161,477 km",Diesel,Pune,2012
Maruti Suzuki Baleno Delta 1.2,₹ 2.15 Lakh,"60,100 km",Diesel,Mumbai,2021
Maruti Suzuki Ciaz ZXI+,₹ 1.20 Lakh,"184,090 km",CNG,Hyderabad,2012
BMW X1 sDrive20d,₹ 38.90 Lakh,"111,665 km",Diesel,Hyderabad,2017
Audi Q5 quattro,₹ 30.90 Lakh,"165,330 km",Diesel,Delhi,2013
Audi Q5 quattro,₹ 30.39 Lakh,"144,631 km",Petrol,Delhi,2014
Tata Safari XZ+,₹ 1.20 Lakh,"174,529 km",Petrol,Thane,2012
Honda City VX,₹ 1.20 Lakh,"162,650 km",Petrol,Ahmedabad,2013
Honda City VX,₹ 4.50 Lakh,"94,489 km",CNG,Hyderabad,2020
Hyundai i10 Magna,₹ 4.68 Lakh,"48,373 km",CNG,Chennai,2022
Maruti Suzuki Wagon R 1.0 VXI,₹ 1.68 Lakh,"80,990 km",CNG,Delhi,2020
BMW 3 Series 320d,₹ 42.52 Lakh,"39,602 km",Petrol,Kolkata,2023
Honda City VX,₹ 1.20 Lakh,"174,306 km",Petrol,Ahmedabad,2012
Tata Nexon XZ+,₹ 1.20 Lakh,"198,954 km",Diesel,Delhi,2012
Tata Tiago XT,₹ 1.20 Lakh,"167,458 km",CNG,Thane,2012
Mahindra XUV500 W8,₹ 4.54 Lakh,"149,282 km",Diesel,Delhi,2014
Mercedes-Benz C-Class C200,₹ 50.83 Lakh,"66,332 km",Petrol,Pune,2021
Mahindra Thar LX,₹ 9.60 Lakh,"48,623 km",Diesel,Ahmedabad,2021
Hyundai Verna SX,₹ 1.20 Lakh,"151,846 km",Diesel,Chennai,2014
Toyota Etios Liva G,₹ 8.79 Lakh,"86,851 km",CNG,Thane,2019
Honda WR-V VX,₹ 1.20 Lakh,"115,205 km",CNG,Ahmedabad,2015
Honda WR-V VX,₹ 2.37 Lakh,"112,475 km",Petrol,Mumbai,2018
BMW 3 Series 320d,₹ 40.13 Lakh,"83,031 km",Diesel,Hyderabad,2019
Audi Q3 Premium,₹ 37.71 Lakh,"32,437 km",Diesel,Bangalore,2023
Tata Safari XZ+,₹ 1.20 Lakh,"197,683 km",Diesel,Pune,2013
Kia Seltos GTX,₹ 8.58 Lakh,"71,799 km",Petrol,Pune,2019
Hyundai Grand i10 Magna,₹ 3.08 Lakh,"97,864 km",Diesel,Delhi,2019
Honda City VX,₹ 1.75 Lakh,"118,656 km",Petrol,Noida,2017
Audi Q5 quattro,₹ 33.56 Lakh,"114,200 km",Diesel,Chennai,2018
Maruti Suzuki Ciaz ZXI+,₹ 1.20 Lakh,"95,227 km",CNG,Chennai,2018
BMW 3 Series 320d,₹ 36.33 Lakh,"150,765 km",Petrol,Thane,2015
Toyota Glanza G,₹ 4.09 Lakh,"171,503 km",CNG,Noida,2012
Toyota Etios Liva G,₹ 11.89 Lakh,"49,323 km",Petrol,Delhi,2023
Mercedes-Benz C-Class C200,₹ 52.63 Lakh,"60,927 km",Diesel,Bangalore,2023
Maruti Suzuki Ertiga VXI CNG,₹ 1.20 Lakh,"106,813 km",CNG,Hyderabad,2017
Maruti Suzuki Ciaz ZXI+,₹ 1.20 Lakh,"152,804 km",Petrol,Noida,2012
Audi Q3 Premium,₹ 30.22 Lakh,"168,664 km",Diesel,Thane,2014
BMW 3 Series 320d,₹ 41.00 Lakh,"78,812 km",Diesel,Kolkata,2020
Kia Carens Prestige,₹ 2.78 Lakh,"177,804 km",Diesel,Ahmedabad,2012
Audi Q5 quattro,₹ 37.49 Lakh,"45,816 km",Petrol,Noida,2023
Tata Safari XZ+,₹ 6.32 Lakh,"46,267 km",CNG,Mumbai,2021
Honda City VX,₹ 4.60 Lakh,"95,898 km",Diesel,Ahmedabad,2019
Mahindra Scorpio S11,₹ 10.68 Lakh,"47,832 km",Petrol,Thane,2023
Hyundai Grand i10 Magna,₹ 1.70 Lakh,"108,319 km",CNG,Ahmedabad,2018
Toyota Glanza G,₹ 7.18 Lakh,"104,844 km",Petrol,Delhi,2018
BMW 5 Series 520d,₹ 38.01 Lakh,"105,874 km",Petrol,Delhi,2017
Tata Safari XZ+,₹ 1.85 Lakh,"139,383 km",Diesel,Thane,2015
Hyundai Verna SX,₹ 1.20 Lakh,"118,876 km",CNG,Noida,2015
Maruti Suzuki Ertiga VXI CNG,₹ 1.20 Lakh,"74,064 km",Petrol,Mumbai,2020
Toyota Glanza G,₹ 8.83 Lakh,"121,662 km",Diesel,Hyderabad,2019
Honda City VX,₹ 2.35 Lakh,"118,125 km",Petrol,Hyderabad,2018
Hyundai i10 Magna,₹ 1.20 Lakh,"151,661 km",CNG,Ahmedabad,2015
Maruti Suzuki Alto 800 LXi,₹ 1.20 Lakh,"132,690 km",CNG,Noida,2016
Toyota Etios Liva G,₹ 11.17 Lakh,"58,844 km",Diesel,Ahmedabad,2022
Mahindra Scorpio S11,₹ 5.36 Lakh,"146,651 km",Diesel,Chennai,2015
Toyota Corolla Altis G,₹ 11.03 Lakh,"43,404 km",Petrol,Kolkata,2021
Toyota Corolla Altis G,₹ 11.62 Lakh,"46,258 km",Petrol,Bangalore,2022
Mahindra XUV500 W8,₹ 7.43 Lakh,"90,645 km",CNG,Bangalore,2019
Hyundai Santro Sportz,₹ 6.68 Lakh,"36,744 km",Diesel,Kolkata,2023
Honda City VX,₹ 6.07 Lakh,"59,767 km",Diesel,Mumbai,2023
Audi Q3 Premium,₹ 31.12 Lakh,"135,991 km",Petrol,Ahmedabad,2015
Toyota Corolla Altis G,₹ 7.13 Lakh,"122,782 km",Diesel,Hyderabad,2016
Mercedes-Benz C-Class C200,₹ 43.94 Lakh,"177,842 km",Petrol,Noida,2012
Mahindra Scorpio S11,₹ 2.30 Lakh,"165,576 km",CNG,Pune,2012
Mercedes-Benz GLA 220d,₹ 50.80 Lakh,"78,699 km",Diesel,Pune,2019
Maruti Suzuki Baleno Delta 1.2,₹ 3.66 Lakh,"51,758 km",Petrol,Ahmedabad,2023
Hyundai Venue S,₹ 1.20 Lakh,"109,631 km",CNG,Delhi,2018
Toyota Fortuner 2.8 4x2,₹ 10.94 Lakh,"37,478 km",Diesel,Mumbai,2021
Honda City VX,₹ 3.99 Lakh,"94,166 km",CNG,Hyderabad,2019
Maruti Suzuki Baleno Delta 1.2,₹ 1.20 Lakh,"129,952 km",Petrol,Pune,2016
Mercedes-Benz GLA 220d,₹ 52.77 Lakh,"46,450 km",Diesel,Mumbai,2023
Toyota Fortuner 2.8 4x2,₹ 12.22 Lakh,"41,998 km",Petrol,Delhi,2023
Hyundai Santro Sportz,₹ 1.20 Lakh,"135,343 km",Diesel,Pune,2016
Audi Q3 Premium,₹ 30.87 Lakh,"140,354 km",Diesel,Pune,2014
Mahindra XUV500 W8,₹ 11.00 Lakh,"25,413 km",CNG,Pune,2023
Mahindra Scorpio S11,₹ 3.86 Lakh,"175,439 km",Diesel,Delhi,2013
Kia Sonet GTX,₹ 1.80 Lakh,"186,224 km",CNG,Noida,2012
Tata Safari XZ+,₹ 3.76 Lakh,"118,288 km",CNG,Delhi,2017
BMW 3 Series 320d,₹ 37.44 Lakh,"126,969 km",Petrol,Bangalore,2017
Mahindra XUV500 W8,₹ 10.47 Lakh,"50,280 km",Petrol,Chennai,2022
Hyundai Grand i10 Magna,₹ 4.71 Lakh,"49,976 km",Petrol,Ahmedabad,2022
Mercedes-Benz E-Class E220d,₹ 46.33 Lakh,"148,934 km",Diesel,Mumbai,2014
Honda Jazz VX,₹ 4.13 Lakh,"72,896 km",Diesel,Chennai,2019
Kia Carens Prestige,₹ 3.73 Lakh,"151,473 km",Petrol,Hyderabad,2014
Hyundai Verna SX,₹ 1.20 Lakh,"109,610 km",Petrol,Delhi,2016
Audi A4 35 TDI,₹ 36.07 Lakh,"54,876 km",Diesel,Pune,2021
Honda Amaze VX,₹ 1.20 Lakh,"152,560 km",Diesel,Chennai,2012
Audi Q5 quattro,₹ 31.56 Lakh,"136,012 km",Petrol,Thane,2015
Toyota Fortuner 2.8 4x2,₹ 5.90 Lakh,"132,757 km",Petrol,Kolkata,2016
Audi Q3 Premium,₹ 33.94 Lakh,"108,523 km",Diesel,Thane,2018
Mahindra Thar LX,₹ 4.58 Lakh,"143,714 km",Diesel,Hyderabad,2014
Honda WR-V VX,₹ 5.14 Lakh,"79,348 km",Diesel,Mumbai,2021
Toyota Innova Crysta GX,₹ 2.94 Lakh,"167,805 km",CNG,Ahmedabad,2012
Audi Q5 quattro,₹ 35.64 Lakh,"89,586 km",Petrol,Kolkata,2020
Maruti Suzuki Wagon R 1.0 VXI,₹ 3.68 Lakh,"31,346 km",Diesel,Noida,2021
Kia Sonet GTX,₹ 6.07 Lakh,"117,091 km",Diesel,Chennai,2017
Tata Safari XZ+,₹ 1.20 Lakh,"176,742 km",CNG,Thane,2013
Maruti Suzuki Vitara Brezza VDi,₹ 1.20 Lakh,"134,367 km",Diesel,Hyderabad,2016
Tata Safari XZ+,₹ 7.79 Lakh,"63,812 km",Diesel,Thane,2022
Kia Sonet GTX,₹ 9.61 Lakh,"49,676 km",Diesel,Mumbai,2021
Hyundai Venue S,₹ 6.48 Lakh,"37,178 km",CNG,Mumbai,2023
Kia Carens Prestige,₹ 1.77 Lakh,"181,030 km",Diesel,Delhi,2012
Toyota Corolla Altis G,₹ 5.73 Lakh,"129,749 km",CNG,Kolkata,2016
Kia Sonet GTX,₹ 5.64 Lakh,"96,102 km",Petrol,Ahmedabad,2017
Audi Q3 Premium,₹ 29.40 Lakh,"182,451 km",Diesel,Chennai,2012
Tata Tiago XT,₹ 6.14 Lakh,"78,782 km",Petrol,Pune,2021
Mahindra Scorpio S11,₹ 10.49 Lakh,"41,126 km",Diesel,Noida,2022
Maruti Suzuki Ciaz ZXI+,₹ 1.20 Lakh,"113,130 km",Diesel,Chennai,2017
Mercedes-Benz C-Class C200,₹ 48.86 Lakh,"86,805 km",Petrol,Pune,2019
Tata Harrier XZ,₹ 5.88 Lakh,"64,572 km",CNG,Thane,2020
Mahindra Thar LX,₹ 3.81 Lakh,"166,411 km",Diesel,Mumbai,2013
Mahindra XUV500 W8,₹ 9.76 Lakh,"62,464 km",CNG,Kolkata,2022
Honda WR-V VX,₹ 1.86 Lakh,"113,450 km",CNG,Delhi,2016
Toyota Corolla Altis G,₹ 11.66 Lakh,"50,901 km",CNG,Chennai,2022
Maruti Suzuki Ertiga VXI CNG,₹ 1.20 Lakh,"145,737 km",Diesel,Thane,2015
Maruti Suzuki Swift VXi,₹ 1.20 Lakh,"175,898 km",Petrol,Kolkata,2012
Kia Carens Prestige,₹ 6.67 Lakh,"89,799 km",Petrol,Noida,2017
Maruti Suzuki Ciaz ZXI+,₹ 2.41 Lakh,"73,886 km",Petrol,Kolkata,2022
Audi Q3 Premium,₹ 34.97 Lakh,"77,630 km",Diesel,Hyderabad,2019
Kia Seltos GTX,₹ 1.54 Lakh,"191,743 km",Petrol,Pune,2012
Tata Harrier XZ,₹ 7.01 Lakh,"46,299 km",CNG,Pune,2022
Mercedes-Benz E-Class E220d,₹ 52.34 Lakh,"40,365 km",Diesel,Thane,2023
Honda Jazz VX,₹ 1.33 Lakh,"128,034 km",Diesel,Kolkata,2015
Hyundai Venue S,₹ 6.30 Lakh,"55,166 km",Diesel,Hyderabad,2023
BMW 5 Series 520d,₹ 37.58 Lakh,"103,348 km",Petrol,Kolkata,2016
Kia Seltos GTX,₹ 9.86 Lakh,"47,449 km",Petrol,Chennai,2022
Mahindra Scorpio S11,₹ 2.97 Lakh,"176,354 km",CNG,Noida,2012
Audi Q5 quattro,₹ 34.66 Lakh,"92,669 km",Petrol,Ahmedabad,2019
Tata Harrier XZ,₹ 2.03 Lakh,"116,328 km",CNG,Ahmedabad,2016
Mahindra XUV500 W8,₹ 7.51 Lakh,"88,987 km",Petrol,Hyderabad,2019
BMW 5 Series 520d,₹ 39.93 Lakh,"55,889 km",Petrol,Pune,2020
Honda City VX,₹ 4.04 Lakh,"79,115 km",Diesel,Noida,2019
Toyota Innova Crysta GX,₹ 4.26 Lakh,"166,333 km",Petrol,Ahmedabad,2013
Toyota Fortuner 2.8 4x2,₹ 3.35 Lakh,"170,006 km",Petrol,Mumbai,2012
Tata Nexon XZ+,₹ 4.01 Lakh,"98,117 km",Diesel,Chennai,2018
Audi A4 35 TDI,₹ 31.54 Lakh,"136,380 km",Petrol,Hyderabad,2015
Mahindra Scorpio S11,₹ 10.19 Lakh,"33,799 km",Diesel,Ahmedabad,2022
Honda Jazz VX,₹ 6.27 Lakh,"61,452 km",Petrol,Mumbai,2022
Maruti Suzuki Ciaz ZXI+,₹ 1.20 Lakh,"98,016 km",Petrol,Noida,2019
Hyundai Grand i10 Magna,₹ 6.33 Lakh,"41,289 km",CNG,Ahmedabad,2023
Hyundai Grand i10 Magna,₹ 4.10 Lakh,"75,286 km",CNG,Noida,2021
Mercedes-Benz GLA 220d,₹ 48.20 Lakh,"120,121 km",Diesel,Thane,2018
Mahindra Scorpio S11,₹ 5.74 Lakh,"103,984 km",CNG,Kolkata,2015
Tata Safari XZ+,₹ 3.75 Lakh,"118,222 km",Diesel,Kolkata,2018
Hyundai Verna SX,₹ 4.90 Lakh,"61,980 km",CNG,Chennai,2022
Maruti Suzuki Ciaz ZXI+,₹ 4.37 Lakh,"25,577 km",Diesel,Chennai,2023
Honda BR-V VX,₹ 1.20 Lakh,"176,799 km",CNG,Ahmedabad,2012
Mahindra Thar LX,₹ 5.96 Lakh,"128,787 km",Petrol,Thane,2017
Hyundai Elite i20 Sportz,₹ 5.96 Lakh,"38,798 km",Petrol,Hyderabad,2023
Maruti Suzuki Baleno Delta 1.2,₹ 2.26 Lakh,"61,025 km",Diesel,Mumbai,2021
BMW X1 sDrive20d,₹ 37.39 Lakh,"123,518 km",Petrol,Bangalore,2015
Hyundai Elite i20 Sportz,₹ 1.20 Lakh,"167,883 km",Petrol,Thane,2012
Maruti Suzuki Ciaz ZXI+,₹ 1.42 Lakh,"95,634 km",Diesel,Kolkata,2019
Toyota Corolla Altis G,₹ 9.94 Lakh,"69,817 km",CNG,Thane,2021
Tata Safari XZ+,₹ 1.99 Lakh,"117,194 km",Diesel,Bangalore,2016
Mahindra Scorpio S11,₹ 6.12 Lakh,"124,559 km",CNG,Bangalore,2016
Toyota Corolla Altis G,₹ 9.25 Lakh,"91,157 km",CNG,Hyderabad,2019
Hyundai Verna SX,₹ 5.86 Lakh,"32,657 km",Diesel,Chennai,2023
BMW 5 Series 520d,₹ 37.32 Lakh,"106,690 km",Diesel,Hyderabad,2016
Toyota Innova Crysta GX,₹ 4.11 Lakh,"153,262 km",Petrol,Ahmedabad,2013
Toyota Innova Crysta GX,₹ 8.69 Lakh,"100,733 km",Diesel,Thane,2018
Mahindra XUV500 W8,₹ 9.45 Lakh,"84,079 km",Diesel,Bangalore,2021
BMW X1 sDrive20d,₹ 41.83 Lakh,"56,838 km",Petrol,Ahmedabad,2021
Mercedes-Benz C-Class C200,₹ 52.57 Lakh,"46,413 km",Diesel,Bangalore,2021
Audi Q3 Premium,₹ 33.61 Lakh,"110,353 km",Petrol,Thane,2017
Hyundai Venue S,₹ 2.25 Lakh,"79,592 km",Petrol,Thane,2019
Hyundai Verna SX,₹ 1.20 Lakh,"150,812 km",Diesel,Thane,2015
Mercedes-Benz C-Class C200,₹ 51.17 Lakh,"92,870 km",Diesel,Hyderabad,2020
Hyundai i10 Magna,₹ 1.20 Lakh,"112,125 km",Diesel,Hyderabad,2016
Mercedes-Benz C-Class C200,₹ 47.10 Lakh,"129,806 km",Petrol,Noida,2016
Toyota Glanza G,₹ 9.81 Lakh,"62,146 km",CNG,Delhi,2021
Audi Q3 Premium,₹ 30.93 Lakh,"141,256 km",Diesel,Delhi,2014
Kia Seltos GTX,₹ 4.19 Lakh,"138,367 km",Petrol,Delhi,2015
Mahindra Thar LX,₹ 3.84 Lakh,"154,243 km",Diesel,Hyderabad,2015
Maruti Suzuki Ciaz ZXI+,₹ 1.20 Lakh,"100,941 km",Petrol,Kolkata,2016
Hyundai Santro Sportz,₹ 5.53 Lakh,"44,029 km",CNG,Chennai,2023
Audi Q3 Premium,₹ 36.74 Lakh,"55,195 km",Petrol,Ahmedabad,2022
Kia Seltos GTX,₹ 11.41 Lakh,"44,305 km",Diesel,Delhi,2023
Honda BR-V VX,₹ 5.11 Lakh,"54,875 km",Petrol,Bangalore,2021
Mercedes-Benz GLA 220d,₹ 47.99 Lakh,"122,809 km",Petrol,Delhi,2016
Hyundai Grand i10 Magna,₹ 2.49 Lakh,"104,393 km",Petrol,Chennai,2018
Kia Carens Prestige,₹ 9.44 Lakh,"68,482 km",CNG,Thane,2021
Honda Amaze VX,₹ 1.20 Lakh,"151,312 km",CNG,Delhi,2014
Honda WR-V VX,₹ 3.97 Lakh,"83,139 km",Petrol,Kolkata,2020
Kia Seltos GTX,₹ 10.41 Lakh,"49,874 km",Diesel,Noida,2022
Kia Seltos GTX,₹ 3.37 Lakh,"156,327 km",Diesel,Noida,2012
Hyundai Santro Sportz,₹ 1.20 Lakh,"169,919 km",Petrol,Ahmedabad,2012
Honda Amaze VX,₹ 2.95 Lakh,"93,397 km",CNG,Kolkata,2019
Toyota Fortuner 2.8 4x2,₹ 5.37 Lakh,"153,653 km",Petrol,Mumbai,2014
BMW 5 Series 520d,₹ 41.34 Lakh,"69,531 km",Diesel,Pune,2020
Audi Q3 Premium,₹ 29.90 Lakh,"172,833 km",Diesel,Noida,2013
Tata Tiago XT,₹ 1.41 Lakh,"166,810 km",Diesel,Thane,2014
Maruti Suzuki Baleno Delta 1.2,₹ 2.50 Lakh,"40,224 km",CNG,Chennai,2022
Kia Seltos GTX,₹ 4.60 Lakh,"117,990 km",Petrol,Pune,2016
Mahindra Thar LX,₹ 8.72 Lakh,"86,603 km",Diesel,Kolkata,2019
Kia Carens Prestige,₹ 8.83 Lakh,"68,421 km",CNG,Mumbai,2021
Hyundai Santro Sportz,₹ 3.54 Lakh,"76,258 km",CNG,Noida,2020
Kia Sonet GTX,₹ 11.22 Lakh,"40,806 km",Diesel,Ahmedabad,2023
Mahindra Thar LX,₹ 3.75 Lakh,"152,210 km",Petrol,Thane,2014
Audi Q5 quattro,₹ 36.05 Lakh,"53,864 km",Petrol,Chennai,2020
Mercedes-Benz GLA 220d,₹ 46.55 Lakh,"145,692 km",Diesel,Hyderabad,2015
Maruti Suzuki Ertiga VXI CNG,₹ 3.32 Lakh,"72,071 km",CNG,Mumbai,2022
Hyundai i10 Magna,₹ 5.07 Lakh,"60,798 km",Petrol,Thane,2023
Tata Safari XZ+,₹ 6.33 Lakh,"61,598 km",Petrol,Noida,2021
Toyota Corolla Altis G,₹ 2.22 Lakh,"192,784 km",Petrol,Ahmedabad,2012
Tata Tiago XT,₹ 7.47 Lakh,"41,188 km",CNG,Noida,2023
Hyundai Verna SX,₹ 5.42 Lakh,"48,287 km",Petrol,Pune,2023
Mercedes-Benz GLA 220d,₹ 44.13 Lakh,"181,431 km",Petrol,Bangalore,2012
Mercedes-Benz E-Class E220d,₹ 44.54 Lakh,"158,666 km",Petrol,Kolkata,2013
Maruti Suzuki Vitara Brezza VDi,₹ 3.17 Lakh,"44,176 km",Diesel,Kolkata,2023
Audi Q3 Premium,₹ 35.40 Lakh,"94,277 km",Petrol,Thane,2020
Kia Sonet GTX,₹ 7.27 Lakh,"98,439 km",Petrol,Ahmedabad,2018
Audi Q5 quattro,₹ 31.88 Lakh,"142,675 km",Diesel,Thane,2014
Audi A4 35 TDI,₹ 29.34 Lakh,"154,152 km",Petrol,Hyderabad,2013
Audi Q5 quattro,₹ 33.40 Lakh,"111,829 km",Petrol,Thane,2017
Kia Sonet GTX,₹ 6.79 Lakh,"91,903 km",CNG,Chennai,2018
Audi A4 35 TDI,₹ 34.86 Lakh,"78,125 km",Petrol,Pune,2019
Mercedes-Benz E-Class E220d,₹ 49.02 Lakh,"118,263 km",Diesel,Delhi,2017
Mahindra Thar LX,₹ 10.08 Lakh,"59,925 km",CNG,Ahmedabad,2022
Honda BR-V VX,₹ 7.68 Lakh,"34,102 km",CNG,Kolkata,2023
Hyundai Santro Sportz,₹ 1.20 Lakh,"154,302 km",CNG,Pune,2013
Kia Carens Prestige,₹ 4.35 Lakh,"139,447 km",Petrol,Delhi,2014
Mercedes-Benz E-Class E220d,₹ 48.26 Lakh,"105,602 km",Petrol,Ahmedabad,2018
Mercedes-Benz E-Class E220d,₹ 47.69 Lakh,"114,072 km",Petrol,Chennai,2017
Hyundai Verna SX,₹ 2.42 Lakh,"96,488 km",Diesel,Thane,2018
Toyota Glanza G,₹ 4.03 Lakh,"165,523 km",CNG,Thane,2012
Maruti Suzuki Swift VXi,₹ 1.20 Lakh,"97,724 km",Petrol,Mumbai,2018
Mahindra Scorpio S11,₹ 7.42 Lakh,"84,981 km",Diesel,Bangalore,2019
Tata Harrier XZ,₹ 2.02 Lakh,"119,304 km",CNG,Noida,2016
Kia Sonet GTX,₹ 8.67 Lakh,"93,097 km",Diesel,Chennai,2020
Maruti Suzuki Swift VXi,₹ 2.59 Lakh,"58,098 km",CNG,Mumbai,2022
Toyota Fortuner 2.8 4x2,₹ 6.63 Lakh,"120,621 km",Diesel,Hyderabad,2016
Toyota Innova Crysta GX,₹ 10.52 Lakh,"75,468 km",Diesel,Chennai,2020
BMW 3 Series 320d,₹ 38.09 Lakh,"108,584 km",Diesel,Ahmedabad,2017
Honda WR-V VX,₹ 1.20 Lakh,"181,494 km",CNG,Chennai,2012
Tata Safari XZ+,₹ 7.32 Lakh,"48,703 km",Petrol,Ahmedabad,2022
Kia Carens Prestige,₹ 4.99 Lakh,"111,630 km",CNG,Noida,2016
Mercedes-Benz GLA 220d,₹ 45.73 Lakh,"143,545 km",Petrol,Chennai,2014
Honda BR-V VX,₹ 2.08 Lakh,"91,419 km",CNG,Mumbai,2017
Hyundai Elite i20 Sportz,₹ 1.38 Lakh,"109,005 km",CNG,Hyderabad,2017
Maruti Suzuki S-Presso VXi,₹ 1.44 Lakh,"65,978 km",Diesel,Ahmedabad,2019
Hyundai Creta SX,₹ 1.75 Lakh,"104,836 km",CNG,Ahmedabad,2018
Audi Q3 Premium,₹ 32.01 Lakh,"133,481 km",Petrol,Mumbai,2016
Mercedes-Benz C-Class C200,₹ 49.91 Lakh,"91,397 km",Diesel,Noida,2019
BMW 5 Series 520d,₹ 37.54 Lakh,"108,646 km",Petrol,Delhi,2017
Tata Tiago XT,₹ 1.20 Lakh,"165,405 km",Petrol,Ahmedabad,2013
Hyundai Venue S,₹ 1.20 Lakh,"109,271 km",CNG,Thane,2016
Toyota Corolla Altis G,₹ 11.30 Lakh,"44,946 km",Diesel,Kolkata,2022
Mahindra Thar LX,₹ 5.95 Lakh,"126,358 km",CNG,Mumbai,2017
Mahindra Thar LX,₹ 5.70 Lakh,"123,548 km",CNG,Hyderabad,2016
Tata Harrier XZ,₹ 4.40 Lakh,"91,731 km",CNG,Kolkata,2018
Hyundai Elite i20 Sportz,₹ 2.27 Lakh,"103,329 km",Petrol,Mumbai,2018
Tata Nexon XZ+,₹ 4.75 Lakh,"81,937 km",Diesel,Hyderabad,2019
Hyundai Elite i20 Sportz,₹ 1.20 Lakh,"128,463 km",Petrol,Mumbai,2015
Hyundai Grand i10 Magna,₹ 1.20 Lakh,"123,326 km",CNG,Pune,2017
Toyota Innova Crysta GX,₹ 10.24 Lakh,"73,632 km",Petrol,Pune,2021
BMW 3 Series 320d,₹ 35.71 Lakh,"146,838 km",Petrol,Ahmedabad,2014
Audi Q3 Premium,₹ 33.48 Lakh,"100,755 km",Petrol,Kolkata,2018
Kia Carens Prestige,₹ 6.01 Lakh,"121,526 km",CNG,Ahmedabad,2017
Mercedes-Benz GLA 220d,₹ 47.53 Lakh,"126,804 km",Petrol,Ahmedabad,2017
Maruti Suzuki Vitara Brezza VDi,₹ 1.20 Lakh,"108,419 km",CNG,Noida,2019
BMW 5 Series 520d,₹ 40.99 Lakh,"87,055 km",Diesel,Bangalore,2020
Audi Q3 Premium,₹ 36.98 Lakh,"60,088 km",Diesel,Hyderabad,2022
Toyota Fortuner 2.8 4x2,₹ 11.76 Lakh,"39,153 km",CNG,Pune,2023
Tata Nexon XZ+,₹ 4.77 Lakh,"67,973 km",Petrol,Pune,2019
Mercedes-Benz E-Class E220d,₹ 51.86 Lakh,"51,068 km",Petrol,Noida,2022
Toyota Innova Crysta GX,₹ 4.66 Lakh,"152,008 km",CNG,Ahmedabad,2013
Mercedes-Benz E-Class E220d,₹ 44.68 Lakh,"164,666 km",Petrol,Ahmedabad,2012
Kia Seltos GTX,₹ 2.87 Lakh,"160,042 km",Diesel,Mumbai,2013
Kia Seltos GTX,₹ 2.46 Lakh,"182,796 km",CNG,Mumbai,2012
Maruti Suzuki Swift VXi,₹ 1.36 Lakh,"94,213 km",CNG,Mumbai,2019
BMW X1 sDrive20d,₹ 41.34 Lakh,"52,613 km",Petrol,Noida,2022
Audi Q3 Premium,₹ 34.01 Lakh,"116,105 km",Diesel,Chennai,2017
Honda City VX,₹ 6.96 Lakh,"45,696 km",Petrol,Thane,2023
Mercedes-Benz E-Class E220d,₹ 49.58 Lakh,"73,945 km",Petrol,Hyderabad,2019
Toyota Etios Liva G,₹ 8.87 Lakh,"100,496 km",CNG,Ahmedabad,2019
Mercedes-Benz E-Class E220d,₹ 44.11 Lakh,"172,989 km",Petrol,Mumbai,2012
Honda BR-V VX,₹ 4.71 Lakh,"81,625 km",Petrol,Hyderabad,2020
Hyundai i10 Magna,₹ 1.20 Lakh,"157,334 km",CNG,Mumbai,2015
Toyota Glanza G,₹ 10.71 Lakh,"41,795 km",Petrol,Kolkata,2021
Mercedes-Benz C-Class C200,₹ 48.40 Lakh,"105,714 km",Petrol,Hyderabad,2018
Mercedes-Benz E-Class E220d,₹ 50.24 Lakh,"91,910 km",Petrol,Thane,2019
Toyota Glanza G,₹ 11.57 Lakh,"28,240 km",Petrol,Kolkata,2022
Toyota Innova Crysta GX,₹ 11.55 Lakh,"42,453 km",Petrol,Chennai,2022
Audi A4 35 TDI,₹ 32.92 Lakh,"117,410 km",Diesel,Chennai,2017
BMW X1 sDrive20d,₹ 38.33 Lakh,"119,325 km",Diesel,Thane,2016
Audi Q3 Premium,₹ 35.05 Lakh,"80,234 km",Diesel,Delhi,2018
Honda Jazz VX,₹ 1.20 Lakh,"163,981 km",Petrol,Ahmedabad,2014
Kia Seltos GTX,₹ 3.48 Lakh,"168,699 km",CNG,Kolkata,2013
Audi Q5 quattro,₹ 31.26 Lakh,"161,053 km",Petrol,Chennai,2014
Mahindra Thar LX,₹ 5.58 Lakh,"106,751 km",CNG,Pune,2016
Mahindra Scorpio S11,₹ 4.40 Lakh,"144,691 km",Diesel,Pune,2015
Hyundai Grand i10 Magna,₹ 3.28 Lakh,"93,578 km",Petrol,Thane,2020
Mahindra XUV500 W8,₹ 5.16 Lakh,"127,317 km",CNG,Mumbai,2015
Honda City VX,₹ 1.20 Lakh,"145,860 km",CNG,Thane,2015
Mercedes-Benz C-Class C200,₹ 49.43 Lakh,"99,036 km",Petrol,Delhi,2019
Tata Safari XZ+,₹ 1.20 Lakh,"144,622 km",Diesel,Chennai,2013
Honda City VX,₹ 1.20 Lakh,"159,989 km",Petrol,Hyderabad,2013
Maruti Suzuki Swift VXi,₹ 1.20 Lakh,"175,549 km",Petrol,Kolkata,2013
Toyota Etios Liva G,₹ 3.45 Lakh,"177,792 km",Diesel,Pune,2012
BMW 3 Series 320d,₹ 43.03 Lakh,"54,468 km",Diesel,Chennai,2023
BMW 5 Series 520d,₹ 34.23 Lakh,"169,688 km",Petrol,Chennai,2013
Mercedes-Benz E-Class E220d,₹ 44.46 Lakh,"171,417 km",Petrol,Chennai,2012
Hyundai Santro Sportz,₹ 1.40 Lakh,"103,098 km",Petrol,Mumbai,2018
Audi Q5 quattro,₹ 33.46 Lakh,"105,895 km",Diesel,Pune,2018
Kia Carens Prestige,₹ 4.07 Lakh,"161,029 km",CNG,Bangalore,2015
Tata Tiago XT,₹ 3.94 Lakh,"107,934 km",Diesel,Noida,2018
Tata Nexon XZ+,₹ 6.82 Lakh,"55,776 km",Diesel,Hyderabad,2021
Maruti Suzuki Ertiga VXI CNG,₹ 1.20 Lakh,"117,084 km",CNG,Mumbai,2016
BMW X1 sDrive20d,₹ 34.49 Lakh,"173,817 km",Diesel,Noida,2012
Maruti Suzuki Swift VXi,₹ 1.29 Lakh,"83,298 km",Petrol,Ahmedabad,2020
Hyundai Creta SX,₹ 2.79 Lakh,"107,640 km",Diesel,Kolkata,2018
BMW 5 Series 520d,₹ 36.80 Lakh,"148,727 km",Diesel,Ahmedabad,2014
Hyundai Verna SX,₹ 1.20 Lakh,"129,155 km",Petrol,Ahmedabad,2015
Kia Seltos GTX,₹ 3.76 Lakh,"139,801 km",Petrol,Delhi,2014
Maruti Suzuki S-Presso VXi,₹ 1.20 Lakh,"116,820 km",Petrol,Noida,2017
Mahindra Scorpio S11,₹ 4.44 Lakh,"123,091 km",CNG,Pune,2015
Mercedes-Benz GLA 220d,₹ 45.71 Lakh,"172,374 km",Diesel,Ahmedabad,2013
BMW 5 Series 520d,₹ 38.13 Lakh,"113,304 km",Petrol,Chennai,2017
Mahindra XUV500 W8,₹ 2.99 Lakh,"186,910 km",Diesel,Mumbai,2012
Hyundai Creta SX,₹ 2.90 Lakh,"63,277 km",Petrol,Hyderabad,2020
Mahindra Thar LX,₹ 8.57 Lakh,"92,138 km",Diesel,Noida,2020
Toyota Innova Crysta GX,₹ 10.55 Lakh,"60,239 km",Diesel,Delhi,2021
BMW 3 Series 320d,₹ 39.59 Lakh,"86,542 km",Petrol,Chennai,2019
Maruti Suzuki Ciaz ZXI+,₹ 1.20 Lakh,"153,553 km",Petrol,Pune,2013
Kia Seltos GTX,₹ 6.45 Lakh,"122,978 km",CNG,Hyderabad,2017
Audi Q5 quattro,₹ 33.21 Lakh,"119,619 km",Diesel,Hyderabad,2017
Audi Q3 Premium,₹ 29.89 Lakh,"161,501 km",Petrol,Kolkata,2013
Kia Seltos GTX,₹ 2.38 Lakh,"159,817 km",Diesel,Pune,2012
Mahindra Scorpio S11,₹ 11.21 Lakh,"60,520 km",Diesel,Hyderabad,2023
BMW 3 Series 320d,₹ 34.23 Lakh,"163,996 km",Diesel,Hyderabad,2012
Mercedes-Benz E-Class E220d,₹ 53.08 Lakh,"50,156 km",Petrol,Kolkata,2023
Tata Tiago XT,₹ 1.20 Lakh,"144,021 km",Petrol,Pune,2013
Audi A4 35 TDI,₹ 36.77 Lakh,"56,959 km",Petrol,Hyderabad,2021
Audi A4 35 TDI,₹ 33.17 Lakh,"136,026 km",Petrol,Mumbai,2017
Tata Harrier XZ,₹ 4.98 Lakh,"104,284 km",CNG,Ahmedabad,2019
Tata Safari XZ+,₹ 3.06 Lakh,"106,122 km",Petrol,Delhi,2018
BMW X1 sDrive20d,₹ 40.17 Lakh,"69,701 km",Petrol,Pune,2019
Mahindra Thar LX,₹ 6.16 Lakh,"128,520 km",Diesel,Bangalore,2017
BMW 3 Series 320d,₹ 35.67 Lakh,"137,042 km",Petrol,Thane,2014
Maruti Suzuki Wagon R 1.0 VXI,₹ 1.91 Lakh,"75,225 km",Petrol,Noida,2021
Kia Carens Prestige,₹ 6.78 Lakh,"112,904 km",Diesel,Chennai,2017
Mercedes-Benz C-Class C200,₹ 51.43 Lakh,"51,184 km",Petrol,Delhi,2022
Honda WR-V VX,₹ 5.64 Lakh,"60,382 km",Diesel,Kolkata,2020
BMW X1 sDrive20d,₹ 38.38 Lakh,"115,486 km",Petrol,Mumbai,2017
Toyota Corolla Altis G,₹ 10.30 Lakh,"74,590 km",Diesel,Hyderabad,2021
Mercedes-Benz C-Class C200,₹ 53.02 Lakh,"33,373 km",Petrol,Delhi,2023
Hyundai Grand i10 Magna,₹ 2.60 Lakh,"91,089 km",Petrol,Bangalore,2019
Kia Seltos GTX,₹ 4.41 Lakh,"113,249 km",CNG,Mumbai,2014
Honda Amaze VX,₹ 1.20 Lakh,"141,039 km",Petrol,Mumbai,2015
Toyota Corolla Altis G,₹ 9.61 Lakh,"71,730 km",Petrol,Pune,2021
Maruti Suzuki Ertiga VXI CNG,₹ 4.47 Lakh,"58,501 km",Diesel,Noida,2023
Tata Harrier XZ,₹ 7.29 Lakh,"38,446 km",Petrol,Chennai,2022
Honda Jazz VX,₹ 2.99 Lakh,"90,163 km",Diesel,Bangalore,2017
Hyundai Creta SX,₹ 3.52 Lakh,"86,434 km",Diesel,Hyderabad,2020
Maruti Suzuki Alto 800 LXi,₹ 1.20 Lakh,"107,068 km",CNG,Thane,2018
Audi Q3 Premium,₹ 32.93 Lakh,"105,802 km",Diesel,Delhi,2017
Mercedes-Benz GLA 220d,₹ 51.02 Lakh,"78,916 km",Petrol,Ahmedabad,2020
Honda BR-V VX,₹ 1.20 Lakh,"163,974 km",Diesel,Hyderabad,2012
Kia Sonet GTX,₹ 4.95 Lakh,"134,729 km",Diesel,Thane,2014
Kia Carens Prestige,₹ 8.29 Lakh,"93,152 km",CNG,Kolkata,2020
Maruti Suzuki Baleno Delta 1.2,₹ 1.20 Lakh,"175,139 km",Petrol,Bangalore,2012
Hyundai Venue S,₹ 1.20 Lakh,"188,882 km",Petrol,Noida,2012
Mahindra Scorpio S11,₹ 6.76 Lakh,"127,465 km",CNG,Noida,2018
Audi Q3 Premium,₹ 36.86 Lakh,"58,989 km",Petrol,Bangalore,2021
Audi Q3 Premium,₹ 31.82 Lakh,"145,591 km",Petrol,Bangalore,2015
Mercedes-Benz E-Class E220d,₹ 49.99 Lakh,"84,489 km",Diesel,Noida,2018
BMW X1 sDrive20d,₹ 40.80 Lakh,"57,091 km",Petrol,Mumbai,2021
Honda BR-V VX,₹ 4.35 Lakh,"83,352 km",CNG,Mumbai,2020
Maruti Suzuki Vitara Brezza VDi,₹ 1.20 Lakh,"158,743 km",Diesel,Pune,2013
Hyundai Creta SX,₹ 1.20 Lakh,"165,813 km",Petrol,Bangalore,2012
Maruti Suzuki Swift VXi,₹ 3.16 Lakh,"49,631 km",Diesel,Pune,2023
Tata Safari XZ+,₹ 5.50 Lakh,"57,623 km",Petrol,Delhi,2021
Tata Safari XZ+,₹ 4.27 Lakh,"110,108 km",CNG,Mumbai,2018
Mahindra XUV500 W8,₹ 6.72 Lakh,"110,897 km",CNG,Noida,2018
Tata Harrier XZ,₹ 1.20 Lakh,"175,426 km",Petrol,Kolkata,2012
Mahindra Thar LX,₹ 9.99 Lakh,"60,028 km",CNG,Hyderabad,2023
Mercedes-Benz E-Class E220d,₹ 50.15 Lakh,"83,340 km",Diesel,Thane,2020
Audi Q5 quattro,₹ 36.56 Lakh,"51,042 km",Diesel,Chennai,2022
Hyundai i10 Magna,₹ 1.20 Lakh,"108,038 km",Petrol,Hyderabad,2016
BMW 3 Series 320d,₹ 37.06 Lakh,"153,446 km",Petrol,Thane,2016
Mercedes-Benz GLA 220d,₹ 49.63 Lakh,"100,425 km",Diesel,Noida,2019
Mercedes-Benz E-Class E220d,₹ 52.42 Lakh,"53,500 km",Diesel,Mumbai,2022
Mahindra XUV500 W8,₹ 9.29 Lakh,"69,118 km",CNG,Bangalore,2021
Mahindra XUV500 W8,₹ 5.16 Lakh,"141,424 km",Petrol,Bangalore,2015
BMW 3 Series 320d,₹ 37.37 Lakh,"104,159 km",Petrol,Noida,2016
Honda BR-V VX,₹ 1.20 Lakh,"150,323 km",Diesel,Thane,2013
Mahindra Thar LX,₹ 2.12 Lakh,"181,395 km",CNG,Kolkata,2013
Mercedes-Benz C-Class C200,₹ 44.52 Lakh,"183,770 km",Petrol,Ahmedabad,2012
BMW 5 Series 520d,₹ 41.85 Lakh,"65,712 km",Petrol,Bangalore,2023
BMW 3 Series 320d,₹ 41.44 Lakh,"34,824 km",Petrol,Bangalore,2021
Mahindra Scorpio S11,₹ 2.91 Lakh,"146,019 km",CNG,Delhi,2013
Mercedes-Benz E-Class E220d,₹ 53.06 Lakh,"39,381 km",Petrol,Hyderabad,2023
Kia Carens Prestige,₹ 7.90 Lakh,"64,392 km",Diesel,Pune,2019
Tata Harrier XZ,₹ 7.39 Lakh,"56,106 km",Diesel,Pune,2022
BMW X1 sDrive20d,₹ 39.21 Lakh,"105,582 km",Petrol,Ahmedabad,2019
Mahindra Thar LX,₹ 11.14 Lakh,"68,956 km",Diesel,Hyderabad,2023
Maruti Suzuki Baleno Delta 1.2,₹ 2.71 Lakh,"68,209 km",Petrol,Pune,2021
Maruti Suzuki Ciaz ZXI+,₹ 1.20 Lakh,"147,123 km",Diesel,Kolkata,2014
Kia Seltos GTX,₹ 10.34 Lakh,"56,766 km",Diesel,Mumbai,2022
Kia Carens Prestige,₹ 6.37 Lakh,"113,732 km",Diesel,Hyderabad,2017
Honda Amaze VX,₹ 1.20 Lakh,"133,681 km",CNG,Bangalore,2014
Tata Harrier XZ,₹ 1.20 Lakh,"183,337 km",Petrol,Chennai,2012
Toyota Glanza G,₹ 11.12 Lakh,"66,255 km",Diesel,Mumbai,2021
Mahindra XUV500 W8,₹ 8.60 Lakh,"69,952 km",Petrol,Delhi,2019
Hyundai i10 Magna,₹ 2.51 Lakh,"92,052 km",Diesel,Delhi,2019
Mahindra Thar LX,₹ 9.17 Lakh,"71,974 km",Petrol,Mumbai,2021
Audi Q3 Premium,₹ 30.96 Lakh,"167,679 km",Diesel,Ahmedabad,2014
Tata Safari XZ+,₹ 2.56 Lakh,"114,485 km",Petrol,Bangalore,2016
Toyota Innova Crysta GX,₹ 10.93 Lakh,"54,208 km",CNG,Kolkata,2021
Hyundai Elite i20 Sportz,₹ 1.20 Lakh,"143,177 km",CNG,Mumbai,2015
Honda WR-V VX,₹ 1.20 Lakh,"148,304 km",Petrol,Chennai,2014
Maruti Suzuki Wagon R 1.0 VXI,₹ 1.20 Lakh,"135,596 km",CNG,Noida,2014
Maruti Suzuki Alto 800 LXi,₹ 1.20 Lakh,"96,876 km",Petrol,Pune,2018
BMW X1 sDrive20d,₹ 39.43 Lakh,"101,525 km",Diesel,Ahmedabad,2019
Maruti Suzuki Ciaz ZXI+,₹ 1.20 Lakh,"145,087 km",CNG,Kolkata,2014
Maruti Suzuki Ertiga VXI CNG,₹ 1.75 Lakh,"84,190 km",Diesel,Pune,2019
Toyota Corolla Altis G,₹ 5.88 Lakh,"134,012 km",CNG,Chennai,2015
Tata Tiago XT,₹ 2.12 Lakh,"145,172 km",CNG,Noida,2015
Mahindra XUV500 W8,₹ 8.56 Lakh,"58,888 km",Diesel,Kolkata,2020
Audi A4 35 TDI,₹ 32.51 Lakh,"140,595 km",Diesel,Mumbai,2015
Toyota Innova Crysta GX,₹ 6.49 Lakh,"113,233 km",CNG,Hyderabad,2017
Toyota Etios Liva G,₹ 5.23 Lakh,"150,647 km",Petrol,Bangalore,2016
BMW 5 Series 520d,₹ 34.22 Lakh,"163,025 km",Diesel,Kolkata,2012
Toyota Fortuner 2.8 4x2,₹ 7.88 Lakh,"101,893 km",Petrol,Ahmedabad,2017
Kia Seltos GTX,₹ 3.70 Lakh,"149,058 km",Petrol,Mumbai,2014
Hyundai Elite i20 Sportz,₹ 1.88 Lakh,"119,386 km",Diesel,Thane,2017
Maruti Suzuki Ciaz ZXI+,₹ 3.41 Lakh,"56,933 km",Petrol,Bangalore,2022
Tata Tiago XT,₹ 3.51 Lakh,"100,942 km",Diesel,Delhi,2018
Mercedes-Benz C-Class C200,₹ 47.82 Lakh,"122,108 km",Diesel,Ahmedabad,2017
Maruti Suzuki S-Presso VXi,₹ 1.20 Lakh,"55,208 km",Petrol,Noida,2020
Toyota Innova Crysta GX,₹ 3.77 Lakh,"161,444 km",CNG,Pune,2012
Tata Nexon XZ+,₹ 5.37 Lakh,"81,052 km",CNG,Kolkata,2021
BMW 5 Series 520d,₹ 38.60 Lakh,"106,899 km",Petrol,Chennai,2017
Honda BR-V VX,₹ 6.81 Lakh,"53,146 km",CNG,Bangalore,2022
Kia Seltos GTX,₹ 1.68 Lakh,"179,816 km",CNG,Chennai,2012
Hyundai Santro Sportz,₹ 5.87 Lakh,"42,242 km",CNG,Ahmedabad,2022
Kia Seltos GTX,₹ 5.62 Lakh,"129,560 km",Petrol,Kolkata,2017
Hyundai Elite i20 Sportz,₹ 1.20 Lakh,"190,953 km",Diesel,Bangalore,2012
Mercedes-Benz GLA 220d,₹ 52.05 Lakh,"36,592 km",Petrol,Noida,2022
Hyundai Elite i20 Sportz,₹ 1.20 Lakh,"151,390 km",CNG,Hyderabad,2015
Kia Seltos GTX,₹ 7.23 Lakh,"96,727 km",Petrol,Delhi,2020
Tata Safari XZ+,₹ 7.89 Lakh,"46,334 km",Petrol,Mumbai,2023
Mercedes-Benz C-Class C200,₹ 49.97 Lakh,"96,133 km",Diesel,Thane,2019
Maruti Suzuki Ciaz ZXI+,₹ 1.20 Lakh,"88,226 km",CNG,Delhi,2018
Toyota Corolla Altis G,₹ 9.66 Lakh,"100,644 km",Diesel,Thane,2020
Hyundai Verna SX,₹ 5.57 Lakh,"73,551 km",Diesel,Chennai,2022
Maruti Suzuki Vitara Brezza VDi,₹ 3.38 Lakh,"68,660 km",Diesel,Chennai,2022
Audi A4 35 TDI,₹ 33.76 Lakh,"104,519 km",Petrol,Bangalore,2018
Maruti Suzuki S-Presso VXi,₹ 1.20 Lakh,"147,452 km",Petrol,Thane,2014
Tata Safari XZ+,₹ 1.20 Lakh,"142,169 km",CNG,Hyderabad,2014
Mahindra Thar LX,₹ 5.93 Lakh,"139,362 km",CNG,Mumbai,2016
Toyota Glanza G,₹ 8.68 Lakh,"102,607 km",CNG,Kolkata,2018
Audi Q5 quattro,₹ 36.43 Lakh,"54,247 km",Diesel,Pune,2021
Tata Harrier XZ,₹ 4.00 Lakh,"89,719 km",Diesel,Delhi,2018
BMW 5 Series 520d,₹ 40.65 Lakh,"77,504 km",Petrol,Kolkata,2021
Audi Q3 Premium,₹ 34.78 Lakh,"91,821 km",Diesel,Delhi,2019
Mahindra Thar LX,₹ 2.29 Lakh,"163,260 km",Diesel,Chennai,2012
Tata Harrier XZ,₹ 1.20 Lakh,"174,212 km",CNG,Mumbai,2013
BMW 3 Series 320d,₹ 41.20 Lakh,"66,977 km",Diesel,Bangalore,2021
Mahindra Thar LX,₹ 6.47 Lakh,"112,099 km",Petrol,Hyderabad,2017
BMW 5 Series 520d,₹ 36.64 Lakh,"144,964 km",Petrol,Kolkata,2015
BMW 3 Series 320d,₹ 40.84 Lakh,"65,926 km",Diesel,Chennai,2021
Tata Safari XZ+,₹ 6.87 Lakh,"66,345 km",Petrol,Pune,2022
Honda Amaze VX,₹ 1.20 Lakh,"144,296 km",Diesel,Ahmedabad,2016
Maruti Suzuki Vitara Brezza VDi,₹ 1.20 Lakh,"122,441 km",CNG,Mumbai,2016
Mercedes-Benz GLA 220d,₹ 46.72 Lakh,"135,379 km",Petrol,Chennai,2015
Toyota Corolla Altis G,₹ 9.04 Lakh,"66,761 km",Petrol,Chennai,2020
Toyota Innova Crysta GX,₹ 6.09 Lakh,"138,404 km",CNG,Hyderabad,2015
Maruti Suzuki Alto 800 LXi,₹ 1.20 Lakh,"164,286 km",Diesel,Bangalore,2012
Mercedes-Benz C-Class C200,₹ 43.64 Lakh,"168,190 km",Petrol,Pune,2012
Mercedes-Benz GLA 220d,₹ 51.85 Lakh,"21,788 km",Petrol,Chennai,2022
Mercedes-Benz E-Class E220d,₹ 52.03 Lakh,"60,051 km",Diesel,Ahmedabad,2023
Mercedes-Benz E-Class E220d,₹ 44.93 Lakh,"153,262 km",Petrol,Chennai,2014
Honda Jazz VX,₹ 1.20 Lakh,"142,514 km",Petrol,Bangalore,2015
Tata Nexon XZ+,₹ 2.97 Lakh,"103,041 km",Petrol,Bangalore,2017
Mahindra Scorpio S11,₹ 9.64 Lakh,"74,090 km",CNG,Mumbai,2021
Hyundai Verna SX,₹ 3.94 Lakh,"65,028 km",Petrol,Ahmedabad,2022
Kia Sonet GTX,₹ 2.50 Lakh,"193,635 km",CNG,Thane,2012
Honda Jazz VX,₹ 5.27 Lakh,"75,248 km",Diesel,Pune,2021
Mercedes-Benz C-Class C200,₹ 50.76 Lakh,"75,521 km",Petrol,Hyderabad,2021
Mahindra XUV500 W8,₹ 7.58 Lakh,"80,795 km",CNG,Pune,2019
Honda City VX,₹ 1.20 Lakh,"155,708 km",Petrol,Pune,2014
Honda Amaze VX,₹ 4.31 Lakh,"65,471 km",CNG,Delhi,2020
BMW 3 Series 320d,₹ 39.79 Lakh,"85,711 km",Diesel,Pune,2019
Toyota Glanza G,₹ 4.19 Lakh,"163,600 km",Petrol,Chennai,2013
Mercedes-Benz C-Class C200,₹ 48.10 Lakh,"123,426 km",Diesel,Noida,2016
Mercedes-Benz E-Class E220d,₹ 44.82 Lakh,"171,014 km",Petrol,Delhi,2012
Mercedes-Benz GLA 220d,₹ 45.81 Lakh,"162,789 km",Diesel,Noida,2013
Mercedes-Benz C-Class C200,₹ 53.58 Lakh,"29,355 km",Diesel,Pune,2023
Kia Carens Prestige,₹ 7.70 Lakh,"103,757 km",CNG,Hyderabad,2020
Maruti Suzuki Wagon R 1.0 VXI,₹ 1.20 Lakh,"129,676 km",Petrol,Thane,2016
Audi Q5 quattro,₹ 30.62 Lakh,"163,513 km",Petrol,Mumbai,2013
Mahindra XUV500 W8,₹ 10.76 Lakh,"38,998 km",CNG,Delhi,2023
Mercedes-Benz GLA 220d,₹ 44.23 Lakh,"166,289 km",Petrol,Pune,2012
Audi Q3 Premium,₹ 33.75 Lakh,"120,832 km",Diesel,Chennai,2018
Tata Safari XZ+,₹ 4.55 Lakh,"77,169 km",Petrol,Delhi,2020
Hyundai Elite i20 Sportz,₹ 1.20 Lakh,"113,967 km",Diesel,Kolkata,2017
Honda WR-V VX,₹ 2.59 Lakh,"101,113 km",CNG,Kolkata,2017
Maruti Suzuki S-Presso VXi,₹ 3.64 Lakh,"40,053 km",Diesel,Pune,2023
Mercedes-Benz GLA 220d,₹ 50.33 Lakh,"85,460 km",Petrol,Mumbai,2020
Toyota Fortuner 2.8 4x2,₹ 9.82 Lakh,"71,782 km",CNG,Noida,2021
Honda WR-V VX,₹ 1.69 Lakh,"130,367 km",Petrol,Mumbai,2016
Maruti Suzuki Wagon R 1.0 VXI,₹ 1.20 Lakh,"129,442 km",Diesel,Hyderabad,2014
Audi A4 35 TDI,₹ 32.43 Lakh,"122,714 km",Petrol,Chennai,2017
Maruti Suzuki Swift VXi,₹ 1.20 Lakh,"189,297 km",CNG,Ahmedabad,2012
Hyundai Creta SX,₹ 1.20 Lakh,"112,636 km",Petrol,Chennai,2017
Tata Nexon XZ+,₹ 1.20 Lakh,"171,081 km",CNG,Chennai,2012
Tata Safari XZ+,₹ 7.38 Lakh,"62,756 km",CNG,Noida,2022
Mercedes-Benz E-Class E220d,₹ 50.56 Lakh,"76,933 km",Diesel,Hyderabad,2020
Hyundai Grand i10 Magna,₹ 1.20 Lakh,"177,548 km",Diesel,Kolkata,2012
Hyundai Venue S,₹ 1.90 Lakh,"108,416 km",Petrol,Kolkata,2019
Tata Harrier XZ,₹ 1.64 Lakh,"130,648 km",Petrol,Kolkata,2015
Hyundai Grand i10 Magna,₹ 3.47 Lakh,"103,667 km",Diesel,Mumbai,2019
Tata Nexon XZ+,₹ 1.20 Lakh,"160,617 km",Petrol,Pune,2014
Hyundai i10 Magna,₹ 1.20 Lakh,"104,892 km",Diesel,Pune,2017
Toyota Corolla Altis G,₹ 6.57 Lakh,"138,870 km",CNG,Noida,2016
Mahindra Thar LX,₹ 4.54 Lakh,"153,640 km",Diesel,Mumbai,2014
Toyota Innova Crysta GX,₹ 4.56 Lakh,"171,648 km",Petrol,Mumbai,2015
Mercedes-Benz GLA 220d,₹ 46.23 Lakh,"139,853 km",Petrol,Hyderabad,2014
Hyundai Santro Sportz,₹ 3.91 Lakh,"73,092 km",Diesel,Kolkata,2021
BMW 3 Series 320d,₹ 41.24 Lakh,"78,857 km",Diesel,Pune,2021
Honda Jazz VX,₹ 7.63 Lakh,"26,066 km",CNG,Ahmedabad,2023
Kia Sonet GTX,₹ 10.32 Lakh,"53,672 km",Diesel,Chennai,2022
Hyundai Elite i20 Sportz,₹ 4.95 Lakh,"57,719 km",Petrol,Hyderabad,2023
Toyota Glanza G,₹ 7.57 Lakh,"99,369 km",Petrol,Chennai,2019
Mahindra Scorpio S11,₹ 10.55 Lakh,"47,077 km",Petrol,Kolkata,2022
Mahindra Thar LX,₹ 8.18 Lakh,"82,469 km",Petrol,Chennai,2021
Maruti Suzuki Ertiga VXI CNG,₹ 3.68 Lakh,"58,534 km",CNG,Thane,2023
Mahindra Thar LX,₹ 7.34 Lakh,"98,352 km",CNG,Thane,2018
BMW 3 Series 320d,₹ 34.59 Lakh,"168,770 km",Petrol,Ahmedabad,2013
Maruti Suzuki Wagon R 1.0 VXI,₹ 2.43 Lakh,"63,143 km",Petrol,Kolkata,2021
Hyundai Santro Sportz,₹ 4.60 Lakh,"68,077 km",Diesel,Chennai,2020
Mercedes-Benz C-Class C200,₹ 47.78 Lakh,"105,842 km",Diesel,Ahmedabad,2017
Honda WR-V VX,₹ 1.20 Lakh,"187,690 km",Petrol,Mumbai,2012
Hyundai Santro Sportz,₹ 5.50 Lakh,"61,822 km",Diesel,Delhi,2023
Mercedes-Benz E-Class E220d,₹ 47.10 Lakh,"144,553 km",Petrol,Pune,2015
Mercedes-Benz GLA 220d,₹ 49.53 Lakh,"102,364 km",Diesel,Mumbai,2020
Audi Q5 quattro,₹ 31.43 Lakh,"163,341 km",Diesel,Thane,2014
Kia Carens Prestige,₹ 9.53 Lakh,"82,193 km",CNG,Thane,2021
BMW 3 Series 320d,₹ 36.08 Lakh,"142,734 km",Diesel,Delhi,2015
Tata Nexon XZ+,₹ 5.38 Lakh,"76,127 km",Diesel,Hyderabad,2019
Kia Sonet GTX,₹ 5.99 Lakh,"87,229 km",CNG,Chennai,2017
Honda Jazz VX,₹ 1.20 Lakh,"163,041 km",Petrol,Bangalore,2013
Toyota Glanza G,₹ 10.29 Lakh,"62,389 km",CNG,Chennai,2020
Hyundai Venue S,₹ 2.23 Lakh,"116,601 km",CNG,Hyderabad,2018
Honda Jazz VX,₹ 3.37 Lakh,"107,534 km",Diesel,Delhi,2018
Kia Carens Prestige,₹ 4.95 Lakh,"130,105 km",CNG,Noida,2015
Kia Sonet GTX,₹ 7.66 Lakh,"104,591 km",Diesel,Mumbai,2018
Honda Jazz VX,₹ 5.70 Lakh,"55,494 km",CNG,Hyderabad,2021
Mahindra XUV500 W8,₹ 9.10 Lakh,"60,593 km",Petrol,Chennai,2020
Hyundai Creta SX,₹ 2.03 Lakh,"107,787 km",CNG,Pune,2018
Mercedes-Benz GLA 220d,₹ 48.22 Lakh,"107,244 km",Diesel,Bangalore,2017
Mercedes-Benz E-Class E220d,₹ 47.75 Lakh,"124,069 km",Petrol,Hyderabad,2016
Kia Carens Prestige,₹ 10.50 Lakh,"59,185 km",CNG,Chennai,2023
Hyundai Grand i10 Magna,₹ 1.20 Lakh,"126,760 km",Petrol,Chennai,2016
Mercedes-Benz GLA 220d,₹ 50.96 Lakh,"68,669 km",Diesel,Ahmedabad,2020
BMW 3 Series 320d,₹ 38.82 Lakh,"108,450 km",Diesel,Chennai,2017
Honda WR-V VX,₹ 3.82 Lakh,"87,117 km",Diesel,Noida,2020
Mahindra Scorpio S11,₹ 3.89 Lakh,"160,187 km",CNG,Pune,2013
Toyota Etios Liva G,₹ 4.24 Lakh,"147,017 km",Petrol,Chennai,2014
Kia Sonet GTX,₹ 10.57 Lakh,"47,668 km",Diesel,Thane,2023
Audi A4 35 TDI,₹ 30.95 Lakh,"149,948 km",Petrol,Ahmedabad,2014
Mercedes-Benz GLA 220d,₹ 49.21 Lakh,"80,549 km",Petrol,Noida,2019
Mahindra Thar LX,₹ 8.76 Lakh,"66,699 km",Diesel,Ahmedabad,2021
Honda Amaze VX,₹ 6.89 Lakh,"23,669 km",Petrol,Delhi,2023
Toyota Etios Liva G,₹ 8.79 Lakh,"94,458 km",Petrol,Hyderabad,2019
Kia Seltos GTX,₹ 6.03 Lakh,"99,344 km",Diesel,Delhi,2017
Mahindra Scorpio S11,₹ 4.78 Lakh,"135,877 km",CNG,Bangalore,2016
Maruti Suzuki Alto 800 LXi,₹ 1.49 Lakh,"88,650 km",Petrol,Mumbai,2020
Audi Q5 quattro,₹ 31.85 Lakh,"152,223 km",Diesel,Pune,2014
Audi A4 35 TDI,₹ 35.52 Lakh,"47,049 km",Diesel,Delhi,2020
BMW X1 sDrive20d,₹ 42.37 Lakh,"47,430 km",Diesel,Delhi,2023
BMW 3 Series 320d,₹ 42.55 Lakh,"30,964 km",Petrol,Thane,2023
Honda City VX,₹ 2.76 Lakh,"93,974 km",Petrol,Mumbai,2019
BMW 3 Series 320d,₹ 40.29 Lakh,"72,806 km",Petrol,Delhi,2020
Honda WR-V VX,₹ 5.44 Lakh,"79,458 km",CNG,Chennai,2021
Toyota Etios Liva G,₹ 6.70 Lakh,"128,366 km",CNG,Ahmedabad,2017
Hyundai Santro Sportz,₹ 6.22 Lakh,"47,790 km",Petrol,Mumbai,2023
Hyundai Grand i10 Magna,₹ 3.71 Lakh,"84,664 km",CNG,Pune,2020
Honda WR-V VX,₹ 1.20 Lakh,"155,741 km",Petrol,Mumbai,2014
Kia Seltos GTX,₹ 7.84 Lakh,"94,903 km",Petrol,Bangalore,2019
Audi A4 35 TDI,₹ 29.76 Lakh,"179,665 km",Diesel,Pune,2012
Tata Harrier XZ,₹ 5.05 Lakh,"85,047 km",Petrol,Chennai,2019
Honda BR-V VX,₹ 1.20 Lakh,"180,095 km",CNG,Delhi,2012
Kia Seltos GTX,₹ 3.58 Lakh,"138,284 km",Diesel,Noida,2013
Audi Q3 Premium,₹ 36.99 Lakh,"53,113 km",Petrol,Mumbai,2023
Maruti Suzuki Ciaz ZXI+,₹ 1.20 Lakh,"111,371 km",Petrol,Chennai,2017
Kia Sonet GTX,₹ 8.57 Lakh,"74,013 km",Diesel,Mumbai,2021
Audi Q3 Premium,₹ 32.33 Lakh,"127,597 km",Diesel,Delhi,2016
Hyundai Venue S,₹ 2.50 Lakh,"90,552 km",Diesel,Bangalore,2018
Kia Carens Prestige,₹ 3.79 Lakh,"133,133 km",Diesel,Delhi,2014
Maruti Suzuki Vitara Brezza VDi,₹ 1.20 Lakh,"171,427 km",CNG,Noida,2012
Kia Carens Prestige,₹ 8.45 Lakh,"77,323 km",CNG,Hyderabad,2021
Honda Amaze VX,₹ 2.36 Lakh,"111,303 km",Petrol,Hyderabad,2017
Honda BR-V VX,₹ 1.20 Lakh,"162,695 km",Petrol,Kolkata,2012
Tata Harrier XZ,₹ 3.78 Lakh,"133,421 km",Diesel,Mumbai,2017
Tata Safari XZ+,₹ 4.05 Lakh,"106,004 km",CNG,Hyderabad,2018
Maruti Suzuki Swift VXi,₹ 1.20 Lakh,"170,724 km",Petrol,Ahmedabad,2013
Mahindra Thar LX,₹ 9.20 Lakh,"68,063 km",Diesel,Kolkata,2020
Audi Q5 quattro,₹ 30.65 Lakh,"128,053 km",Petrol,Mumbai,2014
BMW 5 Series 520d,₹ 41.85 Lakh,"49,990 km",Diesel,Pune,2020
Mahindra Scorpio S11,₹ 8.57 Lakh,"60,434 km",Petrol,Noida,2020
Audi Q3 Premium,₹ 29.31 Lakh,"168,115 km",Petrol,Bangalore,2013
Toyota Innova Crysta GX,₹ 12.67 Lakh,"18,754 km",Diesel,Pune,2023
Mahindra Scorpio S11,₹ 3.63 Lakh,"167,812 km",Diesel,Noida,2014
Mahindra Thar LX,₹ 8.42 Lakh,"94,490 km",CNG,Noida,2019
Hyundai Grand i10 Magna,₹ 4.51 Lakh,"57,949 km",CNG,Thane,2022
Tata Tiago XT,₹ 4.64 Lakh,"101,135 km",Diesel,Bangalore,2019
Tata Tiago XT,₹ 6.37 Lakh,"85,777 km",Petrol,Thane,2022
Mahindra Scorpio S11,₹ 9.50 Lakh,"90,122 km",Diesel,Mumbai,2021
Hyundai Elite i20 Sportz,₹ 4.25 Lakh,"59,550 km",Petrol,Hyderabad,2022
Audi Q5 quattro,₹ 34.90 Lakh,"97,834 km",Diesel,Mumbai,2018
Toyota Innova Crysta GX,₹ 9.09 Lakh,"70,826 km",Petrol,Thane,2019
Audi Q5 quattro,₹ 36.63 Lakh,"73,188 km",Diesel,Mumbai,2021
BMW 5 Series 520d,₹ 39.06 Lakh,"117,125 km",Diesel,Noida,2018
BMW X1 sDrive20d,₹ 41.05 Lakh,"53,667 km",Diesel,Kolkata,2021
Mahindra Scorpio S11,₹ 6.38 Lakh,"125,304 km",Petrol,Hyderabad,2018
BMW X1 sDrive20d,₹ 40.52 Lakh,"66,490 km",Petrol,Bangalore,2020
Audi Q5 quattro,₹ 36.31 Lakh,"63,119 km",Petrol,Hyderabad,2020
BMW 5 Series 520d,₹ 43.16 Lakh,"51,549 km",Diesel,Mumbai,2023
Mercedes-Benz C-Class C200,₹ 51.82 Lakh,"61,827 km",Petrol,Noida,2022
Mercedes-Benz GLA 220d,₹ 51.54 Lakh,"53,225 km",Petrol,Pune,2022
Tata Tiago XT,₹ 2.35 Lakh,"148,704 km",Diesel,Chennai,2016
Honda WR-V VX,₹ 1.20 Lakh,"168,689 km",Diesel,Ahmedabad,2014
Toyota Innova Crysta GX,₹ 7.47 Lakh,"107,423 km",Petrol,Chennai,2019
Tata Harrier XZ,₹ 3.35 Lakh,"79,659 km",CNG,Thane,2017
Mercedes-Benz GLA 220d,₹ 48.62 Lakh,"129,395 km",Diesel,Kolkata,2017
Mercedes-Benz E-Class E220d,₹ 48.11 Lakh,"108,214 km",Petrol,Kolkata,2017
Toyota Etios Liva G,₹ 7.57 Lakh,"82,581 km",CNG,Delhi,2017
Audi Q3 Premium,₹ 31.15 Lakh,"154,569 km",Petrol,Mumbai,2015
Toyota Glanza G,₹ 8.75 Lakh,"85,858 km",CNG,Kolkata,2019
Kia Seltos GTX,₹ 9.83 Lakh,"48,551 km",CNG,Hyderabad,2022
Maruti Suzuki Alto 800 LXi,₹ 1.20 Lakh,"80,596 km",CNG,Bangalore,2019
Toyota Corolla Altis G,₹ 7.00 Lakh,"112,584 km",Diesel,Mumbai,2017
Toyota Etios Liva G,₹ 10.74 Lakh,"55,684 km",CNG,Ahmedabad,2021
Maruti Suzuki Baleno Delta 1.2,₹ 1.20 Lakh,"131,261 km",Petrol,Bangalore,2015
Kia Sonet GTX,₹ 5.09 Lakh,"141,804 km",CNG,Ahmedabad,2015
Tata Safari XZ+,₹ 1.29 Lakh,"156,427 km",Diesel,Noida,2014
Toyota Fortuner 2.8 4x2,₹ 4.59 Lakh,"149,374 km",Petrol,Pune,2014
Mercedes-Benz E-Class E220d,₹ 44.04 Lakh,"186,760 km",Diesel,Ahmedabad,2012
Mahindra Scorpio S11,₹ 6.75 Lakh,"92,498 km",Petrol,Mumbai,2019
Hyundai Venue S,₹ 1.20 Lakh,"124,706 km",Petrol,Hyderabad,2016
Tata Tiago XT,₹ 4.20 Lakh,"93,187 km",Diesel,Delhi,2017
Hyundai Verna SX,₹ 3.58 Lakh,"56,632 km",Petrol,Noida,2021
Honda WR-V VX,₹ 5.54 Lakh,"50,678 km",Diesel,Ahmedabad,2022
Kia Seltos GTX,₹ 4.74 Lakh,"128,066 km",Petrol,Bangalore,2014
Audi Q5 quattro,₹ 31.33 Lakh,"127,566 km",Petrol,Chennai,2015
Kia Carens Prestige,₹ 11.54 Lakh,"26,887 km",Diesel,Hyderabad,2023
Tata Tiago XT,₹ 2.73 Lakh,"100,277 km",CNG,Ahmedabad,2017
Kia Seltos GTX,₹ 9.76 Lakh,"66,424 km",Diesel,Chennai,2023
BMW 5 Series 520d,₹ 41.20 Lakh,"62,888 km",Diesel,Hyderabad,2020
BMW 5 Series 520d,₹ 37.37 Lakh,"125,952 km",Diesel,Pune,2015
Kia Seltos GTX,₹ 2.62 Lakh,"154,664 km",Petrol,Chennai,2012
Honda WR-V VX,₹ 5.84 Lakh,"62,736 km",Petrol,Bangalore,2021
Honda Jazz VX,₹ 1.20 Lakh,"162,308 km",Diesel,Mumbai,2012
BMW X1 sDrive20d,₹ 33.51 Lakh,"168,434 km",Petrol,Kolkata,2012
Hyundai Elite i20 Sportz,₹ 5.36 Lakh,"55,626 km",Petrol,Noida,2022
Tata Tiago XT,₹ 5.94 Lakh,"67,112 km",Petrol,Kolkata,2021
BMW 3 Series 320d,₹ 36.02 Lakh,"146,684 km",Diesel,Hyderabad,2013
Toyota Corolla Altis G,₹ 11.96 Lakh,"54,043 km",CNG,Delhi,2023
Honda BR-V VX,₹ 3.28 Lakh,"104,407 km",Petrol,Mumbai,2018
Toyota Glanza G,₹ 8.32 Lakh,"72,902 km",Petrol,Bangalore,2019
Kia Seltos GTX,₹ 1.67 Lakh,"177,983 km",Petrol,Thane,2012
BMW 5 Series 520d,₹ 42.61 Lakh,"37,268 km",Petrol,Bangalore,2023
Maruti Suzuki Vitara Brezza VDi,₹ 1.20 Lakh,"117,276 km",CNG,Thane,2016
BMW 3 Series 320d,₹ 40.69 Lakh,"69,707 km",Diesel,Mumbai,2020
Honda Jazz VX,₹ 7.77 Lakh,"28,911 km",CNG,Mumbai,2023
Honda WR-V VX,₹ 6.27 Lakh,"45,889 km",CNG,Mumbai,2021
Tata Safari XZ+,₹ 8.62 Lakh,"28,599 km",Diesel,Bangalore,2023
Tata Safari XZ+,₹ 3.52 Lakh,"107,910 km",Petrol,Noida,2018
Maruti Suzuki Ertiga VXI CNG,₹ 1.20 Lakh,"107,812 km",Diesel,Ahmedabad,2016
BMW 3 Series 320d,₹ 39.38 Lakh,"95,809 km",Petrol,Pune,2019
Audi Q5 quattro,₹ 31.94 Lakh,"126,015 km",Petrol,Chennai,2016
BMW 5 Series 520d,₹ 33.61 Lakh,"173,090 km",Petrol,Delhi,2012
Mercedes-Benz GLA 220d,₹ 50.82 Lakh,"53,703 km",Diesel,Thane,2020
Kia Carens Prestige,₹ 2.74 Lakh,"154,536 km",CNG,Bangalore,2012
Honda WR-V VX,₹ 5.70 Lakh,"49,422 km",Diesel,Pune,2022
Maruti Suzuki Alto 800 LXi,₹ 1.20 Lakh,"94,528 km",Petrol,Kolkata,2017
Audi Q3 Premium,₹ 29.39 Lakh,"163,166 km",Petrol,Thane,2012
Toyota Glanza G,₹ 11.32 Lakh,"57,701 km",CNG,Chennai,2023
BMW X1 sDrive20d,₹ 39.10 Lakh,"108,599 km",Diesel,Delhi,2017
Tata Harrier XZ,₹ 5.19 Lakh,"71,946 km",CNG,Ahmedabad,2020
Mahindra Scorpio S11,₹ 10.02 Lakh,"50,120 km",Petrol,Delhi,2022
Hyundai Verna SX,₹ 3.19 Lakh,"99,731 km",CNG,Pune,2020
Audi Q3 Premium,₹ 29.93 Lakh,"178,468 km",Diesel,Thane,2012
Kia Sonet GTX,₹ 2.66 Lakh,"158,466 km",Diesel,Bangalore,2013
BMW X1 sDrive20d,₹ 34.62 Lakh,"160,357 km",Petrol,Mumbai,2013
Toyota Etios Liva G,₹ 9.96 Lakh,"73,022 km",CNG,Ahmedabad,2020
Mercedes-Benz E-Class E220d,₹ 48.98 Lakh,"83,577 km",Petrol,Chennai,2019
Maruti Suzuki Vitara Brezza VDi,₹ 1.20 Lakh,"144,525 km",Petrol,Mumbai,2013
Mercedes-Benz C-Class C200,₹ 44.71 Lakh,"171,265 km",Diesel,Kolkata,2012
Mahindra XUV500 W8,₹ 10.47 Lakh,"37,526 km",Petrol,Mumbai,2023
Honda Amaze VX,₹ 6.43 Lakh,"49,697 km",CNG,Hyderabad,2022
Mercedes-Benz C-Class C200,₹ 45.13 Lakh,"186,186 km",Diesel,Mumbai,2012
Honda BR-V VX,₹ 3.58 Lakh,"77,936 km",CNG,Kolkata,2019
BMW X1 sDrive20d,₹ 42.97 Lakh,"53,633 km",Petrol,Hyderabad,2023
Kia Sonet GTX,₹ 8.46 Lakh,"88,895 km",CNG,Pune,2021
Honda Amaze VX,₹ 1.20 Lakh,"122,595 km",Diesel,Noida,2014
Tata Harrier XZ,₹ 1.20 Lakh,"170,614 km",Petrol,Ahmedabad,2012
Toyota Etios Liva G,₹ 5.38 Lakh,"136,982 km",Petrol,Ahmedabad,2016
Toyota Fortuner 2.8 4x2,₹ 8.44 Lakh,"120,711 km",Petrol,Kolkata,2019
Kia Carens Prestige,₹ 9.43 Lakh,"51,848 km",CNG,Noida,2021
Audi A4 35 TDI,₹ 37.82 Lakh,"35,771 km",Diesel,Thane,2023
BMW 3 Series 320d,₹ 39.99 Lakh,"78,568 km",Petrol,Noida,2019
Mahindra Scorpio S11,₹ 5.25 Lakh,"116,054 km",CNG,Delhi,2016
Mercedes-Benz GLA 220d,₹ 45.46 Lakh,"165,075 km",Diesel,Hyderabad,2012
Mahindra Scorpio S11,₹ 6.73 Lakh,"110,315 km",CNG,Ahmedabad,2018
Tata Tiago XT,₹ 1.20 Lakh,"190,178 km",CNG,Noida,2012
Kia Seltos GTX,₹ 4.90 Lakh,"147,918 km",Diesel,Bangalore,2014
Mercedes-Benz C-Class C200,₹ 45.29 Lakh,"181,389 km",Diesel,Delhi,2013
Maruti Suzuki Vitara Brezza VDi,₹ 3.94 Lakh,"60,811 km",Diesel,Chennai,2023
Audi Q5 quattro,₹ 35.29 Lakh,"53,536 km",Petrol,Noida,2020
Honda City VX,₹ 1.20 Lakh,"127,200 km",Petrol,Thane,2015
Maruti Suzuki S-Presso VXi,₹ 3.83 Lakh,"53,315 km",CNG,Hyderabad,2023
Audi A4 35 TDI,₹ 28.54 Lakh,"178,083 km",Petrol,Pune,2012
Mercedes-Benz E-Class E220d,₹ 52.06 Lakh,"48,503 km",Diesel,Mumbai,2022
Mahindra Thar LX,₹ 9.00 Lakh,"87,286 km",CNG,Kolkata,2020
Audi A4 35 TDI,₹ 38.93 Lakh,"21,193 km",Diesel,Delhi,2023
Tata Safari XZ+,₹ 6.95 Lakh,"52,344 km",Diesel,Kolkata,2022
Maruti Suzuki Ciaz ZXI+,₹ 1.20 Lakh,"168,375 km",CNG,Hyderabad,2014
Hyundai Venue S,₹ 5.50 Lakh,"32,260 km",Diesel,Bangalore,2023
Kia Seltos GTX,₹ 7.33 Lakh,"86,302 km",Petrol,Kolkata,2019
Maruti Suzuki Ciaz ZXI+,₹ 1.20 Lakh,"118,229 km",Petrol,Chennai,2017
Kia Carens Prestige,₹ 8.73 Lakh,"61,111 km",CNG,Noida,2020
Audi Q5 quattro,₹ 34.39 Lakh,"99,014 km",Petrol,Ahmedabad,2019
BMW 5 Series 520d,₹ 34.63 Lakh,"157,086 km",Diesel,Pune,2013
Mercedes-Benz C-Class C200,₹ 53.19 Lakh,"74,909 km",Diesel,Chennai,2023
Maruti Suzuki Vitara Brezza VDi,₹ 3.05 Lakh,"50,482 km",Diesel,Bangalore,2021
Mahindra Scorpio S11,₹ 3.70 Lakh,"176,791 km",Diesel,Chennai,2013
Audi Q5 quattro,₹ 30.15 Lakh,"171,794 km",Diesel,Bangalore,2012
Audi Q3 Premium,₹ 31.80 Lakh,"116,139 km",Petrol,Chennai,2016
Hyundai Elite i20 Sportz,₹ 1.38 Lakh,"102,203 km",CNG,Chennai,2018
Honda Jazz VX,₹ 1.20 Lakh,"194,422 km",Petrol,Chennai,2012
Tata Nexon XZ+,₹ 2.91 Lakh,"108,365 km",Petrol,Delhi,2017
Honda Jazz VX,₹ 3.21 Lakh,"82,335 km",Petrol,Mumbai,2019
BMW X1 sDrive20d,₹ 35.91 Lakh,"141,377 km",Petrol,Delhi,2014
Honda Amaze VX,₹ 2.65 Lakh,"101,463 km",Diesel,Hyderabad,2016
Hyundai Creta SX,₹ 4.80 Lakh,"59,587 km",Petrol,Hyderabad,2022
Maruti Suzuki S-Presso VXi,₹ 1.97 Lakh,"85,807 km",Diesel,Thane,2020
Maruti Suzuki Ertiga VXI CNG,₹ 1.20 Lakh,"88,457 km",Petrol,Ahmedabad,2018
Tata Tiago XT,₹ 5.93 Lakh,"71,954 km",Diesel,Chennai,2021
Kia Sonet GTX,₹ 11.20 Lakh,"32,781 km",Diesel,Delhi,2023
Maruti Suzuki Baleno Delta 1.2,₹ 2.07 Lakh,"64,069 km",Petrol,Ahmedabad,2022
Honda BR-V VX,₹ 6.96 Lakh,"26,639 km",CNG,Chennai,2023
Maruti Suzuki Vitara Brezza VDi,₹ 2.36 Lakh,"62,743 km",CNG,Noida,2021
Tata Harrier XZ,₹ 6.02 Lakh,"92,849 km",CNG,Bangalore,2020
Audi Q3 Premium,₹ 34.13 Lakh,"96,960 km",Diesel,Hyderabad,2019
Toyota Fortuner 2.8 4x2,₹ 11.00 Lakh,"57,840 km",CNG,Thane,2021
BMW 3 Series 320d,₹ 42.54 Lakh,"41,211 km",Diesel,Mumbai,2023
Kia Sonet GTX,₹ 8.25 Lakh,"69,734 km",Diesel,Pune,2020
BMW X1 sDrive20d,₹ 39.61 Lakh,"82,766 km",Petrol,Bangalore,2019
Audi Q3 Premium,₹ 38.00 Lakh,"39,182 km",Petrol,Mumbai,2023
Honda City VX,₹ 4.80 Lakh,"90,776 km",CNG,Hyderabad,2020
BMW 3 Series 320d,₹ 42.51 Lakh,"40,475 km",Diesel,Chennai,2023
Audi A4 35 TDI,₹ 31.10 Lakh,"135,298 km",Petrol,Kolkata,2015
Kia Seltos GTX,₹ 4.95 Lakh,"153,912 km",CNG,Bangalore,2015
BMW 5 Series 520d,₹ 41.40 Lakh,"52,262 km",Petrol,Ahmedabad,2022
Audi Q3 Premium,₹ 36.97 Lakh,"37,809 km",Petrol,Hyderabad,2023
Honda WR-V VX,₹ 1.20 Lakh,"136,491 km",Petrol,Bangalore,2015
BMW 3 Series 320d,₹ 37.24 Lakh,"107,158 km",Diesel,Pune,2016
Honda Amaze VX,₹ 2.83 Lakh,"99,260 km",CNG,Noida,2017
Toyota Corolla Altis G,₹ 8.21 Lakh,"111,341 km",Diesel,Mumbai,2019
Hyundai Venue S,₹ 2.75 Lakh,"103,655 km",Petrol,Ahmedabad,2019
Kia Carens Prestige,₹ 5.27 Lakh,"122,305 km",Diesel,Kolkata,2016
Kia Sonet GTX,₹ 7.60 Lakh,"93,186 km",Diesel,Thane,2018
Tata Safari XZ+,₹ 4.39 Lakh,"82,640 km",CNG,Hyderabad,2019
Honda BR-V VX,₹ 1.20 Lakh,"167,985 km",CNG,Noida,2013
Audi Q3 Premium,₹ 36.86 Lakh,"39,431 km",Petrol,Mumbai,2023
Kia Seltos GTX,₹ 5.50 Lakh,"132,881 km",Diesel,Noida,2015
Tata Harrier XZ,₹ 4.31 Lakh,"92,606 km",Diesel,Mumbai,2018
Maruti Suzuki Vitara Brezza VDi,₹ 1.20 Lakh,"142,870 km",CNG,Mumbai,2015
Toyota Corolla Altis G,₹ 8.86 Lakh,"79,288 km",Petrol,Delhi,2020
Audi Q3 Premium,₹ 29.98 Lakh,"168,823 km",Diesel,Hyderabad,2013
Audi Q5 quattro,₹ 29.78 Lakh,"164,363 km",Petrol,Thane,2012
Hyundai Grand i10 Magna,₹ 3.49 Lakh,"63,592 km",Diesel,Hyderabad,2020
Tata Harrier XZ,₹ 3.11 Lakh,"87,225 km",Diesel,Kolkata,2017
BMW 5 Series 520d,₹ 35.74 Lakh,"135,697 km",Petrol,Chennai,2014
Kia Carens Prestige,₹ 9.81 Lakh,"64,037 km",Diesel,Kolkata,2021
Mercedes-Benz GLA 220d,₹ 47.51 Lakh,"116,515 km",Petrol,Noida,2016
Mahindra XUV500 W8,₹ 6.52 Lakh,"124,160 km",Diesel,Hyderabad,2017
Kia Seltos GTX,₹ 9.12 Lakh,"63,760 km",Petrol,Pune,2021
Tata Nexon XZ+,₹ 5.15 Lakh,"72,161 km",Petrol,Noida,2020
Honda Amaze VX,₹ 1.20 Lakh,"147,785 km",Diesel,Bangalore,2014
Maruti Suzuki S-Presso VXi,₹ 2.83 Lakh,"35,347 km",CNG,Thane,2022
Hyundai Venue S,₹ 4.56 Lakh,"43,540 km",CNG,Bangalore,2022
Mahindra Thar LX,₹ 4.76 Lakh,"147,502 km",CNG,Pune,2016
Maruti Suzuki Wagon R 1.0 VXI,₹ 1.20 Lakh,"177,357 km",Diesel,Chennai,2012
Tata Safari XZ+,₹ 2.16 Lakh,"119,800 km",Petrol,Thane,2015
Audi A4 35 TDI,₹ 31.59 Lakh,"132,393 km",Petrol,Hyderabad,2016
Hyundai i10 Magna,₹ 1.20 Lakh,"146,652 km",CNG,Pune,2014
Tata Nexon XZ+,₹ 7.76 Lakh,"36,309 km",Diesel,Hyderabad,2023
Maruti Suzuki Ciaz ZXI+,₹ 1.20 Lakh,"145,843 km",Petrol,Delhi,2013
Maruti Suzuki Vitara Brezza VDi,₹ 3.66 Lakh,"44,486 km",Diesel,Noida,2023
Mercedes-Benz C-Class C200,₹ 53.81 Lakh,"34,699 km",Diesel,Pune,2023
BMW X1 sDrive20d,₹ 37.04 Lakh,"143,296 km",Diesel,Bangalore,2016
Kia Seltos GTX,₹ 2.29 Lakh,"172,377 km",CNG,Noida,2013
Hyundai Creta SX,₹ 1.20 Lakh,"123,904 km",Petrol,Pune,2016
Mahindra Thar LX,₹ 3.46 Lakh,"141,616 km",Petrol,Hyderabad,2013
Mercedes-Benz E-Class E220d,₹ 52.00 Lakh,"46,995 km",Petrol,Delhi,2023
Toyota Innova Crysta GX,₹ 3.94 Lakh,"160,933 km",Petrol,Delhi,2014
Honda BR-V VX,₹ 1.20 Lakh,"174,949 km",CNG,Delhi,2013
Maruti Suzuki Swift VXi,₹ 1.20 Lakh,"112,363 km",CNG,Pune,2016
Honda BR-V VX,₹ 4.79 Lakh,"80,688 km",CNG,Thane,2020
Mercedes-Benz E-Class E220d,₹ 52.36 Lakh,"51,821 km",Petrol,Pune,2022
Honda Jazz VX,₹ 1.20 Lakh,"163,584 km",CNG,Noida,2013
Honda City VX,₹ 5.65 Lakh,"47,887 km",Petrol,Hyderabad,2022
Audi Q5 quattro,₹ 38.37 Lakh,"44,469 km",Diesel,Hyderabad,2023
Kia Sonet GTX,₹ 3.02 Lakh,"185,494 km",Diesel,Delhi,2012
Hyundai Grand i10 Magna,₹ 5.18 Lakh,"56,051 km",CNG,Delhi,2022
Audi Q3 Premium,₹ 32.88 Lakh,"139,808 km",Diesel,Ahmedabad,2016
Maruti Suzuki Swift VXi,₹ 1.20 Lakh,"133,358 km",Petrol,Hyderabad,2015
Tata Tiago XT,₹ 3.48 Lakh,"80,382 km",Petrol,Kolkata,2018
Audi Q3 Premium,₹ 33.76 Lakh,"88,384 km",Petrol,Kolkata,2018
Honda Amaze VX,₹ 5.92 Lakh,"59,577 km",CNG,Kolkata,2023
Hyundai i10 Magna,₹ 2.71 Lakh,"101,304 km",Diesel,Mumbai,2018
BMW X1 sDrive20d,₹ 41.11 Lakh,"68,789 km",Diesel,Delhi,2020
Maruti Suzuki Vitara Brezza VDi,₹ 4.01 Lakh,"42,041 km",Petrol,Hyderabad,2023
Mercedes-Benz GLA 220d,₹ 49.65 Lakh,"68,139 km",Diesel,Mumbai,2018
BMW 3 Series 320d,₹ 34.93 Lakh,"163,743 km",Petrol,Noida,2012
Kia Sonet GTX,₹ 10.38 Lakh,"66,552 km",CNG,Hyderabad,2022
Honda Jazz VX,₹ 1.30 Lakh,"135,456 km",Diesel,Delhi,2015
Mahindra Scorpio S11,₹ 2.25 Lakh,"169,099 km",Petrol,Noida,2012
Hyundai Elite i20 Sportz,₹ 4.18 Lakh,"64,963 km",Petrol,Bangalore,2022
Toyota Glanza G,₹ 8.56 Lakh,"104,767 km",Diesel,Thane,2018
Tata Tiago XT,₹ 8.47 Lakh,"26,834 km",Petrol,Noida,2023
Honda Jazz VX,₹ 4.39 Lakh,"85,200 km",Diesel,Noida,2019
Mercedes-Benz E-Class E220d,₹ 46.00 Lakh,"163,679 km",Petrol,Thane,2014
Honda Amaze VX,₹ 4.16 Lakh,"95,238 km",Diesel,Pune,2020
Hyundai Creta SX,₹ 5.17 Lakh,"68,075 km",Diesel,Mumbai,2021
Tata Harrier XZ,₹ 2.41 Lakh,"111,754 km",Diesel,Kolkata,2015
Toyota Corolla Altis G,₹ 11.46 Lakh,"28,971 km",CNG,Hyderabad,2023
Toyota Corolla Altis G,₹ 3.48 Lakh,"173,829 km",Petrol,Pune,2012
Kia Sonet GTX,₹ 8.10 Lakh,"82,192 km",Diesel,Pune,2019
BMW X1 sDrive20d,₹ 37.08 Lakh,"132,811 km",Diesel,Chennai,2016
Hyundai Creta SX,₹ 1.20 Lakh,"168,405 km",Diesel,Ahmedabad,2012
Mercedes-Benz E-Class E220d,₹ 48.88 Lakh,"92,323 km",Petrol,Mumbai,2019
Mahindra Scorpio S11,₹ 4.95 Lakh,"130,605 km",CNG,Pune,2016
Hyundai Elite i20 Sportz,₹ 1.93 Lakh,"89,171 km",Petrol,Thane,2019
Tata Harrier XZ,₹ 7.88 Lakh,"37,720 km",Diesel,Thane,2023
Hyundai Elite i20 Sportz,₹ 2.33 Lakh,"104,108 km",Petrol,Hyderabad,2018
Hyundai Grand i10 Magna,₹ 4.14 Lakh,"67,542 km",CNG,Mumbai,2020
Mahindra Thar LX,₹ 10.76 Lakh,"33,416 km",CNG,Pune,2023
Mahindra Thar LX,₹ 3.74 Lakh,"148,246 km",Petrol,Chennai,2014
Tata Harrier XZ,₹ 5.98 Lakh,"74,875 km",Diesel,Delhi,2019
Maruti Suzuki Wagon R 1.0 VXI,₹ 1.20 Lakh,"137,932 km",CNG,Ahmedabad,2016
Mahindra Scorpio S11,₹ 6.90 Lakh,"100,433 km",CNG,Chennai,2017
Maruti Suzuki Alto 800 LXi,₹ 1.20 Lakh,"160,398 km",Petrol,Noida,2015
Honda Jazz VX,₹ 4.32 Lakh,"87,893 km",Petrol,Hyderabad,2019
Kia Carens Prestige,₹ 7.72 Lakh,"104,261 km",CNG,Delhi,2019
BMW X1 sDrive20d,₹ 36.24 Lakh,"126,919 km",Petrol,Thane,2015
Mahindra Scorpio S11,₹ 1.44 Lakh,"182,944 km",CNG,Kolkata,2012
Mercedes-Benz C-Class C200,₹ 47.84 Lakh,"121,227 km",Diesel,Noida,2016
Kia Carens Prestige,₹ 6.40 Lakh,"118,763 km",Petrol,Chennai,2017
Tata Nexon XZ+,₹ 2.07 Lakh,"138,217 km",Diesel,Thane,2015
Audi Q3 Premium,₹ 30.33 Lakh,"158,165 km",Petrol,Mumbai,2015
Kia Seltos GTX,₹ 8.49 Lakh,"66,911 km",CNG,Ahmedabad,2019
Mercedes-Benz E-Class E220d,₹ 51.99 Lakh,"56,582 km",Petrol,Pune,2023
Kia Sonet GTX,₹ 8.62 Lakh,"80,409 km",Diesel,Pune,2021
Hyundai Santro Sportz,₹ 5.75 Lakh,"22,709 km",Diesel,Chennai,2023
Mahindra XUV500 W8,₹ 7.64 Lakh,"79,781 km",Petrol,Mumbai,2020
Hyundai Santro Sportz,₹ 3.01 Lakh,"91,880 km",CNG,Pune,2019
Mahindra Scorpio S11,₹ 3.82 Lakh,"158,844 km",Petrol,Ahmedabad,2014
Kia Carens Prestige,₹ 5.92 Lakh,"115,785 km",Diesel,Pune,2015
Audi Q5 quattro,₹ 34.36 Lakh,"81,988 km",Diesel,Mumbai,2019
BMW 3 Series 320d,₹ 40.09 Lakh,"61,799 km",Diesel,Noida,2019
Mahindra Thar LX,₹ 6.23 Lakh,"90,977 km",Petrol,Hyderabad,2018
Tata Tiago XT,₹ 5.98 Lakh,"73,305 km",Diesel,Bangalore,2020
Toyota Innova Crysta GX,₹ 12.14 Lakh,"59,220 km",Diesel,Bangalore,2023
Audi A4 35 TDI,₹ 37.39 Lakh,"54,670 km",Petrol,Ahmedabad,2022
BMW X1 sDrive20d,₹ 39.86 Lakh,"84,107 km",Diesel,Hyderabad,2020
Honda WR-V VX,₹ 1.79 Lakh,"100,664 km",CNG,Kolkata,2017
Hyundai Elite i20 Sportz,₹ 3.91 Lakh,"88,825 km",CNG,Bangalore,2020
Hyundai i10 Magna,₹ 3.42 Lakh,"97,189 km",Petrol,Thane,2020
Tata Nexon XZ+,₹ 8.39 Lakh,"18,187 km",Petrol,Kolkata,2023
Hyundai Grand i10 Magna,₹ 1.66 Lakh,"108,430 km",Diesel,Pune,2018
Hyundai Grand i10 Magna,₹ 3.45 Lakh,"71,913 km",CNG,Hyderabad,2021
Mercedes-Benz E-Class E220d,₹ 47.52 Lakh,"115,292 km",Petrol,Kolkata,2017
Audi Q5 quattro,₹ 36.56 Lakh,"45,981 km",Petrol,Bangalore,2022
BMW 5 Series 520d,₹ 39.78 Lakh,"62,427 km",Petrol,Kolkata,2020
BMW X1 sDrive20d,₹ 40.97 Lakh,"48,536 km",Diesel,Bangalore,2020
Honda Amaze VX,₹ 1.20 Lakh,"172,056 km",CNG,Thane,2013
Audi A4 35 TDI,₹ 30.53 Lakh,"165,676 km",Petrol,Kolkata,2014
Mercedes-Benz C-Class C200,₹ 51.73 Lakh,"54,698 km",Diesel,Bangalore,2021
Mahindra Scorpio S11,₹ 5.09 Lakh,"143,619 km",CNG,Hyderabad,2015
Mahindra Thar LX,₹ 2.75 Lakh,"150,722 km",CNG,Thane,2013
Hyundai i10 Magna,₹ 5.00 Lakh,"47,534 km",Petrol,Mumbai,2023
BMW 3 Series 320d,₹ 43.63 Lakh,"12,334 km",Petrol,Mumbai,2023
BMW X1 sDrive20d,₹ 34.93 Lakh,"153,852 km",Petrol,Chennai,2012
Mercedes-Benz C-Class C200,₹ 46.48 Lakh,"169,981 km",Diesel,Noida,2014
Audi A4 35 TDI,₹ 31.61 Lakh,"129,909 km",Petrol,Noida,2016
Kia Sonet GTX,₹ 11.28 Lakh,"36,661 km",Diesel,Bangalore,2023
Mahindra XUV500 W8,₹ 8.23 Lakh,"101,177 km",Diesel,Pune,2019
Kia Sonet GTX,₹ 7.13 Lakh,"98,066 km",Diesel,Pune,2019
Mercedes-Benz GLA 220d,₹ 46.73 Lakh,"159,056 km",Diesel,Kolkata,2014
Tata Safari XZ+,₹ 4.26 Lakh,"88,112 km",Petrol,Hyderabad,2019
Honda Jazz VX,₹ 1.20 Lakh,"172,530 km",Petrol,Chennai,2012
Kia Carens Prestige,₹ 4.84 Lakh,"142,789 km",CNG,Chennai,2015
Tata Tiago XT,₹ 1.20 Lakh,"151,222 km",Diesel,Kolkata,2014
Maruti Suzuki Alto 800 LXi,₹ 1.20 Lakh,"89,486 km",Petrol,Chennai,2019
Hyundai Venue S,₹ 4.35 Lakh,"54,781 km",Diesel,Bangalore,2020
Tata Safari XZ+,₹ 4.12 Lakh,"100,612 km",Petrol,Ahmedabad,2018
Toyota Etios Liva G,₹ 12.03 Lakh,"41,508 km",CNG,Noida,2022
Maruti Suzuki Vitara Brezza VDi,₹ 1.20 Lakh,"115,007 km",Diesel,Noida,2015
Toyota Fortuner 2.8 4x2,₹ 8.21 Lakh,"105,096 km",Diesel,Hyderabad,2019
Tata Harrier XZ,₹ 1.75 Lakh,"138,000 km",Diesel,Bangalore,2014
Audi A4 35 TDI,₹ 34.99 Lakh,"86,701 km",Diesel,Hyderabad,2019
Honda Jazz VX,₹ 2.51 Lakh,"113,047 km",Petrol,Hyderabad,2017
BMW X1 sDrive20d,₹ 43.23 Lakh,"32,807 km",Diesel,Mumbai,2023
Mercedes-Benz E-Class E220d,₹ 46.60 Lakh,"143,871 km",Diesel,Hyderabad,2014
Maruti Suzuki Ciaz ZXI+,₹ 1.20 Lakh,"129,455 km",Petrol,Hyderabad,2015
Toyota Glanza G,₹ 11.41 Lakh,"35,467 km",CNG,Hyderabad,2022
Mahindra Thar LX,₹ 9.94 Lakh,"35,078 km",Petrol,Bangalore,2022
BMW X1 sDrive20d,₹ 41.46 Lakh,"61,386 km",Diesel,Kolkata,2022
Audi Q5 quattro,₹ 36.89 Lakh,"48,520 km",Petrol,Delhi,2022
Kia Carens Prestige,₹ 9.75 Lakh,"51,349 km",CNG,Chennai,2022
Mahindra Thar LX,₹ 4.78 Lakh,"126,443 km",CNG,Bangalore,2016
BMW X1 sDrive20d,₹ 42.82 Lakh,"32,746 km",Diesel,Chennai,2023
Mahindra XUV500 W8,₹ 10.17 Lakh,"38,915 km",Petrol,Kolkata,2023
Mercedes-Benz E-Class E220d,₹ 50.65 Lakh,"60,661 km",Petrol,Bangalore,2020
Audi A4 35 TDI,₹ 37.47 Lakh,"49,955 km",Diesel,Hyderabad,2022
Mercedes-Benz GLA 220d,₹ 49.00 Lakh,"104,451 km",Diesel,Hyderabad,2019
Mahindra XUV500 W8,₹ 4.80 Lakh,"127,691 km",Petrol,Delhi,2015
Mahindra Scorpio S11,₹ 10.71 Lakh,"43,298 km",Diesel,Delhi,2022
Maruti Suzuki Baleno Delta 1.2,₹ 1.20 Lakh,"118,285 km",Petrol,Chennai,2017
Audi Q3 Premium,₹ 37.66 Lakh,"51,436 km",Petrol,Hyderabad,2022
BMW 5 Series 520d,₹ 40.53 Lakh,"86,108 km",Diesel,Pune,2019
Mercedes-Benz GLA 220d,₹ 49.76 Lakh,"71,009 km",Petrol,Noida,2020
Maruti Suzuki Wagon R 1.0 VXI,₹ 1.36 Lakh,"79,885 km",Diesel,Bangalore,2020
BMW 5 Series 520d,₹ 36.26 Lakh,"155,109 km",Petrol,Hyderabad,2014
BMW 5 Series 520d,₹ 36.48 Lakh,"145,716 km",Petrol,Hyderabad,2015
Tata Tiago XT,₹ 6.03 Lakh,"63,047 km",CNG,Ahmedabad,2021
Tata Safari XZ+,₹ 2.79 Lakh,"120,799 km",Diesel,Ahmedabad,2017
BMW 3 Series 320d,₹ 39.99 Lakh,"73,978 km",Diesel,Delhi,2020
Honda WR-V VX,₹ 1.20 Lakh,"137,178 km",Diesel,Chennai,2015
Honda Amaze VX,₹ 6.38 Lakh,"24,501 km",Petrol,Bangalore,2023
Toyota Innova Crysta GX,₹ 9.57 Lakh,"90,558 km",Diesel,Pune,2020
Mercedes-Benz C-Class C200,₹ 48.59 Lakh,"100,399 km",Diesel,Noida,2018
Mercedes-Benz C-Class C200,₹ 47.62 Lakh,"123,947 km",Petrol,Chennai,2016
Maruti Suzuki S-Presso VXi,₹ 1.20 Lakh,"156,640 km",Diesel,Pune,2015
BMW X1 sDrive20d,₹ 41.56 Lakh,"62,036 km",Diesel,Kolkata,2021
Mercedes-Benz E-Class E220d,₹ 52.22 Lakh,"57,877 km",Petrol,Mumbai,2022
Mercedes-Benz GLA 220d,₹ 43.98 Lakh,"171,049 km",Diesel,Kolkata,2012
Kia Sonet GTX,₹ 10.15 Lakh,"34,678 km",CNG,Delhi,2023
Mahindra Thar LX,₹ 4.73 Lakh,"127,451 km",CNG,Pune,2015
Mercedes-Benz E-Class E220d,₹ 47.23 Lakh,"143,268 km",Diesel,Thane,2016
Audi A4 35 TDI,₹ 37.81 Lakh,"30,066 km",Petrol,Bangalore,2023
Mercedes-Benz C-Class C200,₹ 51.87 Lakh,"46,681 km",Diesel,Thane,2022
Audi Q3 Premium,₹ 36.76 Lakh,"52,198 km",Petrol,Kolkata,2023
Audi Q5 quattro,₹ 35.46 Lakh,"78,112 km",Diesel,Pune,2020
Mercedes-Benz E-Class E220d,₹ 49.62 Lakh,"89,975 km",Petrol,Noida,2020
Maruti Suzuki Ertiga VXI CNG,₹ 1.20 Lakh,"148,919 km",Petrol,Mumbai,2014
Mercedes-Benz GLA 220d,₹ 50.98 Lakh,"60,861 km",Petrol,Pune,2021
Mercedes-Benz GLA 220d,₹ 45.73 Lakh,"148,187 km",Diesel,Ahmedabad,2014
Kia Carens Prestige,₹ 5.36 Lakh,"121,470 km",Petrol,Delhi,2017
Hyundai Santro Sportz,₹ 1.20 Lakh,"95,906 km",CNG,Kolkata,2017
Audi Q5 quattro,₹ 29.92 Lakh,"187,345 km",Diesel,Ahmedabad,2012
Kia Carens Prestige,₹ 6.14 Lakh,"124,671 km",Diesel,Noida,2016
Toyota Etios Liva G,₹ 7.82 Lakh,"101,301 km",Diesel,Kolkata,2018
Kia Carens Prestige,₹ 8.15 Lakh,"79,176 km",Petrol,Chennai,2021
Honda City VX,₹ 2.13 Lakh,"126,742 km",Petrol,Hyderabad,2017
Kia Carens Prestige,₹ 6.48 Lakh,"128,059 km",Diesel,Thane,2017
Hyundai Santro Sportz,₹ 3.58 Lakh,"63,004 km",CNG,Mumbai,2021
Tata Nexon XZ+,₹ 2.58 Lakh,"104,580 km",Petrol,Ahmedabad,2017
Audi Q3 Premium,₹ 36.99 Lakh,"39,875 km",Petrol,Mumbai,2023
Toyota Corolla Altis G,₹ 7.16 Lakh,"112,877 km",Petrol,Bangalore,2017
BMW 3 Series 320d,₹ 41.50 Lakh,"77,279 km",Diesel,Delhi,2020
Maruti Suzuki Swift VXi,₹ 1.20 Lakh,"162,479 km",Diesel,Delhi,2014
Hyundai Elite i20 Sportz,₹ 4.02 Lakh,"59,749 km",Petrol,Chennai,2020
Hyundai Verna SX,₹ 1.20 Lakh,"108,933 km",Petrol,Hyderabad,2016
Mahindra XUV500 W8,₹ 6.77 Lakh,"100,114 km",Diesel,Delhi,2017
Mercedes-Benz C-Class C200,₹ 50.60 Lakh,"54,045 km",Petrol,Kolkata,2021
Maruti Suzuki Alto 800 LXi,₹ 3.84 Lakh,"59,780 km",Diesel,Noida,2022
Mercedes-Benz C-Class C200,₹ 52.38 Lakh,"52,860 km",Petrol,Mumbai,2023
Hyundai Verna SX,₹ 2.17 Lakh,"120,474 km",Petrol,Bangalore,2018
Toyota Fortuner 2.8 4x2,₹ 4.25 Lakh,"156,053 km",CNG,Ahmedabad,2014
Honda City VX,₹ 5.68 Lakh,"68,551 km",Diesel,Mumbai,2021
Toyota Etios Liva G,₹ 10.84 Lakh,"77,738 km",Diesel,Ahmedabad,2022
Mahindra Thar LX,₹ 3.31 Lakh,"161,224 km",CNG,Kolkata,2014
Maruti Suzuki Ertiga VXI CNG,₹ 1.20 Lakh,"115,435 km",Petrol,Chennai,2018
Honda City VX,₹ 6.43 Lakh,"64,375 km",Petrol,Mumbai,2022
Mercedes-Benz E-Class E220d,₹ 44.95 Lakh,"148,417 km",Diesel,Bangalore,2013
Audi Q3 Premium,₹ 28.81 Lakh,"178,985 km",Diesel,Thane,2012
Hyundai Santro Sportz,₹ 6.19 Lakh,"53,057 km",CNG,Hyderabad,2023
Mercedes-Benz GLA 220d,₹ 46.14 Lakh,"150,127 km",Diesel,Mumbai,2015
Mahindra Scorpio S11,₹ 10.36 Lakh,"26,983 km",CNG,Bangalore,2023
Honda Jazz VX,₹ 1.20 Lakh,"160,297 km",Diesel,Ahmedabad,2013
Audi Q5 quattro,₹ 38.92 Lakh,"24,645 km",Diesel,Mumbai,2023
Kia Carens Prestige,₹ 3.74 Lakh,"160,496 km",CNG,Chennai,2013
Maruti Suzuki Ciaz ZXI+,₹ 1.20 Lakh,"120,031 km",Petrol,Bangalore,2017
Toyota Etios Liva G,₹ 3.21 Lakh,"174,379 km",CNG,Delhi,2012
Tata Nexon XZ+,₹ 8.12 Lakh,"56,817 km",Diesel,Pune,2023
Kia Seltos GTX,₹ 9.06 Lakh,"63,907 km",CNG,Delhi,2020
BMW 3 Series 320d,₹ 37.17 Lakh,"145,117 km",Diesel,Pune,2016
Mahindra Thar LX,₹ 4.61 Lakh,"129,915 km",CNG,Ahmedabad,2016
Kia Seltos GTX,₹ 8.91 Lakh,"55,067 km",Diesel,Thane,2021
Honda WR-V VX,₹ 1.92 Lakh,"103,856 km",Diesel,Chennai,2016
Audi A4 35 TDI,₹ 37.29 Lakh,"41,887 km",Petrol,Noida,2022
BMW 5 Series 520d,₹ 35.59 Lakh,"138,793 km",Petrol,Delhi,2014
Mercedes-Benz GLA 220d,₹ 43.72 Lakh,"170,160 km",Petrol,Chennai,2012
Toyota Corolla Altis G,₹ 6.86 Lakh,"135,957 km",Diesel,Chennai,2016
Mercedes-Benz C-Class C200,₹ 52.13 Lakh,"67,745 km",Diesel,Chennai,2021
Tata Safari XZ+,₹ 1.20 Lakh,"141,582 km",CNG,Chennai,2014
Tata Safari XZ+,₹ 4.92 Lakh,"65,848 km",Petrol,Chennai,2020
BMW 5 Series 520d,₹ 34.75 Lakh,"184,633 km",Diesel,Chennai,2013
Audi Q3 Premium,₹ 34.53 Lakh,"108,772 km",Diesel,Pune,2018
Kia Carens Prestige,₹ 9.25 Lakh,"65,385 km",CNG,Chennai,2021
Maruti Suzuki Swift VXi,₹ 1.20 Lakh,"96,205 km",Diesel,Kolkata,2018
Tata Nexon XZ+,₹ 1.20 Lakh,"154,132 km",Petrol,Ahmedabad,2014
BMW 3 Series 320d,₹ 35.69 Lakh,"161,186 km",Petrol,Bangalore,2015
Toyota Innova Crysta GX,₹ 5.38 Lakh,"163,662 km",Diesel,Chennai,2014
Maruti Suzuki Vitara Brezza VDi,₹ 3.62 Lakh,"52,885 km",Diesel,Noida,2023
Hyundai Venue S,₹ 1.20 Lakh,"129,445 km",Petrol,Ahmedabad,2014
Maruti Suzuki Vitara Brezza VDi,₹ 1.20 Lakh,"160,321 km",CNG,Hyderabad,2014
Hyundai Creta SX,₹ 5.24 Lakh,"41,587 km",Petrol,Thane,2023
Kia Seltos GTX,₹ 6.59 Lakh,"95,852 km",Petrol,Pune,2017
Toyota Fortuner 2.8 4x2,₹ 4.39 Lakh,"134,332 km",CNG,Delhi,2014
Hyundai Creta SX,₹ 4.66 Lakh,"63,787 km",CNG,Hyderabad,2021
Tata Nexon XZ+,₹ 2.77 Lakh,"134,193 km",Petrol,Thane,2016
BMW X1 sDrive20d,₹ 37.53 Lakh,"134,499 km",Diesel,Kolkata,2015
BMW X1 sDrive20d,₹ 39.52 Lakh,"103,030 km",Diesel,Pune,2020
Honda City VX,₹ 1.20 Lakh,"147,757 km",Petrol,Delhi,2013
Mercedes-Benz GLA 220d,₹ 51.50 Lakh,"59,530 km",Diesel,Thane,2022
Maruti Suzuki Alto 800 LXi,₹ 4.12 Lakh,"46,739 km",Diesel,Bangalore,2022
Mahindra Thar LX,₹ 9.06 Lakh,"74,203 km",CNG,Chennai,2020
Mahindra Thar LX,₹ 9.15 Lakh,"45,290 km",Diesel,Bangalore,2020
Tata Harrier XZ,₹ 2.11 Lakh,"142,334 km",CNG,Kolkata,2015
Honda Amaze VX,₹ 1.20 Lakh,"122,834 km",CNG,Ahmedabad,2016
Hyundai Grand i10 Magna,₹ 3.03 Lakh,"96,380 km",CNG,Thane,2019
Audi A4 35 TDI,₹ 32.43 Lakh,"121,714 km",Petrol,Ahmedabad,2017
Audi A4 35 TDI,₹ 34.48 Lakh,"79,594 km",Petrol,Bangalore,2020
Tata Safari XZ+,₹ 4.44 Lakh,"89,443 km",Diesel,Mumbai,2018
Audi Q5 quattro,₹ 34.84 Lakh,"90,993 km",Petrol,Ahmedabad,2019
Audi Q3 Premium,₹ 29.50 Lakh,"159,931 km",Petrol,Ahmedabad,2013
Toyota Etios Liva G,₹ 9.33 Lakh,"70,774 km",Diesel,Noida,2020
Mahindra Scorpio S11,₹ 3.96 Lakh,"144,733 km",CNG,Mumbai,2014
Tata Nexon XZ+,₹ 1.80 Lakh,"128,261 km",Diesel,Hyderabad,2016
Hyundai Grand i10 Magna,₹ 1.90 Lakh,"124,617 km",Diesel,Bangalore,2018
Mercedes-Benz E-Class E220d,₹ 46.71 Lakh,"138,298 km",Petrol,Kolkata,2016
Toyota Fortuner 2.8 4x2,₹ 5.10 Lakh,"147,345 km",Diesel,Delhi,2013
Mahindra XUV500 W8,₹ 5.11 Lakh,"127,700 km",Petrol,Pune,2015
BMW 3 Series 320d,₹ 40.99 Lakh,"49,899 km",Diesel,Delhi,2021
Maruti Suzuki Wagon R 1.0 VXI,₹ 2.79 Lakh,"59,859 km",Diesel,Hyderabad,2022
Mercedes-Benz GLA 220d,₹ 50.12 Lakh,"76,551 km",Petrol,Thane,2019
Hyundai Santro Sportz,₹ 2.61 Lakh,"91,246 km",CNG,Thane,2020
BMW X1 sDrive20d,₹ 38.65 Lakh,"118,831 km",Diesel,Delhi,2018
Mercedes-Benz C-Class C200,₹ 49.37 Lakh,"95,253 km",Petrol,Hyderabad,2019
Toyota Corolla Altis G,₹ 4.44 Lakh,"139,115 km",Petrol,Hyderabad,2014
Honda Jazz VX,₹ 1.20 Lakh,"149,556 km",Petrol,Noida,2014
Audi A4 35 TDI,₹ 35.08 Lakh,"102,081 km",Diesel,Pune,2019
Audi A4 35 TDI,₹ 33.70 Lakh,"102,135 km",Petrol,Pune,2018
BMW 5 Series 520d,₹ 34.91 Lakh,"164,794 km",Petrol,Chennai,2012
Mahindra Thar LX,₹ 1.95 Lakh,"175,159 km",Petrol,Kolkata,2012
Honda Jazz VX,₹ 3.65 Lakh,"80,645 km",Petrol,Thane,2020
Mercedes-Benz C-Class C200,₹ 49.87 Lakh,"72,144 km",Petrol,Thane,2020
Audi Q3 Premium,₹ 34.37 Lakh,"95,236 km",Diesel,Noida,2019
Maruti Suzuki Ciaz ZXI+,₹ 4.68 Lakh,"47,955 km",Diesel,Noida,2023
Kia Carens Prestige,₹ 4.41 Lakh,"147,281 km",Diesel,Chennai,2014
Kia Seltos GTX,₹ 6.28 Lakh,"122,205 km",CNG,Ahmedabad,2016
Hyundai Creta SX,₹ 1.20 Lakh,"136,603 km",Petrol,Ahmedabad,2015
Tata Nexon XZ+,₹ 1.20 Lakh,"187,587 km",CNG,Pune,2013
Kia Sonet GTX,₹ 3.45 Lakh,"166,298 km",Petrol,Mumbai,2013
Toyota Etios Liva G,₹ 9.33 Lakh,"84,693 km",CNG,Delhi,2020
Maruti Suzuki Ciaz ZXI+,₹ 2.04 Lakh,"70,018 km",Diesel,Pune,2020
Audi A4 35 TDI,₹ 30.57 Lakh,"133,578 km",Petrol,Ahmedabad,2013
Mahindra Scorpio S11,₹ 7.86 Lakh,"83,559 km",CNG,Pune,2020
Mercedes-Benz C-Class C200,₹ 49.80 Lakh,"71,301 km",Diesel,Delhi,2019
Kia Seltos GTX,₹ 10.67 Lakh,"28,643 km",Petrol,Kolkata,2023
Kia Carens Prestige,₹ 7.56 Lakh,"98,724 km",Diesel,Kolkata,2019
Toyota Innova Crysta GX,₹ 9.82 Lakh,"69,682 km",Diesel,Delhi,2020
Mercedes-Benz C-Class C200,₹ 51.45 Lakh,"68,720 km",Petrol,Hyderabad,2021
Audi A4 35 TDI,₹ 36.40 Lakh,"64,615 km",Diesel,Chennai,2020
Honda Jazz VX,₹ 1.20 Lakh,"119,411 km",CNG,Noida,2015
BMW 5 Series 520d,₹ 34.72 Lakh,"159,146 km",Diesel,Delhi,2013
Mercedes-Benz C-Class C200,₹ 48.72 Lakh,"115,148 km",Petrol,Thane,2017
Tata Tiago XT,₹ 1.31 Lakh,"148,952 km",Diesel,Kolkata,2014
Hyundai Elite i20 Sportz,₹ 3.84 Lakh,"52,619 km",CNG,Mumbai,2021
Audi Q3 Premium,₹ 30.21 Lakh,"164,669 km",Petrol,Kolkata,2013
Maruti Suzuki Ciaz ZXI+,₹ 3.36 Lakh,"41,761 km",CNG,Noida,2022
Hyundai Elite i20 Sportz,₹ 2.42 Lakh,"91,853 km",Petrol,Chennai,2019
Mercedes-Benz E-Class E220d,₹ 49.56 Lakh,"106,430 km",Diesel,Chennai,2019
Maruti Suzuki Ertiga VXI CNG,₹ 1.20 Lakh,"168,286 km",Petrol,Kolkata,2013
Tata Harrier XZ,₹ 6.59 Lakh,"55,119 km",Petrol,Mumbai,2022
Kia Carens Prestige,₹ 9.79 Lakh,"58,470 km",Diesel,Ahmedabad,2021
BMW 3 Series 320d,₹ 42.46 Lakh,"55,640 km",Petrol,Ahmedabad,2022
BMW X1 sDrive20d,₹ 35.63 Lakh,"150,543 km",Petrol,Mumbai,2015
Mahindra Thar LX,₹ 10.21 Lakh,"73,464 km",CNG,Delhi,2022
BMW X1 sDrive20d,₹ 39.95 Lakh,"95,006 km",Petrol,Mumbai,2019
Mercedes-Benz E-Class E220d,₹ 49.95 Lakh,"97,970 km",Petrol,Chennai,2020
Audi Q5 quattro,₹ 37.34 Lakh,"33,889 km",Diesel,Thane,2022
Mercedes-Benz E-Class E220d,₹ 46.40 Lakh,"130,751 km",Petrol,Thane,2015
BMW X1 sDrive20d,₹ 37.04 Lakh,"138,982 km",Diesel,Chennai,2016
BMW 3 Series 320d,₹ 35.62 Lakh,"123,290 km",Petrol,Hyderabad,2014
Kia Sonet GTX,₹ 10.42 Lakh,"33,803 km",Diesel,Noida,2022
Tata Tiago XT,₹ 5.35 Lakh,"86,888 km",Diesel,Chennai,2020
Tata Tiago XT,₹ 4.39 Lakh,"88,621 km",CNG,Hyderabad,2019
BMW 5 Series 520d,₹ 38.22 Lakh,"101,890 km",Diesel,Bangalore,2017
Mahindra XUV500 W8,₹ 8.20 Lakh,"72,751 km",Petrol,Thane,2019
Audi Q5 quattro,₹ 34.00 Lakh,"101,494 km",Petrol,Hyderabad,2018
Tata Tiago XT,₹ 1.20 Lakh,"174,766 km",Diesel,Pune,2012
Maruti Suzuki S-Presso VXi,₹ 1.20 Lakh,"98,616 km",Petrol,Ahmedabad,2020
Toyota Fortuner 2.8 4x2,₹ 11.79 Lakh,"14,302 km",CNG,Hyderabad,2023
Mercedes-Benz C-Class C200,₹ 46.39 Lakh,"131,264 km",Petrol,Noida,2015
Audi A4 35 TDI,₹ 37.22 Lakh,"60,128 km",Diesel,Kolkata,2023
Toyota Glanza G,₹ 5.64 Lakh,"114,296 km",Petrol,Ahmedabad,2016
Kia Seltos GTX,₹ 2.96 Lakh,"156,004 km",Petrol,Ahmedabad,2014
Honda WR-V VX,₹ 3.12 Lakh,"95,564 km",CNG,Hyderabad,2017
BMW X1 sDrive20d,₹ 41.16 Lakh,"57,663 km",Petrol,Chennai,2021
Kia Sonet GTX,₹ 11.34 Lakh,"44,346 km",Diesel,Chennai,2023
Toyota Fortuner 2.8 4x2,₹ 4.76 Lakh,"155,522 km",CNG,Noida,2014
Hyundai Elite i20 Sportz,₹ 4.50 Lakh,"60,472 km",Petrol,Mumbai,2021
Mercedes-Benz E-Class E220d,₹ 45.16 Lakh,"165,886 km",Diesel,Kolkata,2013
BMW X1 sDrive20d,₹ 34.75 Lakh,"162,703 km",Petrol,Delhi,2013
Audi Q3 Premium,₹ 35.93 Lakh,"75,009 km",Petrol,Hyderabad,2021
Toyota Glanza G,₹ 7.55 Lakh,"91,736 km",Petrol,Pune,2018
Mahindra Thar LX,₹ 10.62 Lakh,"40,046 km",Diesel,Thane,2022
Mahindra XUV500 W8,₹ 5.83 Lakh,"126,586 km",CNG,Bangalore,2017
Honda WR-V VX,₹ 1.20 Lakh,"169,450 km",Diesel,Ahmedabad,2012
BMW 3 Series 320d,₹ 40.66 Lakh,"65,439 km",Diesel,Thane,2019
Hyundai Creta SX,₹ 4.88 Lakh,"75,254 km",Diesel,Delhi,2021
Mercedes-Benz C-Class C200,₹ 45.65 Lakh,"171,647 km",Diesel,Kolkata,2014
Mahindra Scorpio S11,₹ 10.84 Lakh,"26,538 km",CNG,Delhi,2022
Toyota Fortuner 2.8 4x2,₹ 9.16 Lakh,"72,612 km",Diesel,Thane,2019
Mahindra Scorpio S11,₹ 8.92 Lakh,"77,328 km",CNG,Delhi,2020
Kia Carens Prestige,₹ 6.56 Lakh,"111,187 km",Petrol,Mumbai,2017
Tata Nexon XZ+,₹ 4.61 Lakh,"101,889 km",Petrol,Thane,2019
Tata Safari XZ+,₹ 5.48 Lakh,"79,950 km",CNG,Pune,2020
Toyota Glanza G,₹ 5.44 Lakh,"136,377 km",Diesel,Kolkata,2015
Mahindra Scorpio S11,₹ 5.62 Lakh,"148,021 km",CNG,Mumbai,2016
Tata Harrier XZ,₹ 3.91 Lakh,"90,650 km",Petrol,Hyderabad,2019
BMW X1 sDrive20d,₹ 41.13 Lakh,"80,795 km",Diesel,Chennai,2020
Tata Harrier XZ,₹ 7.32 Lakh,"53,019 km",CNG,Thane,2023
Mercedes-Benz GLA 220d,₹ 47.95 Lakh,"120,945 km",Petrol,Pune,2016
Audi Q5 quattro,₹ 36.93 Lakh,"43,618 km",Diesel,Mumbai,2022
Honda City VX,₹ 3.73 Lakh,"84,401 km",CNG,Ahmedabad,2019
Mahindra XUV500 W8,₹ 6.51 Lakh,"85,687 km",Petrol,Ahmedabad,2018
Maruti Suzuki Baleno Delta 1.2,₹ 2.38 Lakh,"50,744 km",CNG,Noida,2021
Toyota Fortuner 2.8 4x2,₹ 2.57 Lakh,"194,591 km",Petrol,Hyderabad,2012
Kia Sonet GTX,₹ 4.60 Lakh,"119,368 km",Petrol,Hyderabad,2016
Mercedes-Benz GLA 220d,₹ 51.62 Lakh,"73,293 km",Diesel,Bangalore,2021
Toyota Fortuner 2.8 4x2,₹ 3.64 Lakh,"180,531 km",Petrol,Bangalore,2012
Mercedes-Benz E-Class E220d,₹ 45.23 Lakh,"164,348 km",Petrol,Mumbai,2015
Honda Jazz VX,₹ 1.20 Lakh,"179,191 km",CNG,Thane,2013
Maruti Suzuki Ertiga VXI CNG,₹ 1.98 Lakh,"95,405 km",Diesel,Thane,2020
Maruti Suzuki Wagon R 1.0 VXI,₹ 1.20 Lakh,"191,712 km",Diesel,Pune,2012
BMW 3 Series 320d,₹ 40.46 Lakh,"64,249 km",Petrol,Noida,2020
Toyota Corolla Altis G,₹ 8.87 Lakh,"92,628 km",CNG,Bangalore,2020
Mahindra Scorpio S11,₹ 10.54 Lakh,"46,142 km",Petrol,Ahmedabad,2022
Audi A4 35 TDI,₹ 35.14 Lakh,"101,967 km",Diesel,Hyderabad,2019
Honda WR-V VX,₹ 1.20 Lakh,"134,536 km",Petrol,Thane,2016
Mahindra Thar LX,₹ 10.91 Lakh,"40,207 km",Diesel,Chennai,2022
Audi Q5 quattro,₹ 36.89 Lakh,"63,887 km",Diesel,Hyderabad,2023
Audi A4 35 TDI,₹ 35.58 Lakh,"77,445 km",Petrol,Noida,2021
Tata Tiago XT,₹ 7.25 Lakh,"29,115 km",CNG,Ahmedabad,2023
Tata Tiago XT,₹ 6.90 Lakh,"64,864 km",CNG,Delhi,2021
Mahindra Scorpio S11,₹ 2.55 Lakh,"166,519 km",Diesel,Pune,2012
Tata Nexon XZ+,₹ 1.80 Lakh,"136,575 km",Diesel,Mumbai,2015
Kia Carens Prestige,₹ 6.12 Lakh,"106,616 km",CNG,Hyderabad,2017
Mahindra Scorpio S11,₹ 8.16 Lakh,"86,183 km",Petrol,Mumbai,2020
Honda Jazz VX,₹ 4.33 Lakh,"79,053 km",Diesel,Kolkata,2019
BMW 5 Series 520d,₹ 38.00 Lakh,"117,036 km",Diesel,Ahmedabad,2017
Hyundai Creta SX,₹ 1.20 Lakh,"130,226 km",Diesel,Noida,2015
Toyota Etios Liva G,₹ 9.75 Lakh,"64,389 km",Diesel,Noida,2021
BMW 3 Series 320d,₹ 43.43 Lakh,"38,651 km",Petrol,Noida,2023
Audi Q3 Premium,₹ 36.53 Lakh,"75,498 km",Petrol,Kolkata,2021
Hyundai Venue S,₹ 2.22 Lakh,"113,148 km",Diesel,Chennai,2018
BMW 3 Series 320d,₹ 35.62 Lakh,"162,362 km",Petrol,Ahmedabad,2014
Mahindra XUV500 W8,₹ 4.45 Lakh,"151,113 km",Diesel,Noida,2014
Maruti Suzuki Ertiga VXI CNG,₹ 1.20 Lakh,"112,434 km",Petrol,Bangalore,2016
Honda WR-V VX,₹ 1.20 Lakh,"143,826 km",Petrol,Delhi,2014
Mahindra XUV500 W8,₹ 10.65 Lakh,"30,088 km",CNG,Hyderabad,2023
BMW X1 sDrive20d,₹ 34.11 Lakh,"182,189 km",Petrol,Ahmedabad,2012
Tata Tiago XT,₹ 3.78 Lakh,"116,366 km",CNG,Ahmedabad,2017
Mahindra Thar LX,₹ 3.22 Lakh,"161,171 km",CNG,Hyderabad,2014
BMW X1 sDrive20d,₹ 38.13 Lakh,"97,729 km",Petrol,Thane,2018
Mercedes-Benz E-Class E220d,₹ 44.71 Lakh,"166,113 km",Diesel,Mumbai,2012
Maruti Suzuki Ciaz ZXI+,₹ 1.20 Lakh,"157,523 km",Petrol,Kolkata,2015
Mahindra Scorpio S11,₹ 7.82 Lakh,"69,945 km",Petrol,Noida,2019
Toyota Fortuner 2.8 4x2,₹ 8.74 Lakh,"93,572 km",CNG,Chennai,2018
Mercedes-Benz GLA 220d,₹ 46.30 Lakh,"149,230 km",Petrol,Mumbai,2015
Audi Q5 quattro,₹ 36.31 Lakh,"64,031 km",Petrol,Mumbai,2020
Maruti Suzuki Vitara Brezza VDi,₹ 1.20 Lakh,"116,786 km",CNG,Delhi,2017
Mahindra XUV500 W8,₹ 3.83 Lakh,"134,274 km",Petrol,Bangalore,2014
Maruti Suzuki Alto 800 LXi,₹ 2.70 Lakh,"60,253 km",CNG,Hyderabad,2021
Mercedes-Benz E-Class E220d,₹ 46.07 Lakh,"119,363 km",Petrol,Noida,2015
Maruti Suzuki Wagon R 1.0 VXI,₹ 1.63 Lakh,"64,861 km",Petrol,Delhi,2020
Mercedes-Benz C-Class C200,₹ 51.13 Lakh,"72,148 km",Petrol,Pune,2020
BMW X1 sDrive20d,₹ 34.79 Lakh,"161,209 km",Petrol,Chennai,2013
Tata Harrier XZ,₹ 7.41 Lakh,"28,630 km",Petrol,Thane,2023
Audi Q5 quattro,₹ 29.56 Lakh,"164,034 km",Petrol,Chennai,2013
Tata Harrier XZ,₹ 7.52 Lakh,"48,084 km",Diesel,Pune,2023
Maruti Suzuki Ciaz ZXI+,₹ 1.25 Lakh,"84,295 km",CNG,Bangalore,2019
Mercedes-Benz E-Class E220d,₹ 49.45 Lakh,"94,673 km",Diesel,Kolkata,2018
Mahindra Scorpio S11,₹ 3.10 Lakh,"154,814 km",Diesel,Pune,2013
Mercedes-Benz C-Class C200,₹ 47.41 Lakh,"111,161 km",Petrol,Thane,2016
Hyundai Elite i20 Sportz,₹ 1.20 Lakh,"112,716 km",CNG,Noida,2016
Toyota Glanza G,₹ 7.06 Lakh,"123,963 km",Diesel,Chennai,2017
Honda Jazz VX,₹ 5.84 Lakh,"59,791 km",CNG,Chennai,2021
Mercedes-Benz C-Class C200,₹ 50.23 Lakh,"105,118 km",Petrol,Pune,2020
Mercedes-Benz E-Class E220d,₹ 50.07 Lakh,"66,262 km",Diesel,Delhi,2018
Audi A4 35 TDI,₹ 31.03 Lakh,"168,583 km",Diesel,Hyderabad,2014
Honda Amaze VX,₹ 2.84 Lakh,"94,937 km",Petrol,Hyderabad,2018
Toyota Etios Liva G,₹ 11.14 Lakh,"38,591 km",CNG,Pune,2023
Kia Carens Prestige,₹ 11.10 Lakh,"54,267 km",Diesel,Pune,2023
Audi Q3 Premium,₹ 35.53 Lakh,"94,674 km",Diesel,Mumbai,2019
Mahindra Thar LX,₹ 10.03 Lakh,"48,844 km",Diesel,Kolkata,2021
Mahindra Thar LX,₹ 8.74 Lakh,"91,235 km",Diesel,Thane,2020
Maruti Suzuki Vitara Brezza VDi,₹ 1.20 Lakh,"130,838 km",Diesel,Kolkata,2017
Tata Tiago XT,₹ 7.08 Lakh,"73,000 km",Diesel,Hyderabad,2021
Toyota Fortuner 2.8 4x2,₹ 8.50 Lakh,"101,026 km",Diesel,Chennai,2019
Tata Tiago XT,₹ 1.20 Lakh,"151,801 km",Petrol,Mumbai,2014
Hyundai Santro Sportz,₹ 4.25 Lakh,"68,731 km",CNG,Delhi,2020
Honda City VX,₹ 1.20 Lakh,"140,809 km",Diesel,Delhi,2015
Hyundai Verna SX,₹ 3.47 Lakh,"60,415 km",Petrol,Ahmedabad,2020
Hyundai Creta SX,₹ 1.20 Lakh,"160,566 km",Diesel,Thane,2015
Audi A4 35 TDI,₹ 37.59 Lakh,"52,363 km",Diesel,Bangalore,2022
Audi Q3 Premium,₹ 33.14 Lakh,"108,707 km",Petrol,Hyderabad,2018
BMW X1 sDrive20d,₹ 40.64 Lakh,"63,660 km",Petrol,Bangalore,2021
Audi A4 35 TDI,₹ 29.92 Lakh,"169,498 km",Petrol,Mumbai,2012
Audi Q5 quattro,₹ 29.81 Lakh,"159,833 km",Diesel,Ahmedabad,2013
Mercedes-Benz C-Class C200,₹ 50.50 Lakh,"63,101 km",Petrol,Ahmedabad,2020
Tata Safari XZ+,₹ 2.28 Lakh,"111,181 km",Petrol,Kolkata,2017
Honda Amaze VX,₹ 4.66 Lakh,"63,331 km",CNG,Chennai,2021
Hyundai i10 Magna,₹ 1.20 Lakh,"130,571 km",CNG,Hyderabad,2016
Maruti Suzuki S-Presso VXi,₹ 1.20 Lakh,"114,348 km",CNG,Ahmedabad,2019
Maruti Suzuki Ertiga VXI CNG,₹ 1.20 Lakh,"180,968 km",Petrol,Delhi,2013
Mercedes-Benz E-Class E220d,₹ 47.74 Lakh,"126,362 km",Petrol,Hyderabad,2016
Hyundai Elite i20 Sportz,₹ 2.11 Lakh,"90,542 km",Petrol,Pune,2019
Mercedes-Benz C-Class C200,₹ 49.62 Lakh,"111,703 km",Petrol,Hyderabad,2019
Honda WR-V VX,₹ 2.52 Lakh,"90,740 km",Petrol,Bangalore,2018
Kia Seltos GTX,₹ 7.08 Lakh,"107,400 km",Diesel,Ahmedabad,2018
Kia Seltos GTX,₹ 5.37 Lakh,"114,678 km",Petrol,Chennai,2016
Honda City VX,₹ 6.00 Lakh,"56,091 km",Petrol,Chennai,2022
BMW X1 sDrive20d,₹ 33.58 Lakh,"184,899 km",Diesel,Mumbai,2012
Mahindra Scorpio S11,₹ 9.95 Lakh,"68,138 km",Diesel,Thane,2022
Kia Carens Prestige,₹ 1.75 Lakh,"160,321 km",Petrol,Bangalore,2012
Audi A4 35 TDI,₹ 32.81 Lakh,"128,295 km",Petrol,Noida,2018
Honda Jazz VX,₹ 1.20 Lakh,"115,364 km",Petrol,Hyderabad,2017
Mahindra Thar LX,₹ 9.17 Lakh,"69,634 km",Diesel,Noida,2020
Hyundai i10 Magna,₹ 2.05 Lakh,"90,230 km",Diesel,Noida,2018
Honda City VX,₹ 5.72 Lakh,"60,344 km",CNG,Hyderabad,2023
Tata Harrier XZ,₹ 4.28 Lakh,"95,972 km",CNG,Ahmedabad,2018
Mahindra Scorpio S11,₹ 2.78 Lakh,"149,695 km",CNG,Mumbai,2013
Maruti Suzuki Ciaz ZXI+,₹ 1.20 Lakh,"171,795 km",Petrol,Ahmedabad,2013
Audi Q5 quattro,₹ 28.71 Lakh,"159,295 km",Petrol,Delhi,2012
Toyota Fortuner 2.8 4x2,₹ 7.18 Lakh,"116,126 km",Petrol,Hyderabad,2016
Toyota Fortuner 2.8 4x2,₹ 3.79 Lakh,"180,215 km",Diesel,Kolkata,2012
Mahindra Scorpio S11,₹ 5.26 Lakh,"131,476 km",Petrol,Mumbai,2016
Audi Q3 Premium,₹ 29.21 Lakh,"178,473 km",Petrol,Pune,2013
BMW 3 Series 320d,₹ 42.43 Lakh,"49,744 km",Petrol,Mumbai,2022
Tata Safari XZ+,₹ 1.20 Lakh,"168,706 km",Petrol,Bangalore,2012
Mercedes-Benz C-Class C200,₹ 51.06 Lakh,"95,294 km",Diesel,Hyderabad,2020
Mercedes-Benz GLA 220d,₹ 50.42 Lakh,"75,447 km",Diesel,Kolkata,2019
Audi Q3 Premium,₹ 33.27 Lakh,"88,019 km",Petrol,Ahmedabad,2018
Mercedes-Benz C-Class C200,₹ 49.57 Lakh,"86,592 km",Diesel,Noida,2019
Hyundai Grand i10 Magna,₹ 5.60 Lakh,"46,465 km",CNG,Delhi,2022
Mercedes-Benz GLA 220d,₹ 46.70 Lakh,"146,339 km",Diesel,Delhi,2015
Toyota Etios Liva G,₹ 6.84 Lakh,"123,229 km",CNG,Pune,2016
Maruti Suzuki Ertiga VXI CNG,₹ 1.20 Lakh,"110,758 km",CNG,Pune,2017
Mahindra XUV500 W8,₹ 10.32 Lakh,"36,930 km",Diesel,Kolkata,2023
BMW 5 Series 520d,₹ 37.91 Lakh,"119,975 km",Diesel,Noida,2017
Honda City VX,₹ 4.50 Lakh,"72,149 km",Diesel,Bangalore,2019
Honda WR-V VX,₹ 1.20 Lakh,"156,900 km",CNG,Bangalore,2013
Honda WR-V VX,₹ 6.80 Lakh,"42,848 km",CNG,Chennai,2023
Maruti Suzuki Swift VXi,₹ 1.20 Lakh,"169,013 km",CNG,Hyderabad,2012
Maruti Suzuki Swift VXi,₹ 2.58 Lakh,"62,231 km",CNG,Delhi,2021
Maruti Suzuki Alto 800 LXi,₹ 1.20 Lakh,"152,381 km",Petrol,Kolkata,2015
Honda BR-V VX,₹ 1.20 Lakh,"160,030 km",CNG,Thane,2012
BMW 5 Series 520d,₹ 34.51 Lakh,"192,154 km",Diesel,Pune,2012
BMW 3 Series 320d,₹ 43.20 Lakh,"36,242 km",Diesel,Delhi,2023
Kia Carens Prestige,₹ 10.63 Lakh,"57,157 km",CNG,Noida,2022
Tata Safari XZ+,₹ 1.20 Lakh,"185,782 km",CNG,Ahmedabad,2012
Mahindra Thar LX,₹ 11.65 Lakh,"38,070 km",CNG,Delhi,2023
Honda Jazz VX,₹ 1.20 Lakh,"159,566 km",Petrol,Hyderabad,2012
Toyota Corolla Altis G,₹ 11.97 Lakh,"58,521 km",CNG,Kolkata,2023
Audi Q5 quattro,₹ 35.42 Lakh,"66,656 km",Petrol,Ahmedabad,2021
BMW X1 sDrive20d,₹ 36.69 Lakh,"128,237 km",Petrol,Kolkata,2016
Audi A4 35 TDI,₹ 35.26 Lakh,"81,003 km",Petrol,Pune,2020
Tata Safari XZ+,₹ 4.47 Lakh,"93,302 km",CNG,Hyderabad,2019
Mercedes-Benz GLA 220d,₹ 51.99 Lakh,"48,284 km",Petrol,Hyderabad,2022
Mahindra Thar LX,₹ 9.41 Lakh,"55,282 km",CNG,Noida,2021
Hyundai Creta SX,₹ 1.20 Lakh,"115,000 km",Petrol,Noida,2017
Kia Sonet GTX,₹ 6.33 Lakh,"103,566 km",CNG,Noida,2018
Kia Sonet GTX,₹ 2.90 Lakh,"147,240 km",CNG,Noida,2013
Mahindra XUV500 W8,₹ 10.18 Lakh,"45,733 km",Petrol,Hyderabad,2022
Toyota Corolla Altis G,₹ 8.85 Lakh,"85,803 km",CNG,Chennai,2019
Audi Q5 quattro,₹ 37.20 Lakh,"39,807 km",Petrol,Ahmedabad,2023
Mahindra Thar LX,₹ 4.12 Lakh,"142,469 km",Petrol,Noida,2014
Audi Q3 Premium,₹ 31.59 Lakh,"128,404 km",Petrol,Thane,2016
Honda BR-V VX,₹ 1.20 Lakh,"129,661 km",CNG,Hyderabad,2014
Mahindra XUV500 W8,₹ 8.06 Lakh,"102,459 km",Petrol,Noida,2019
Honda Jazz VX,₹ 5.33 Lakh,"67,341 km",Diesel,Thane,2021
Maruti Suzuki Wagon R 1.0 VXI,₹ 2.35 Lakh,"77,718 km",CNG,Pune,2021
BMW 5 Series 520d,₹ 42.32 Lakh,"46,763 km",Petrol,Kolkata,2022
Mercedes-Benz C-Class C200,₹ 49.02 Lakh,"80,597 km",Petrol,Hyderabad,2019
Honda Amaze VX,₹ 1.20 Lakh,"133,634 km",Diesel,Hyderabad,2015
Hyundai Grand i10 Magna,₹ 5.60 Lakh,"50,971 km",Diesel,Kolkata,2023
Mercedes-Benz C-Class C200,₹ 49.59 Lakh,"98,114 km",Diesel,Hyderabad,2019
Mahindra Thar LX,₹ 9.49 Lakh,"66,955 km",Diesel,Chennai,2022
Mercedes-Benz E-Class E220d,₹ 47.22 Lakh,"138,723 km",Petrol,Kolkata,2015
Audi Q5 quattro,₹ 32.76 Lakh,"118,244 km",Petrol,Mumbai,2017
Tata Harrier XZ,₹ 6.64 Lakh,"59,047 km",Petrol,Mumbai,2021
Hyundai Grand i10 Magna,₹ 1.20 Lakh,"117,501 km",Petrol,Kolkata,2016
Mercedes-Benz E-Class E220d,₹ 48.47 Lakh,"117,005 km",Diesel,Delhi,2016
Maruti Suzuki Swift VXi,₹ 1.53 Lakh,"69,278 km",Petrol,Thane,2020
Mercedes-Benz E-Class E220d,₹ 51.98 Lakh,"78,146 km",Diesel,Hyderabad,2021
Mercedes-Benz C-Class C200,₹ 47.74 Lakh,"102,622 km",Petrol,Ahmedabad,2017
Tata Nexon XZ+,₹ 1.20 Lakh,"177,144 km",Petrol,Hyderabad,2013
Mahindra Thar LX,₹ 2.80 Lakh,"183,125 km",CNG,Delhi,2012
Kia Sonet GTX,₹ 9.83 Lakh,"57,085 km",Diesel,Ahmedabad,2022
Honda City VX,₹ 1.20 Lakh,"155,562 km",Petrol,Hyderabad,2014
Tata Safari XZ+,₹ 6.42 Lakh,"63,144 km",CNG,Hyderabad,2021
Maruti Suzuki S-Presso VXi,₹ 1.20 Lakh,"153,922 km",Diesel,Hyderabad,2013
Toyota Innova Crysta GX,₹ 8.57 Lakh,"97,813 km",CNG,Ahmedabad,2018
Tata Safari XZ+,₹ 6.66 Lakh,"55,880 km",Petrol,Mumbai,2022
Toyota Corolla Altis G,₹ 10.45 Lakh,"79,901 km",Diesel,Noida,2020
Mahindra XUV500 W8,₹ 6.26 Lakh,"97,172 km",Petrol,Ahmedabad,2018
Tata Nexon XZ+,₹ 7.61 Lakh,"52,683 km",Petrol,Pune,2023
BMW 5 Series 520d,₹ 38.78 Lakh,"124,780 km",Diesel,Chennai,2018
Mercedes-Benz E-Class E220d,₹ 48.18 Lakh,"100,561 km",Petrol,Pune,2018
Toyota Fortuner 2.8 4x2,₹ 8.14 Lakh,"123,586 km",Diesel,Ahmedabad,2018
Maruti Suzuki Baleno Delta 1.2,₹ 2.24 Lakh,"61,648 km",Petrol,Ahmedabad,2020
Mahindra Scorpio S11,₹ 2.28 Lakh,"185,008 km",Diesel,Noida,2013
Mahindra Scorpio S11,₹ 7.50 Lakh,"74,222 km",CNG,Ahmedabad,2019
Tata Harrier XZ,₹ 1.38 Lakh,"144,320 km",Petrol,Noida,2014
Hyundai Santro Sportz,₹ 1.20 Lakh,"133,500 km",CNG,Pune,2016
Tata Nexon XZ+,₹ 1.56 Lakh,"138,400 km",Petrol,Delhi,2016
Audi Q3 Premium,₹ 37.54 Lakh,"33,526 km",Diesel,Noida,2023
Honda WR-V VX,₹ 3.11 Lakh,"88,281 km",Petrol,Mumbai,2017
Honda City VX,₹ 1.20 Lakh,"137,008 km",Petrol,Mumbai,2013
Audi Q5 quattro,₹ 32.30 Lakh,"132,757 km",Petrol,Chennai,2016
Audi Q5 quattro,₹ 34.79 Lakh,"68,157 km",Petrol,Thane,2020
Audi A4 35 TDI,₹ 34.22 Lakh,"96,221 km",Diesel,Noida,2019
Kia Sonet GTX,₹ 9.68 Lakh,"45,379 km",Petrol,Chennai,2022
Tata Nexon XZ+,₹ 3.11 Lakh,"127,514 km",Petrol,Bangalore,2017
Audi Q5 quattro,₹ 29.21 Lakh,"177,260 km",Diesel,Thane,2012
Honda Jazz VX,₹ 1.20 Lakh,"157,583 km",Diesel,Chennai,2013
Audi A4 35 TDI,₹ 31.39 Lakh,"133,281 km",Diesel,Bangalore,2015
Tata Safari XZ+,₹ 1.39 Lakh,"163,552 km",Diesel,Kolkata,2014
Toyota Fortuner 2.8 4x2,₹ 2.99 Lakh,"183,395 km",Diesel,Bangalore,2012
Kia Sonet GTX,₹ 2.41 Lakh,"172,672 km",Diesel,Kolkata,2012
Tata Harrier XZ,₹ 6.56 Lakh,"71,952 km",CNG,Noida,2021
BMW X1 sDrive20d,₹ 43.34 Lakh,"37,104 km",Petrol,Chennai,2023
Tata Nexon XZ+,₹ 6.43 Lakh,"69,237 km",Diesel,Kolkata,2020
Hyundai Grand i10 Magna,₹ 2.67 Lakh,"64,694 km",CNG,Ahmedabad,2019
Tata Nexon XZ+,₹ 1.20 Lakh,"173,471 km",Petrol,Ahmedabad,2012
Maruti Suzuki S-Presso VXi,₹ 1.20 Lakh,"157,416 km",Diesel,Kolkata,2014
Honda Amaze VX,₹ 1.56 Lakh,"129,531 km",Petrol,Chennai,2016
Audi Q5 quattro,₹ 36.55 Lakh,"63,095 km",Diesel,Noida,2022
Kia Carens Prestige,₹ 10.63 Lakh,"37,383 km",Diesel,Bangalore,2023
Hyundai i10 Magna,₹ 3.71 Lakh,"61,592 km",Petrol,Thane,2020
Kia Carens Prestige,₹ 4.83 Lakh,"153,549 km",Diesel,Thane,2015
Audi A4 35 TDI,₹ 34.49 Lakh,"85,869 km",Diesel,Pune,2019
Toyota Innova Crysta GX,₹ 8.89 Lakh,"90,267 km",CNG,Noida,2019
Mercedes-Benz C-Class C200,₹ 45.80 Lakh,"152,395 km",Diesel,Chennai,2013
Mercedes-Benz C-Class C200,₹ 52.45 Lakh,"59,829 km",Diesel,Pune,2022
Maruti Suzuki Vitara Brezza VDi,₹ 1.20 Lakh,"176,803 km",Diesel,Mumbai,2012
Mahindra XUV500 W8,₹ 11.12 Lakh,"15,909 km",Diesel,Noida,2023
Mercedes-Benz GLA 220d,₹ 51.71 Lakh,"55,322 km",Petrol,Hyderabad,2021
BMW 5 Series 520d,₹ 40.76 Lakh,"50,862 km",Diesel,Delhi,2020
Maruti Suzuki Vitara Brezza VDi,₹ 2.38 Lakh,"80,203 km",Diesel,Delhi,2021
Tata Tiago XT,₹ 7.97 Lakh,"28,392 km",Petrol,Ahmedabad,2023
Mahindra XUV500 W8,₹ 4.59 Lakh,"152,437 km",Petrol,Mumbai,2015
Mercedes-Benz C-Class C200,₹ 47.87 Lakh,"108,660 km",Diesel,Ahmedabad,2017
Hyundai Grand i10 Magna,₹ 3.90 Lakh,"80,240 km",Diesel,Kolkata,2021
Hyundai Santro Sportz,₹ 1.20 Lakh,"158,535 km",Diesel,Hyderabad,2015
Mahindra Scorpio S11,₹ 9.51 Lakh,"61,911 km",Petrol,Ahmedabad,2021
Tata Nexon XZ+,₹ 4.09 Lakh,"90,973 km",Petrol,Bangalore,2019
Honda WR-V VX,₹ 7.03 Lakh,"65,774 km",Diesel,Thane,2023
BMW 3 Series 320d,₹ 43.05 Lakh,"50,491 km",Diesel,Hyderabad,2023
Audi A4 35 TDI,₹ 29.91 Lakh,"177,433 km",Diesel,Kolkata,2014
Audi Q5 quattro,₹ 37.18 Lakh,"49,933 km",Petrol,Pune,2022
Mahindra XUV500 W8,₹ 3.21 Lakh,"141,252 km",Petrol,Bangalore,2013
Mahindra Scorpio S11,₹ 6.11 Lakh,"101,866 km",Petrol,Delhi,2018
Mercedes-Benz C-Class C200,₹ 47.25 Lakh,"160,635 km",Diesel,Mumbai,2015
Audi Q3 Premium,₹ 31.10 Lakh,"152,939 km",Petrol,Ahmedabad,2014
Mercedes-Benz E-Class E220d,₹ 51.83 Lakh,"52,350 km",Diesel,Mumbai,2022
Audi A4 35 TDI,₹ 35.34 Lakh,"79,832 km",Petrol,Pune,2020
Mahindra Scorpio S11,₹ 3.97 Lakh,"152,495 km",CNG,Mumbai,2013
Honda City VX,₹ 4.74 Lakh,"79,725 km",Diesel,Mumbai,2020
BMW 3 Series 320d,₹ 34.95 Lakh,"152,908 km",Petrol,Chennai,2014
Audi Q3 Premium,₹ 36.49 Lakh,"56,947 km",Diesel,Bangalore,2020
Tata Safari XZ+,₹ 1.20 Lakh,"180,131 km",Petrol,Bangalore,2012
Tata Harrier XZ,₹ 6.63 Lakh,"47,718 km",Petrol,Hyderabad,2022
Honda City VX,₹ 1.20 Lakh,"186,007 km",Diesel,Ahmedabad,2012
Maruti Suzuki Alto 800 LXi,₹ 1.20 Lakh,"125,414 km",Petrol,Pune,2016
Hyundai Creta SX,₹ 2.16 Lakh,"112,376 km",Diesel,Ahmedabad,2017
BMW X1 sDrive20d,₹ 37.71 Lakh,"137,841 km",Diesel,Bangalore,2016
Mercedes-Benz E-Class E220d,₹ 48.78 Lakh,"115,229 km",Petrol,Bangalore,2018
BMW 5 Series 520d,₹ 35.70 Lakh,"155,741 km",Petrol,Thane,2013
BMW 5 Series 520d,₹ 39.83 Lakh,"80,097 km",Petrol,Kolkata,2018
Hyundai Creta SX,₹ 3.80 Lakh,"59,595 km",Petrol,Hyderabad,2020
Hyundai Verna SX,₹ 3.97 Lakh,"67,156 km",Petrol,Noida,2021
Honda City VX,₹ 1.20 Lakh,"116,443 km",Diesel,Ahmedabad,2016
Tata Tiago XT,₹ 3.08 Lakh,"112,640 km",CNG,Thane,2017
Audi A4 35 TDI,₹ 36.65 Lakh,"51,881 km",Diesel,Pune,2022
Audi Q5 quattro,₹ 29.68 Lakh,"159,800 km",Petrol,Noida,2012
Tata Nexon XZ+,₹ 2.64 Lakh,"122,016 km",Diesel,Kolkata,2015
Audi Q3 Premium,₹ 36.12 Lakh,"49,754 km",Diesel,Noida,2021
Audi Q5 quattro,₹ 33.18 Lakh,"113,868 km",Diesel,Mumbai,2017
Tata Tiago XT,₹ 6.00 Lakh,"76,925 km",Petrol,Hyderabad,2021
BMW 3 Series 320d,₹ 42.02 Lakh,"44,581 km",Petrol,Hyderabad,2022
Kia Sonet GTX,₹ 2.63 Lakh,"169,448 km",Petrol,Mumbai,2012
Hyundai i10 Magna,₹ 1.20 Lakh,"117,998 km",Diesel,Bangalore,2017
Mahindra Thar LX,₹ 10.14 Lakh,"67,517 km",CNG,Ahmedabad,2022
Toyota Innova Crysta GX,₹ 6.74 Lakh,"120,903 km",Petrol,Kolkata,2016
Audi Q5 quattro,₹ 35.67 Lakh,"84,834 km",Petrol,Kolkata,2021
Audi Q5 quattro,₹ 36.19 Lakh,"92,730 km",Diesel,Bangalore,2020
Hyundai i10 Magna,₹ 1.20 Lakh,"170,208 km",CNG,Mumbai,2012
Honda City VX,₹ 1.71 Lakh,"144,971 km",Diesel,Kolkata,2016
Hyundai Grand i10 Magna,₹ 1.20 Lakh,"151,735 km",Diesel,Chennai,2014
BMW 5 Series 520d,₹ 42.89 Lakh,"34,586 km",Petrol,Delhi,2022
Maruti Suzuki Ciaz ZXI+,₹ 1.67 Lakh,"77,951 km",Diesel,Chennai,2020
Audi Q3 Premium,₹ 32.56 Lakh,"131,495 km",Petrol,Bangalore,2016
Tata Safari XZ+,₹ 1.20 Lakh,"170,936 km",CNG,Pune,2012
Kia Sonet GTX,₹ 2.86 Lakh,"162,600 km",Petrol,Thane,2013
Maruti Suzuki Wagon R 1.0 VXI,₹ 1.20 Lakh,"138,410 km",Petrol,Ahmedabad,2015
Maruti Suzuki Ciaz ZXI+,₹ 2.54 Lakh,"47,280 km",Petrol,Kolkata,2022
Tata Safari XZ+,₹ 6.99 Lakh,"73,275 km",Diesel,Thane,2022
Mercedes-Benz E-Class E220d,₹ 52.24 Lakh,"65,667 km",Diesel,Hyderabad,2022
Maruti Suzuki Ciaz ZXI+,₹ 1.20 Lakh,"126,804 km",CNG,Delhi,2015
BMW X1 sDrive20d,₹ 41.14 Lakh,"75,201 km",Diesel,Pune,2021
Mercedes-Benz C-Class C200,₹ 47.08 Lakh,"115,218 km",Petrol,Mumbai,2016
Audi A4 35 TDI,₹ 30.08 Lakh,"177,348 km",Diesel,Delhi,2013
Tata Harrier XZ,₹ 1.36 Lakh,"141,192 km",Petrol,Delhi,2014
Mahindra Scorpio S11,₹ 6.68 Lakh,"103,170 km",Petrol,Bangalore,2018
Mercedes-Benz C-Class C200,₹ 49.63 Lakh,"84,035 km",Diesel,Mumbai,2019
Toyota Etios Liva G,₹ 7.01 Lakh,"132,435 km",Diesel,Chennai,2016
BMW 5 Series 520d,₹ 33.60 Lakh,"194,856 km",Petrol,Hyderabad,2012
Mahindra XUV500 W8,₹ 9.53 Lakh,"49,157 km",Petrol,Ahmedabad,2022
Hyundai Grand i10 Magna,₹ 3.45 Lakh,"57,824 km",Petrol,Bangalore,2021
Maruti Suzuki S-Presso VXi,₹ 1.20 Lakh,"161,164 km",CNG,Hyderabad,2013
Maruti Suzuki Vitara Brezza VDi,₹ 1.20 Lakh,"161,167 km",Petrol,Delhi,2014
Tata Tiago XT,₹ 1.65 Lakh,"141,385 km",Diesel,Hyderabad,2014
Mahindra XUV500 W8,₹ 8.60 Lakh,"66,959 km",Diesel,Bangalore,2020
Kia Seltos GTX,₹ 3.37 Lakh,"163,852 km",CNG,Ahmedabad,2013
Mercedes-Benz GLA 220d,₹ 53.08 Lakh,"36,000 km",Petrol,Pune,2023
Kia Carens Prestige,₹ 3.30 Lakh,"138,113 km",Diesel,Ahmedabad,2013
Mahindra Scorpio S11,₹ 3.61 Lakh,"144,044 km",Diesel,Thane,2014
Mercedes-Benz E-Class E220d,₹ 43.85 Lakh,"163,700 km",Petrol,Mumbai,2012
Toyota Fortuner 2.8 4x2,₹ 5.71 Lakh,"134,991 km",Diesel,Thane,2015
Toyota Innova Crysta GX,₹ 9.98 Lakh,"84,657 km",CNG,Ahmedabad,2020
Honda BR-V VX,₹ 3.51 Lakh,"79,809 km",Petrol,Ahmedabad,2020
BMW 5 Series 520d,₹ 34.64 Lakh,"186,282 km",Diesel,Noida,2012
BMW 3 Series 320d,₹ 38.92 Lakh,"99,355 km",Petrol,Pune,2017
Mahindra XUV500 W8,₹ 5.33 Lakh,"121,105 km",Diesel,Kolkata,2016
Tata Safari XZ+,₹ 1.94 Lakh,"111,980 km",CNG,Hyderabad,2016
Kia Sonet GTX,₹ 2.96 Lakh,"174,513 km",CNG,Thane,2012
Honda WR-V VX,₹ 1.20 Lakh,"125,479 km",CNG,Chennai,2016
BMW 5 Series 520d,₹ 38.10 Lakh,"117,541 km",Diesel,Thane,2017
Tata Safari XZ+,₹ 1.20 Lakh,"159,688 km",CNG,Delhi,2012
Maruti Suzuki Ciaz ZXI+,₹ 1.20 Lakh,"149,702 km",Diesel,Ahmedabad,2012
Mercedes-Benz E-Class E220d,₹ 43.80 Lakh,"177,780 km",Diesel,Chennai,2012
Mercedes-Benz C-Class C200,₹ 45.43 Lakh,"159,853 km",Petrol,Mumbai,2014
Honda WR-V VX,₹ 1.20 Lakh,"132,456 km",Diesel,Delhi,2014
Tata Harrier XZ,₹ 1.20 Lakh,"152,858 km",Petrol,Bangalore,2013
Toyota Corolla Altis G,₹ 6.61 Lakh,"105,977 km",Petrol,Noida,2016
Audi Q3 Premium,₹ 32.33 Lakh,"137,316 km",Petrol,Bangalore,2016
Toyota Etios Liva G,₹ 5.10 Lakh,"155,928 km",Diesel,Noida,2013
Mercedes-Benz E-Class E220d,₹ 52.97 Lakh,"38,838 km",Petrol,Noida,2023
Mahindra Scorpio S11,₹ 9.36 Lakh,"92,330 km",Diesel,Kolkata,2021
Hyundai Creta SX,₹ 3.29 Lakh,"85,997 km",Diesel,Pune,2019
Honda WR-V VX,₹ 6.52 Lakh,"21,935 km",Petrol,Thane,2023
Honda Amaze VX,₹ 1.20 Lakh,"181,579 km",Petrol,Chennai,2012
Honda WR-V VX,₹ 2.39 Lakh,"114,786 km",Petrol,Kolkata,2018
Tata Nexon XZ+,₹ 6.79 Lakh,"52,422 km",CNG,Chennai,2022
Mahindra XUV500 W8,₹ 2.70 Lakh,"164,399 km",Petrol,Thane,2013
Audi A4 35 TDI,₹ 30.21 Lakh,"171,871 km",Diesel,Bangalore,2013
Mercedes-Benz C-Class C200,₹ 44.52 Lakh,"170,557 km",Petrol,Pune,2012
Mahindra Scorpio S11,₹ 5.87 Lakh,"127,028 km",CNG,Bangalore,2017
Kia Sonet GTX,₹ 7.02 Lakh,"114,406 km",Diesel,Bangalore,2019
Toyota Innova Crysta GX,₹ 11.17 Lakh,"38,518 km",Petrol,Kolkata,2023
Honda WR-V VX,₹ 3.71 Lakh,"103,257 km",Petrol,Noida,2020
Mercedes-Benz C-Class C200,₹ 44.68 Lakh,"166,001 km",Diesel,Mumbai,2013
Maruti Suzuki S-Presso VXi,₹ 1.20 Lakh,"79,165 km",Petrol,Delhi,2019
Tata Safari XZ+,₹ 7.19 Lakh,"59,095 km",Diesel,Hyderabad,2021
Hyundai Elite i20 Sportz,₹ 1.20 Lakh,"102,799 km",Diesel,Hyderabad,2017
Maruti Suzuki Vitara Brezza VDi,₹ 1.20 Lakh,"164,537 km",Petrol,Delhi,2014
Toyota Glanza G,₹ 10.32 Lakh,"53,420 km",CNG,Ahmedabad,2022
Mercedes-Benz C-Class C200,₹ 48.07 Lakh,"114,124 km",Diesel,Delhi,2015
Mercedes-Benz E-Class E220d,₹ 46.78 Lakh,"141,801 km",Petrol,Delhi,2015
Audi Q3 Premium,₹ 29.07 Lakh,"189,087 km",Petrol,Ahmedabad,2012
Maruti Suzuki Baleno Delta 1.2,₹ 1.20 Lakh,"88,313 km",CNG,Mumbai,2018
Maruti Suzuki S-Presso VXi,₹ 1.20 Lakh,"156,175 km",CNG,Kolkata,2014
Honda City VX,₹ 4.02 Lakh,"90,618 km",CNG,Pune,2020
Toyota Corolla Altis G,₹ 10.51 Lakh,"48,150 km",Petrol,Bangalore,2022
Hyundai i10 Magna,₹ 1.51 Lakh,"98,177 km",CNG,Noida,2017
BMW 5 Series 520d,₹ 35.05 Lakh,"148,372 km",Diesel,Hyderabad,2013
Maruti Suzuki Alto 800 LXi,₹ 1.20 Lakh,"104,221 km",Petrol,Noida,2018
Hyundai Venue S,₹ 1.20 Lakh,"142,775 km",CNG,Pune,2017
Toyota Glanza G,₹ 3.75 Lakh,"175,209 km",Diesel,Thane,2012
Kia Sonet GTX,₹ 10.19 Lakh,"42,087 km",Diesel,Ahmedabad,2022
Audi Q3 Premium,₹ 29.32 Lakh,"188,109 km",Petrol,Noida,2012
Tata Tiago XT,₹ 1.20 Lakh,"166,481 km",Diesel,Bangalore,2012
Kia Sonet GTX,₹ 8.50 Lakh,"86,584 km",Diesel,Chennai,2021
Honda BR-V VX,₹ 3.11 Lakh,"106,415 km",Petrol,Pune,2018
Honda City VX,₹ 1.20 Lakh,"123,442 km",Petrol,Thane,2016
Mahindra XUV500 W8,₹ 9.46 Lakh,"61,918 km",Diesel,Bangalore,2022
Kia Sonet GTX,₹ 10.06 Lakh,"50,374 km",Petrol,Pune,2022
Toyota Corolla Altis G,₹ 6.07 Lakh,"141,470 km",CNG,Chennai,2016
Maruti Suzuki S-Presso VXi,₹ 1.55 Lakh,"90,046 km",CNG,Thane,2020
Kia Carens Prestige,₹ 8.61 Lakh,"74,857 km",CNG,Ahmedabad,2020
BMW 5 Series 520d,₹ 41.20 Lakh,"41,085 km",Diesel,Delhi,2021
Kia Sonet GTX,₹ 9.63 Lakh,"60,384 km",Petrol,Thane,2022
Toyota Corolla Altis G,₹ 9.19 Lakh,"99,331 km",CNG,Noida,2019
Toyota Etios Liva G,₹ 7.95 Lakh,"118,663 km",Diesel,Noida,2019
Hyundai Venue S,₹ 6.11 Lakh,"51,132 km",Diesel,Ahmedabad,2023
Mercedes-Benz GLA 220d,₹ 46.04 Lakh,"157,306 km",Diesel,Kolkata,2014
Tata Safari XZ+,₹ 1.20 Lakh,"168,852 km",Diesel,Mumbai,2012
Mercedes-Benz C-Class C200,₹ 48.83 Lakh,"88,914 km",Petrol,Ahmedabad,2018
Mercedes-Benz C-Class C200,₹ 49.39 Lakh,"118,890 km",Diesel,Mumbai,2018
Toyota Fortuner 2.8 4x2,₹ 7.84 Lakh,"118,580 km",Diesel,Delhi,2019
Kia Sonet GTX,₹ 4.44 Lakh,"139,966 km",Petrol,Bangalore,2014
Maruti Suzuki Alto 800 LXi,₹ 1.23 Lakh,"79,523 km",CNG,Noida,2020
Mercedes-Benz C-Class C200,₹ 48.98 Lakh,"99,963 km",Diesel,Bangalore,2017
Honda Amaze VX,₹ 3.60 Lakh,"99,966 km",CNG,Mumbai,2018
Mahindra Thar LX,₹ 8.54 Lakh,"77,962 km",Petrol,Chennai,2020
Maruti Suzuki Wagon R 1.0 VXI,₹ 1.20 Lakh,"180,793 km",Petrol,Hyderabad,2012
Kia Sonet GTX,₹ 9.53 Lakh,"78,157 km",Petrol,Bangalore,2022
Mahindra Thar LX,₹ 11.45 Lakh,"49,707 km",CNG,Noida,2023
BMW X1 sDrive20d,₹ 40.50 Lakh,"85,310 km",Diesel,Kolkata,2019
Kia Seltos GTX,₹ 3.16 Lakh,"144,649 km",Petrol,Pune,2012
Toyota Etios Liva G,₹ 3.56 Lakh,"173,228 km",Petrol,Pune,2012
Hyundai Santro Sportz,₹ 5.25 Lakh,"42,713 km",Diesel,Hyderabad,2022
BMW 3 Series 320d,₹ 41.84 Lakh,"53,764 km",Petrol,Hyderabad,2022
BMW 5 Series 520d,₹ 35.87 Lakh,"167,473 km",Petrol,Kolkata,2014
Maruti Suzuki Vitara Brezza VDi,₹ 1.20 Lakh,"106,523 km",Diesel,Thane,2016
Hyundai Verna SX,₹ 1.20 Lakh,"145,242 km",Diesel,Pune,2014
Honda WR-V VX,₹ 4.66 Lakh,"91,457 km",Diesel,Hyderabad,2020
Tata Nexon XZ+,₹ 7.91 Lakh,"39,576 km",Diesel,Bangalore,2023
Tata Harrier XZ,₹ 1.20 Lakh,"146,879 km",CNG,Bangalore,2013
Toyota Corolla Altis G,₹ 9.65 Lakh,"72,404 km",Petrol,Delhi,2021
Maruti Suzuki Alto 800 LXi,₹ 1.20 Lakh,"76,388 km",CNG,Delhi,2019
Honda City VX,₹ 1.63 Lakh,"119,238 km",Diesel,Ahmedabad,2016
BMW 3 Series 320d,₹ 38.91 Lakh,"84,387 km",Petrol,Delhi,2017
BMW X1 sDrive20d,₹ 42.71 Lakh,"39,959 km",Petrol,Chennai,2023
Toyota Corolla Altis G,₹ 4.23 Lakh,"161,979 km",Petrol,Chennai,2013
Tata Tiago XT,₹ 5.29 Lakh,"81,003 km",CNG,Kolkata,2019
Kia Sonet GTX,₹ 7.77 Lakh,"77,560 km",CNG,Chennai,2019
Tata Safari XZ+,₹ 3.86 Lakh,"111,712 km",Petrol,Thane,2018
Mahindra Scorpio S11,₹ 3.56 Lakh,"152,249 km",CNG,Chennai,2014
Mahindra XUV500 W8,₹ 3.29 Lakh,"156,712 km",CNG,Noida,2013
BMW X1 sDrive20d,₹ 35.66 Lakh,"149,242 km",Petrol,Bangalore,2014
Tata Tiago XT,₹ 1.20 Lakh,"155,376 km",CNG,Thane,2014
Maruti Suzuki Ertiga VXI CNG,₹ 2.40 Lakh,"76,036 km",Petrol,Noida,2021
BMW X1 sDrive20d,₹ 35.92 Lakh,"129,202 km",Petrol,Mumbai,2015
BMW 3 Series 320d,₹ 36.96 Lakh,"114,900 km",Petrol,Chennai,2016
Maruti Suzuki Wagon R 1.0 VXI,₹ 1.20 Lakh,"150,592 km",Petrol,Mumbai,2014
Audi Q5 quattro,₹ 32.49 Lakh,"132,110 km",Diesel,Hyderabad,2015
Hyundai Grand i10 Magna,₹ 1.20 Lakh,"165,501 km",CNG,Mumbai,2013
Tata Tiago XT,₹ 3.17 Lakh,"99,428 km",CNG,Kolkata,2017
Honda Amaze VX,₹ 1.94 Lakh,"119,830 km",Diesel,Delhi,2017
Kia Carens Prestige,₹ 7.70 Lakh,"98,847 km",Diesel,Ahmedabad,2019
Audi A4 35 TDI,₹ 33.13 Lakh,"124,825 km",Diesel,Thane,2017
Hyundai Santro Sportz,₹ 1.20 Lakh,"142,826 km",Diesel,Ahmedabad,2015
Kia Carens Prestige,₹ 6.96 Lakh,"109,922 km",Petrol,Thane,2018
Mercedes-Benz E-Class E220d,₹ 51.95 Lakh,"39,493 km",Petrol,Pune,2023
Audi A4 35 TDI,₹ 33.38 Lakh,"124,160 km",Diesel,Delhi,2017
Mercedes-Benz C-Class C200,₹ 52.31 Lakh,"36,946 km",Petrol,Bangalore,2023
Kia Carens Prestige,₹ 4.91 Lakh,"116,635 km",Petrol,Noida,2016
Audi Q3 Premium,₹ 31.46 Lakh,"139,652 km",Petrol,Thane,2014
Hyundai Venue S,₹ 5.12 Lakh,"52,647 km",CNG,Noida,2021
Maruti Suzuki Swift VXi,₹ 1.20 Lakh,"176,373 km",Petrol,Kolkata,2012
Mercedes-Benz C-Class C200,₹ 51.68 Lakh,"56,808 km",Diesel,Mumbai,2022
BMW 3 Series 320d,₹ 36.09 Lakh,"144,743 km",Diesel,Delhi,2013
Mahindra Scorpio S11,₹ 3.10 Lakh,"145,705 km",Diesel,Chennai,2013
Tata Tiago XT,₹ 3.56 Lakh,"93,551 km",CNG,Bangalore,2018
Hyundai Venue S,₹ 1.20 Lakh,"105,519 km",Petrol,Noida,2017
Mahindra XUV500 W8,₹ 7.75 Lakh,"80,810 km",Petrol,Pune,2020
Honda WR-V VX,₹ 1.20 Lakh,"141,046 km",Petrol,Pune,2014
Maruti Suzuki S-Presso VXi,₹ 1.20 Lakh,"129,099 km",Diesel,Noida,2017
Tata Nexon XZ+,₹ 6.91 Lakh,"51,952 km",Petrol,Pune,2022
Toyota Innova Crysta GX,₹ 3.25 Lakh,"179,999 km",Diesel,Pune,2012
Mercedes-Benz C-Class C200,₹ 52.89 Lakh,"60,202 km",Diesel,Noida,2023
Mercedes-Benz GLA 220d,₹ 49.95 Lakh,"67,795 km",Diesel,Bangalore,2019
Maruti Suzuki Ciaz ZXI+,₹ 1.20 Lakh,"159,439 km",Petrol,Kolkata,2015
Audi A4 35 TDI,₹ 31.94 Lakh,"150,469 km",Petrol,Hyderabad,2015
Honda WR-V VX,₹ 3.80 Lakh,"83,184 km",Diesel,Ahmedabad,2019
BMW 5 Series 520d,₹ 34.97 Lakh,"154,838 km",Petrol,Bangalore,2013
BMW 3 Series 320d,₹ 38.48 Lakh,"106,433 km",Diesel,Pune,2017
Hyundai Creta SX,₹ 1.30 Lakh,"114,843 km",Diesel,Chennai,2018
Toyota Corolla Altis G,₹ 5.02 Lakh,"141,736 km",Petrol,Noida,2015
BMW X1 sDrive20d,₹ 34.61 Lakh,"157,985 km",Diesel,Delhi,2012
Hyundai Creta SX,₹ 1.20 Lakh,"129,126 km",Petrol,Noida,2016
Honda WR-V VX,₹ 6.17 Lakh,"57,550 km",CNG,Thane,2021
Mahindra Scorpio S11,₹ 3.36 Lakh,"166,057 km",Diesel,Hyderabad,2014
Mercedes-Benz C-Class C200,₹ 46.29 Lakh,"135,182 km",Diesel,Hyderabad,2014
Hyundai Santro Sportz,₹ 3.58 Lakh,"92,157 km",Diesel,Noida,2021
Mahindra Thar LX,₹ 8.06 Lakh,"111,363 km",CNG,Delhi,2019
Honda City VX,₹ 5.43 Lakh,"65,104 km",Petrol,Bangalore,2023
Kia Carens Prestige,₹ 10.70 Lakh,"56,206 km",CNG,Ahmedabad,2023
Maruti Suzuki Alto 800 LXi,₹ 4.64 Lakh,"39,508 km",Diesel,Pune,2023
Kia Sonet GTX,₹ 6.01 Lakh,"134,009 km",Diesel,Hyderabad,2016
Mercedes-Benz E-Class E220d,₹ 51.32 Lakh,"70,653 km",Diesel,Mumbai,2021
Honda Jazz VX,₹ 3.46 Lakh,"92,734 km",Diesel,Thane,2019
Honda WR-V VX,₹ 4.14 Lakh,"93,129 km",Diesel,Thane,2020
BMW 3 Series 320d,₹ 34.56 Lakh,"177,901 km",Diesel,Hyderabad,2012
Mahindra XUV500 W8,₹ 1.44 Lakh,"188,916 km",Petrol,Chennai,2012
Honda Amaze VX,₹ 4.72 Lakh,"78,430 km",CNG,Chennai,2020
BMW 5 Series 520d,₹ 38.03 Lakh,"110,577 km",Petrol,Delhi,2017
Audi Q5 quattro,₹ 31.63 Lakh,"136,271 km",Petrol,Mumbai,2016
Tata Safari XZ+,₹ 6.98 Lakh,"54,593 km",Diesel,Chennai,2022
Kia Carens Prestige,₹ 4.79 Lakh,"132,480 km",Petrol,Ahmedabad,2016
Kia Carens Prestige,₹ 4.71 Lakh,"130,315 km",Diesel,Hyderabad,2015
Hyundai i10 Magna,₹ 3.96 Lakh,"88,651 km",Diesel,Delhi,2020
BMW 5 Series 520d,₹ 41.03 Lakh,"59,838 km",Petrol,Noida,2021
Kia Seltos GTX,₹ 2.90 Lakh,"162,928 km",CNG,Hyderabad,2012
BMW X1 sDrive20d,₹ 37.88 Lakh,"121,880 km",Petrol,Pune,2017
Honda City VX,₹ 1.20 Lakh,"185,797 km",CNG,Bangalore,2012
Honda Amaze VX,₹ 1.20 Lakh,"159,792 km",Diesel,Noida,2013
Toyota Etios Liva G,₹ 11.02 Lakh,"42,157 km",Petrol,Hyderabad,2022
Kia Seltos GTX,₹ 5.08 Lakh,"131,051 km",Diesel,Pune,2016
Honda BR-V VX,₹ 2.82 Lakh,"91,851 km",Petrol,Thane,2019
BMW 3 Series 320d,₹ 36.67 Lakh,"143,384 km",Diesel,Noida,2014
Mahindra Scorpio S11,₹ 4.35 Lakh,"145,419 km",Diesel,Hyderabad,2014
Honda BR-V VX,₹ 6.22 Lakh,"49,513 km",CNG,Pune,2022
Honda BR-V VX,₹ 1.67 Lakh,"128,746 km",Petrol,Kolkata,2016
Mercedes-Benz E-Class E220d,₹ 47.57 Lakh,"115,468 km",Petrol,Thane,2015
Tata Safari XZ+,₹ 3.72 Lakh,"84,630 km",Diesel,Noida,2018
BMW X1 sDrive20d,₹ 35.97 Lakh,"144,490 km",Petrol,Chennai,2014
Audi A4 35 TDI,₹ 34.19 Lakh,"112,243 km",Diesel,Noida,2018
Toyota Corolla Altis G,₹ 9.07 Lakh,"76,362 km",CNG,Ahmedabad,2018
Maruti Suzuki Vitara Brezza VDi,₹ 1.20 Lakh,"112,139 km",CNG,Bangalore,2017
Kia Seltos GTX,₹ 10.02 Lakh,"57,420 km",Diesel,Noida,2021
Honda Jazz VX,₹ 1.20 Lakh,"150,116 km",Diesel,Kolkata,2014
Honda WR-V VX,₹ 1.52 Lakh,"130,098 km",Diesel,Thane,2015
Mercedes-Benz GLA 220d,₹ 46.22 Lakh,"141,462 km",Petrol,Mumbai,2014
Tata Safari XZ+,₹ 1.20 Lakh,"155,339 km",Petrol,Pune,2014
Kia Sonet GTX,₹ 6.25 Lakh,"117,757 km",Petrol,Mumbai,2018
Tata Safari XZ+,₹ 1.20 Lakh,"128,811 km",CNG,Chennai,2013
Audi Q3 Premium,₹ 38.53 Lakh,"31,242 km",Petrol,Noida,2023
Tata Tiago XT,₹ 6.24 Lakh,"72,241 km",Petrol,Hyderabad,2021
Mercedes-Benz E-Class E220d,₹ 45.39 Lakh,"155,319 km",Petrol,Noida,2013
Kia Seltos GTX,₹ 4.33 Lakh,"132,236 km",CNG,Thane,2015
Toyota Glanza G,₹ 8.71 Lakh,"68,683 km",Petrol,Thane,2020
Kia Carens Prestige,₹ 11.21 Lakh,"45,921 km",CNG,Delhi,2023
Toyota Etios Liva G,₹ 8.73 Lakh,"101,571 km",CNG,Hyderabad,2019
Mercedes-Benz GLA 220d,₹ 45.00 Lakh,"188,094 km",Diesel,Bangalore,2012
Maruti Suzuki Swift VXi,₹ 1.20 Lakh,"110,720 km",Petrol,Delhi,2018
Mahindra XUV500 W8,₹ 2.04 Lakh,"179,917 km",CNG,Delhi,2012
Toyota Glanza G,₹ 5.70 Lakh,"137,256 km",Petrol,Chennai,2015
Toyota Glanza G,₹ 5.69 Lakh,"126,819 km",Petrol,Delhi,2016
Maruti Suzuki Baleno Delta 1.2,₹ 1.20 Lakh,"120,998 km",Petrol,Thane,2015
Kia Sonet GTX,₹ 3.98 Lakh,"154,719 km",CNG,Ahmedabad,2014
Toyota Glanza G,₹ 11.44 Lakh,"54,277 km",Diesel,Kolkata,2022
Kia Carens Prestige,₹ 10.87 Lakh,"40,440 km",Petrol,Delhi,2023
Hyundai Venue S,₹ 2.72 Lakh,"99,606 km",Diesel,Hyderabad,2018
Honda Amaze VX,₹ 2.07 Lakh,"115,906 km",Petrol,Thane,2016
BMW 3 Series 320d,₹ 38.10 Lakh,"111,289 km",Diesel,Ahmedabad,2017
BMW 5 Series 520d,₹ 39.18 Lakh,"96,674 km",Diesel,Thane,2018
Honda WR-V VX,₹ 1.20 Lakh,"144,998 km",CNG,Bangalore,2014
Tata Nexon XZ+,₹ 1.20 Lakh,"160,454 km",CNG,Thane,2012
Audi Q5 quattro,₹ 31.93 Lakh,"124,728 km",Petrol,Noida,2015
Honda Jazz VX,₹ 1.20 Lakh,"162,459 km",Petrol,Mumbai,2014
Mercedes-Benz GLA 220d,₹ 46.99 Lakh,"148,606 km",Diesel,Pune,2015
Audi A4 35 TDI,₹ 31.08 Lakh,"140,813 km",Diesel,Kolkata,2014
Mahindra XUV500 W8,₹ 9.52 Lakh,"34,641 km",Petrol,Bangalore,2022
Hyundai Grand i10 Magna,₹ 2.42 Lakh,"90,167 km",Diesel,Bangalore,2018
Toyota Fortuner 2.8 4x2,₹ 7.50 Lakh,"103,255 km",Diesel,Mumbai,2018
Hyundai Venue S,₹ 3.53 Lakh,"83,128 km",Diesel,Kolkata,2019
Audi Q3 Premium,₹ 37.23 Lakh,"40,795 km",Diesel,Noida,2023
Mahindra XUV500 W8,₹ 6.23 Lakh,"117,527 km",Diesel,Bangalore,2017
Toyota Glanza G,₹ 4.70 Lakh,"160,188 km",Petrol,Mumbai,2014
Tata Nexon XZ+,₹ 5.37 Lakh,"78,100 km",Diesel,Hyderabad,2019
Maruti Suzuki Ciaz ZXI+,₹ 3.77 Lakh,"27,475 km",Petrol,Ahmedabad,2022
Hyundai Verna SX,₹ 2.77 Lakh,"76,087 km",CNG,Ahmedabad,2020
Mahindra Thar LX,₹ 2.31 Lakh,"177,624 km",CNG,Pune,2012
Honda BR-V VX,₹ 1.91 Lakh,"113,120 km",Petrol,Hyderabad,2016
Audi Q3 Premium,₹ 33.64 Lakh,"108,242 km",Petrol,Noida,2018
Maruti Suzuki Wagon R 1.0 VXI,₹ 1.20 Lakh,"165,980 km",CNG,Pune,2012
Mahindra Scorpio S11,₹ 5.41 Lakh,"127,285 km",Diesel,Ahmedabad,2015
Maruti Suzuki Swift VXi,₹ 1.53 Lakh,"99,615 km",Diesel,Noida,2019
Toyota Fortuner 2.8 4x2,₹ 8.69 Lakh,"69,566 km",Petrol,Noida,2020
Audi A4 35 TDI,₹ 31.54 Lakh,"154,722 km",Diesel,Delhi,2014
Tata Nexon XZ+,₹ 3.83 Lakh,"101,391 km",Petrol,Chennai,2018
Hyundai Verna SX,₹ 4.27 Lakh,"67,845 km",Diesel,Mumbai,2021
Hyundai Grand i10 Magna,₹ 5.80 Lakh,"53,721 km",Diesel,Pune,2022
BMW 3 Series 320d,₹ 42.62 Lakh,"44,228 km",Petrol,Pune,2023
BMW X1 sDrive20d,₹ 38.95 Lakh,"103,012 km",Petrol,Hyderabad,2018
Hyundai Creta SX,₹ 1.20 Lakh,"131,261 km",CNG,Noida,2016
Tata Nexon XZ+,₹ 1.28 Lakh,"125,517 km",CNG,Thane,2015
Maruti Suzuki Swift VXi,₹ 1.20 Lakh,"190,253 km",Diesel,Ahmedabad,2013
BMW X1 sDrive20d,₹ 38.66 Lakh,"100,410 km",Petrol,Kolkata,2018
Hyundai Verna SX,₹ 1.20 Lakh,"123,644 km",CNG,Mumbai,2017
Maruti Suzuki Baleno Delta 1.2,₹ 1.20 Lakh,"172,228 km",Diesel,Chennai,2013
Hyundai Venue S,₹ 2.63 Lakh,"89,180 km",Petrol,Hyderabad,2019
Tata Tiago XT,₹ 1.95 Lakh,"133,570 km",Diesel,Kolkata,2015
Honda WR-V VX,₹ 2.95 Lakh,"83,164 km",Petrol,Bangalore,2019
Mahindra Scorpio S11,₹ 9.49 Lakh,"56,161 km",CNG,Bangalore,2021
Audi Q5 quattro,₹ 36.24 Lakh,"68,315 km",Petrol,Bangalore,2020
Honda BR-V VX,₹ 5.26 Lakh,"66,414 km",Petrol,Hyderabad,2021
Mahindra Scorpio S11,₹ 6.56 Lakh,"102,102 km",Petrol,Pune,2019
Mercedes-Benz C-Class C200,₹ 50.78 Lakh,"54,400 km",Petrol,Chennai,2021
Mercedes-Benz GLA 220d,₹ 46.65 Lakh,"125,976 km",Petrol,Pune,2016
BMW 3 Series 320d,₹ 42.01 Lakh,"55,194 km",Diesel,Ahmedabad,2021
Kia Carens Prestige,₹ 6.28 Lakh,"119,046 km",Petrol,Thane,2017
Kia Carens Prestige,₹ 8.29 Lakh,"95,510 km",Diesel,Bangalore,2019
Honda WR-V VX,₹ 1.36 Lakh,"120,120 km",Petrol,Hyderabad,2015
Maruti Suzuki Ertiga VXI CNG,₹ 2.88 Lakh,"82,169 km",Petrol,Mumbai,2022
Kia Sonet GTX,₹ 4.78 Lakh,"137,544 km",Petrol,Pune,2015
Honda City VX,₹ 1.65 Lakh,"133,860 km",Diesel,Hyderabad,2017
Mahindra XUV500 W8,₹ 6.82 Lakh,"102,749 km",CNG,Thane,2018
Toyota Fortuner 2.8 4x2,₹ 6.94 Lakh,"120,145 km",Diesel,Mumbai,2017
Tata Tiago XT,₹ 2.71 Lakh,"114,823 km",CNG,Pune,2017
Tata Harrier XZ,₹ 1.20 Lakh,"155,292 km",Petrol,Delhi,2013
Tata Tiago XT,₹ 1.72 Lakh,"135,773 km",CNG,Pune,2016
Hyundai Santro Sportz,₹ 3.01 Lakh,"76,432 km",CNG,Pune,2020
Tata Safari XZ+,₹ 2.14 Lakh,"111,307 km",Petrol,Bangalore,2015
Hyundai Venue S,₹ 1.20 Lakh,"124,084 km",Diesel,Noida,2016
Tata Safari XZ+,₹ 1.80 Lakh,"132,061 km",CNG,Kolkata,2016
BMW X1 sDrive20d,₹ 36.47 Lakh,"151,537 km",Petrol,Hyderabad,2015
Mercedes-Benz GLA 220d,₹ 50.14 Lakh,"85,583 km",Diesel,Ahmedabad,2020
Maruti Suzuki Alto 800 LXi,₹ 1.20 Lakh,"81,155 km",Diesel,Delhi,2019
Hyundai i10 Magna,₹ 4.15 Lakh,"78,800 km",CNG,Bangalore,2020
Toyota Glanza G,₹ 6.72 Lakh,"122,515 km",Diesel,Thane,2017
Mahindra Scorpio S11,₹ 4.06 Lakh,"139,738 km",CNG,Delhi,2015
Kia Sonet GTX,₹ 4.74 Lakh,"136,959 km",CNG,Kolkata,2015
Kia Seltos GTX,₹ 6.10 Lakh,"126,030 km",CNG,Delhi,2016
Kia Seltos GTX,₹ 6.94 Lakh,"104,596 km",Diesel,Noida,2018
Maruti Suzuki Ertiga VXI CNG,₹ 2.76 Lakh,"58,744 km",Diesel,Pune,2021
Honda City VX,₹ 5.56 Lakh,"70,612 km",Diesel,Noida,2020
Maruti Suzuki Ertiga VXI CNG,₹ 1.20 Lakh,"117,813 km",Diesel,Kolkata,2017
Mercedes-Benz C-Class C200,₹ 45.06 Lakh,"161,271 km",Diesel,Bangalore,2013
Honda Jazz VX,₹ 1.20 Lakh,"160,406 km",Diesel,Mumbai,2013
BMW 3 Series 320d,₹ 41.05 Lakh,"77,349 km",Petrol,Thane,2020
Honda City VX,₹ 1.20 Lakh,"160,111 km",Petrol,Pune,2014
Mercedes-Benz GLA 220d,₹ 46.83 Lakh,"129,405 km",Diesel,Ahmedabad,2016
BMW X1 sDrive20d,₹ 39.36 Lakh,"102,343 km",Petrol,Thane,2018
Honda City VX,₹ 1.20 Lakh,"156,408 km",CNG,Delhi,2012
Tata Tiago XT,₹ 1.67 Lakh,"148,907 km",Diesel,Hyderabad,2014
Honda Jazz VX,₹ 6.08 Lakh,"43,001 km",CNG,Chennai,2023
Mahindra Scorpio S11,₹ 6.59 Lakh,"122,063 km",Diesel,Noida,2017
Mercedes-Benz E-Class E220d,₹ 49.57 Lakh,"105,403 km",Petrol,Kolkata,2019
Toyota Etios Liva G,₹ 11.03 Lakh,"42,327 km",CNG,Hyderabad,2023
Mahindra Thar LX,₹ 8.26 Lakh,"74,854 km",CNG,Kolkata,2019
Mercedes-Benz GLA 220d,₹ 49.45 Lakh,"81,771 km",Petrol,Chennai,2020
Tata Nexon XZ+,₹ 1.20 Lakh,"166,310 km",Diesel,Noida,2012
Tata Nexon XZ+,₹ 2.13 Lakh,"122,738 km",Petrol,Noida,2017
Toyota Innova Crysta GX,₹ 8.58 Lakh,"101,271 km",CNG,Mumbai,2018
Audi Q3 Premium,₹ 35.86 Lakh,"65,794 km",Petrol,Chennai,2020
Mercedes-Benz E-Class E220d,₹ 46.99 Lakh,"124,658 km",Petrol,Pune,2015
Kia Seltos GTX,₹ 6.88 Lakh,"86,702 km",Petrol,Delhi,2019
Audi Q3 Premium,₹ 30.90 Lakh,"153,396 km",Petrol,Bangalore,2014
Kia Sonet GTX,₹ 10.44 Lakh,"51,750 km",Petrol,Bangalore,2022
Mahindra Scorpio S11,₹ 4.91 Lakh,"130,476 km",Petrol,Thane,2016
Mercedes-Benz GLA 220d,₹ 47.06 Lakh,"131,950 km",Petrol,Bangalore,2015
Toyota Etios Liva G,₹ 8.29 Lakh,"99,448 km",CNG,Noida,2019
BMW X1 sDrive20d,₹ 38.98 Lakh,"125,124 km",Petrol,Kolkata,2018
BMW 5 Series 520d,₹ 40.28 Lakh,"63,963 km",Petrol,Bangalore,2020
Honda Jazz VX,₹ 2.02 Lakh,"131,347 km",Diesel,Chennai,2017
Mercedes-Benz GLA 220d,₹ 45.21 Lakh,"165,495 km",Diesel,Kolkata,2012
Honda Jazz VX,₹ 3.45 Lakh,"74,566 km",Petrol,Noida,2019
Kia Sonet GTX,₹ 3.72 Lakh,"139,968 km",Petrol,Noida,2014
Tata Nexon XZ+,₹ 1.20 Lakh,"156,943 km",CNG,Ahmedabad,2014
BMW 3 Series 320d,₹ 33.88 Lakh,"176,157 km",Petrol,Delhi,2012
Hyundai Creta SX,₹ 1.20 Lakh,"134,594 km",Diesel,Kolkata,2016
Toyota Corolla Altis G,₹ 7.08 Lakh,"125,131 km",Petrol,Hyderabad,2017
Mercedes-Benz E-Class E220d,₹ 48.15 Lakh,"98,011 km",Petrol,Chennai,2018
Honda WR-V VX,₹ 6.43 Lakh,"30,607 km",Petrol,Mumbai,2023
Audi Q3 Premium,₹ 31.36 Lakh,"170,009 km",Diesel,Pune,2014
Hyundai Grand i10 Magna,₹ 3.50 Lakh,"79,979 km",CNG,Kolkata,2020
Toyota Etios Liva G,₹ 6.06 Lakh,"131,750 km",Diesel,Noida,2014
Toyota Fortuner 2.8 4x2,₹ 11.51 Lakh,"38,679 km",CNG,Mumbai,2023
Mercedes-Benz C-Class C200,₹ 49.95 Lakh,"110,450 km",Petrol,Mumbai,2019
Toyota Fortuner 2.8 4x2,₹ 2.82 Lakh,"185,690 km",CNG,Ahmedabad,2012
Hyundai Verna SX,₹ 5.58 Lakh,"49,029 km",Diesel,Mumbai,2022
Maruti Suzuki Wagon R 1.0 VXI,₹ 1.20 Lakh,"172,871 km",Petrol,Kolkata,2013
Audi A4 35 TDI,₹ 37.34 Lakh,"55,291 km",Diesel,Noida,2023
Kia Sonet GTX,₹ 10.41 Lakh,"63,011 km",CNG,Chennai,2023
BMW 5 Series 520d,₹ 39.23 Lakh,"89,768 km",Petrol,Chennai,2019
Mahindra Thar LX,₹ 5.53 Lakh,"125,422 km",CNG,Mumbai,2017
Audi A4 35 TDI,₹ 36.06 Lakh,"53,410 km",Petrol,Hyderabad,2021
Hyundai Grand i10 Magna,₹ 1.20 Lakh,"193,825 km",Petrol,Chennai,2012
Mercedes-Benz E-Class E220d,₹ 48.61 Lakh,"119,169 km",Diesel,Hyderabad,2017
Toyota Glanza G,₹ 5.20 Lakh,"158,446 km",Diesel,Delhi,2015
Audi Q3 Premium,₹ 33.22 Lakh,"112,940 km",Diesel,Bangalore,2017
Maruti Suzuki Ertiga VXI CNG,₹ 1.20 Lakh,"146,115 km",Diesel,Mumbai,2014
Tata Nexon XZ+,₹ 3.99 Lakh,"108,849 km",Diesel,Pune,2017
BMW 5 Series 520d,₹ 36.93 Lakh,"144,453 km",Diesel,Chennai,2014
Audi A4 35 TDI,₹ 37.22 Lakh,"58,604 km",Petrol,Noida,2023
Maruti Suzuki Baleno Delta 1.2,₹ 2.40 Lakh,"63,753 km",Diesel,Mumbai,2021
Mahindra Thar LX,₹ 4.28 Lakh,"139,012 km",Petrol,Hyderabad,2014
Mahindra Scorpio S11,₹ 8.75 Lakh,"79,720 km",Petrol,Kolkata,2021
Hyundai Creta SX,₹ 1.64 Lakh,"98,730 km",CNG,Thane,2017
Hyundai Verna SX,₹ 5.85 Lakh,"48,737 km",CNG,Noida,2022
Tata Tiago XT,₹ 1.20 Lakh,"146,604 km",CNG,Noida,2013
Mercedes-Benz E-Class E220d,₹ 48.58 Lakh,"125,837 km",Petrol,Pune,2017
Kia Sonet GTX,₹ 5.38 Lakh,"126,793 km",Petrol,Mumbai,2017
Mahindra XUV500 W8,₹ 4.73 Lakh,"142,639 km",Petrol,Thane,2016
Audi Q3 Premium,₹ 33.57 Lakh,"112,104 km",Diesel,Thane,2017
BMW X1 sDrive20d,₹ 40.79 Lakh,"78,227 km",Petrol,Mumbai,2022
Tata Safari XZ+,₹ 4.29 Lakh,"107,489 km",CNG,Hyderabad,2019
Honda Amaze VX,₹ 1.20 Lakh,"165,529 km",CNG,Bangalore,2012
Maruti Suzuki Alto 800 LXi,₹ 4.57 Lakh,"39,246 km",Diesel,Mumbai,2023
BMW 3 Series 320d,₹ 37.45 Lakh,"129,462 km",Petrol,Mumbai,2016
Hyundai Venue S,₹ 1.20 Lakh,"162,794 km",CNG,Kolkata,2013
Honda City VX,₹ 2.97 Lakh,"110,935 km",Diesel,Ahmedabad,2018
Honda WR-V VX,₹ 2.84 Lakh,"111,189 km",CNG,Hyderabad,2017
Audi Q3 Premium,₹ 35.15 Lakh,"96,320 km",Petrol,Delhi,2019
Maruti Suzuki Ertiga VXI CNG,₹ 1.20 Lakh,"86,830 km",Diesel,Ahmedabad,2018
Hyundai Santro Sportz,₹ 1.73 Lakh,"111,113 km",Diesel,Chennai,2017
Hyundai i10 Magna,₹ 2.83 Lakh,"70,926 km",Diesel,Mumbai,2018
Kia Carens Prestige,₹ 4.41 Lakh,"154,892 km",Diesel,Pune,2015
Maruti Suzuki Vitara Brezza VDi,₹ 1.53 Lakh,"72,704 km",CNG,Chennai,2021
Hyundai Creta SX,₹ 1.20 Lakh,"129,999 km",CNG,Ahmedabad,2015
Toyota Fortuner 2.8 4x2,₹ 4.17 Lakh,"148,215 km",Petrol,Thane,2014
Kia Carens Prestige,₹ 5.98 Lakh,"112,537 km",Petrol,Noida,2018
Honda WR-V VX,₹ 6.36 Lakh,"46,252 km",Diesel,Thane,2021
Kia Carens Prestige,₹ 7.68 Lakh,"94,955 km",CNG,Pune,2019
Mercedes-Benz GLA 220d,₹ 52.53 Lakh,"43,357 km",Diesel,Delhi,2022
Toyota Glanza G,₹ 7.36 Lakh,"105,372 km",Petrol,Kolkata,2017
Tata Harrier XZ,₹ 4.57 Lakh,"80,575 km",Petrol,Bangalore,2018
Mercedes-Benz GLA 220d,₹ 44.54 Lakh,"151,278 km",Petrol,Pune,2013
Maruti Suzuki Swift VXi,₹ 1.20 Lakh,"136,836 km",CNG,Mumbai,2014
Kia Seltos GTX,₹ 3.24 Lakh,"162,329 km",CNG,Delhi,2013
Audi Q3 Premium,₹ 31.98 Lakh,"119,227 km",Diesel,Thane,2015
Mahindra XUV500 W8,₹ 7.18 Lakh,"104,774 km",Petrol,Chennai,2018
Honda Jazz VX,₹ 1.20 Lakh,"163,505 km",Diesel,Hyderabad,2012
Mahindra Thar LX,₹ 8.04 Lakh,"94,758 km",Diesel,Chennai,2019
Tata Harrier XZ,₹ 7.07 Lakh,"43,641 km",Petrol,Pune,2021
Maruti Suzuki Wagon R 1.0 VXI,₹ 3.19 Lakh,"38,187 km",Petrol,Kolkata,2023
Toyota Fortuner 2.8 4x2,₹ 7.22 Lakh,"125,790 km",Diesel,Pune,2016
Kia Seltos GTX,₹ 11.44 Lakh,"33,619 km",Diesel,Bangalore,2023
Toyota Innova Crysta GX,₹ 6.96 Lakh,"114,374 km",CNG,Bangalore,2018
Toyota Corolla Altis G,₹ 3.82 Lakh,"180,447 km",CNG,Chennai,2012
Mercedes-Benz E-Class E220d,₹ 50.93 Lakh,"70,774 km",Diesel,Delhi,2020
Toyota Glanza G,₹ 12.05 Lakh,"30,289 km",Petrol,Delhi,2023
Honda BR-V VX,₹ 1.20 Lakh,"140,098 km",Petrol,Hyderabad,2013
Kia Sonet GTX,₹ 6.94 Lakh,"105,447 km",Petrol,Chennai,2018
Mercedes-Benz E-Class E220d,₹ 49.77 Lakh,"91,125 km",Diesel,Bangalore,2019
Mahindra Scorpio S11,₹ 7.85 Lakh,"81,184 km",Diesel,Ahmedabad,2020
Toyota Etios Liva G,₹ 9.80 Lakh,"72,045 km",CNG,Noida,2021
Maruti Suzuki Wagon R 1.0 VXI,₹ 1.20 Lakh,"91,252 km",Diesel,Hyderabad,2019
Toyota Glanza G,₹ 10.34 Lakh,"58,740 km",CNG,Ahmedabad,2022
BMW X1 sDrive20d,₹ 38.22 Lakh,"131,001 km",Petrol,Kolkata,2017
Mercedes-Benz GLA 220d,₹ 47.83 Lakh,"133,781 km",Diesel,Mumbai,2017
Audi Q3 Premium,₹ 36.06 Lakh,"83,384 km",Diesel,Kolkata,2020
Honda WR-V VX,₹ 2.45 Lakh,"126,510 km",CNG,Pune,2017
Mercedes-Benz C-Class C200,₹ 50.45 Lakh,"96,035 km",Petrol,Bangalore,2020
Mercedes-Benz GLA 220d,₹ 47.07 Lakh,"111,308 km",Diesel,Delhi,2015
Tata Safari XZ+,₹ 4.60 Lakh,"87,759 km",Diesel,Chennai,2019
Hyundai Creta SX,₹ 2.08 Lakh,"99,144 km",Diesel,Kolkata,2018
Mahindra XUV500 W8,₹ 8.86 Lakh,"64,849 km",Petrol,Bangalore,2020
Kia Seltos GTX,₹ 9.72 Lakh,"55,185 km",CNG,Noida,2021
Maruti Suzuki Baleno Delta 1.2,₹ 3.31 Lakh,"50,458 km",Diesel,Thane,2021
Mercedes-Benz E-Class E220d,₹ 46.59 Lakh,"127,546 km",Petrol,Ahmedabad,2015
Kia Sonet GTX,₹ 4.14 Lakh,"143,569 km",CNG,Hyderabad,2013
Audi Q3 Premium,₹ 34.01 Lakh,"111,457 km",Diesel,Noida,2017
Mahindra Scorpio S11,₹ 6.64 Lakh,"111,451 km",CNG,Chennai,2017
Audi A4 35 TDI,₹ 30.87 Lakh,"163,589 km",Petrol,Noida,2014
Kia Seltos GTX,₹ 2.58 Lakh,"155,859 km",CNG,Pune,2013
BMW 3 Series 320d,₹ 38.84 Lakh,"89,573 km",Petrol,Hyderabad,2018
Audi Q3 Premium,₹ 34.94 Lakh,"87,350 km",Diesel,Kolkata,2020
Honda City VX,₹ 1.20 Lakh,"153,945 km",CNG,Thane,2015
Hyundai Creta SX,₹ 1.20 Lakh,"164,555 km",CNG,Noida,2012
BMW 5 Series 520d,₹ 36.93 Lakh,"110,002 km",Diesel,Kolkata,2015
Tata Harrier XZ,₹ 3.97 Lakh,"111,128 km",Diesel,Chennai,2018
BMW X1 sDrive20d,₹ 35.50 Lakh,"144,721 km",Petrol,Chennai,2013
Mahindra Thar LX,₹ 5.26 Lakh,"116,143 km",Petrol,Noida,2016
BMW 3 Series 320d,₹ 38.03 Lakh,"111,518 km",Diesel,Noida,2017
Kia Sonet GTX,₹ 10.56 Lakh,"63,126 km",CNG,Mumbai,2023
Mahindra Thar LX,₹ 7.28 Lakh,"114,761 km",Diesel,Hyderabad,2018
Maruti Suzuki Vitara Brezza VDi,₹ 1.76 Lakh,"66,223 km",CNG,Chennai,2020
Maruti Suzuki Baleno Delta 1.2,₹ 1.20 Lakh,"114,253 km",CNG,Bangalore,2017
Kia Seltos GTX,₹ 6.77 Lakh,"118,198 km",Diesel,Kolkata,2017
Maruti Suzuki Alto 800 LXi,₹ 2.56 Lakh,"63,163 km",Petrol,Delhi,2021
Kia Seltos GTX,₹ 6.58 Lakh,"116,454 km",CNG,Kolkata,2017
Maruti Suzuki Alto 800 LXi,₹ 1.20 Lakh,"187,285 km",Petrol,Mumbai,2012
Audi Q5 quattro,₹ 32.80 Lakh,"119,759 km",Petrol,Chennai,2017
Toyota Innova Crysta GX,₹ 11.74 Lakh,"32,026 km",Diesel,Noida,2023
Mercedes-Benz GLA 220d,₹ 43.72 Lakh,"173,217 km",Petrol,Delhi,2012
Mercedes-Benz GLA 220d,₹ 47.77 Lakh,"124,034 km",Diesel,Thane,2017
Hyundai Creta SX,₹ 1.20 Lakh,"169,130 km",Diesel,Pune,2012
Audi Q5 quattro,₹ 31.81 Lakh,"114,366 km",Petrol,Delhi,2016
Mercedes-Benz GLA 220d,₹ 45.03 Lakh,"157,406 km",Diesel,Ahmedabad,2012
Maruti Suzuki Ciaz ZXI+,₹ 1.20 Lakh,"143,853 km",Petrol,Ahmedabad,2014
Mercedes-Benz GLA 220d,₹ 53.58 Lakh,"32,681 km",Diesel,Hyderabad,2023
Honda Jazz VX,₹ 4.76 Lakh,"64,382 km",Diesel,Kolkata,2020
Kia Seltos GTX,₹ 10.85 Lakh,"49,570 km",Diesel,Bangalore,2022
Audi Q5 quattro,₹ 32.32 Lakh,"131,188 km",Diesel,Pune,2017
Toyota Corolla Altis G,₹ 10.28 Lakh,"51,123 km",Diesel,Thane,2021
BMW 5 Series 520d,₹ 37.16 Lakh,"116,510 km",Diesel,Thane,2016
Toyota Etios Liva G,₹ 6.02 Lakh,"121,757 km",Petrol,Noida,2015
Mercedes-Benz GLA 220d,₹ 49.60 Lakh,"86,917 km",Petrol,Hyderabad,2019
Maruti Suzuki S-Presso VXi,₹ 1.20 Lakh,"153,723 km",Diesel,Pune,2013
Audi Q3 Premium,₹ 30.78 Lakh,"164,856 km",Diesel,Delhi,2013
Audi Q3 Premium,₹ 29.32 Lakh,"195,066 km",Petrol,Kolkata,2012
Kia Sonet GTX,₹ 7.73 Lakh,"94,858 km",CNG,Thane,2019
Honda City VX,₹ 1.20 Lakh,"139,823 km",Petrol,Bangalore,2015
BMW 5 Series 520d,₹ 40.26 Lakh,"87,598 km",Diesel,Hyderabad,2019
Maruti Suzuki Wagon R 1.0 VXI,₹ 1.20 Lakh,"112,200 km",Petrol,Chennai,2018
Audi Q3 Premium,₹ 30.16 Lakh,"146,724 km",Petrol,Noida,2013
Honda WR-V VX,₹ 1.89 Lakh,"103,346 km",Diesel,Kolkata,2017
Kia Sonet GTX,₹ 8.70 Lakh,"72,427 km",Diesel,Ahmedabad,2021
Tata Tiago XT,₹ 2.52 Lakh,"125,541 km",Diesel,Ahmedabad,2015
Mahindra Thar LX,₹ 10.99 Lakh,"34,218 km",CNG,Thane,2023
Mahindra XUV500 W8,₹ 10.76 Lakh,"61,674 km",Diesel,Noida,2023
Maruti Suzuki Swift VXi,₹ 1.20 Lakh,"73,268 km",Petrol,Delhi,2020
Kia Sonet GTX,₹ 4.99 Lakh,"141,216 km",Petrol,Thane,2015
Hyundai Elite i20 Sportz,₹ 3.50 Lakh,"71,394 km",Diesel,Mumbai,2019
Maruti Suzuki Ertiga VXI CNG,₹ 1.23 Lakh,"85,580 km",Petrol,Noida,2020
Audi Q5 quattro,₹ 31.35 Lakh,"160,746 km",Diesel,Pune,2015
Maruti Suzuki Baleno Delta 1.2,₹ 1.69 Lakh,"87,878 km",Diesel,Thane,2019
Maruti Suzuki Wagon R 1.0 VXI,₹ 2.88 Lakh,"46,960 km",Diesel,Chennai,2022
Toyota Fortuner 2.8 4x2,₹ 8.76 Lakh,"95,912 km",CNG,Bangalore,2020
Mercedes-Benz E-Class E220d,₹ 45.48 Lakh,"147,093 km",Diesel,Ahmedabad,2014
Mahindra Scorpio S11,₹ 7.40 Lakh,"99,386 km",CNG,Bangalore,2019
Audi Q5 quattro,₹ 30.31 Lakh,"176,614 km",Diesel,Pune,2012
Honda WR-V VX,₹ 1.20 Lakh,"153,781 km",Diesel,Delhi,2013
Kia Seltos GTX,₹ 10.71 Lakh,"53,979 km",CNG,Chennai,2023
BMW X1 sDrive20d,₹ 37.72 Lakh,"118,859 km",Petrol,Chennai,2016
Honda Jazz VX,₹ 6.43 Lakh,"44,931 km",CNG,Ahmedabad,2022
Tata Safari XZ+,₹ 5.55 Lakh,"78,571 km",Diesel,Bangalore,2020
Hyundai Verna SX,₹ 1.20 Lakh,"155,634 km",Petrol,Bangalore,2015
Tata Nexon XZ+,₹ 7.23 Lakh,"30,449 km",Petrol,Hyderabad,2023
Maruti Suzuki Ertiga VXI CNG,₹ 1.20 Lakh,"138,413 km",Diesel,Delhi,2014
Mahindra Thar LX,₹ 5.45 Lakh,"127,859 km",Diesel,Pune,2017
Audi Q5 quattro,₹ 30.93 Lakh,"138,342 km",Diesel,Delhi,2014
Maruti Suzuki Alto 800 LXi,₹ 1.20 Lakh,"160,292 km",Diesel,Chennai,2015
Toyota Fortuner 2.8 4x2,₹ 10.16 Lakh,"84,959 km",Diesel,Pune,2020
Maruti Suzuki Ciaz ZXI+,₹ 1.27 Lakh,"100,051 km",CNG,Thane,2019
Mahindra Thar LX,₹ 3.74 Lakh,"141,919 km",CNG,Chennai,2013
Hyundai Creta SX,₹ 1.20 Lakh,"158,477 km",CNG,Ahmedabad,2014
Kia Seltos GTX,₹ 9.67 Lakh,"64,551 km",Diesel,Pune,2020
Toyota Innova Crysta GX,₹ 9.10 Lakh,"97,145 km",Diesel,Mumbai,2019
Audi Q5 quattro,₹ 30.55 Lakh,"152,826 km",Petrol,Thane,2014
Audi Q5 quattro,₹ 36.52 Lakh,"68,260 km",Petrol,Chennai,2022
Toyota Etios Liva G,₹ 5.03 Lakh,"144,118 km",Petrol,Thane,2015
Maruti Suzuki Swift VXi,₹ 1.23 Lakh,"92,799 km",Petrol,Chennai,2019
Honda BR-V VX,₹ 1.20 Lakh,"173,738 km",Diesel,Pune,2012
Audi Q3 Premium,₹ 36.81 Lakh,"61,150 km",Petrol,Pune,2022
Hyundai Venue S,₹ 1.20 Lakh,"136,547 km",Petrol,Mumbai,2015
Hyundai Grand i10 Magna,₹ 5.32 Lakh,"58,429 km",CNG,Delhi,2023
Toyota Etios Liva G,₹ 7.26 Lakh,"109,651 km",Petrol,Thane,2018
Mahindra Thar LX,₹ 3.08 Lakh,"179,066 km",Diesel,Mumbai,2013
Mahindra Thar LX,₹ 8.58 Lakh,"85,153 km",Diesel,Bangalore,2021
Mercedes-Benz E-Class E220d,₹ 45.59 Lakh,"148,872 km",Diesel,Mumbai,2013
Audi Q3 Premium,₹ 29.99 Lakh,"179,943 km",Petrol,Mumbai,2013
Maruti Suzuki Baleno Delta 1.2,₹ 1.20 Lakh,"105,407 km",Petrol,Pune,2018
Maruti Suzuki Swift VXi,₹ 1.20 Lakh,"87,688 km",Petrol,Thane,2019
Mercedes-Benz C-Class C200,₹ 52.94 Lakh,"58,580 km",Petrol,Bangalore,2023
Tata Nexon XZ+,₹ 1.20 Lakh,"158,428 km",CNG,Thane,2012
BMW 3 Series 320d,₹ 35.72 Lakh,"157,443 km",Diesel,Chennai,2014
Honda Amaze VX,₹ 1.20 Lakh,"165,508 km",CNG,Hyderabad,2014
Tata Nexon XZ+,₹ 5.00 Lakh,"76,509 km",Petrol,Delhi,2019
Maruti Suzuki S-Presso VXi,₹ 1.20 Lakh,"140,349 km",Petrol,Hyderabad,2014
Maruti Suzuki Vitara Brezza VDi,₹ 3.73 Lakh,"45,223 km",CNG,Mumbai,2022
Kia Sonet GTX,₹ 3.40 Lakh,"160,822 km",Petrol,Hyderabad,2013
BMW 3 Series 320d,₹ 37.47 Lakh,"135,934 km",Petrol,Noida,2016
Mahindra Thar LX,₹ 10.43 Lakh,"43,719 km",CNG,Bangalore,2023
Mercedes-Benz C-Class C200,₹ 46.25 Lakh,"142,179 km",Diesel,Bangalore,2014
Audi A4 35 TDI,₹ 32.36 Lakh,"114,707 km",Petrol,Bangalore,2017
BMW 5 Series 520d,₹ 41.60 Lakh,"69,611 km",Diesel,Delhi,2020
Honda WR-V VX,₹ 5.67 Lakh,"55,204 km",Petrol,Ahmedabad,2021
BMW X1 sDrive20d,₹ 37.20 Lakh,"141,601 km",Diesel,Pune,2015
Mercedes-Benz C-Class C200,₹ 47.26 Lakh,"144,630 km",Diesel,Hyderabad,2015
Honda Amaze VX,₹ 1.20 Lakh,"166,474 km",CNG,Bangalore,2012
Mercedes-Benz E-Class E220d,₹ 46.82 Lakh,"151,118 km",Diesel,Thane,2014
Tata Nexon XZ+,₹ 7.23 Lakh,"44,372 km",Petrol,Kolkata,2022
Mahindra Thar LX,₹ 5.13 Lakh,"123,776 km",Petrol,Thane,2015
Audi A4 35 TDI,₹ 32.08 Lakh,"127,876 km",Diesel,Mumbai,2015
Tata Nexon XZ+,₹ 2.78 Lakh,"108,581 km",Petrol,Noida,2016
Audi Q3 Premium,₹ 29.70 Lakh,"166,898 km",Petrol,Mumbai,2012
Tata Safari XZ+,₹ 7.11 Lakh,"65,518 km",Diesel,Delhi,2022
Toyota Etios Liva G,₹ 7.67 Lakh,"98,812 km",Petrol,Delhi,2019
Maruti Suzuki S-Presso VXi,₹ 1.20 Lakh,"121,721 km",CNG,Hyderabad,2016
Hyundai Venue S,₹ 1.20 Lakh,"174,129 km",Diesel,Pune,2013
Maruti Suzuki Alto 800 LXi,₹ 1.20 Lakh,"134,199 km",CNG,Thane,2015
Audi Q3 Premium,₹ 33.18 Lakh,"102,085 km",Petrol,Hyderabad,2017
Tata Safari XZ+,₹ 3.63 Lakh,"100,147 km",Petrol,Hyderabad,2018
Maruti Suzuki Ciaz ZXI+,₹ 1.20 Lakh,"89,831 km",Diesel,Delhi,2019
Audi A4 35 TDI,₹ 35.71 Lakh,"89,849 km",Diesel,Thane,2020
Mahindra XUV500 W8,₹ 8.71 Lakh,"77,126 km",CNG,Noida,2020
Maruti Suzuki Ciaz ZXI+,₹ 1.20 Lakh,"118,926 km",Petrol,Chennai,2015
Kia Carens Prestige,₹ 11.95 Lakh,"30,935 km",Diesel,Kolkata,2023
Mahindra XUV500 W8,₹ 11.51 Lakh,"51,878 km",Diesel,Thane,2023
Toyota Glanza G,₹ 7.84 Lakh,"94,842 km",Petrol,Chennai,2018
Hyundai Venue S,₹ 1.20 Lakh,"126,433 km",CNG,Delhi,2017
Toyota Etios Liva G,₹ 8.03 Lakh,"119,360 km",Diesel,Bangalore,2018
Audi A4 35 TDI,₹ 36.21 Lakh,"66,529 km",Petrol,Hyderabad,2021
Honda WR-V VX,₹ 1.20 Lakh,"181,077 km",CNG,Thane,2012
Toyota Fortuner 2.8 4x2,₹ 10.27 Lakh,"72,845 km",Petrol,Pune,2021
Maruti Suzuki Swift VXi,₹ 1.20 Lakh,"139,544 km",Diesel,Noida,2013
BMW X1 sDrive20d,₹ 37.71 Lakh,"114,699 km",Petrol,Hyderabad,2016
BMW 5 Series 520d,₹ 34.86 Lakh,"175,971 km",Petrol,Noida,2012
Maruti Suzuki Ertiga VXI CNG,₹ 2.00 Lakh,"73,056 km",Diesel,Chennai,2019
Mahindra Scorpio S11,₹ 8.19 Lakh,"85,540 km",Diesel,Hyderabad,2019
Hyundai i10 Magna,₹ 1.20 Lakh,"162,288 km",Diesel,Mumbai,2012
Toyota Etios Liva G,₹ 9.19 Lakh,"59,316 km",CNG,Noida,2020
Maruti Suzuki Alto 800 LXi,₹ 1.20 Lakh,"131,949 km",Diesel,Ahmedabad,2016
Tata Harrier XZ,₹ 1.20 Lakh,"155,563 km",Diesel,Bangalore,2012
Audi Q5 quattro,₹ 36.67 Lakh,"64,294 km",Diesel,Chennai,2020
Mercedes-Benz GLA 220d,₹ 44.90 Lakh,"164,577 km",Petrol,Ahmedabad,2013
Honda Jazz VX,₹ 2.40 Lakh,"101,352 km",Petrol,Mumbai,2018
Mahindra Thar LX,₹ 8.07 Lakh,"97,365 km",CNG,Chennai,2020
Hyundai Creta SX,₹ 2.43 Lakh,"94,591 km",Petrol,Thane,2018
Audi A4 35 TDI,₹ 36.82 Lakh,"77,068 km",Diesel,Bangalore,2021
Audi Q5 quattro,₹ 37.22 Lakh,"61,255 km",Diesel,Pune,2022
Mercedes-Benz C-Class C200,₹ 51.51 Lakh,"53,310 km",Petrol,Mumbai,2021
Tata Nexon XZ+,₹ 8.52 Lakh,"34,959 km",CNG,Ahmedabad,2023
Toyota Etios Liva G,₹ 12.25 Lakh,"23,990 km",Petrol,Mumbai,2023
Tata Harrier XZ,₹ 4.42 Lakh,"95,519 km",CNG,Ahmedabad,2019
Kia Sonet GTX,₹ 2.57 Lakh,"168,213 km",Diesel,Delhi,2012
Mercedes-Benz E-Class E220d,₹ 48.52 Lakh,"99,091 km",Diesel,Pune,2016
Maruti Suzuki Alto 800 LXi,₹ 1.20 Lakh,"165,040 km",CNG,Pune,2012
BMW 5 Series 520d,₹ 39.39 Lakh,"109,503 km",Diesel,Mumbai,2018
Tata Nexon XZ+,₹ 4.16 Lakh,"91,478 km",CNG,Kolkata,2019
Kia Carens Prestige,₹ 11.03 Lakh,"51,311 km",CNG,Ahmedabad,2023
Tata Harrier XZ,₹ 3.86 Lakh,"105,551 km",Petrol,Pune,2019
Mercedes-Benz GLA 220d,₹ 49.65 Lakh,"71,469 km",Diesel,Ahmedabad,2019
Mercedes-Benz E-Class E220d,₹ 53.03 Lakh,"31,967 km",Diesel,Chennai,2023
Mahindra Thar LX,₹ 8.29 Lakh,"87,761 km",Diesel,Thane,2019
Toyota Etios Liva G,₹ 3.66 Lakh,"149,606 km",Petrol,Ahmedabad,2013
Mercedes-Benz GLA 220d,₹ 53.13 Lakh,"51,803 km",Diesel,Chennai,2023
BMW 5 Series 520d,₹ 35.05 Lakh,"174,550 km",Petrol,Hyderabad,2013
Maruti Suzuki Swift VXi,₹ 1.20 Lakh,"86,899 km",Petrol,Pune,2019
Honda Amaze VX,₹ 2.30 Lakh,"109,293 km",Petrol,Mumbai,2018
Toyota Glanza G,₹ 7.79 Lakh,"91,379 km",Diesel,Ahmedabad,2018
Maruti Suzuki S-Presso VXi,₹ 1.20 Lakh,"139,843 km",Petrol,Kolkata,2013
BMW 3 Series 320d,₹ 39.73 Lakh,"71,146 km",Petrol,Mumbai,2019
Tata Harrier XZ,₹ 7.97 Lakh,"49,404 km",Diesel,Bangalore,2023
Mercedes-Benz C-Class C200,₹ 53.74 Lakh,"37,068 km",Diesel,Kolkata,2023
Kia Sonet GTX,₹ 7.09 Lakh,"114,820 km",Petrol,Bangalore,2018
BMW 3 Series 320d,₹ 36.36 Lakh,"148,234 km",Diesel,Chennai,2014
Toyota Corolla Altis G,₹ 4.23 Lakh,"150,650 km",Diesel,Thane,2013
Kia Sonet GTX,₹ 8.28 Lakh,"97,774 km",Diesel,Chennai,2019
Audi A4 35 TDI,₹ 36.98 Lakh,"61,897 km",Diesel,Hyderabad,2022
Maruti Suzuki Ertiga VXI CNG,₹ 2.91 Lakh,"49,833 km",CNG,Ahmedabad,2023
Honda WR-V VX,₹ 1.20 Lakh,"155,241 km",Petrol,Pune,2013
Mercedes-Benz E-Class E220d,₹ 46.60 Lakh,"142,378 km",Diesel,Chennai,2015
Kia Sonet GTX,₹ 6.07 Lakh,"116,586 km",Diesel,Mumbai,2017
Honda Amaze VX,₹ 1.20 Lakh,"136,844 km",CNG,Chennai,2014
Tata Harrier XZ,₹ 3.95 Lakh,"100,502 km",Petrol,Bangalore,2017
Audi Q5 quattro,₹ 34.06 Lakh,"112,510 km",Diesel,Ahmedabad,2018
Hyundai Creta SX,₹ 3.36 Lakh,"70,044 km",Petrol,Ahmedabad,2020
Honda City VX,₹ 1.20 Lakh,"121,319 km",CNG,Thane,2015
Mahindra Thar LX,₹ 5.12 Lakh,"128,069 km",Petrol,Chennai,2017
Hyundai Grand i10 Magna,₹ 3.17 Lakh,"108,511 km",CNG,Ahmedabad,2019
Maruti Suzuki Vitara Brezza VDi,₹ 1.20 Lakh,"150,367 km",CNG,Ahmedabad,2014
Kia Carens Prestige,₹ 7.85 Lakh,"96,266 km",Petrol,Bangalore,2019
Mahindra Scorpio S11,₹ 9.53 Lakh,"58,948 km",CNG,Thane,2021
Honda Amaze VX,₹ 4.51 Lakh,"71,528 km",Diesel,Hyderabad,2020
Maruti Suzuki Alto 800 LXi,₹ 1.20 Lakh,"105,126 km",CNG,Bangalore,2018
Mahindra XUV500 W8,₹ 6.20 Lakh,"131,374 km",CNG,Kolkata,2017
Mahindra XUV500 W8,₹ 9.48 Lakh,"76,242 km",Petrol,Kolkata,2021
Tata Tiago XT,₹ 1.20 Lakh,"167,499 km",Diesel,Hyderabad,2015
Tata Tiago XT,₹ 5.54 Lakh,"90,636 km",CNG,Mumbai,2020
Mercedes-Benz E-Class E220d,₹ 49.24 Lakh,"98,769 km",Petrol,Chennai,2018
Kia Sonet GTX,₹ 10.06 Lakh,"47,593 km",Diesel,Delhi,2022
Kia Sonet GTX,₹ 5.26 Lakh,"140,851 km",CNG,Pune,2015
BMW 3 Series 320d,₹ 42.29 Lakh,"46,383 km",Diesel,Mumbai,2023
Audi Q5 quattro,₹ 30.28 Lakh,"170,459 km",Diesel,Noida,2013
Tata Nexon XZ+,₹ 4.81 Lakh,"93,663 km",CNG,Pune,2020
Tata Nexon XZ+,₹ 1.20 Lakh,"160,369 km",Diesel,Noida,2014
Maruti Suzuki Alto 800 LXi,₹ 1.20 Lakh,"104,093 km",CNG,Thane,2017
Mercedes-Benz C-Class C200,₹ 47.52 Lakh,"128,812 km",Diesel,Thane,2017
Maruti Suzuki Wagon R 1.0 VXI,₹ 1.20 Lakh,"116,011 km",Diesel,Mumbai,2015
Maruti Suzuki Swift VXi,₹ 3.77 Lakh,"40,332 km",Diesel,Hyderabad,2023
Audi Q5 quattro,₹ 37.06 Lakh,"49,286 km",Petrol,Noida,2022
Honda City VX,₹ 1.20 Lakh,"142,427 km",CNG,Chennai,2015
Kia Seltos GTX,₹ 3.38 Lakh,"148,988 km",CNG,Delhi,2014
Tata Safari XZ+,₹ 3.75 Lakh,"98,935 km",Petrol,Thane,2019
Mahindra Scorpio S11,₹ 9.09 Lakh,"58,782 km",Petrol,Chennai,2020
Maruti Suzuki S-Presso VXi,₹ 1.20 Lakh,"108,888 km",Diesel,Noida,2016
Mahindra Scorpio S11,₹ 2.44 Lakh,"145,505 km",Petrol,Chennai,2013
Mercedes-Benz C-Class C200,₹ 43.97 Lakh,"173,162 km",Petrol,Chennai,2012
Mahindra Thar LX,₹ 10.35 Lakh,"45,866 km",Petrol,Chennai,2023
BMW X1 sDrive20d,₹ 41.49 Lakh,"55,112 km",Petrol,Mumbai,2022
Audi Q5 quattro,₹ 37.06 Lakh,"54,466 km",Petrol,Pune,2022
Kia Sonet GTX,₹ 6.61 Lakh,"124,482 km",CNG,Noida,2017
Toyota Fortuner 2.8 4x2,₹ 4.62 Lakh,"151,907 km",Petrol,Mumbai,2014
Honda Amaze VX,₹ 6.35 Lakh,"56,086 km",Diesel,Chennai,2023
Honda WR-V VX,₹ 1.20 Lakh,"158,996 km",Petrol,Noida,2013
Mahindra Thar LX,₹ 5.84 Lakh,"119,821 km",CNG,Mumbai,2016
Audi A4 35 TDI,₹ 36.90 Lakh,"75,899 km",Diesel,Pune,2021
Maruti Suzuki Wagon R 1.0 VXI,₹ 1.20 Lakh,"110,056 km",Diesel,Bangalore,2017
BMW X1 sDrive20d,₹ 39.99 Lakh,"98,867 km",Petrol,Noida,2020
Audi A4 35 TDI,₹ 35.78 Lakh,"71,021 km",Petrol,Ahmedabad,2021
Toyota Fortuner 2.8 4x2,₹ 6.88 Lakh,"124,284 km",CNG,Noida,2017
Honda WR-V VX,₹ 2.80 Lakh,"98,521 km",Diesel,Thane,2018
Honda WR-V VX,₹ 1.52 Lakh,"106,924 km",Petrol,Pune,2017
Toyota Corolla Altis G,₹ 12.51 Lakh,"25,334 km",Diesel,Ahmedabad,2023
BMW X1 sDrive20d,₹ 43.89 Lakh,"28,476 km",Diesel,Bangalore,2023
Honda BR-V VX,₹ 1.20 Lakh,"184,243 km",Petrol,Mumbai,2012
Mercedes-Benz E-Class E220d,₹ 48.69 Lakh,"119,931 km",Diesel,Bangalore,2017
Mercedes-Benz E-Class E220d,₹ 47.36 Lakh,"105,044 km",Diesel,Pune,2016
Tata Harrier XZ,₹ 6.36 Lakh,"70,820 km",Petrol,Mumbai,2021
Honda Jazz VX,₹ 7.88 Lakh,"34,083 km",Diesel,Chennai,2023
Mercedes-Benz GLA 220d,₹ 44.79 Lakh,"151,612 km",Petrol,Chennai,2012
Tata Safari XZ+,₹ 3.95 Lakh,"85,056 km",Petrol,Delhi,2019
Maruti Suzuki Ciaz ZXI+,₹ 1.20 Lakh,"167,855 km",CNG,Hyderabad,2012
Toyota Etios Liva G,₹ 9.21 Lakh,"78,053 km",Petrol,Thane,2020
BMW X1 sDrive20d,₹ 38.97 Lakh,"115,018 km",Diesel,Hyderabad,2017
Tata Harrier XZ,₹ 1.20 Lakh,"141,755 km",CNG,Bangalore,2014
Honda Amaze VX,₹ 4.12 Lakh,"103,329 km",Diesel,Kolkata,2019
BMW 5 Series 520d,₹ 38.65 Lakh,"113,357 km",Diesel,Bangalore,2016
Audi Q5 quattro,₹ 32.53 Lakh,"126,698 km",Diesel,Delhi,2017
Tata Tiago XT,₹ 4.08 Lakh,"109,613 km",Diesel,Hyderabad,2018
Mercedes-Benz E-Class E220d,₹ 53.15 Lakh,"40,744 km",Petrol,Thane,2023
Tata Harrier XZ,₹ 1.20 Lakh,"174,090 km",Diesel,Kolkata,2012
Mercedes-Benz GLA 220d,₹ 47.34 Lakh,"115,637 km",Petrol,Thane,2015
Tata Safari XZ+,₹ 4.84 Lakh,"100,076 km",CNG,Hyderabad,2019
Honda BR-V VX,₹ 2.18 Lakh,"117,064 km",Petrol,Bangalore,2017
Maruti Suzuki Baleno Delta 1.2,₹ 1.20 Lakh,"111,167 km",Diesel,Kolkata,2017
Tata Safari XZ+,₹ 7.97 Lakh,"45,586 km",Diesel,Kolkata,2023
Hyundai Verna SX,₹ 4.90 Lakh,"52,257 km",CNG,Chennai,2021
Hyundai i10 Magna,₹ 1.20 Lakh,"135,651 km",CNG,Ahmedabad,2015
Tata Tiago XT,₹ 5.43 Lakh,"86,249 km",Petrol,Thane,2021
BMW 3 Series 320d,₹ 35.39 Lakh,"161,123 km",Petrol,Mumbai,2015
Tata Safari XZ+,₹ 2.04 Lakh,"121,399 km",Petrol,Chennai,2015
Audi Q5 quattro,₹ 34.20 Lakh,"101,556 km",Petrol,Pune,2018
Mercedes-Benz GLA 220d,₹ 49.87 Lakh,"82,268 km",Petrol,Thane,2019
Honda Jazz VX,₹ 1.20 Lakh,"158,932 km",Petrol,Thane,2012
Hyundai Grand i10 Magna,₹ 1.20 Lakh,"180,544 km",CNG,Chennai,2012
Mercedes-Benz C-Class C200,₹ 48.42 Lakh,"106,296 km",Diesel,Ahmedabad,2018
BMW 5 Series 520d,₹ 41.89 Lakh,"60,075 km",Diesel,Noida,2021
BMW 3 Series 320d,₹ 41.32 Lakh,"60,739 km",Diesel,Thane,2022
Tata Tiago XT,₹ 6.13 Lakh,"68,217 km",Diesel,Bangalore,2020
BMW X1 sDrive20d,₹ 43.02 Lakh,"28,779 km",Petrol,Noida,2022
Kia Sonet GTX,₹ 11.54 Lakh,"31,997 km",CNG,Hyderabad,2023
Mahindra XUV500 W8,₹ 7.74 Lakh,"74,964 km",Petrol,Noida,2019
Mahindra XUV500 W8,₹ 4.78 Lakh,"135,204 km",Diesel,Hyderabad,2014
Toyota Innova Crysta GX,₹ 6.03 Lakh,"117,362 km",Diesel,Kolkata,2015
BMW X1 sDrive20d,₹ 40.58 Lakh,"80,702 km",Diesel,Chennai,2019
Mahindra Scorpio S11,₹ 7.48 Lakh,"89,119 km",Diesel,Mumbai,2019
Hyundai Grand i10 Magna,₹ 1.20 Lakh,"120,902 km",CNG,Delhi,2016
BMW 5 Series 520d,₹ 34.88 Lakh,"145,501 km",Diesel,Thane,2013
Kia Seltos GTX,₹ 10.75 Lakh,"69,139 km",Diesel,Pune,2022
Kia Carens Prestige,₹ 7.53 Lakh,"100,115 km",CNG,Kolkata,2018
Tata Safari XZ+,₹ 1.20 Lakh,"155,943 km",CNG,Delhi,2014
Honda Amaze VX,₹ 1.21 Lakh,"112,321 km",Diesel,Chennai,2015
Toyota Glanza G,₹ 5.47 Lakh,"148,490 km",Diesel,Noida,2015
Honda Amaze VX,₹ 2.28 Lakh,"129,601 km",CNG,Kolkata,2017
Kia Sonet GTX,₹ 5.09 Lakh,"136,255 km",CNG,Delhi,2015
BMW 3 Series 320d,₹ 40.36 Lakh,"78,578 km",Diesel,Noida,2020
BMW 5 Series 520d,₹ 37.73 Lakh,"136,754 km",Diesel,Bangalore,2016
Hyundai Elite i20 Sportz,₹ 3.88 Lakh,"60,957 km",CNG,Noida,2021
Kia Carens Prestige,₹ 4.00 Lakh,"149,230 km",Petrol,Kolkata,2015
Tata Tiago XT,₹ 1.64 Lakh,"146,775 km",CNG,Mumbai,2015
Hyundai Santro Sportz,₹ 5.17 Lakh,"71,225 km",Diesel,Hyderabad,2021
Maruti Suzuki Ertiga VXI CNG,₹ 1.20 Lakh,"126,746 km",Diesel,Bangalore,2015
Hyundai i10 Magna,₹ 1.20 Lakh,"169,963 km",Diesel,Mumbai,2012
BMW X1 sDrive20d,₹ 43.49 Lakh,"44,731 km",Diesel,Pune,2023
Audi A4 35 TDI,₹ 30.66 Lakh,"165,932 km",Diesel,Kolkata,2013
Toyota Corolla Altis G,₹ 7.85 Lakh,"117,773 km",Diesel,Bangalore,2018
Honda BR-V VX,₹ 2.60 Lakh,"99,853 km",Diesel,Kolkata,2017
Maruti Suzuki Vitara Brezza VDi,₹ 1.20 Lakh,"105,692 km",Diesel,Thane,2017
Maruti Suzuki S-Presso VXi,₹ 1.20 Lakh,"179,377 km",CNG,Chennai,2013
Mercedes-Benz C-Class C200,₹ 47.54 Lakh,"111,343 km",Petrol,Thane,2017
BMW 3 Series 320d,₹ 34.28 Lakh,"164,341 km",Diesel,Delhi,2012
Honda WR-V VX,₹ 4.70 Lakh,"63,934 km",CNG,Hyderabad,2020
Tata Safari XZ+,₹ 1.20 Lakh,"178,036 km",CNG,Thane,2012
Mahindra Thar LX,₹ 7.80 Lakh,"96,574 km",Petrol,Bangalore,2019
Hyundai Verna SX,₹ 1.20 Lakh,"132,842 km",Diesel,Delhi,2016
Mahindra Thar LX,₹ 3.35 Lakh,"175,875 km",Diesel,Chennai,2013
Mahindra Thar LX,₹ 8.39 Lakh,"71,363 km",CNG,Ahmedabad,2020
Honda BR-V VX,₹ 2.56 Lakh,"108,903 km",CNG,Kolkata,2017
Kia Seltos GTX,₹ 2.61 Lakh,"174,450 km",Petrol,Thane,2012
Honda BR-V VX,₹ 1.33 Lakh,"130,279 km",Petrol,Ahmedabad,2015
Audi Q3 Premium,₹ 36.28 Lakh,"72,725 km",Diesel,Ahmedabad,2020
Mercedes-Benz GLA 220d,₹ 49.56 Lakh,"97,350 km",Petrol,Kolkata,2018
Kia Carens Prestige,₹ 10.02 Lakh,"45,797 km",Diesel,Chennai,2022
Mahindra Thar LX,₹ 2.89 Lakh,"191,257 km",Diesel,Bangalore,2012
Toyota Glanza G,₹ 3.65 Lakh,"178,445 km",CNG,Ahmedabad,2012
Maruti Suzuki Alto 800 LXi,₹ 1.61 Lakh,"74,151 km",Diesel,Ahmedabad,2020
Tata Tiago XT,₹ 1.20 Lakh,"172,806 km",Petrol,Mumbai,2012
Maruti Suzuki Swift VXi,₹ 1.20 Lakh,"162,093 km",CNG,Thane,2012
Kia Sonet GTX,₹ 9.94 Lakh,"33,807 km",Diesel,Kolkata,2021
Mercedes-Benz C-Class C200,₹ 49.03 Lakh,"90,604 km",Petrol,Chennai,2019
Kia Carens Prestige,₹ 5.08 Lakh,"116,775 km",Petrol,Hyderabad,2016
BMW 5 Series 520d,₹ 36.64 Lakh,"131,921 km",Petrol,Hyderabad,2016
BMW X1 sDrive20d,₹ 35.48 Lakh,"162,353 km",Petrol,Bangalore,2014
Mercedes-Benz C-Class C200,₹ 47.61 Lakh,"132,976 km",Diesel,Bangalore,2017
Tata Harrier XZ,₹ 4.80 Lakh,"87,641 km",Diesel,Ahmedabad,2020
Honda City VX,₹ 5.36 Lakh,"55,744 km",Diesel,Mumbai,2021
Maruti Suzuki Ciaz ZXI+,₹ 1.20 Lakh,"97,497 km",CNG,Kolkata,2019
Mercedes-Benz E-Class E220d,₹ 45.72 Lakh,"158,113 km",Diesel,Pune,2014
Mercedes-Benz E-Class E220d,₹ 49.61 Lakh,"91,746 km",Petrol,Mumbai,2019
Mahindra Scorpio S11,₹ 1.93 Lakh,"192,696 km",CNG,Thane,2013
Tata Safari XZ+,₹ 7.49 Lakh,"42,461 km",Petrol,Noida,2023
Audi Q5 quattro,₹ 32.80 Lakh,"125,756 km",Petrol,Pune,2017
Mercedes-Benz GLA 220d,₹ 51.41 Lakh,"43,042 km",Petrol,Kolkata,2022
Hyundai i10 Magna,₹ 4.39 Lakh,"67,387 km",CNG,Thane,2022
Tata Tiago XT,₹ 8.74 Lakh,"31,383 km",Diesel,Hyderabad,2023
Mahindra XUV500 W8,₹ 6.51 Lakh,"105,927 km",Diesel,Pune,2017
BMW 5 Series 520d,₹ 37.01 Lakh,"130,484 km",Diesel,Hyderabad,2015
Audi Q3 Premium,₹ 35.14 Lakh,"91,646 km",Petrol,Chennai,2019
Hyundai i10 Magna,₹ 3.99 Lakh,"78,193 km",CNG,Thane,2021
Mahindra Thar LX,₹ 9.70 Lakh,"72,403 km",CNG,Thane,2021
Toyota Fortuner 2.8 4x2,₹ 12.37 Lakh,"47,180 km",CNG,Mumbai,2023
Mahindra Scorpio S11,₹ 2.08 Lakh,"187,895 km",Diesel,Pune,2012
Hyundai Venue S,₹ 1.20 Lakh,"125,951 km",Diesel,Mumbai,2015
Mercedes-Benz C-Class C200,₹ 50.98 Lakh,"75,403 km",Diesel,Pune,2021
Honda Amaze VX,₹ 3.73 Lakh,"113,371 km",Diesel,Delhi,2018
Toyota Corolla Altis G,₹ 5.70 Lakh,"149,478 km",Petrol,Mumbai,2015
Kia Sonet GTX,₹ 4.53 Lakh,"144,275 km",Petrol,Ahmedabad,2015
BMW 5 Series 520d,₹ 40.89 Lakh,"88,478 km",Diesel,Noida,2021
Honda BR-V VX,₹ 1.20 Lakh,"148,248 km",Diesel,Mumbai,2014
Audi Q3 Premium,₹ 36.96 Lakh,"46,978 km",Petrol,Kolkata,2022
Audi A4 35 TDI,₹ 37.07 Lakh,"48,915 km",Petrol,Chennai,2023
Mercedes-Benz E-Class E220d,₹ 50.78 Lakh,"55,347 km",Diesel,Noida,2019
Audi Q5 quattro,₹ 31.31 Lakh,"152,624 km",Petrol,Mumbai,2015
Mercedes-Benz E-Class E220d,₹ 51.38 Lakh,"59,859 km",Petrol,Ahmedabad,2020
Maruti Suzuki Ciaz ZXI+,₹ 1.20 Lakh,"142,663 km",Diesel,Bangalore,2016
Honda BR-V VX,₹ 7.12 Lakh,"40,550 km",CNG,Mumbai,2023
Maruti Suzuki S-Presso VXi,₹ 1.83 Lakh,"65,890 km",Petrol,Chennai,2021
BMW X1 sDrive20d,₹ 35.40 Lakh,"156,553 km",Petrol,Pune,2014
Maruti Suzuki Vitara Brezza VDi,₹ 2.51 Lakh,"63,377 km",Diesel,Chennai,2021
Hyundai Venue S,₹ 3.00 Lakh,"93,569 km",Diesel,Hyderabad,2019
BMW 3 Series 320d,₹ 38.05 Lakh,"128,326 km",Diesel,Noida,2016
Audi Q3 Premium,₹ 37.70 Lakh,"43,090 km",Diesel,Thane,2022
Tata Nexon XZ+,₹ 5.13 Lakh,"84,005 km",Petrol,Thane,2019
Mahindra XUV500 W8,₹ 11.04 Lakh,"50,175 km",Diesel,Ahmedabad,2023
BMW 3 Series 320d,₹ 39.65 Lakh,"76,962 km",Petrol,Mumbai,2018
Maruti Suzuki Vitara Brezza VDi,₹ 1.20 Lakh,"157,721 km",Petrol,Mumbai,2013
Kia Sonet GTX,₹ 3.43 Lakh,"154,778 km",Petrol,Ahmedabad,2014
Toyota Corolla Altis G,₹ 8.48 Lakh,"91,493 km",Petrol,Bangalore,2019
Audi Q3 Premium,₹ 31.97 Lakh,"113,626 km",Diesel,Delhi,2015
Mercedes-Benz C-Class C200,₹ 47.47 Lakh,"132,627 km",Diesel,Hyderabad,2016
BMW 3 Series 320d,₹ 33.69 Lakh,"181,702 km",Diesel,Noida,2012
Audi Q3 Premium,₹ 35.73 Lakh,"67,824 km",Diesel,Mumbai,2020
Tata Harrier XZ,₹ 3.63 Lakh,"104,609 km",Petrol,Chennai,2018
Toyota Corolla Altis G,₹ 8.81 Lakh,"80,961 km",Diesel,Ahmedabad,2018
Maruti Suzuki Ertiga VXI CNG,₹ 1.42 Lakh,"49,689 km",Diesel,Noida,2019
Toyota Innova Crysta GX,₹ 5.87 Lakh,"129,778 km",Petrol,Mumbai,2016
BMW 5 Series 520d,₹ 40.93 Lakh,"75,464 km",Petrol,Mumbai,2022
Audi Q5 quattro,₹ 36.25 Lakh,"89,176 km",Diesel,Mumbai,2021
Mahindra Thar LX,₹ 8.52 Lakh,"69,178 km",Diesel,Thane,2020
Mahindra Thar LX,₹ 9.84 Lakh,"55,675 km",Petrol,Mumbai,2022
Honda Amaze VX,₹ 1.20 Lakh,"170,802 km",Diesel,Mumbai,2013
Tata Harrier XZ,₹ 1.20 Lakh,"162,014 km",Diesel,Chennai,2013
Hyundai Venue S,₹ 5.21 Lakh,"55,228 km",CNG,Ahmedabad,2022
Kia Seltos GTX,₹ 3.99 Lakh,"132,425 km",CNG,Pune,2015
Tata Safari XZ+,₹ 6.62 Lakh,"50,941 km",Petrol,Pune,2022
Tata Nexon XZ+,₹ 6.52 Lakh,"49,994 km",CNG,Noida,2022
BMW 3 Series 320d,₹ 38.68 Lakh,"111,974 km",Diesel,Chennai,2018
Tata Harrier XZ,₹ 4.00 Lakh,"101,906 km",Diesel,Ahmedabad,2017
Audi A4 35 TDI,₹ 36.75 Lakh,"55,711 km",Diesel,Thane,2022
Tata Safari XZ+,₹ 1.20 Lakh,"166,305 km",Petrol,Pune,2014
Audi Q5 quattro,₹ 30.37 Lakh,"146,447 km",Diesel,Hyderabad,2013
Tata Harrier XZ,₹ 2.83 Lakh,"126,420 km",Diesel,Noida,2016
Kia Sonet GTX,₹ 10.22 Lakh,"41,228 km",Petrol,Mumbai,2023
Toyota Corolla Altis G,₹ 11.15 Lakh,"57,409 km",CNG,Mumbai,2023
Audi Q5 quattro,₹ 37.56 Lakh,"26,282 km",Petrol,Delhi,2023
Mercedes-Benz E-Class E220d,₹ 44.90 Lakh,"169,441 km",Petrol,Mumbai,2013
Audi Q3 Premium,₹ 32.27 Lakh,"157,044 km",Diesel,Chennai,2015
Audi Q5 quattro,₹ 29.74 Lakh,"170,979 km",Diesel,Mumbai,2013
Audi Q3 Premium,₹ 33.73 Lakh,"86,542 km",Diesel,Ahmedabad,2018
Kia Sonet GTX,₹ 6.43 Lakh,"102,111 km",Diesel,Chennai,2017
Honda Amaze VX,₹ 3.81 Lakh,"89,801 km",Diesel,Hyderabad,2019
Honda WR-V VX,₹ 2.78 Lakh,"107,913 km",CNG,Thane,2018
Honda Jazz VX,₹ 6.14 Lakh,"56,387 km",CNG,Noida,2021
BMW 5 Series 520d,₹ 37.51 Lakh,"124,153 km",Diesel,Thane,2017
Mercedes-Benz GLA 220d,₹ 50.73 Lakh,"67,241 km",Petrol,Hyderabad,2020
Hyundai i10 Magna,₹ 2.27 Lakh,"104,187 km",Diesel,Delhi,2017
Maruti Suzuki Ciaz ZXI+,₹ 1.20 Lakh,"127,688 km",Petrol,Pune,2014
Tata Safari XZ+,₹ 1.20 Lakh,"180,354 km",Diesel,Ahmedabad,2013
Tata Tiago XT,₹ 1.20 Lakh,"152,289 km",Diesel,Ahmedabad,2013
Audi Q5 quattro,₹ 37.72 Lakh,"62,278 km",Diesel,Noida,2022
Kia Carens Prestige,₹ 9.88 Lakh,"57,176 km",Diesel,Delhi,2021
Mercedes-Benz C-Class C200,₹ 45.14 Lakh,"171,185 km",Petrol,Thane,2015
Mercedes-Benz GLA 220d,₹ 50.39 Lakh,"92,060 km",Diesel,Thane,2019
BMW 3 Series 320d,₹ 41.56 Lakh,"59,306 km",Petrol,Ahmedabad,2021
Tata Harrier XZ,₹ 5.21 Lakh,"88,597 km",Diesel,Pune,2019
Hyundai Elite i20 Sportz,₹ 1.40 Lakh,"100,266 km",Diesel,Pune,2018
Honda WR-V VX,₹ 6.59 Lakh,"48,959 km",Diesel,Bangalore,2023
Mahindra Thar LX,₹ 2.44 Lakh,"168,857 km",CNG,Hyderabad,2013
Kia Carens Prestige,₹ 4.63 Lakh,"152,996 km",Diesel,Delhi,2014
Mahindra Thar LX,₹ 3.35 Lakh,"153,850 km",Petrol,Noida,2013
Tata Harrier XZ,₹ 6.53 Lakh,"48,712 km",Diesel,Ahmedabad,2022
Kia Carens Prestige,₹ 8.44 Lakh,"82,050 km",CNG,Mumbai,2020
Tata Harrier XZ,₹ 7.31 Lakh,"47,973 km",Petrol,Bangalore,2023
Toyota Innova Crysta GX,₹ 3.63 Lakh,"173,581 km",CNG,Bangalore,2012
Toyota Etios Liva G,₹ 8.84 Lakh,"94,967 km",Petrol,Bangalore,2020
Honda WR-V VX,₹ 1.23 Lakh,"129,397 km",Petrol,Bangalore,2015
Honda WR-V VX,₹ 4.36 Lakh,"99,979 km",Diesel,Chennai,2019
Mahindra Scorpio S11,₹ 8.64 Lakh,"70,589 km",Petrol,Noida,2020
Tata Safari XZ+,₹ 5.54 Lakh,"93,843 km",Diesel,Pune,2020
Honda BR-V VX,₹ 1.89 Lakh,"121,735 km",Diesel,Noida,2016
Hyundai Creta SX,₹ 3.27 Lakh,"83,952 km",Diesel,Bangalore,2018
Kia Sonet GTX,₹ 9.44 Lakh,"78,181 km",Diesel,Noida,2020
Maruti Suzuki Vitara Brezza VDi,₹ 1.20 Lakh,"126,625 km",Diesel,Thane,2015
Honda City VX,₹ 1.20 Lakh,"144,113 km",Petrol,Chennai,2015
Toyota Glanza G,₹ 7.85 Lakh,"87,027 km",Petrol,Pune,2019
Toyota Corolla Altis G,₹ 10.54 Lakh,"53,638 km",CNG,Hyderabad,2022
Hyundai Santro Sportz,₹ 1.20 Lakh,"118,001 km",CNG,Delhi,2017
Hyundai Venue S,₹ 3.00 Lakh,"83,978 km",Diesel,Thane,2018
Honda Jazz VX,₹ 2.29 Lakh,"103,747 km",Petrol,Noida,2018
Audi Q5 quattro,₹ 36.87 Lakh,"44,123 km",Petrol,Hyderabad,2023
Mahindra Thar LX,₹ 9.60 Lakh,"65,152 km",CNG,Delhi,2022
Toyota Innova Crysta GX,₹ 5.01 Lakh,"151,462 km",Diesel,Noida,2013
Maruti Suzuki Ertiga VXI CNG,₹ 1.20 Lakh,"113,492 km",Petrol,Hyderabad,2018
Mahindra XUV500 W8,₹ 6.35 Lakh,"125,968 km",Diesel,Mumbai,2016
Kia Carens Prestige,₹ 4.27 Lakh,"152,796 km",Diesel,Thane,2014
Honda Jazz VX,₹ 2.98 Lakh,"103,364 km",Petrol,Thane,2017
Honda WR-V VX,₹ 4.80 Lakh,"70,260 km",Petrol,Ahmedabad,2022
Kia Seltos GTX,₹ 2.39 Lakh,"173,425 km",Petrol,Thane,2013
Hyundai Elite i20 Sportz,₹ 2.53 Lakh,"103,087 km",Diesel,Mumbai,2019
Mercedes-Benz GLA 220d,₹ 46.53 Lakh,"140,088 km",Diesel,Noida,2013
BMW X1 sDrive20d,₹ 38.49 Lakh,"125,096 km",Petrol,Chennai,2017
Maruti Suzuki Wagon R 1.0 VXI,₹ 1.20 Lakh,"128,447 km",CNG,Delhi,2018
Audi Q5 quattro,₹ 31.85 Lakh,"151,654 km",Diesel,Kolkata,2014
Maruti Suzuki S-Presso VXi,₹ 1.20 Lakh,"163,302 km",Diesel,Hyderabad,2013
Toyota Corolla Altis G,₹ 3.36 Lakh,"149,212 km",Petrol,Mumbai,2012
Kia Seltos GTX,₹ 6.32 Lakh,"83,076 km",Petrol,Kolkata,2018
Honda Amaze VX,₹ 4.03 Lakh,"84,052 km",CNG,Kolkata,2019
Audi Q5 quattro,₹ 35.66 Lakh,"86,864 km",Diesel,Delhi,2021
BMW 3 Series 320d,₹ 40.72 Lakh,"84,959 km",Diesel,Bangalore,2020
Toyota Fortuner 2.8 4x2,₹ 5.06 Lakh,"156,215 km",CNG,Kolkata,2014
Honda Amaze VX,₹ 1.35 Lakh,"134,795 km",CNG,Hyderabad,2016
Tata Safari XZ+,₹ 3.60 Lakh,"115,330 km",Diesel,Hyderabad,2017
Audi Q5 quattro,₹ 33.81 Lakh,"103,645 km",Petrol,Kolkata,2018
Maruti Suzuki S-Presso VXi,₹ 3.62 Lakh,"41,955 km",CNG,Bangalore,2022
Tata Safari XZ+,₹ 2.16 Lakh,"108,419 km",CNG,Hyderabad,2015
Mahindra Thar LX,₹ 9.91 Lakh,"73,824 km",CNG,Ahmedabad,2022
Tata Tiago XT,₹ 5.90 Lakh,"77,526 km",Petrol,Mumbai,2020
BMW X1 sDrive20d,₹ 39.83 Lakh,"102,973 km",Diesel,Noida,2019
Toyota Glanza G,₹ 8.95 Lakh,"90,318 km",Petrol,Hyderabad,2019
Mercedes-Benz GLA 220d,₹ 50.32 Lakh,"71,803 km",Diesel,Pune,2020
Toyota Glanza G,₹ 6.93 Lakh,"105,669 km",Diesel,Mumbai,2017
Hyundai Elite i20 Sportz,₹ 2.65 Lakh,"86,979 km",Petrol,Delhi,2018
Toyota Fortuner 2.8 4x2,₹ 8.03 Lakh,"122,190 km",Diesel,Bangalore,2017
Kia Seltos GTX,₹ 8.98 Lakh,"74,456 km",CNG,Hyderabad,2022
Kia Carens Prestige,₹ 4.49 Lakh,"133,093 km",Petrol,Hyderabad,2016
Hyundai Elite i20 Sportz,₹ 1.20 Lakh,"181,667 km",CNG,Bangalore,2012
Maruti Suzuki Swift VXi,₹ 1.20 Lakh,"100,244 km",CNG,Noida,2019
BMW X1 sDrive20d,₹ 37.95 Lakh,"131,718 km",Diesel,Ahmedabad,2016
Mercedes-Benz GLA 220d,₹ 52.93 Lakh,"50,394 km",Diesel,Noida,2022
Maruti Suzuki Alto 800 LXi,₹ 1.20 Lakh,"111,720 km",Diesel,Kolkata,2017
Toyota Innova Crysta GX,₹ 4.66 Lakh,"162,587 km",Diesel,Noida,2014
BMW 5 Series 520d,₹ 36.82 Lakh,"97,369 km",Petrol,Bangalore,2015
Toyota Glanza G,₹ 4.99 Lakh,"142,872 km",CNG,Chennai,2014
Hyundai Grand i10 Magna,₹ 2.95 Lakh,"80,139 km",Diesel,Ahmedabad,2018
Maruti Suzuki Baleno Delta 1.2,₹ 1.20 Lakh,"97,656 km",Diesel,Kolkata,2016
Tata Nexon XZ+,₹ 6.79 Lakh,"37,716 km",Diesel,Noida,2022
BMW 3 Series 320d,₹ 40.30 Lakh,"85,423 km",Petrol,Noida,2019
BMW X1 sDrive20d,₹ 41.57 Lakh,"58,866 km",Petrol,Bangalore,2022
Hyundai Elite i20 Sportz,₹ 4.13 Lakh,"51,153 km",CNG,Thane,2020
Hyundai Venue S,₹ 5.06 Lakh,"46,847 km",CNG,Hyderabad,2023
Hyundai Elite i20 Sportz,₹ 1.20 Lakh,"168,713 km",CNG,Pune,2013
Tata Tiago XT,₹ 3.23 Lakh,"118,144 km",Diesel,Chennai,2017
Hyundai Santro Sportz,₹ 1.20 Lakh,"111,504 km",Diesel,Pune,2015
Maruti Suzuki Ertiga VXI CNG,₹ 1.20 Lakh,"110,420 km",CNG,Ahmedabad,2018
Mahindra Scorpio S11,₹ 2.03 Lakh,"159,854 km",Petrol,Hyderabad,2012
Hyundai Santro Sportz,₹ 1.20 Lakh,"157,381 km",Diesel,Chennai,2013
Hyundai Venue S,₹ 1.20 Lakh,"166,815 km",Petrol,Delhi,2012
Honda WR-V VX,₹ 1.20 Lakh,"142,319 km",CNG,Hyderabad,2015
Audi Q5 quattro,₹ 37.09 Lakh,"59,081 km",Diesel,Ahmedabad,2022
Kia Sonet GTX,₹ 6.36 Lakh,"104,745 km",Diesel,Mumbai,2018
Mercedes-Benz C-Class C200,₹ 52.37 Lakh,"55,676 km",Petrol,Pune,2022
Kia Carens Prestige,₹ 2.78 Lakh,"155,819 km",CNG,Kolkata,2012
Honda Amaze VX,₹ 1.20 Lakh,"178,359 km",Petrol,Pune,2013
Honda Amaze VX,₹ 6.28 Lakh,"69,922 km",CNG,Delhi,2022
Tata Safari XZ+,₹ 2.83 Lakh,"125,650 km",Diesel,Bangalore,2017
Audi A4 35 TDI,₹ 31.57 Lakh,"136,764 km",Diesel,Mumbai,2014
Tata Harrier XZ,₹ 7.57 Lakh,"45,368 km",CNG,Pune,2023
Toyota Corolla Altis G,₹ 10.65 Lakh,"67,166 km",Diesel,Delhi,2021
Mahindra Scorpio S11,₹ 3.79 Lakh,"151,017 km",Diesel,Chennai,2014
Hyundai i10 Magna,₹ 2.08 Lakh,"115,851 km",Diesel,Chennai,2019
Toyota Fortuner 2.8 4x2,₹ 4.48 Lakh,"179,921 km",Diesel,Noida,2013
Maruti Suzuki Ertiga VXI CNG,₹ 1.20 Lakh,"166,396 km",Diesel,Pune,2012
Toyota Etios Liva G,₹ 11.15 Lakh,"59,774 km",CNG,Pune,2022
Toyota Glanza G,₹ 10.82 Lakh,"58,202 km",Petrol,Kolkata,2022
Maruti Suzuki S-Presso VXi,₹ 1.81 Lakh,"56,475 km",CNG,Ahmedabad,2020
Kia Seltos GTX,₹ 2.54 Lakh,"170,937 km",CNG,Thane,2013
Maruti Suzuki Ciaz ZXI+,₹ 1.20 Lakh,"157,442 km",Diesel,Pune,2013
BMW 3 Series 320d,₹ 36.46 Lakh,"127,021 km",Petrol,Hyderabad,2015
Mercedes-Benz E-Class E220d,₹ 47.41 Lakh,"122,154 km",Diesel,Delhi,2015
Audi Q3 Premium,₹ 29.92 Lakh,"155,757 km",Petrol,Hyderabad,2014
BMW 5 Series 520d,₹ 33.82 Lakh,"172,971 km",Diesel,Kolkata,2012
Hyundai Verna SX,₹ 1.29 Lakh,"114,087 km",CNG,Chennai,2017
BMW 5 Series 520d,₹ 41.18 Lakh,"69,591 km",Diesel,Noida,2022
Mahindra XUV500 W8,₹ 10.12 Lakh,"66,868 km",Diesel,Kolkata,2021
Honda BR-V VX,₹ 1.20 Lakh,"148,181 km",Petrol,Chennai,2013
Maruti Suzuki Ertiga VXI CNG,₹ 1.20 Lakh,"134,501 km",CNG,Noida,2015
Honda Amaze VX,₹ 1.20 Lakh,"145,761 km",Petrol,Noida,2013
Tata Nexon XZ+,₹ 7.16 Lakh,"48,641 km",CNG,Chennai,2023
BMW X1 sDrive20d,₹ 42.02 Lakh,"65,840 km",Diesel,Chennai,2022
Toyota Glanza G,₹ 4.08 Lakh,"150,638 km",Petrol,Delhi,2013
Mercedes-Benz E-Class E220d,₹ 50.89 Lakh,"74,759 km",Diesel,Hyderabad,2021
Hyundai Creta SX,₹ 1.20 Lakh,"124,728 km",Diesel,Kolkata,2017
Mahindra XUV500 W8,₹ 10.45 Lakh,"38,849 km",Diesel,Chennai,2023
Honda WR-V VX,₹ 6.10 Lakh,"32,950 km",Petrol,Pune,2023
Tata Harrier XZ,₹ 4.40 Lakh,"80,954 km",Petrol,Hyderabad,2019
BMW 3 Series 320d,₹ 42.31 Lakh,"29,520 km",Petrol,Pune,2023
Hyundai Santro Sportz,₹ 1.20 Lakh,"124,680 km",Diesel,Bangalore,2016
Mercedes-Benz C-Class C200,₹ 49.37 Lakh,"87,173 km",Petrol,Delhi,2019
Audi Q3 Premium,₹ 29.85 Lakh,"148,720 km",Diesel,Ahmedabad,2013
Mahindra Scorpio S11,₹ 3.68 Lakh,"137,810 km",CNG,Ahmedabad,2014
Maruti Suzuki Vitara Brezza VDi,₹ 1.20 Lakh,"105,652 km",CNG,Kolkata,2017
Mercedes-Benz C-Class C200,₹ 49.09 Lakh,"82,749 km",Petrol,Bangalore,2018
BMW X1 sDrive20d,₹ 39.30 Lakh,"104,841 km",Diesel,Chennai,2017
Hyundai Creta SX,₹ 3.62 Lakh,"67,435 km",Petrol,Delhi,2021
Hyundai Grand i10 Magna,₹ 4.26 Lakh,"56,581 km",CNG,Hyderabad,2022
Maruti Suzuki S-Presso VXi,₹ 1.20 Lakh,"109,966 km",Petrol,Ahmedabad,2017
Maruti Suzuki Baleno Delta 1.2,₹ 1.20 Lakh,"111,984 km",CNG,Pune,2016
Hyundai Creta SX,₹ 1.20 Lakh,"145,844 km",Petrol,Bangalore,2015
Honda City VX,₹ 4.17 Lakh,"67,958 km",Diesel,Kolkata,2020
Mercedes-Benz E-Class E220d,₹ 46.84 Lakh,"137,906 km",Diesel,Hyderabad,2015
Audi Q3 Premium,₹ 35.51 Lakh,"98,826 km",Diesel,Kolkata,2020
Hyundai Creta SX,₹ 1.20 Lakh,"139,974 km",Diesel,Thane,2013
Kia Carens Prestige,₹ 2.60 Lakh,"156,451 km",CNG,Hyderabad,2012
Mahindra XUV500 W8,₹ 9.79 Lakh,"63,344 km",Petrol,Delhi,2021
Audi Q3 Premium,₹ 31.92 Lakh,"121,659 km",Diesel,Thane,2016
BMW X1 sDrive20d,₹ 37.58 Lakh,"110,327 km",Petrol,Hyderabad,2016
Hyundai Creta SX,₹ 1.20 Lakh,"120,146 km",CNG,Pune,2015
Tata Tiago XT,₹ 3.21 Lakh,"119,021 km",Diesel,Mumbai,2017
BMW 3 Series 320d,₹ 34.49 Lakh,"169,238 km",Petrol,Ahmedabad,2012
Audi Q5 quattro,₹ 31.06 Lakh,"156,881 km",Diesel,Pune,2014
Hyundai Santro Sportz,₹ 1.20 Lakh,"161,513 km",CNG,Bangalore,2013
Toyota Corolla Altis G,₹ 7.43 Lakh,"110,216 km",Petrol,Bangalore,2017
Audi Q3 Premium,₹ 35.56 Lakh,"56,581 km",Diesel,Ahmedabad,2019
Mahindra XUV500 W8,₹ 7.36 Lakh,"92,838 km",Petrol,Ahmedabad,2019
Tata Nexon XZ+,₹ 3.11 Lakh,"129,255 km",Petrol,Hyderabad,2017
BMW 3 Series 320d,₹ 39.33 Lakh,"86,532 km",Petrol,Chennai,2018
BMW 3 Series 320d,₹ 41.33 Lakh,"67,322 km",Diesel,Hyderabad,2022
Mercedes-Benz C-Class C200,₹ 53.62 Lakh,"29,176 km",Petrol,Delhi,2023
Mercedes-Benz E-Class E220d,₹ 47.95 Lakh,"112,889 km",Diesel,Kolkata,2017
Hyundai i10 Magna,₹ 1.20 Lakh,"134,271 km",Diesel,Mumbai,2015
BMW X1 sDrive20d,₹ 35.44 Lakh,"162,537 km",Diesel,Kolkata,2013
Toyota Glanza G,₹ 7.92 Lakh,"100,731 km",Petrol,Thane,2018
Maruti Suzuki Alto 800 LXi,₹ 1.20 Lakh,"136,505 km",Petrol,Mumbai,2016
Hyundai Venue S,₹ 1.20 Lakh,"147,909 km",Diesel,Kolkata,2014
Tata Harrier XZ,₹ 2.24 Lakh,"116,345 km",Diesel,Hyderabad,2016
Mahindra XUV500 W8,₹ 7.23 Lakh,"104,966 km",Diesel,Bangalore,2018
Mercedes-Benz C-Class C200,₹ 48.26 Lakh,"111,238 km",Petrol,Noida,2017
Honda City VX,₹ 3.89 Lakh,"80,752 km",Petrol,Mumbai,2019
BMW X1 sDrive20d,₹ 42.51 Lakh,"55,524 km",Diesel,Ahmedabad,2022
Mahindra XUV500 W8,₹ 8.49 Lakh,"76,513 km",Petrol,Noida,2020
Kia Carens Prestige,₹ 11.83 Lakh,"40,133 km",Diesel,Kolkata,2023
Audi A4 35 TDI,₹ 37.09 Lakh,"51,540 km",Petrol,Pune,2023
Honda City VX,₹ 2.89 Lakh,"111,226 km",CNG,Ahmedabad,2017
Mahindra Scorpio S11,₹ 9.73 Lakh,"80,365 km",Diesel,Chennai,2022
Tata Nexon XZ+,₹ 6.50 Lakh,"65,873 km",CNG,Chennai,2021
Mahindra Scorpio S11,₹ 10.13 Lakh,"37,318 km",CNG,Hyderabad,2023
Maruti Suzuki Swift VXi,₹ 1.20 Lakh,"154,910 km",Petrol,Pune,2015
Mahindra Scorpio S11,₹ 10.15 Lakh,"37,062 km",CNG,Mumbai,2022
BMW 3 Series 320d,₹ 40.71 Lakh,"73,274 km",Petrol,Chennai,2021
Audi Q3 Premium,₹ 28.78 Lakh,"177,031 km",Diesel,Mumbai,2012
Tata Nexon XZ+,₹ 1.20 Lakh,"169,705 km",Diesel,Pune,2012
Kia Carens Prestige,₹ 5.16 Lakh,"148,926 km",Diesel,Thane,2015
Mahindra XUV500 W8,₹ 6.53 Lakh,"104,876 km",CNG,Noida,2017
Tata Safari XZ+,₹ 3.59 Lakh,"106,425 km",Petrol,Ahmedabad,2018
Maruti Suzuki Swift VXi,₹ 1.20 Lakh,"118,800 km",CNG,Ahmedabad,2015
Hyundai Verna SX,₹ 1.20 Lakh,"157,487 km",Petrol,Delhi,2013
Kia Sonet GTX,₹ 3.79 Lakh,"144,147 km",CNG,Delhi,2014
Mahindra Scorpio S11,₹ 2.15 Lakh,"162,472 km",Diesel,Hyderabad,2012
Maruti Suzuki S-Presso VXi,₹ 1.20 Lakh,"162,496 km",CNG,Chennai,2013
BMW 5 Series 520d,₹ 43.29 Lakh,"31,878 km",Petrol,Hyderabad,2023
Hyundai Santro Sportz,₹ 1.20 Lakh,"163,781 km",Petrol,Hyderabad,2012
BMW 5 Series 520d,₹ 40.15 Lakh,"65,379 km",Diesel,Bangalore,2019
Kia Seltos GTX,₹ 7.82 Lakh,"74,039 km",Diesel,Chennai,2018
Tata Tiago XT,₹ 7.72 Lakh,"51,321 km",CNG,Noida,2022
Honda Amaze VX,₹ 5.73 Lakh,"42,757 km",CNG,Hyderabad,2022
Hyundai i10 Magna,₹ 1.20 Lakh,"187,693 km",Petrol,Kolkata,2013
Tata Tiago XT,₹ 4.93 Lakh,"103,761 km",CNG,Bangalore,2019
BMW X1 sDrive20d,₹ 42.08 Lakh,"34,450 km",Petrol,Noida,2023
Tata Tiago XT,₹ 6.10 Lakh,"90,231 km",Diesel,Mumbai,2020
Mercedes-Benz GLA 220d,₹ 47.96 Lakh,"116,543 km",Petrol,Ahmedabad,2016
Audi Q3 Premium,₹ 34.22 Lakh,"104,071 km",Diesel,Pune,2018
Audi Q3 Premium,₹ 35.55 Lakh,"108,704 km",Diesel,Kolkata,2020
BMW 5 Series 520d,₹ 42.66 Lakh,"39,010 km",Petrol,Pune,2022
BMW 3 Series 320d,₹ 39.84 Lakh,"72,389 km",Diesel,Ahmedabad,2019
Honda Amaze VX,₹ 1.20 Lakh,"139,235 km",Diesel,Delhi,2013
Audi Q5 quattro,₹ 34.61 Lakh,"79,920 km",Petrol,Kolkata,2019
BMW 5 Series 520d,₹ 38.59 Lakh,"96,832 km",Diesel,Noida,2018
Hyundai Verna SX,₹ 1.20 Lakh,"125,603 km",Diesel,Bangalore,2015
Tata Harrier XZ,₹ 3.21 Lakh,"97,629 km",Petrol,Delhi,2017
Mercedes-Benz E-Class E220d,₹ 44.73 Lakh,"164,939 km",Petrol,Chennai,2012
BMW 5 Series 520d,₹ 41.33 Lakh,"77,539 km",Petrol,Hyderabad,2021
Mercedes-Benz GLA 220d,₹ 50.92 Lakh,"64,306 km",Petrol,Kolkata,2022
Tata Tiago XT,₹ 4.05 Lakh,"75,387 km",Petrol,Pune,2019
BMW 5 Series 520d,₹ 35.34 Lakh,"174,940 km",Diesel,Ahmedabad,2012
Maruti Suzuki Swift VXi,₹ 1.20 Lakh,"106,378 km",CNG,Pune,2017
Mercedes-Benz GLA 220d,₹ 51.45 Lakh,"72,183 km",Petrol,Kolkata,2021
Honda Amaze VX,₹ 3.73 Lakh,"109,374 km",Diesel,Pune,2018
Audi Q3 Premium,₹ 33.36 Lakh,"112,650 km",Petrol,Ahmedabad,2017
BMW 5 Series 520d,₹ 42.74 Lakh,"45,457 km",Petrol,Pune,2022
Maruti Suzuki Vitara Brezza VDi,₹ 1.20 Lakh,"177,786 km",CNG,Ahmedabad,2012
Maruti Suzuki S-Presso VXi,₹ 1.20 Lakh,"129,814 km",Petrol,Thane,2014
Honda WR-V VX,₹ 3.19 Lakh,"104,607 km",CNG,Ahmedabad,2018
Audi Q3 Premium,₹ 29.30 Lakh,"187,430 km",Petrol,Bangalore,2012
Kia Sonet GTX,₹ 2.96 Lakh,"167,983 km",Petrol,Chennai,2012
Mercedes-Benz GLA 220d,₹ 44.44 Lakh,"174,826 km",Petrol,Chennai,2012
Tata Tiago XT,₹ 6.19 Lakh,"69,488 km",Petrol,Noida,2020
Tata Harrier XZ,₹ 8.59 Lakh,"38,380 km",Diesel,Noida,2023
Hyundai Venue S,₹ 1.20 Lakh,"116,151 km",Petrol,Kolkata,2017
BMW X1 sDrive20d,₹ 41.51 Lakh,"76,631 km",Diesel,Chennai,2020
Mercedes-Benz C-Class C200,₹ 50.81 Lakh,"74,682 km",Diesel,Chennai,2021
Kia Carens Prestige,₹ 5.76 Lakh,"135,619 km",Diesel,Bangalore,2017
Honda Amaze VX,₹ 1.20 Lakh,"176,104 km",Petrol,Chennai,2012
Mahindra Thar LX,₹ 8.78 Lakh,"60,754 km",CNG,Thane,2021
Maruti Suzuki S-Presso VXi,₹ 2.87 Lakh,"53,633 km",Petrol,Mumbai,2022
Toyota Fortuner 2.8 4x2,₹ 11.27 Lakh,"34,024 km",Petrol,Bangalore,2023
BMW 5 Series 520d,₹ 36.67 Lakh,"155,329 km",Diesel,Chennai,2015
Honda Amaze VX,₹ 5.41 Lakh,"62,017 km",Petrol,Chennai,2021
Mahindra Scorpio S11,₹ 9.04 Lakh,"79,916 km",Petrol,Delhi,2021
Honda BR-V VX,₹ 2.18 Lakh,"116,772 km",Petrol,Delhi,2016
Audi A4 35 TDI,₹ 35.88 Lakh,"81,487 km",Petrol,Noida,2020
Tata Safari XZ+,₹ 2.34 Lakh,"108,452 km",Petrol,Bangalore,2017
Toyota Fortuner 2.8 4x2,₹ 11.12 Lakh,"62,109 km",CNG,Mumbai,2021
Mercedes-Benz E-Class E220d,₹ 48.46 Lakh,"93,631 km",Petrol,Bangalore,2018
Tata Harrier XZ,₹ 6.15 Lakh,"61,346 km",CNG,Hyderabad,2020
Mahindra Scorpio S11,₹ 10.48 Lakh,"48,409 km",Petrol,Thane,2023
Kia Seltos GTX,₹ 7.45 Lakh,"82,479 km",CNG,Kolkata,2019
Audi Q5 quattro,₹ 33.22 Lakh,"121,461 km",Diesel,Kolkata,2017
Honda City VX,₹ 4.20 Lakh,"91,969 km",CNG,Hyderabad,2019
Kia Seltos GTX,₹ 5.47 Lakh,"135,050 km",Diesel,Hyderabad,2017
BMW X1 sDrive20d,₹ 41.94 Lakh,"71,644 km",Diesel,Pune,2021
Tata Harrier XZ,₹ 8.44 Lakh,"29,253 km",CNG,Kolkata,2023
BMW X1 sDrive20d,₹ 35.76 Lakh,"139,559 km",Petrol,Noida,2015
Honda BR-V VX,₹ 3.42 Lakh,"87,662 km",Diesel,Pune,2018
Audi Q3 Premium,₹ 36.06 Lakh,"70,045 km",Diesel,Mumbai,2021
BMW 5 Series 520d,₹ 43.08 Lakh,"55,578 km",Petrol,Noida,2023
Kia Sonet GTX,₹ 3.55 Lakh,"133,858 km",CNG,Pune,2014
Mahindra Thar LX,₹ 3.91 Lakh,"149,868 km",Petrol,Mumbai,2015
Tata Nexon XZ+,₹ 7.98 Lakh,"47,486 km",Petrol,Kolkata,2023
Mercedes-Benz C-Class C200,₹ 46.37 Lakh,"131,079 km",Diesel,Hyderabad,2014
Honda WR-V VX,₹ 3.31 Lakh,"100,797 km",Diesel,Thane,2017
Tata Safari XZ+,₹ 1.20 Lakh,"140,266 km",Petrol,Noida,2015
Toyota Glanza G,₹ 11.64 Lakh,"43,025 km",Petrol,Mumbai,2022
Mahindra Scorpio S11,₹ 5.91 Lakh,"116,151 km",Petrol,Delhi,2016
BMW 3 Series 320d,₹ 43.62 Lakh,"50,497 km",Diesel,Delhi,2023
BMW 5 Series 520d,₹ 40.77 Lakh,"74,503 km",Petrol,Ahmedabad,2021
Maruti Suzuki S-Presso VXi,₹ 1.20 Lakh,"161,252 km",Petrol,Bangalore,2015
BMW 3 Series 320d,₹ 38.79 Lakh,"94,227 km",Petrol,Mumbai,2019
Maruti Suzuki Swift VXi,₹ 2.32 Lakh,"75,125 km",Diesel,Noida,2022
Honda City VX,₹ 3.63 Lakh,"71,766 km",Petrol,Pune,2020
Maruti Suzuki Ertiga VXI CNG,₹ 1.20 Lakh,"156,292 km",Petrol,Thane,2013
Tata Safari XZ+,₹ 4.49 Lakh,"126,214 km",Diesel,Delhi,2018
Tata Harrier XZ,₹ 3.59 Lakh,"121,721 km",CNG,Mumbai,2017
BMW 3 Series 320d,₹ 35.92 Lakh,"170,116 km",Diesel,Mumbai,2013
Mahindra XUV500 W8,₹ 4.33 Lakh,"144,428 km",Diesel,Hyderabad,2013
Hyundai Verna SX,₹ 1.20 Lakh,"92,779 km",CNG,Chennai,2017
Honda WR-V VX,₹ 3.77 Lakh,"84,003 km",CNG,Hyderabad,2018
Tata Safari XZ+,₹ 5.78 Lakh,"79,242 km",Diesel,Pune,2019
Mahindra Thar LX,₹ 4.02 Lakh,"141,237 km",Diesel,Kolkata,2014
Tata Harrier XZ,₹ 1.20 Lakh,"140,214 km",Petrol,Chennai,2014
Tata Safari XZ+,₹ 1.20 Lakh,"183,346 km",CNG,Kolkata,2013
Tata Nexon XZ+,₹ 8.73 Lakh,"26,991 km",Diesel,Delhi,2023
Tata Nexon XZ+,₹ 4.55 Lakh,"99,388 km",Petrol,Ahmedabad,2018
Maruti Suzuki Swift VXi,₹ 3.52 Lakh,"43,938 km",Diesel,Ahmedabad,2021
Maruti Suzuki Baleno Delta 1.2,₹ 1.20 Lakh,"101,103 km",Diesel,Thane,2018
Mahindra XUV500 W8,₹ 6.07 Lakh,"123,704 km",Diesel,Pune,2016
Mercedes-Benz E-Class E220d,₹ 46.01 Lakh,"158,840 km",Petrol,Kolkata,2014
Maruti Suzuki Alto 800 LXi,₹ 3.61 Lakh,"38,956 km",Diesel,Delhi,2023
Audi Q5 quattro,₹ 34.14 Lakh,"103,944 km",Diesel,Chennai,2018
Mercedes-Benz E-Class E220d,₹ 44.49 Lakh,"170,526 km",Petrol,Noida,2012
Hyundai Elite i20 Sportz,₹ 1.20 Lakh,"157,864 km",Petrol,Kolkata,2014
Audi A4 35 TDI,₹ 34.54 Lakh,"86,944 km",Diesel,Pune,2019
Mahindra Scorpio S11,₹ 7.75 Lakh,"86,040 km",Petrol,Hyderabad,2019
BMW 5 Series 520d,₹ 38.20 Lakh,"99,538 km",Petrol,Pune,2018
BMW 3 Series 320d,₹ 39.22 Lakh,"94,864 km",Diesel,Mumbai,2017
Kia Seltos GTX,₹ 3.85 Lakh,"151,755 km",Diesel,Delhi,2013
Audi A4 35 TDI,₹ 29.68 Lakh,"150,556 km",Petrol,Kolkata,2012
Honda BR-V VX,₹ 1.49 Lakh,"136,235 km",Diesel,Delhi,2016
Kia Sonet GTX,₹ 7.47 Lakh,"87,142 km",Petrol,Chennai,2019
Honda City VX,₹ 5.55 Lakh,"61,790 km",Petrol,Thane,2021
Tata Nexon XZ+,₹ 3.35 Lakh,"103,765 km",Petrol,Mumbai,2016
Mercedes-Benz C-Class C200,₹ 45.70 Lakh,"152,453 km",Diesel,Ahmedabad,2013
Audi A4 35 TDI,₹ 31.96 Lakh,"147,021 km",Petrol,Kolkata,2015
Tata Nexon XZ+,₹ 5.31 Lakh,"74,559 km",CNG,Mumbai,2020
Mercedes-Benz E-Class E220d,₹ 47.49 Lakh,"119,988 km",Petrol,Chennai,2016
Audi Q5 quattro,₹ 29.72 Lakh,"188,074 km",Diesel,Ahmedabad,2012
Honda City VX,₹ 3.49 Lakh,"86,647 km",Petrol,Chennai,2020
Maruti Suzuki Alto 800 LXi,₹ 1.20 Lakh,"134,999 km",Petrol,Delhi,2014
Honda City VX,₹ 6.85 Lakh,"58,435 km",CNG,Chennai,2023
BMW 3 Series 320d,₹ 35.45 Lakh,"159,370 km",Petrol,Noida,2015
Hyundai Venue S,₹ 3.13 Lakh,"73,073 km",Diesel,Delhi,2019
Kia Seltos GTX,₹ 10.38 Lakh,"46,981 km",Diesel,Thane,2021
Toyota Etios Liva G,₹ 2.56 Lakh,"185,101 km",Petrol,Ahmedabad,2012
Kia Carens Prestige,₹ 6.94 Lakh,"91,543 km",Petrol,Noida,2019
Mahindra Thar LX,₹ 6.70 Lakh,"119,197 km",Petrol,Thane,2017
Maruti Suzuki Ertiga VXI CNG,₹ 2.83 Lakh,"63,111 km",CNG,Kolkata,2021
Audi Q3 Premium,₹ 30.68 Lakh,"177,416 km",Diesel,Pune,2013
Maruti Suzuki Alto 800 LXi,₹ 2.86 Lakh,"64,916 km",CNG,Pune,2022
Toyota Corolla Altis G,₹ 5.12 Lakh,"137,334 km",Petrol,Mumbai,2015
Maruti Suzuki Wagon R 1.0 VXI,₹ 2.86 Lakh,"49,664 km",CNG,Chennai,2023
Audi Q5 quattro,₹ 37.81 Lakh,"19,868 km",Petrol,Mumbai,2023
Mercedes-Benz GLA 220d,₹ 46.83 Lakh,"120,510 km",Diesel,Pune,2015
Mercedes-Benz C-Class C200,₹ 52.30 Lakh,"56,112 km",Petrol,Thane,2022
Maruti Suzuki Ciaz ZXI+,₹ 1.20 Lakh,"102,837 km",CNG,Noida,2019
BMW 5 Series 520d,₹ 38.02 Lakh,"126,286 km",Petrol,Delhi,2016
Maruti Suzuki Alto 800 LXi,₹ 1.20 Lakh,"131,796 km",Petrol,Noida,2017
Mahindra Thar LX,₹ 6.13 Lakh,"102,840 km",Diesel,Kolkata,2017
Audi Q5 quattro,₹ 29.13 Lakh,"165,702 km",Petrol,Mumbai,2012
Audi A4 35 TDI,₹ 35.26 Lakh,"75,031 km",Petrol,Mumbai,2020
Mahindra Thar LX,₹ 4.18 Lakh,"141,665 km",Petrol,Thane,2015
Mahindra Thar LX,₹ 1.72 Lakh,"183,559 km",Petrol,Hyderabad,2012
Tata Safari XZ+,₹ 1.20 Lakh,"171,790 km",CNG,Kolkata,2013
Mahindra XUV500 W8,₹ 10.42 Lakh,"48,027 km",Diesel,Delhi,2023
Mercedes-Benz GLA 220d,₹ 52.44 Lakh,"51,735 km",Petrol,Delhi,2023
Mahindra Scorpio S11,₹ 2.57 Lakh,"171,127 km",Diesel,Delhi,2013
Maruti Suzuki S-Presso VXi,₹ 1.20 Lakh,"122,633 km",Diesel,Ahmedabad,2016
Kia Carens Prestige,₹ 9.61 Lakh,"62,417 km",Petrol,Hyderabad,2021
Honda WR-V VX,₹ 3.33 Lakh,"98,927 km",Diesel,Thane,2018
Mercedes-Benz E-Class E220d,₹ 50.01 Lakh,"82,600 km",Diesel,Thane,2019
Mercedes-Benz C-Class C200,₹ 44.86 Lakh,"166,742 km",Petrol,Bangalore,2012
Mercedes-Benz C-Class C200,₹ 49.09 Lakh,"98,181 km",Diesel,Ahmedabad,2018
Kia Seltos GTX,₹ 7.35 Lakh,"97,881 km",Petrol,Hyderabad,2019
Mercedes-Benz E-Class E220d,₹ 51.62 Lakh,"69,952 km",Diesel,Bangalore,2021
Audi A4 35 TDI,₹ 35.93 Lakh,"67,241 km",Petrol,Hyderabad,2021
Toyota Etios Liva G,₹ 6.32 Lakh,"125,529 km",CNG,Hyderabad,2017
Tata Tiago XT,₹ 8.16 Lakh,"72,971 km",Diesel,Ahmedabad,2023
Audi A4 35 TDI,₹ 33.66 Lakh,"106,703 km",Diesel,Thane,2017
Hyundai Elite i20 Sportz,₹ 1.81 Lakh,"94,608 km",Petrol,Thane,2018
Audi Q5 quattro,₹ 34.50 Lakh,"68,793 km",Petrol,Hyderabad,2019
Maruti Suzuki Baleno Delta 1.2,₹ 1.20 Lakh,"143,972 km",Petrol,Hyderabad,2015
Audi Q5 quattro,₹ 37.50 Lakh,"53,343 km",Diesel,Delhi,2022
Kia Seltos GTX,₹ 4.04 Lakh,"141,573 km",CNG,Bangalore,2014
Tata Nexon XZ+,₹ 1.20 Lakh,"187,712 km",Diesel,Hyderabad,2012
Audi Q3 Premium,₹ 34.59 Lakh,"91,805 km",Diesel,Kolkata,2018
Kia Seltos GTX,₹ 10.24 Lakh,"45,415 km",Petrol,Kolkata,2023
Audi Q5 quattro,₹ 33.57 Lakh,"108,714 km",Diesel,Ahmedabad,2018
BMW 3 Series 320d,₹ 41.20 Lakh,"74,619 km",Diesel,Thane,2020
Honda Jazz VX,₹ 1.20 Lakh,"139,642 km",Diesel,Mumbai,2015
Mercedes-Benz GLA 220d,₹ 45.76 Lakh,"146,608 km",Petrol,Kolkata,2014
BMW 5 Series 520d,₹ 35.04 Lakh,"134,180 km",Diesel,Delhi,2013
Audi Q5 quattro,₹ 36.76 Lakh,"48,987 km",Petrol,Hyderabad,2022
Audi Q5 quattro,₹ 31.75 Lakh,"131,618 km",Petrol,Thane,2014
Kia Seltos GTX,₹ 3.16 Lakh,"172,400 km",Diesel,Chennai,2012
Audi Q5 quattro,₹ 34.16 Lakh,"101,106 km",Petrol,Noida,2020
Honda Amaze VX,₹ 1.20 Lakh,"159,126 km",CNG,Pune,2014
Audi A4 35 TDI,₹ 33.28 Lakh,"96,455 km",Petrol,Noida,2018
Tata Nexon XZ+,₹ 7.53 Lakh,"51,650 km",CNG,Noida,2022
Mercedes-Benz E-Class E220d,₹ 44.11 Lakh,"173,718 km",Diesel,Thane,2012
Audi Q5 quattro,₹ 28.74 Lakh,"176,409 km",Petrol,Pune,2012
Audi Q3 Premium,₹ 35.37 Lakh,"51,197 km",Petrol,Thane,2020
Tata Safari XZ+,₹ 4.12 Lakh,"100,154 km",CNG,Chennai,2017
BMW X1 sDrive20d,₹ 41.51 Lakh,"55,778 km",Diesel,Hyderabad,2022
Audi Q5 quattro,₹ 29.53 Lakh,"176,171 km",Petrol,Chennai,2012
Kia Sonet GTX,₹ 2.73 Lakh,"165,679 km",CNG,Kolkata,2012
Tata Harrier XZ,₹ 6.56 Lakh,"68,512 km",Petrol,Thane,2022
Audi A4 35 TDI,₹ 37.45 Lakh,"44,489 km",Petrol,Hyderabad,2023
Honda WR-V VX,₹ 6.55 Lakh,"55,199 km",CNG,Thane,2023
Tata Nexon XZ+,₹ 2.75 Lakh,"115,397 km",CNG,Delhi,2017
BMW 3 Series 320d,₹ 43.71 Lakh,"30,736 km",Diesel,Pune,2023
Hyundai i10 Magna,₹ 2.62 Lakh,"83,186 km",Petrol,Pune,2019
Mercedes-Benz E-Class E220d,₹ 52.31 Lakh,"30,633 km",Petrol,Hyderabad,2023
Hyundai Venue S,₹ 3.47 Lakh,"81,646 km",Petrol,Ahmedabad,2020
Mercedes-Benz E-Class E220d,₹ 47.90 Lakh,"108,225 km",Petrol,Bangalore,2018
Tata Nexon XZ+,₹ 5.92 Lakh,"70,149 km",Diesel,Pune,2019
Hyundai Elite i20 Sportz,₹ 2.84 Lakh,"86,515 km",Diesel,Pune,2019
Kia Seltos GTX,₹ 3.97 Lakh,"145,970 km",CNG,Ahmedabad,2013
Mahindra Scorpio S11,₹ 4.58 Lakh,"138,095 km",Diesel,Ahmedabad,2014
Tata Harrier XZ,₹ 2.32 Lakh,"114,339 km",Diesel,Kolkata,2016
Honda BR-V VX,₹ 4.21 Lakh,"83,260 km",Petrol,Kolkata,2021
Kia Sonet GTX,₹ 8.81 Lakh,"63,292 km",Petrol,Delhi,2021
Tata Nexon XZ+,₹ 1.36 Lakh,"149,677 km",CNG,Bangalore,2015
Toyota Corolla Altis G,₹ 7.32 Lakh,"94,014 km",Petrol,Noida,2018
Toyota Corolla Altis G,₹ 11.10 Lakh,"40,117 km",CNG,Thane,2022
Honda Amaze VX,₹ 5.38 Lakh,"62,240 km",CNG,Chennai,2022
Kia Sonet GTX,₹ 2.88 Lakh,"152,450 km",Petrol,Hyderabad,2013
Mahindra Thar LX,₹ 5.68 Lakh,"122,532 km",Diesel,Hyderabad,2016
Hyundai Santro Sportz,₹ 1.20 Lakh,"121,961 km",CNG,Bangalore,2016
BMW 3 Series 320d,₹ 42.82 Lakh,"41,488 km",Diesel,Mumbai,2022
Honda WR-V VX,₹ 3.17 Lakh,"113,953 km",Diesel,Chennai,2018
Maruti Suzuki Ertiga VXI CNG,₹ 1.20 Lakh,"156,455 km",CNG,Delhi,2013
Mercedes-Benz C-Class C200,₹ 48.95 Lakh,"121,484 km",Petrol,Ahmedabad,2018
Mercedes-Benz E-Class E220d,₹ 47.04 Lakh,"119,460 km",Diesel,Mumbai,2016
BMW X1 sDrive20d,₹ 37.34 Lakh,"133,751 km",Petrol,Bangalore,2016
BMW X1 sDrive20d,₹ 38.11 Lakh,"136,279 km",Diesel,Mumbai,2016
Mahindra XUV500 W8,₹ 11.12 Lakh,"27,741 km",Petrol,Ahmedabad,2023
Audi Q5 quattro,₹ 35.49 Lakh,"89,148 km",Diesel,Mumbai,2020
Toyota Fortuner 2.8 4x2,₹ 4.25 Lakh,"155,645 km",Diesel,Chennai,2013
Kia Carens Prestige,₹ 3.21 Lakh,"173,531 km",CNG,Thane,2013
Kia Seltos GTX,₹ 2.83 Lakh,"164,713 km",Diesel,Delhi,2013
Tata Nexon XZ+,₹ 6.44 Lakh,"54,892 km",Petrol,Chennai,2022
Honda WR-V VX,₹ 2.83 Lakh,"103,498 km",Diesel,Hyderabad,2018
Mercedes-Benz GLA 220d,₹ 47.91 Lakh,"125,995 km",Diesel,Chennai,2016
Mahindra XUV500 W8,₹ 6.24 Lakh,"100,635 km",Petrol,Pune,2017
BMW X1 sDrive20d,₹ 37.03 Lakh,"159,975 km",Diesel,Bangalore,2016
Mercedes-Benz E-Class E220d,₹ 45.91 Lakh,"156,094 km",Petrol,Ahmedabad,2015
Audi Q3 Premium,₹ 34.10 Lakh,"94,895 km",Diesel,Pune,2017
Mahindra Thar LX,₹ 4.48 Lakh,"141,329 km",CNG,Bangalore,2014
Maruti Suzuki Swift VXi,₹ 1.20 Lakh,"109,514 km",Petrol,Mumbai,2018
Toyota Fortuner 2.8 4x2,₹ 10.89 Lakh,"60,568 km",Diesel,Kolkata,2021
Tata Tiago XT,₹ 1.76 Lakh,"139,641 km",Petrol,Noida,2015
Mahindra Scorpio S11,₹ 8.13 Lakh,"107,898 km",CNG,Chennai,2019
BMW X1 sDrive20d,₹ 43.09 Lakh,"50,138 km",Diesel,Pune,2022
BMW 5 Series 520d,₹ 36.51 Lakh,"124,544 km",Petrol,Chennai,2014
Mercedes-Benz E-Class E220d,₹ 45.39 Lakh,"153,891 km",Diesel,Pune,2014
Maruti Suzuki Ertiga VXI CNG,₹ 1.20 Lakh,"68,397 km",CNG,Delhi,2019
Mercedes-Benz GLA 220d,₹ 50.13 Lakh,"79,714 km",Diesel,Noida,2019
Mercedes-Benz GLA 220d,₹ 47.17 Lakh,"133,388 km",Diesel,Chennai,2015
Honda City VX,₹ 1.20 Lakh,"136,403 km",CNG,Ahmedabad,2014
BMW 3 Series 320d,₹ 35.87 Lakh,"148,781 km",Petrol,Thane,2014
Maruti Suzuki Vitara Brezza VDi,₹ 3.01 Lakh,"42,871 km",CNG,Delhi,2022
Audi Q5 quattro,₹ 32.73 Lakh,"136,675 km",Diesel,Pune,2016
Mahindra Thar LX,₹ 5.24 Lakh,"129,890 km",Petrol,Pune,2017
Tata Tiago XT,₹ 1.20 Lakh,"168,805 km",CNG,Kolkata,2012
Audi A4 35 TDI,₹ 33.82 Lakh,"106,066 km",Diesel,Noida,2018
Tata Harrier XZ,₹ 3.94 Lakh,"106,323 km",Diesel,Thane,2017
Tata Tiago XT,₹ 5.49 Lakh,"78,460 km",CNG,Delhi,2021
Honda City VX,₹ 5.31 Lakh,"54,747 km",Petrol,Delhi,2022
Tata Harrier XZ,₹ 1.20 Lakh,"175,131 km",Diesel,Pune,2013
BMW X1 sDrive20d,₹ 40.98 Lakh,"74,499 km",Diesel,Kolkata,2020
BMW 3 Series 320d,₹ 39.35 Lakh,"111,050 km",Petrol,Mumbai,2019
Maruti Suzuki Ertiga VXI CNG,₹ 1.20 Lakh,"157,449 km",Diesel,Hyderabad,2014
Kia Seltos GTX,₹ 5.23 Lakh,"119,496 km",Petrol,Bangalore,2016
BMW 3 Series 320d,₹ 34.65 Lakh,"149,225 km",Petrol,Noida,2012
Tata Safari XZ+,₹ 1.20 Lakh,"156,388 km",CNG,Hyderabad,2012
Audi Q3 Premium,₹ 34.83 Lakh,"90,964 km",Petrol,Bangalore,2019
Toyota Corolla Altis G,₹ 10.48 Lakh,"48,541 km",Petrol,Chennai,2021
Hyundai i10 Magna,₹ 3.64 Lakh,"61,206 km",Diesel,Ahmedabad,2020
Hyundai i10 Magna,₹ 5.41 Lakh,"58,236 km",Petrol,Thane,2022
BMW X1 sDrive20d,₹ 41.20 Lakh,"50,872 km",Diesel,Thane,2021
Honda BR-V VX,₹ 1.20 Lakh,"190,457 km",Diesel,Delhi,2012
Mercedes-Benz E-Class E220d,₹ 45.40 Lakh,"161,786 km",Petrol,Pune,2014
Audi Q5 quattro,₹ 33.86 Lakh,"99,961 km",Petrol,Hyderabad,2019
Toyota Glanza G,₹ 12.00 Lakh,"50,019 km",Diesel,Noida,2022
Toyota Glanza G,₹ 11.84 Lakh,"55,319 km",Diesel,Ahmedabad,2022
Hyundai Verna SX,₹ 2.38 Lakh,"110,840 km",CNG,Delhi,2018
Kia Sonet GTX,₹ 10.20 Lakh,"58,570 km",Petrol,Mumbai,2022
Honda WR-V VX,₹ 4.94 Lakh,"78,832 km",Diesel,Pune,2020
Mercedes-Benz E-Class E220d,₹ 50.92 Lakh,"67,335 km",Petrol,Mumbai,2020
Mahindra XUV500 W8,₹ 9.73 Lakh,"35,334 km",Petrol,Ahmedabad,2022
Maruti Suzuki Ertiga VXI CNG,₹ 1.20 Lakh,"152,368 km",Diesel,Hyderabad,2015
Kia Carens Prestige,₹ 4.24 Lakh,"147,522 km",Petrol,Thane,2015
Mercedes-Benz GLA 220d,₹ 46.12 Lakh,"142,018 km",Petrol,Pune,2014
Kia Seltos GTX,₹ 4.88 Lakh,"122,556 km",Diesel,Thane,2014
BMW 5 Series 520d,₹ 36.45 Lakh,"153,871 km",Petrol,Bangalore,2015
Toyota Corolla Altis G,₹ 8.27 Lakh,"99,536 km",Petrol,Mumbai,2019
BMW X1 sDrive20d,₹ 36.75 Lakh,"135,890 km",Petrol,Pune,2015
Tata Nexon XZ+,₹ 6.27 Lakh,"54,712 km",CNG,Noida,2021
Tata Tiago XT,₹ 7.04 Lakh,"24,350 km",CNG,Chennai,2022
Tata Harrier XZ,₹ 6.72 Lakh,"62,472 km",Diesel,Mumbai,2020
Honda WR-V VX,₹ 4.43 Lakh,"93,402 km",Diesel,Kolkata,2019
Toyota Etios Liva G,₹ 9.98 Lakh,"75,296 km",Diesel,Mumbai,2020
Maruti Suzuki Vitara Brezza VDi,₹ 3.27 Lakh,"64,560 km",Diesel,Delhi,2022
Hyundai i10 Magna,₹ 1.20 Lakh,"182,540 km",Petrol,Delhi,2012
Kia Sonet GTX,₹ 3.31 Lakh,"162,658 km",CNG,Delhi,2014
Mahindra Thar LX,₹ 6.64 Lakh,"100,761 km",Petrol,Noida,2018
Kia Carens Prestige,₹ 6.99 Lakh,"80,660 km",Petrol,Ahmedabad,2019
Tata Harrier XZ,₹ 1.81 Lakh,"105,288 km",Petrol,Delhi,2016
Honda WR-V VX,₹ 6.15 Lakh,"43,845 km",CNG,Pune,2022
Kia Carens Prestige,₹ 7.62 Lakh,"110,501 km",Diesel,Kolkata,2018
Honda BR-V VX,₹ 6.16 Lakh,"20,903 km",Petrol,Mumbai,2022
Kia Carens Prestige,₹ 6.60 Lakh,"117,751 km",CNG,Mumbai,2017
Honda Jazz VX,₹ 1.20 Lakh,"156,770 km",Diesel,Bangalore,2015
BMW X1 sDrive20d,₹ 34.60 Lakh,"180,049 km",Petrol,Delhi,2012
Mahindra XUV500 W8,₹ 7.00 Lakh,"93,309 km",Petrol,Ahmedabad,2019
Tata Harrier XZ,₹ 5.83 Lakh,"99,381 km",CNG,Mumbai,2020
Audi A4 35 TDI,₹ 37.77 Lakh,"62,666 km",Diesel,Mumbai,2022
Kia Seltos GTX,₹ 5.54 Lakh,"105,101 km",Petrol,Kolkata,2017
Maruti Suzuki Ertiga VXI CNG,₹ 1.20 Lakh,"112,780 km",Petrol,Chennai,2018
BMW 3 Series 320d,₹ 37.60 Lakh,"124,310 km",Diesel,Pune,2017
BMW X1 sDrive20d,₹ 41.18 Lakh,"53,417 km",Petrol,Noida,2021
Toyota Glanza G,₹ 10.39 Lakh,"51,037 km",CNG,Pune,2021
Maruti Suzuki Ertiga VXI CNG,₹ 3.34 Lakh,"65,725 km",CNG,Chennai,2022
Honda Jazz VX,₹ 4.44 Lakh,"69,019 km",CNG,Hyderabad,2021
BMW X1 sDrive20d,₹ 41.25 Lakh,"71,952 km",Diesel,Pune,2020
BMW 5 Series 520d,₹ 41.24 Lakh,"77,524 km",Petrol,Thane,2021
Audi Q5 quattro,₹ 33.05 Lakh,"114,057 km",Petrol,Thane,2018
Toyota Glanza G,₹ 2.70 Lakh,"172,690 km",CNG,Kolkata,2012
Mahindra Thar LX,₹ 7.22 Lakh,"95,309 km",Diesel,Mumbai,2019
Toyota Fortuner 2.8 4x2,₹ 8.81 Lakh,"86,260 km",Diesel,Bangalore,2018
Hyundai Grand i10 Magna,₹ 1.20 Lakh,"97,956 km",CNG,Delhi,2017
Audi A4 35 TDI,₹ 35.87 Lakh,"90,799 km",Diesel,Pune,2020
Kia Sonet GTX,₹ 9.25 Lakh,"50,822 km",Petrol,Hyderabad,2021
Kia Sonet GTX,₹ 2.98 Lakh,"155,290 km",CNG,Pune,2012
Honda Jazz VX,₹ 5.83 Lakh,"73,550 km",Diesel,Hyderabad,2022
Audi A4 35 TDI,₹ 30.89 Lakh,"153,113 km",Diesel,Noida,2015
Hyundai Verna SX,₹ 4.91 Lakh,"48,957 km",CNG,Mumbai,2023
BMW X1 sDrive20d,₹ 34.49 Lakh,"177,026 km",Petrol,Chennai,2012
Tata Tiago XT,₹ 1.20 Lakh,"175,276 km",CNG,Delhi,2012
Mercedes-Benz C-Class C200,₹ 51.40 Lakh,"46,969 km",Petrol,Bangalore,2021
Mercedes-Benz C-Class C200,₹ 53.53 Lakh,"37,724 km",Diesel,Chennai,2023
Audi Q5 quattro,₹ 29.65 Lakh,"169,684 km",Diesel,Noida,2012
Kia Carens Prestige,₹ 3.27 Lakh,"158,728 km",CNG,Delhi,2012
Tata Tiago XT,₹ 1.26 Lakh,"143,639 km",Diesel,Chennai,2013
Kia Seltos GTX,₹ 2.84 Lakh,"147,687 km",Petrol,Noida,2013
Maruti Suzuki Ertiga VXI CNG,₹ 1.26 Lakh,"90,945 km",Petrol,Thane,2019
Mahindra Scorpio S11,₹ 9.12 Lakh,"76,586 km",Petrol,Pune,2020
Maruti Suzuki Ciaz ZXI+,₹ 2.45 Lakh,"53,975 km",CNG,Kolkata,2021
Mercedes-Benz GLA 220d,₹ 48.03 Lakh,"110,762 km",Diesel,Mumbai,2017
Toyota Glanza G,₹ 7.73 Lakh,"105,860 km",Petrol,Thane,2017
Hyundai Venue S,₹ 1.56 Lakh,"99,088 km",Petrol,Bangalore,2017
Mercedes-Benz E-Class E220d,₹ 51.63 Lakh,"44,235 km",Petrol,Chennai,2022
Hyundai Verna SX,₹ 1.20 Lakh,"105,493 km",CNG,Hyderabad,2016
Mahindra XUV500 W8,₹ 8.83 Lakh,"52,655 km",CNG,Mumbai,2021
Honda WR-V VX,₹ 1.20 Lakh,"143,542 km",Petrol,Bangalore,2015
BMW X1 sDrive20d,₹ 39.18 Lakh,"116,065 km",Diesel,Thane,2019
Tata Harrier XZ,₹ 4.53 Lakh,"92,227 km",CNG,Ahmedabad,2018
Tata Harrier XZ,₹ 8.08 Lakh,"40,660 km",Diesel,Pune,2023
Honda City VX,₹ 1.20 Lakh,"135,912 km",Petrol,Ahmedabad,2015
Mahindra Thar LX,₹ 7.43 Lakh,"100,844 km",CNG,Pune,2018
Mahindra XUV500 W8,₹ 5.64 Lakh,"122,386 km",Diesel,Ahmedabad,2015
Toyota Fortuner 2.8 4x2,₹ 5.36 Lakh,"122,827 km",Diesel,Ahmedabad,2015
Toyota Corolla Altis G,₹ 7.98 Lakh,"89,654 km",Petrol,Ahmedabad,2019
Toyota Fortuner 2.8 4x2,₹ 6.33 Lakh,"138,362 km",Petrol,Pune,2016
Hyundai Santro Sportz,₹ 1.20 Lakh,"117,528 km",Diesel,Noida,2015
Mahindra Thar LX,₹ 4.07 Lakh,"139,995 km",CNG,Mumbai,2014
Toyota Innova Crysta GX,₹ 3.48 Lakh,"191,810 km",CNG,Ahmedabad,2012
Audi A4 35 TDI,₹ 33.25 Lakh,"126,458 km",Diesel,Noida,2016
Maruti Suzuki S-Presso VXi,₹ 3.47 Lakh,"38,954 km",Petrol,Ahmedabad,2022
Audi Q3 Premium,₹ 37.58 Lakh,"37,294 km",Diesel,Noida,2023
BMW 3 Series 320d,₹ 39.41 Lakh,"106,014 km",Petrol,Thane,2018
Toyota Etios Liva G,₹ 3.26 Lakh,"168,088 km",CNG,Mumbai,2012
Audi A4 35 TDI,₹ 37.92 Lakh,"57,390 km",Diesel,Delhi,2022
BMW 5 Series 520d,₹ 34.29 Lakh,"178,036 km",Diesel,Delhi,2012
Honda WR-V VX,₹ 7.17 Lakh,"61,495 km",Diesel,Delhi,2023
Tata Safari XZ+,₹ 5.45 Lakh,"92,174 km",Diesel,Chennai,2019
Audi Q5 quattro,₹ 37.26 Lakh,"37,273 km",Petrol,Delhi,2023
BMW X1 sDrive20d,₹ 41.25 Lakh,"57,613 km",Petrol,Mumbai,2021
Mahindra XUV500 W8,₹ 8.79 Lakh,"88,255 km",CNG,Delhi,2020
Honda Jazz VX,₹ 6.07 Lakh,"78,703 km",CNG,Chennai,2022
Mahindra Thar LX,₹ 11.29 Lakh,"40,672 km",CNG,Kolkata,2023
Kia Sonet GTX,₹ 5.52 Lakh,"101,829 km",Diesel,Delhi,2016
Mahindra Thar LX,₹ 4.26 Lakh,"155,423 km",CNG,Hyderabad,2014
Kia Sonet GTX,₹ 10.43 Lakh,"50,425 km",Diesel,Bangalore,2022
Kia Seltos GTX,₹ 4.19 Lakh,"124,008 km",CNG,Chennai,2015
Kia Carens Prestige,₹ 9.47 Lakh,"63,540 km",CNG,Hyderabad,2021
Tata Tiago XT,₹ 1.20 Lakh,"172,502 km",CNG,Hyderabad,2013
Honda BR-V VX,₹ 1.20 Lakh,"151,718 km",Petrol,Chennai,2014
Mercedes-Benz GLA 220d,₹ 53.16 Lakh,"33,622 km",Diesel,Kolkata,2023
BMW 3 Series 320d,₹ 34.70 Lakh,"180,129 km",Diesel,Chennai,2012
Maruti Suzuki Vitara Brezza VDi,₹ 1.20 Lakh,"86,810 km",CNG,Chennai,2018
Mahindra Scorpio S11,₹ 2.38 Lakh,"162,894 km",CNG,Noida,2012
Tata Nexon XZ+,₹ 1.20 Lakh,"150,621 km",CNG,Thane,2014
Maruti Suzuki Ertiga VXI CNG,₹ 1.20 Lakh,"180,097 km",CNG,Delhi,2012
Maruti Suzuki S-Presso VXi,₹ 1.20 Lakh,"156,998 km",Petrol,Chennai,2013
Kia Carens Prestige,₹ 2.81 Lakh,"192,417 km",CNG,Ahmedabad,2012
Audi Q3 Premium,₹ 32.66 Lakh,"126,912 km",Petrol,Bangalore,2016
Toyota Fortuner 2.8 4x2,₹ 8.94 Lakh,"91,631 km",CNG,Kolkata,2018
Kia Seltos GTX,₹ 7.61 Lakh,"78,670 km",Petrol,Noida,2020
Audi A4 35 TDI,₹ 33.43 Lakh,"116,626 km",Diesel,Thane,2016
Toyota Glanza G,₹ 10.93 Lakh,"80,505 km",Diesel,Ahmedabad,2021
Kia Carens Prestige,₹ 10.43 Lakh,"39,374 km",Diesel,Bangalore,2023
Hyundai Verna SX,₹ 1.20 Lakh,"186,423 km",CNG,Kolkata,2012
Honda BR-V VX,₹ 1.20 Lakh,"166,879 km",CNG,Hyderabad,2013
Honda WR-V VX,₹ 2.13 Lakh,"103,519 km",Diesel,Mumbai,2017
Honda Jazz VX,₹ 1.20 Lakh,"152,196 km",Petrol,Delhi,2013
Hyundai Venue S,₹ 1.20 Lakh,"166,287 km",Petrol,Kolkata,2012
Audi Q5 quattro,₹ 35.45 Lakh,"94,459 km",Diesel,Delhi,2020
Mercedes-Benz C-Class C200,₹ 44.04 Lakh,"170,712 km",Petrol,Delhi,2012
Honda WR-V VX,₹ 1.20 Lakh,"150,362 km",Diesel,Delhi,2014
Mercedes-Benz C-Class C200,₹ 45.48 Lakh,"165,356 km",Diesel,Mumbai,2012
Hyundai Venue S,₹ 4.76 Lakh,"61,117 km",CNG,Bangalore,2021
Hyundai Creta SX,₹ 1.94 Lakh,"105,926 km",Petrol,Thane,2018
Hyundai Creta SX,₹ 4.83 Lakh,"47,581 km",Diesel,Mumbai,2022
Mercedes-Benz GLA 220d,₹ 49.56 Lakh,"80,988 km",Petrol,Mumbai,2020
Tata Safari XZ+,₹ 7.13 Lakh,"61,600 km",Diesel,Delhi,2021
Toyota Etios Liva G,₹ 2.61 Lakh,"185,903 km",Diesel,Bangalore,2012
Tata Tiago XT,₹ 1.20 Lakh,"167,480 km",CNG,Noida,2012
Maruti Suzuki Ertiga VXI CNG,₹ 3.30 Lakh,"45,458 km",CNG,Ahmedabad,2023
Toyota Innova Crysta GX,₹ 3.64 Lakh,"166,211 km",Petrol,Chennai,2012
Kia Seltos GTX,₹ 5.96 Lakh,"116,191 km",CNG,Pune,2017
Hyundai Venue S,₹ 1.20 Lakh,"136,476 km",Petrol,Ahmedabad,2015
Mahindra XUV500 W8,₹ 4.57 Lakh,"138,113 km",CNG,Chennai,2015
Maruti Suzuki Baleno Delta 1.2,₹ 1.20 Lakh,"131,116 km",Petrol,Kolkata,2016
Toyota Innova Crysta GX,₹ 10.21 Lakh,"56,533 km",Diesel,Hyderabad,2021
Maruti Suzuki Wagon R 1.0 VXI,₹ 1.20 Lakh,"91,780 km",Petrol,Thane,2018
Mahindra Thar LX,₹ 5.96 Lakh,"129,994 km",CNG,Ahmedabad,2016
Maruti Suzuki Alto 800 LXi,₹ 1.20 Lakh,"188,574 km",CNG,Pune,2012
Honda WR-V VX,₹ 4.04 Lakh,"85,614 km",Diesel,Chennai,2019
Hyundai Elite i20 Sportz,₹ 2.85 Lakh,"105,062 km",Diesel,Mumbai,2018
Maruti Suzuki Wagon R 1.0 VXI,₹ 2.51 Lakh,"64,394 km",Diesel,Ahmedabad,2021
Tata Safari XZ+,₹ 7.00 Lakh,"57,982 km",Diesel,Bangalore,2023
Audi A4 35 TDI,₹ 36.41 Lakh,"55,139 km",Diesel,Bangalore,2022
Kia Sonet GTX,₹ 3.25 Lakh,"159,731 km",CNG,Thane,2013
Mercedes-Benz C-Class C200,₹ 49.62 Lakh,"100,148 km",Diesel,Kolkata,2018
Maruti Suzuki S-Presso VXi,₹ 1.20 Lakh,"89,920 km",Petrol,Noida,2017
Kia Sonet GTX,₹ 7.56 Lakh,"74,606 km",Diesel,Chennai,2019
Kia Carens Prestige,₹ 4.49 Lakh,"132,880 km",CNG,Bangalore,2014
Audi Q5 quattro,₹ 31.78 Lakh,"144,484 km",Petrol,Ahmedabad,2016
Audi Q5 quattro,₹ 34.39 Lakh,"87,971 km",Diesel,Mumbai,2019
Maruti Suzuki Ciaz ZXI+,₹ 1.20 Lakh,"81,868 km",Petrol,Hyderabad,2020
Mahindra XUV500 W8,₹ 6.06 Lakh,"124,356 km",Diesel,Chennai,2016
Hyundai Elite i20 Sportz,₹ 1.20 Lakh,"129,214 km",CNG,Kolkata,2016
Mercedes-Benz E-Class E220d,₹ 46.89 Lakh,"106,251 km",Petrol,Hyderabad,2016
Tata Tiago XT,₹ 5.59 Lakh,"63,573 km",CNG,Mumbai,2021
Mercedes-Benz C-Class C200,₹ 48.71 Lakh,"102,553 km",Petrol,Pune,2018
Mahindra Thar LX,₹ 4.70 Lakh,"133,651 km",Petrol,Noida,2016
Kia Carens Prestige,₹ 2.01 Lakh,"170,841 km",Petrol,Noida,2013
Audi A4 35 TDI,₹ 33.12 Lakh,"117,314 km",Diesel,Pune,2016
Tata Safari XZ+,₹ 1.20 Lakh,"188,465 km",Petrol,Hyderabad,2012
BMW 5 Series 520d,₹ 35.21 Lakh,"140,007 km",Diesel,Bangalore,2013
Honda Amaze VX,₹ 1.50 Lakh,"114,058 km",Petrol,Delhi,2017
Hyundai Venue S,₹ 1.48 Lakh,"103,998 km",Petrol,Noida,2018
Hyundai Venue S,₹ 1.20 Lakh,"120,108 km",Diesel,Mumbai,2017
Toyota Etios Liva G,₹ 9.58 Lakh,"85,084 km",Diesel,Thane,2021
Hyundai Venue S,₹ 1.20 Lakh,"141,645 km",CNG,Hyderabad,2015
Mercedes-Benz GLA 220d,₹ 48.99 Lakh,"81,896 km",Diesel,Thane,2018
Mercedes-Benz E-Class E220d,₹ 52.89 Lakh,"35,410 km",Petrol,Chennai,2022
Honda City VX,₹ 3.02 Lakh,"98,894 km",Diesel,Kolkata,2018
BMW X1 sDrive20d,₹ 37.58 Lakh,"122,449 km",Petrol,Bangalore,2017
Maruti Suzuki Ciaz ZXI+,₹ 1.20 Lakh,"129,938 km",CNG,Pune,2017
Mercedes-Benz GLA 220d,₹ 51.31 Lakh,"71,457 km",Diesel,Ahmedabad,2021
Maruti Suzuki Baleno Delta 1.2,₹ 1.75 Lakh,"75,591 km",CNG,Ahmedabad,2020
Hyundai Elite i20 Sportz,₹ 1.20 Lakh,"137,642 km",CNG,Bangalore,2015
Mahindra XUV500 W8,₹ 2.79 Lakh,"173,692 km",CNG,Thane,2012
Mahindra Scorpio S11,₹ 3.22 Lakh,"189,358 km",CNG,Delhi,2013
Mercedes-Benz GLA 220d,₹ 45.00 Lakh,"174,391 km",Diesel,Noida,2012
Maruti Suzuki Vitara Brezza VDi,₹ 1.20 Lakh,"129,435 km",Petrol,Chennai,2015
Maruti Suzuki Wagon R 1.0 VXI,₹ 1.20 Lakh,"176,719 km",Diesel,Mumbai,2012
Kia Carens Prestige,₹ 7.64 Lakh,"114,553 km",Diesel,Chennai,2019
Hyundai Verna SX,₹ 5.43 Lakh,"54,608 km",Petrol,Kolkata,2022
Mercedes-Benz E-Class E220d,₹ 43.83 Lakh,"174,568 km",Petrol,Kolkata,2012
Tata Tiago XT,₹ 8.51 Lakh,"37,005 km",CNG,Delhi,2023
Toyota Corolla Altis G,₹ 8.07 Lakh,"112,016 km",Diesel,Kolkata,2019
Tata Harrier XZ,₹ 1.20 Lakh,"164,720 km",Diesel,Ahmedabad,2013
Kia Carens Prestige,₹ 6.90 Lakh,"85,888 km",CNG,Kolkata,2017
Mercedes-Benz E-Class E220d,₹ 45.20 Lakh,"148,290 km",Petrol,Hyderabad,2014
Tata Harrier XZ,₹ 4.98 Lakh,"80,427 km",Petrol,Hyderabad,2019
Mercedes-Benz C-Class C200,₹ 51.53 Lakh,"63,281 km",Petrol,Chennai,2021
Hyundai Elite i20 Sportz,₹ 1.20 Lakh,"158,018 km",CNG,Hyderabad,2013
Maruti Suzuki S-Presso VXi,₹ 1.20 Lakh,"77,535 km",Petrol,Noida,2018
BMW 5 Series 520d,₹ 42.31 Lakh,"38,280 km",Diesel,Chennai,2023
Mahindra Scorpio S11,₹ 10.05 Lakh,"57,791 km",Petrol,Bangalore,2022
Honda Jazz VX,₹ 2.84 Lakh,"103,904 km",CNG,Hyderabad,2018
Toyota Etios Liva G,₹ 6.36 Lakh,"132,620 km",Petrol,Thane,2015
Toyota Innova Crysta GX,₹ 4.54 Lakh,"160,046 km",Petrol,Ahmedabad,2013
BMW X1 sDrive20d,₹ 34.63 Lakh,"167,740 km",Diesel,Chennai,2013
Hyundai Santro Sportz,₹ 1.67 Lakh,"106,201 km",Diesel,Chennai,2016
Honda City VX,₹ 4.25 Lakh,"92,725 km",Diesel,Hyderabad,2019
Tata Nexon XZ+,₹ 2.89 Lakh,"137,816 km",Diesel,Ahmedabad,2016
Kia Sonet GTX,₹ 7.46 Lakh,"118,765 km",Petrol,Delhi,2019
Audi Q5 quattro,₹ 33.64 Lakh,"92,139 km",Diesel,Chennai,2017
BMW X1 sDrive20d,₹ 42.42 Lakh,"55,963 km",Petrol,Hyderabad,2023
Maruti Suzuki Swift VXi,₹ 1.20 Lakh,"126,779 km",CNG,Ahmedabad,2016
Hyundai Venue S,₹ 1.82 Lakh,"114,372 km",CNG,Mumbai,2017
Tata Nexon XZ+,₹ 4.79 Lakh,"76,028 km",CNG,Noida,2020
Honda Amaze VX,₹ 1.20 Lakh,"145,596 km",Petrol,Thane,2016
Honda WR-V VX,₹ 1.20 Lakh,"154,020 km",Diesel,Hyderabad,2013
Kia Seltos GTX,₹ 8.39 Lakh,"57,327 km",Diesel,Hyderabad,2020
Mercedes-Benz C-Class C200,₹ 52.25 Lakh,"46,380 km",Diesel,Thane,2023
BMW 3 Series 320d,₹ 35.98 Lakh,"142,190 km",Diesel,Pune,2014
Toyota Glanza G,₹ 10.77 Lakh,"48,709 km",CNG,Hyderabad,2022
Hyundai Santro Sportz,₹ 1.20 Lakh,"149,638 km",Diesel,Noida,2013
BMW 3 Series 320d,₹ 40.66 Lakh,"85,055 km",Petrol,Thane,2020
Toyota Fortuner 2.8 4x2,₹ 12.14 Lakh,"34,706 km",CNG,Bangalore,2023
Audi A4 35 TDI,₹ 35.45 Lakh,"77,994 km",Diesel,Ahmedabad,2020
Toyota Corolla Altis G,₹ 5.58 Lakh,"139,601 km",Petrol,Mumbai,2014
Hyundai Creta SX,₹ 1.84 Lakh,"111,654 km",Diesel,Delhi,2018
Toyota Fortuner 2.8 4x2,₹ 9.82 Lakh,"67,076 km",Diesel,Thane,2020
Maruti Suzuki Baleno Delta 1.2,₹ 1.43 Lakh,"101,651 km",Diesel,Pune,2020
Maruti Suzuki S-Presso VXi,₹ 1.20 Lakh,"133,252 km",Diesel,Thane,2014
Maruti Suzuki Vitara Brezza VDi,₹ 3.58 Lakh,"50,495 km",Petrol,Hyderabad,2023
Kia Sonet GTX,₹ 8.19 Lakh,"90,178 km",CNG,Hyderabad,2020
Toyota Corolla Altis G,₹ 11.58 Lakh,"59,666 km",CNG,Ahmedabad,2022
Mercedes-Benz C-Class C200,₹ 44.74 Lakh,"177,295 km",Diesel,Kolkata,2012
Audi A4 35 TDI,₹ 32.46 Lakh,"100,008 km",Petrol,Noida,2016
Mercedes-Benz E-Class E220d,₹ 47.49 Lakh,"142,879 km",Diesel,Hyderabad,2015
Honda City VX,₹ 4.25 Lakh,"77,901 km",Petrol,Pune,2019
Kia Seltos GTX,₹ 9.42 Lakh,"63,962 km",CNG,Bangalore,2022
Maruti Suzuki Ertiga VXI CNG,₹ 1.20 Lakh,"95,529 km",CNG,Mumbai,2019
Mercedes-Benz E-Class E220d,₹ 50.04 Lakh,"62,016 km",Petrol,Delhi,2018
Audi A4 35 TDI,₹ 31.58 Lakh,"127,154 km",Petrol,Kolkata,2016
Honda City VX,₹ 4.56 Lakh,"80,753 km",Diesel,Thane,2020
Audi Q3 Premium,₹ 34.47 Lakh,"112,945 km",Diesel,Hyderabad,2018
Audi Q5 quattro,₹ 36.26 Lakh,"72,910 km",Diesel,Bangalore,2020
BMW 5 Series 520d,₹ 34.33 Lakh,"175,060 km",Petrol,Hyderabad,2012
Mahindra Scorpio S11,₹ 2.49 Lakh,"157,640 km",CNG,Noida,2013
Mahindra Thar LX,₹ 5.61 Lakh,"113,188 km",Petrol,Chennai,2016
Tata Harrier XZ,₹ 4.22 Lakh,"85,441 km",CNG,Hyderabad,2018
Mahindra Thar LX,₹ 2.73 Lakh,"171,621 km",CNG,Pune,2013
Mahindra Thar LX,₹ 8.10 Lakh,"75,046 km",CNG,Ahmedabad,2019
Mercedes-Benz E-Class E220d,₹ 47.70 Lakh,"114,615 km",Diesel,Chennai,2017
Audi Q5 quattro,₹ 32.47 Lakh,"127,354 km",Diesel,Hyderabad,2015
Kia Seltos GTX,₹ 4.81 Lakh,"128,832 km",Petrol,Pune,2016
Maruti Suzuki Baleno Delta 1.2,₹ 1.20 Lakh,"118,917 km",CNG,Mumbai,2017
BMW X1 sDrive20d,₹ 35.99 Lakh,"138,640 km",Petrol,Noida,2014
Hyundai Venue S,₹ 1.20 Lakh,"155,861 km",Diesel,Chennai,2013
Honda BR-V VX,₹ 2.33 Lakh,"94,677 km",Petrol,Hyderabad,2016
Audi Q5 quattro,₹ 29.57 Lakh,"168,357 km",Diesel,Bangalore,2012
Audi A4 35 TDI,₹ 34.79 Lakh,"90,147 km",Petrol,Ahmedabad,2020
Hyundai Grand i10 Magna,₹ 3.82 Lakh,"56,902 km",CNG,Noida,2020
Maruti Suzuki S-Presso VXi,₹ 3.12 Lakh,"53,194 km",CNG,Thane,2023
Toyota Glanza G,₹ 5.83 Lakh,"144,090 km",Petrol,Kolkata,2015
Mercedes-Benz E-Class E220d,₹ 44.89 Lakh,"156,354 km",Petrol,Mumbai,2014
Kia Sonet GTX,₹ 7.88 Lakh,"82,066 km",Diesel,Thane,2019
Honda BR-V VX,₹ 1.20 Lakh,"168,919 km",Petrol,Kolkata,2013
Maruti Suzuki Vitara Brezza VDi,₹ 1.20 Lakh,"124,441 km",Diesel,Kolkata,2018
Tata Nexon XZ+,₹ 1.20 Lakh,"182,165 km",CNG,Chennai,2012
Maruti Suzuki Ertiga VXI CNG,₹ 1.20 Lakh,"106,787 km",CNG,Delhi,2018
Toyota Glanza G,₹ 8.38 Lakh,"78,160 km",Diesel,Chennai,2019
Honda Amaze VX,₹ 1.20 Lakh,"120,953 km",Diesel,Noida,2016
Hyundai Elite i20 Sportz,₹ 1.20 Lakh,"126,058 km",Petrol,Chennai,2015
BMW 5 Series 520d,₹ 40.19 Lakh,"78,474 km",Petrol,Chennai,2019
Kia Carens Prestige,₹ 4.42 Lakh,"155,480 km",Diesel,Bangalore,2015
Mahindra XUV500 W8,₹ 4.67 Lakh,"147,405 km",CNG,Pune,2015
Mercedes-Benz E-Class E220d,₹ 51.64 Lakh,"54,068 km",Petrol,Chennai,2021
Audi Q5 quattro,₹ 37.60 Lakh,"43,285 km",Petrol,Ahmedabad,2023
Maruti Suzuki Ciaz ZXI+,₹ 1.20 Lakh,"155,516 km",Diesel,Mumbai,2013
Toyota Innova Crysta GX,₹ 8.89 Lakh,"66,828 km",Petrol,Chennai,2020
Mercedes-Benz C-Class C200,₹ 49.34 Lakh,"92,668 km",Diesel,Bangalore,2019
Mercedes-Benz C-Class C200,₹ 45.16 Lakh,"158,230 km",Petrol,Hyderabad,2012
Hyundai Santro Sportz,₹ 1.20 Lakh,"138,175 km",Petrol,Hyderabad,2014
Mahindra Thar LX,₹ 7.27 Lakh,"76,328 km",Petrol,Kolkata,2019
Kia Sonet GTX,₹ 9.60 Lakh,"66,957 km",Diesel,Bangalore,2020
Maruti Suzuki Ertiga VXI CNG,₹ 3.95 Lakh,"56,130 km",Diesel,Thane,2022
BMW X1 sDrive20d,₹ 35.48 Lakh,"173,109 km",Petrol,Delhi,2013
Maruti Suzuki Ciaz ZXI+,₹ 1.20 Lakh,"162,203 km",Diesel,Chennai,2013
Mercedes-Benz E-Class E220d,₹ 51.58 Lakh,"78,785 km",Diesel,Bangalore,2021
Honda Amaze VX,₹ 5.07 Lakh,"58,754 km",Petrol,Noida,2021
Mahindra Thar LX,₹ 8.14 Lakh,"94,644 km",CNG,Delhi,2019
Maruti Suzuki Ciaz ZXI+,₹ 1.20 Lakh,"112,768 km",Petrol,Thane,2017
Tata Tiago XT,₹ 1.20 Lakh,"139,629 km",CNG,Thane,2015
Mercedes-Benz E-Class E220d,₹ 49.49 Lakh,"73,980 km",Diesel,Chennai,2018
Tata Safari XZ+,₹ 5.57 Lakh,"63,989 km",CNG,Noida,2020
Maruti Suzuki S-Presso VXi,₹ 1.20 Lakh,"63,257 km",Petrol,Pune,2020
Toyota Innova Crysta GX,₹ 9.61 Lakh,"72,124 km",Petrol,Noida,2021
Maruti Suzuki Ciaz ZXI+,₹ 1.20 Lakh,"124,365 km",Diesel,Mumbai,2016
Mahindra Thar LX,₹ 5.44 Lakh,"134,682 km",Diesel,Bangalore,2016
Kia Seltos GTX,₹ 2.60 Lakh,"165,646 km",CNG,Bangalore,2012
Tata Nexon XZ+,₹ 5.64 Lakh,"83,545 km",Diesel,Delhi,2019
Toyota Corolla Altis G,₹ 3.68 Lakh,"171,698 km",Petrol,Hyderabad,2013
Honda BR-V VX,₹ 1.20 Lakh,"168,094 km",Petrol,Ahmedabad,2012
Mercedes-Benz GLA 220d,₹ 52.25 Lakh,"60,473 km",Petrol,Thane,2023
BMW 3 Series 320d,₹ 41.55 Lakh,"58,200 km",Petrol,Ahmedabad,2023
Toyota Corolla Altis G,₹ 11.89 Lakh,"49,080 km",CNG,Bangalore,2022
Kia Sonet GTX,₹ 10.05 Lakh,"57,615 km",Diesel,Pune,2021
Kia Seltos GTX,₹ 3.36 Lakh,"162,124 km",Diesel,Delhi,2013
Honda WR-V VX,₹ 3.60 Lakh,"87,338 km",CNG,Kolkata,2018
Audi Q3 Premium,₹ 30.31 Lakh,"153,819 km",Diesel,Thane,2013
Audi A4 35 TDI,₹ 31.22 Lakh,"141,962 km",Diesel,Hyderabad,2015
Kia Seltos GTX,₹ 5.01 Lakh,"118,400 km",Diesel,Pune,2016
Tata Safari XZ+,₹ 4.56 Lakh,"85,790 km",Diesel,Pune,2018
BMW 3 Series 320d,₹ 39.13 Lakh,"114,575 km",Diesel,Pune,2017
Mahindra Thar LX,₹ 3.02 Lakh,"170,949 km",Petrol,Delhi,2013
Kia Seltos GTX,₹ 2.51 Lakh,"187,426 km",Petrol,Bangalore,2012
Mercedes-Benz C-Class C200,₹ 47.04 Lakh,"115,202 km",Diesel,Thane,2016
Maruti Suzuki Baleno Delta 1.2,₹ 1.20 Lakh,"158,413 km",Diesel,Mumbai,2012
Mahindra Thar LX,₹ 8.25 Lakh,"95,719 km",Diesel,Noida,2020
Maruti Suzuki Alto 800 LXi,₹ 1.20 Lakh,"141,243 km",Petrol,Delhi,2013
Mahindra XUV500 W8,₹ 6.14 Lakh,"110,434 km",Petrol,Pune,2016
Hyundai Elite i20 Sportz,₹ 5.44 Lakh,"39,127 km",Diesel,Bangalore,2022
Audi Q3 Premium,₹ 30.20 Lakh,"164,919 km",Diesel,Kolkata,2013
Mercedes-Benz GLA 220d,₹ 47.13 Lakh,"139,876 km",Petrol,Chennai,2015
Mercedes-Benz E-Class E220d,₹ 46.35 Lakh,"140,901 km",Diesel,Delhi,2014
Tata Tiago XT,₹ 5.73 Lakh,"79,813 km",Diesel,Bangalore,2019
Mahindra XUV500 W8,₹ 10.19 Lakh,"48,242 km",Diesel,Pune,2023
Toyota Glanza G,₹ 10.09 Lakh,"71,025 km",Diesel,Hyderabad,2020
Kia Sonet GTX,₹ 3.65 Lakh,"164,987 km",Petrol,Pune,2014
Kia Sonet GTX,₹ 10.26 Lakh,"49,910 km",Diesel,Delhi,2023
Maruti Suzuki Wagon R 1.0 VXI,₹ 1.77 Lakh,"69,926 km",Diesel,Chennai,2020
Honda WR-V VX,₹ 1.66 Lakh,"123,727 km",CNG,Thane,2016
Audi Q5 quattro,₹ 30.41 Lakh,"164,701 km",Petrol,Hyderabad,2013
Toyota Innova Crysta GX,₹ 10.46 Lakh,"52,423 km",CNG,Chennai,2022
Audi Q5 quattro,₹ 34.36 Lakh,"108,541 km",Diesel,Kolkata,2018
Audi A4 35 TDI,₹ 31.79 Lakh,"146,037 km",Petrol,Kolkata,2015
Hyundai Creta SX,₹ 6.66 Lakh,"1,500 km",Diesel,Mumbai,2023
Tata Nexon XZ+,₹ 6.20 Lakh,"84,150 km",Diesel,Thane,2020
Honda Amaze VX,₹ 1.20 Lakh,"165,332 km",Diesel,Ahmedabad,2012
Kia Carens Prestige,₹ 6.41 Lakh,"116,706 km",CNG,Mumbai,2017
Kia Seltos GTX,₹ 3.55 Lakh,"162,979 km",CNG,Ahmedabad,2013
BMW 3 Series 320d,₹ 41.82 Lakh,"43,057 km",Diesel,Hyderabad,2022
Audi Q3 Premium,₹ 34.46 Lakh,"104,963 km",Petrol,Hyderabad,2018
Mercedes-Benz E-Class E220d,₹ 46.97 Lakh,"140,749 km",Diesel,Ahmedabad,2016
Maruti Suzuki Alto 800 LXi,₹ 1.68 Lakh,"52,307 km",Petrol,Hyderabad,2021
Mahindra XUV500 W8,₹ 8.23 Lakh,"80,680 km",Diesel,Hyderabad,2019
Maruti Suzuki Wagon R 1.0 VXI,₹ 1.20 Lakh,"121,693 km",CNG,Hyderabad,2016
Mercedes-Benz C-Class C200,₹ 48.83 Lakh,"116,921 km",Petrol,Ahmedabad,2018
Kia Seltos GTX,₹ 8.35 Lakh,"96,793 km",Diesel,Noida,2020
Kia Sonet GTX,₹ 10.52 Lakh,"54,405 km",Petrol,Hyderabad,2023
Mercedes-Benz GLA 220d,₹ 47.02 Lakh,"118,075 km",Diesel,Delhi,2016
Mahindra XUV500 W8,₹ 8.82 Lakh,"65,796 km",Diesel,Thane,2020
Honda BR-V VX,₹ 1.20 Lakh,"172,677 km",CNG,Noida,2012
Honda BR-V VX,₹ 1.20 Lakh,"125,481 km",Petrol,Delhi,2015
Audi Q3 Premium,₹ 33.58 Lakh,"104,181 km",Petrol,Chennai,2017
Maruti Suzuki S-Presso VXi,₹ 1.20 Lakh,"118,195 km",CNG,Ahmedabad,2016
Kia Carens Prestige,₹ 8.02 Lakh,"99,505 km",Petrol,Hyderabad,2019
BMW 3 Series 320d,₹ 40.15 Lakh,"82,026 km",Petrol,Thane,2020
Mahindra XUV500 W8,₹ 9.78 Lakh,"51,630 km",CNG,Mumbai,2021
Maruti Suzuki S-Presso VXi,₹ 1.20 Lakh,"126,354 km",Petrol,Mumbai,2017
Mercedes-Benz C-Class C200,₹ 49.89 Lakh,"77,384 km",Petrol,Hyderabad,2019
Kia Sonet GTX,₹ 7.79 Lakh,"76,653 km",Petrol,Noida,2020
Honda Amaze VX,₹ 4.76 Lakh,"92,539 km",Diesel,Pune,2022
BMW 3 Series 320d,₹ 41.35 Lakh,"64,100 km",Diesel,Delhi,2022
Maruti Suzuki Wagon R 1.0 VXI,₹ 1.20 Lakh,"109,198 km",Diesel,Bangalore,2018
Hyundai Santro Sportz,₹ 1.34 Lakh,"88,544 km",Petrol,Chennai,2018
Kia Sonet GTX,₹ 10.43 Lakh,"41,538 km",Diesel,Pune,2022
Maruti Suzuki S-Presso VXi,₹ 4.06 Lakh,"31,078 km",Diesel,Ahmedabad,2023
Honda City VX,₹ 5.13 Lakh,"72,089 km",Petrol,Delhi,2020
Toyota Glanza G,₹ 10.05 Lakh,"72,588 km",Petrol,Thane,2022
Hyundai Elite i20 Sportz,₹ 1.20 Lakh,"149,636 km",CNG,Mumbai,2014
BMW 5 Series 520d,₹ 34.41 Lakh,"165,158 km",Petrol,Pune,2013
Maruti Suzuki Ertiga VXI CNG,₹ 1.20 Lakh,"161,960 km",Diesel,Bangalore,2012
Toyota Glanza G,₹ 8.87 Lakh,"92,724 km",Diesel,Chennai,2018
Tata Tiago XT,₹ 4.35 Lakh,"89,482 km",Petrol,Mumbai,2019
Kia Seltos GTX,₹ 7.53 Lakh,"84,464 km",Diesel,Kolkata,2018
Mercedes-Benz C-Class C200,₹ 44.93 Lakh,"165,892 km",Petrol,Delhi,2013
Maruti Suzuki Alto 800 LXi,₹ 1.20 Lakh,"97,718 km",CNG,Pune,2019
Audi Q5 quattro,₹ 29.27 Lakh,"186,919 km",Diesel,Delhi,2012
Mahindra Thar LX,₹ 6.14 Lakh,"101,349 km",Diesel,Ahmedabad,2016
Mahindra Thar LX,₹ 5.55 Lakh,"118,294 km",Diesel,Noida,2017
Toyota Fortuner 2.8 4x2,₹ 8.88 Lakh,"84,211 km",Diesel,Noida,2018
Tata Safari XZ+,₹ 6.90 Lakh,"47,471 km",Petrol,Mumbai,2021
Mercedes-Benz GLA 220d,₹ 50.99 Lakh,"50,462 km",Petrol,Thane,2021
Kia Sonet GTX,₹ 3.93 Lakh,"140,528 km",Petrol,Mumbai,2014
Tata Tiago XT,₹ 1.51 Lakh,"145,524 km",Petrol,Pune,2015
Audi A4 35 TDI,₹ 27.97 Lakh,"196,039 km",Petrol,Mumbai,2012
Honda WR-V VX,₹ 4.55 Lakh,"83,526 km",Diesel,Hyderabad,2019
Mercedes-Benz E-Class E220d,₹ 47.05 Lakh,"132,582 km",Diesel,Chennai,2016
Honda Amaze VX,₹ 1.20 Lakh,"179,674 km",Petrol,Hyderabad,2013
Mahindra Scorpio S11,₹ 3.94 Lakh,"163,316 km",Petrol,Kolkata,2014
Honda WR-V VX,₹ 1.31 Lakh,"127,474 km",CNG,Mumbai,2015
Tata Nexon XZ+,₹ 6.25 Lakh,"54,927 km",CNG,Thane,2020
Hyundai Grand i10 Magna,₹ 1.20 Lakh,"150,932 km",Diesel,Pune,2014
Toyota Glanza G,₹ 9.11 Lakh,"86,960 km",Diesel,Kolkata,2018
Honda City VX,₹ 1.20 Lakh,"164,814 km",Diesel,Thane,2013
Mercedes-Benz GLA 220d,₹ 45.52 Lakh,"165,247 km",Petrol,Chennai,2013
Toyota Innova Crysta GX,₹ 4.53 Lakh,"154,930 km",Diesel,Kolkata,2014
BMW 3 Series 320d,₹ 35.71 Lakh,"164,519 km",Diesel,Kolkata,2013
Kia Carens Prestige,₹ 6.77 Lakh,"88,383 km",Diesel,Pune,2018
BMW 3 Series 320d,₹ 38.13 Lakh,"110,922 km",Petrol,Chennai,2017
Mahindra XUV500 W8,₹ 10.53 Lakh,"20,760 km",Diesel,Bangalore,2022
BMW 5 Series 520d,₹ 40.69 Lakh,"83,863 km",Petrol,Kolkata,2020
Toyota Corolla Altis G,₹ 6.72 Lakh,"127,307 km",Diesel,Mumbai,2017
Honda Jazz VX,₹ 5.45 Lakh,"61,883 km",Diesel,Mumbai,2022
Maruti Suzuki Vitara Brezza VDi,₹ 3.82 Lakh,"38,405 km",Diesel,Delhi,2023
Hyundai Verna SX,₹ 3.97 Lakh,"61,589 km",Diesel,Hyderabad,2021
Maruti Suzuki Ciaz ZXI+,₹ 1.20 Lakh,"94,816 km",CNG,Noida,2019
Hyundai Elite i20 Sportz,₹ 5.87 Lakh,"49,353 km",CNG,Noida,2022
Mahindra Scorpio S11,₹ 9.50 Lakh,"47,019 km",CNG,Pune,2022
Honda BR-V VX,₹ 5.46 Lakh,"46,716 km",Petrol,Chennai,2022
Audi A4 35 TDI,₹ 33.34 Lakh,"109,322 km",Petrol,Mumbai,2017
Toyota Glanza G,₹ 10.38 Lakh,"45,955 km",CNG,Mumbai,2021
Hyundai Santro Sportz,₹ 3.13 Lakh,"82,974 km",Diesel,Noida,2020
Toyota Innova Crysta GX,₹ 7.80 Lakh,"128,102 km",CNG,Mumbai,2018
Audi Q3 Premium,₹ 35.29 Lakh,"68,872 km",Diesel,Pune,2019
Tata Tiago XT,₹ 1.20 Lakh,"143,133 km",CNG,Chennai,2013
Honda City VX,₹ 4.34 Lakh,"67,080 km",Petrol,Noida,2020
BMW 5 Series 520d,₹ 35.93 Lakh,"149,575 km",Diesel,Bangalore,2014
Toyota Innova Crysta GX,₹ 9.94 Lakh,"60,758 km",CNG,Bangalore,2020
Mahindra XUV500 W8,₹ 7.05 Lakh,"102,739 km",CNG,Bangalore,2018
Mercedes-Benz C-Class C200,₹ 50.20 Lakh,"73,416 km",Diesel,Chennai,2020
BMW 3 Series 320d,₹ 36.47 Lakh,"145,703 km",Diesel,Bangalore,2015
Hyundai Creta SX,₹ 5.97 Lakh,"55,677 km",Diesel,Chennai,2022
Toyota Innova Crysta GX,₹ 4.19 Lakh,"150,128 km",Diesel,Delhi,2012
Tata Tiago XT,₹ 4.69 Lakh,"72,040 km",Petrol,Pune,2019
Mercedes-Benz E-Class E220d,₹ 50.02 Lakh,"85,597 km",Petrol,Delhi,2020
Honda City VX,₹ 4.01 Lakh,"79,818 km",Petrol,Ahmedabad,2019
Honda BR-V VX,₹ 1.70 Lakh,"134,690 km",Diesel,Pune,2016
Maruti Suzuki Vitara Brezza VDi,₹ 1.20 Lakh,"165,092 km",Diesel,Pune,2012
Audi A4 35 TDI,₹ 34.39 Lakh,"81,030 km",Petrol,Chennai,2019
BMW X1 sDrive20d,₹ 36.93 Lakh,"136,304 km",Diesel,Delhi,2016
Kia Seltos GTX,₹ 7.08 Lakh,"98,969 km",CNG,Hyderabad,2019
Mercedes-Benz E-Class E220d,₹ 50.28 Lakh,"88,944 km",Diesel,Pune,2020
Tata Nexon XZ+,₹ 3.96 Lakh,"124,983 km",Petrol,Hyderabad,2018
Toyota Innova Crysta GX,₹ 4.54 Lakh,"142,434 km",Diesel,Pune,2013
Tata Nexon XZ+,₹ 1.20 Lakh,"162,495 km",CNG,Noida,2013
Maruti Suzuki Swift VXi,₹ 1.20 Lakh,"118,823 km",Petrol,Noida,2016
Hyundai Santro Sportz,₹ 1.20 Lakh,"137,140 km",CNG,Thane,2014
Toyota Innova Crysta GX,₹ 9.79 Lakh,"76,961 km",CNG,Mumbai,2020
Honda WR-V VX,₹ 3.89 Lakh,"104,377 km",Petrol,Bangalore,2019
BMW X1 sDrive20d,₹ 35.29 Lakh,"171,169 km",Petrol,Hyderabad,2013
Mercedes-Benz C-Class C200,₹ 51.24 Lakh,"58,944 km",Diesel,Kolkata,2021
BMW X1 sDrive20d,₹ 37.86 Lakh,"139,609 km",Diesel,Mumbai,2016
Audi Q5 quattro,₹ 38.09 Lakh,"42,289 km",Diesel,Bangalore,2023
Maruti Suzuki Ertiga VXI CNG,₹ 1.20 Lakh,"132,709 km",Diesel,Ahmedabad,2016
Tata Nexon XZ+,₹ 1.20 Lakh,"134,574 km",CNG,Noida,2014
Kia Sonet GTX,₹ 6.18 Lakh,"121,702 km",Diesel,Thane,2017
Honda BR-V VX,₹ 1.20 Lakh,"181,896 km",Petrol,Hyderabad,2012
Kia Sonet GTX,₹ 5.90 Lakh,"106,394 km",Petrol,Thane,2018
Mercedes-Benz GLA 220d,₹ 44.81 Lakh,"184,173 km",Diesel,Thane,2012
Audi A4 35 TDI,₹ 29.12 Lakh,"172,961 km",Petrol,Hyderabad,2012
Honda BR-V VX,₹ 3.19 Lakh,"100,885 km",CNG,Kolkata,2018
Honda City VX,₹ 1.24 Lakh,"141,580 km",CNG,Delhi,2015
Kia Carens Prestige,₹ 10.13 Lakh,"41,290 km",Petrol,Bangalore,2023
Mercedes-Benz E-Class E220d,₹ 48.61 Lakh,"112,249 km",Diesel,Ahmedabad,2018
Mahindra Scorpio S11,₹ 2.52 Lakh,"156,930 km",CNG,Thane,2013
Maruti Suzuki Baleno Delta 1.2,₹ 1.20 Lakh,"87,310 km",Petrol,Noida,2019
Honda BR-V VX,₹ 3.14 Lakh,"84,400 km",Petrol,Ahmedabad,2018
Toyota Innova Crysta GX,₹ 9.99 Lakh,"77,293 km",Petrol,Thane,2021
Audi Q3 Premium,₹ 36.18 Lakh,"74,550 km",Petrol,Noida,2022
Mercedes-Benz C-Class C200,₹ 44.65 Lakh,"157,067 km",Diesel,Hyderabad,2012
Audi Q5 quattro,₹ 33.88 Lakh,"99,924 km",Petrol,Bangalore,2017
Toyota Innova Crysta GX,₹ 8.78 Lakh,"91,239 km",CNG,Delhi,2018
Hyundai Santro Sportz,₹ 4.05 Lakh,"50,677 km",Petrol,Ahmedabad,2021
Audi Q3 Premium,₹ 33.18 Lakh,"117,849 km",Diesel,Noida,2017
Tata Nexon XZ+,₹ 6.03 Lakh,"70,930 km",CNG,Pune,2022
BMW X1 sDrive20d,₹ 38.45 Lakh,"108,113 km",Diesel,Bangalore,2017
Audi Q5 quattro,₹ 37.06 Lakh,"47,975 km",Diesel,Pune,2022
Tata Nexon XZ+,₹ 1.20 Lakh,"145,658 km",Petrol,Kolkata,2013
Audi Q3 Premium,₹ 33.51 Lakh,"106,653 km",Petrol,Thane,2017
Tata Tiago XT,₹ 1.20 Lakh,"181,565 km",Petrol,Chennai,2012
Audi Q3 Premium,₹ 33.90 Lakh,"99,810 km",Diesel,Kolkata,2017
Maruti Suzuki Alto 800 LXi,₹ 1.20 Lakh,"75,340 km",Diesel,Mumbai,2020
BMW 5 Series 520d,₹ 36.23 Lakh,"135,050 km",Petrol,Kolkata,2015
Honda BR-V VX,₹ 1.20 Lakh,"130,327 km",CNG,Ahmedabad,2014
Kia Carens Prestige,₹ 1.41 Lakh,"206,876 km",CNG,Thane,2012
Mercedes-Benz GLA 220d,₹ 44.84 Lakh,"183,928 km",Diesel,Bangalore,2012
Kia Seltos GTX,₹ 5.12 Lakh,"125,098 km",CNG,Bangalore,2016
Tata Safari XZ+,₹ 7.25 Lakh,"59,297 km",Diesel,Delhi,2022
Maruti Suzuki Ertiga VXI CNG,₹ 2.91 Lakh,"54,498 km",Diesel,Bangalore,2022
Tata Safari XZ+,₹ 1.20 Lakh,"164,815 km",Diesel,Kolkata,2012
Tata Safari XZ+,₹ 4.91 Lakh,"81,168 km",Diesel,Kolkata,2019
Maruti Suzuki Wagon R 1.0 VXI,₹ 1.20 Lakh,"96,422 km",CNG,Mumbai,2017
Hyundai i10 Magna,₹ 5.07 Lakh,"59,627 km",Petrol,Mumbai,2022
Kia Seltos GTX,₹ 5.57 Lakh,"118,491 km",CNG,Delhi,2016
Tata Harrier XZ,₹ 1.20 Lakh,"165,036 km",CNG,Bangalore,2012
Maruti Suzuki Vitara Brezza VDi,₹ 3.05 Lakh,"54,093 km",Petrol,Hyderabad,2021
Kia Carens Prestige,₹ 10.38 Lakh,"54,605 km",Petrol,Thane,2022
Kia Sonet GTX,₹ 7.69 Lakh,"81,812 km",Petrol,Ahmedabad,2019
Audi Q3 Premium,₹ 33.99 Lakh,"109,696 km",Petrol,Mumbai,2018
Kia Sonet GTX,₹ 5.45 Lakh,"139,091 km",CNG,Bangalore,2016
Tata Safari XZ+,₹ 1.20 Lakh,"159,735 km",Petrol,Mumbai,2013
Honda Amaze VX,₹ 2.02 Lakh,"111,792 km",Diesel,Hyderabad,2017
BMW X1 sDrive20d,₹ 40.14 Lakh,"94,135 km",Petrol,Bangalore,2020
Audi Q3 Premium,₹ 32.62 Lakh,"115,526 km",Diesel,Pune,2016
Mahindra Scorpio S11,₹ 11.39 Lakh,"43,744 km",Diesel,Hyderabad,2023
BMW 3 Series 320d,₹ 39.37 Lakh,"92,369 km",Diesel,Delhi,2018
Mercedes-Benz E-Class E220d,₹ 52.42 Lakh,"46,446 km",Diesel,Hyderabad,2022
BMW 5 Series 520d,₹ 41.47 Lakh,"45,090 km",Petrol,Bangalore,2022
Audi A4 35 TDI,₹ 37.99 Lakh,"45,862 km",Diesel,Hyderabad,2022
Honda Amaze VX,₹ 1.20 Lakh,"148,639 km",Diesel,Delhi,2013
Maruti Suzuki Swift VXi,₹ 3.92 Lakh,"29,964 km",CNG,Chennai,2023
BMW 5 Series 520d,₹ 37.21 Lakh,"120,632 km",Diesel,Noida,2015
Mercedes-Benz C-Class C200,₹ 49.23 Lakh,"104,560 km",Diesel,Pune,2019
Kia Carens Prestige,₹ 6.47 Lakh,"81,708 km",Petrol,Pune,2016
Kia Carens Prestige,₹ 7.91 Lakh,"85,165 km",CNG,Noida,2020
Audi Q3 Premium,₹ 30.04 Lakh,"145,806 km",Petrol,Kolkata,2013
Mahindra Scorpio S11,₹ 9.29 Lakh,"65,415 km",Petrol,Thane,2022
Hyundai i10 Magna,₹ 5.09 Lakh,"55,987 km",CNG,Delhi,2021
BMW X1 sDrive20d,₹ 43.49 Lakh,"46,387 km",Diesel,Mumbai,2023
Toyota Glanza G,₹ 4.75 Lakh,"151,399 km",Diesel,Kolkata,2014
Honda BR-V VX,₹ 1.44 Lakh,"124,891 km",Diesel,Noida,2016
BMW 5 Series 520d,₹ 41.47 Lakh,"58,317 km",Diesel,Bangalore,2021
Hyundai Creta SX,₹ 1.20 Lakh,"186,973 km",Diesel,Thane,2012
Toyota Glanza G,₹ 8.94 Lakh,"73,971 km",CNG,Pune,2020
Toyota Innova Crysta GX,₹ 6.89 Lakh,"104,601 km",CNG,Bangalore,2017
Mahindra Scorpio S11,₹ 8.09 Lakh,"95,742 km",Diesel,Ahmedabad,2020
BMW 3 Series 320d,₹ 35.33 Lakh,"167,853 km",Petrol,Bangalore,2013
BMW 5 Series 520d,₹ 36.12 Lakh,"123,876 km",Petrol,Noida,2015
Kia Seltos GTX,₹ 3.15 Lakh,"171,859 km",Diesel,Mumbai,2014
Hyundai Venue S,₹ 1.20 Lakh,"104,956 km",Petrol,Thane,2016
Maruti Suzuki Ertiga VXI CNG,₹ 1.20 Lakh,"150,565 km",CNG,Kolkata,2012
Tata Tiago XT,₹ 1.64 Lakh,"141,764 km",Petrol,Bangalore,2015
Kia Seltos GTX,₹ 4.21 Lakh,"154,470 km",CNG,Ahmedabad,2015
Hyundai Santro Sportz,₹ 1.43 Lakh,"90,621 km",CNG,Kolkata,2018
Honda Amaze VX,₹ 1.20 Lakh,"136,721 km",Petrol,Ahmedabad,2014
Hyundai Elite i20 Sportz,₹ 5.43 Lakh,"40,649 km",Diesel,Delhi,2022
Toyota Etios Liva G,₹ 9.60 Lakh,"62,103 km",Diesel,Mumbai,2020
Tata Tiago XT,₹ 1.20 Lakh,"136,004 km",Petrol,Hyderabad,2014
BMW 3 Series 320d,₹ 36.15 Lakh,"159,964 km",Petrol,Mumbai,2014
Mahindra XUV500 W8,₹ 2.33 Lakh,"175,212 km",Petrol,Hyderabad,2012
Maruti Suzuki Ciaz ZXI+,₹ 1.20 Lakh,"87,625 km",CNG,Thane,2017
Honda WR-V VX,₹ 2.35 Lakh,"117,076 km",Diesel,Mumbai,2017
Maruti Suzuki Vitara Brezza VDi,₹ 1.20 Lakh,"95,053 km",CNG,Hyderabad,2018
Mahindra Thar LX,₹ 7.01 Lakh,"101,735 km",CNG,Delhi,2018
Honda BR-V VX,₹ 1.20 Lakh,"136,524 km",Petrol,Noida,2016
BMW 5 Series 520d,₹ 41.24 Lakh,"80,950 km",Diesel,Mumbai,2020
Mahindra Thar LX,₹ 11.54 Lakh,"25,698 km",Petrol,Hyderabad,2023
Maruti Suzuki S-Presso VXi,₹ 1.20 Lakh,"96,261 km",Diesel,Chennai,2021
Tata Nexon XZ+,₹ 3.36 Lakh,"119,764 km",Diesel,Kolkata,2016
Mahindra XUV500 W8,₹ 3.82 Lakh,"150,983 km",Diesel,Chennai,2013
Kia Sonet GTX,₹ 6.59 Lakh,"115,911 km",CNG,Noida,2017
Maruti Suzuki Ertiga VXI CNG,₹ 1.20 Lakh,"101,221 km",CNG,Kolkata,2017
Honda Jazz VX,₹ 1.20 Lakh,"134,374 km",Petrol,Pune,2015
Tata Harrier XZ,₹ 1.20 Lakh,"181,221 km",Petrol,Noida,2012
Maruti Suzuki Ertiga VXI CNG,₹ 2.80 Lakh,"68,330 km",Diesel,Delhi,2021
Toyota Etios Liva G,₹ 6.28 Lakh,"134,402 km",CNG,Delhi,2015
Honda City VX,₹ 1.20 Lakh,"153,099 km",CNG,Chennai,2014
Honda Jazz VX,₹ 1.20 Lakh,"131,924 km",Petrol,Pune,2014
Honda Amaze VX,₹ 1.96 Lakh,"107,000 km",Diesel,Bangalore,2017
Mercedes-Benz C-Class C200,₹ 46.57 Lakh,"148,408 km",Diesel,Bangalore,2014
Maruti Suzuki Alto 800 LXi,₹ 1.20 Lakh,"175,482 km",Petrol,Hyderabad,2012
Audi Q5 quattro,₹ 30.76 Lakh,"131,778 km",Petrol,Hyderabad,2014
Mercedes-Benz E-Class E220d,₹ 51.31 Lakh,"60,046 km",Diesel,Hyderabad,2021
Honda BR-V VX,₹ 1.80 Lakh,"118,890 km",Diesel,Chennai,2017
Tata Tiago XT,₹ 4.48 Lakh,"99,997 km",CNG,Kolkata,2018
Tata Nexon XZ+,₹ 5.44 Lakh,"77,583 km",CNG,Kolkata,2020
Mahindra XUV500 W8,₹ 6.45 Lakh,"75,352 km",Petrol,Pune,2018
Toyota Glanza G,₹ 12.16 Lakh,"37,203 km",Diesel,Hyderabad,2022
Toyota Etios Liva G,₹ 3.84 Lakh,"176,537 km",Petrol,Kolkata,2012
Hyundai Santro Sportz,₹ 1.20 Lakh,"92,675 km",Petrol,Chennai,2017
Toyota Etios Liva G,₹ 4.39 Lakh,"159,668 km",CNG,Bangalore,2014
Mercedes-Benz GLA 220d,₹ 50.69 Lakh,"60,082 km",Petrol,Hyderabad,2020
Honda Amaze VX,₹ 1.20 Lakh,"128,753 km",CNG,Bangalore,2015
Kia Seltos GTX,₹ 9.57 Lakh,"69,126 km",Petrol,Thane,2021
Toyota Corolla Altis G,₹ 11.50 Lakh,"47,501 km",Petrol,Hyderabad,2023
Mahindra XUV500 W8,₹ 9.94 Lakh,"46,644 km",Petrol,Chennai,2023
Maruti Suzuki Ciaz ZXI+,₹ 1.20 Lakh,"182,320 km",CNG,Delhi,2012
Tata Nexon XZ+,₹ 1.68 Lakh,"138,721 km",Petrol,Noida,2014
Tata Tiago XT,₹ 3.76 Lakh,"126,262 km",Diesel,Mumbai,2018
Mercedes-Benz C-Class C200,₹ 50.85 Lakh,"57,928 km",Petrol,Mumbai,2021
Honda BR-V VX,₹ 7.29 Lakh,"15,938 km",Petrol,Hyderabad,2023
BMW 5 Series 520d,₹ 35.55 Lakh,"156,234 km",Petrol,Thane,2013
Toyota Fortuner 2.8 4x2,₹ 11.71 Lakh,"47,354 km",CNG,Kolkata,2023
Mercedes-Benz E-Class E220d,₹ 50.66 Lakh,"87,873 km",Diesel,Ahmedabad,2021
Maruti Suzuki Ciaz ZXI+,₹ 1.20 Lakh,"125,516 km",CNG,Kolkata,2017
Mahindra XUV500 W8,₹ 8.32 Lakh,"74,595 km",Diesel,Bangalore,2020
Toyota Glanza G,₹ 3.81 Lakh,"165,706 km",Diesel,Mumbai,2012
Hyundai Verna SX,₹ 2.62 Lakh,"92,857 km",Diesel,Chennai,2018
Tata Safari XZ+,₹ 7.39 Lakh,"34,846 km",CNG,Ahmedabad,2023
Mercedes-Benz C-Class C200,₹ 46.85 Lakh,"106,183 km",Petrol,Ahmedabad,2016
Kia Carens Prestige,₹ 3.96 Lakh,"143,183 km",CNG,Bangalore,2014
Maruti Suzuki Baleno Delta 1.2,₹ 1.20 Lakh,"120,559 km",Diesel,Pune,2017
Hyundai i10 Magna,₹ 1.20 Lakh,"144,605 km",CNG,Mumbai,2013
Mahindra Thar LX,₹ 10.75 Lakh,"26,223 km",Petrol,Bangalore,2023
Kia Sonet GTX,₹ 6.06 Lakh,"110,315 km",CNG,Thane,2018
Mercedes-Benz E-Class E220d,₹ 43.46 Lakh,"171,922 km",Petrol,Kolkata,2012
Toyota Etios Liva G,₹ 7.08 Lakh,"109,480 km",Petrol,Pune,2016
Mahindra XUV500 W8,₹ 10.31 Lakh,"48,095 km",Diesel,Hyderabad,2023
Kia Carens Prestige,₹ 2.84 Lakh,"171,565 km",Diesel,Hyderabad,2013
Maruti Suzuki Wagon R 1.0 VXI,₹ 1.20 Lakh,"95,153 km",CNG,Pune,2019
Hyundai Grand i10 Magna,₹ 4.31 Lakh,"67,952 km",Petrol,Ahmedabad,2021
Kia Carens Prestige,₹ 4.30 Lakh,"135,262 km",CNG,Ahmedabad,2015
Hyundai Santro Sportz,₹ 1.20 Lakh,"146,591 km",Petrol,Ahmedabad,2014
Kia Sonet GTX,₹ 9.59 Lakh,"52,900 km",Diesel,Mumbai,2021
Kia Sonet GTX,₹ 5.03 Lakh,"129,423 km",Petrol,Thane,2016
Toyota Glanza G,₹ 7.92 Lakh,"108,497 km",Diesel,Thane,2019
Maruti Suzuki Swift VXi,₹ 3.07 Lakh,"38,867 km",Petrol,Delhi,2023
Tata Nexon XZ+,₹ 2.64 Lakh,"99,662 km",Petrol,Delhi,2017
Audi Q3 Premium,₹ 32.10 Lakh,"135,792 km",Diesel,Mumbai,2016
Mercedes-Benz C-Class C200,₹ 44.26 Lakh,"161,590 km",Diesel,Kolkata,2012
Toyota Glanza G,₹ 11.80 Lakh,"23,537 km",Diesel,Noida,2023
Maruti Suzuki Ciaz ZXI+,₹ 1.80 Lakh,"63,248 km",Diesel,Pune,2021
Tata Nexon XZ+,₹ 1.20 Lakh,"147,711 km",Petrol,Mumbai,2014
Tata Harrier XZ,₹ 1.20 Lakh,"171,912 km",Petrol,Hyderabad,2013
Audi Q5 quattro,₹ 34.33 Lakh,"91,026 km",Petrol,Mumbai,2019
Maruti Suzuki Ertiga VXI CNG,₹ 1.20 Lakh,"100,045 km",Petrol,Pune,2019
Audi A4 35 TDI,₹ 33.30 Lakh,"110,652 km",Diesel,Ahmedabad,2017
Mercedes-Benz E-Class E220d,₹ 44.25 Lakh,"160,366 km",Petrol,Kolkata,2013
Honda City VX,₹ 1.72 Lakh,"119,342 km",Petrol,Thane,2017
Hyundai Elite i20 Sportz,₹ 1.20 Lakh,"180,355 km",Diesel,Bangalore,2013
BMW 3 Series 320d,₹ 37.52 Lakh,"142,608 km",Diesel,Ahmedabad,2016
Tata Nexon XZ+,₹ 1.20 Lakh,"159,455 km",Diesel,Ahmedabad,2012
Tata Safari XZ+,₹ 1.20 Lakh,"159,796 km",Diesel,Ahmedabad,2014
Maruti Suzuki S-Presso VXi,₹ 1.20 Lakh,"132,281 km",Petrol,Mumbai,2015
Mahindra Scorpio S11,₹ 2.10 Lakh,"173,021 km",CNG,Pune,2012
Honda Amaze VX,₹ 1.20 Lakh,"160,737 km",Petrol,Noida,2012
Mercedes-Benz C-Class C200,₹ 48.34 Lakh,"109,118 km",Diesel,Hyderabad,2017
Hyundai Santro Sportz,₹ 1.20 Lakh,"187,025 km",CNG,Noida,2012
Hyundai i10 Magna,₹ 4.65 Lakh,"57,602 km",Petrol,Pune,2021
Maruti Suzuki Swift VXi,₹ 1.20 Lakh,"161,097 km",Diesel,Delhi,2014
Mercedes-Benz C-Class C200,₹ 52.65 Lakh,"32,436 km",Diesel,Thane,2022
Tata Nexon XZ+,₹ 2.96 Lakh,"107,040 km",Diesel,Noida,2017
Mahindra Thar LX,₹ 10.60 Lakh,"29,802 km",Petrol,Pune,2022
Maruti Suzuki Baleno Delta 1.2,₹ 1.20 Lakh,"85,549 km",Diesel,Hyderabad,2018
Kia Carens Prestige,₹ 9.97 Lakh,"72,705 km",Diesel,Chennai,2021
Audi A4 35 TDI,₹ 30.50 Lakh,"165,447 km",Diesel,Noida,2013
Honda WR-V VX,₹ 1.20 Lakh,"150,068 km",Diesel,Hyderabad,2014
Kia Sonet GTX,₹ 7.94 Lakh,"74,531 km",CNG,Chennai,2019
Audi A4 35 TDI,₹ 29.20 Lakh,"173,210 km",Petrol,Mumbai,2012
Honda Amaze VX,₹ 1.20 Lakh,"151,726 km",CNG,Ahmedabad,2012
Toyota Fortuner 2.8 4x2,₹ 11.55 Lakh,"40,556 km",Petrol,Ahmedabad,2023
Honda City VX,₹ 3.98 Lakh,"80,851 km",Diesel,Chennai,2020
Kia Carens Prestige,₹ 3.48 Lakh,"157,222 km",Petrol,Delhi,2014
Honda BR-V VX,₹ 1.74 Lakh,"111,127 km",Diesel,Chennai,2017
Audi Q3 Premium,₹ 37.17 Lakh,"47,001 km",Petrol,Delhi,2021
Maruti Suzuki Ciaz ZXI+,₹ 1.20 Lakh,"165,222 km",CNG,Noida,2012
BMW 5 Series 520d,₹ 39.45 Lakh,"74,106 km",Diesel,Chennai,2019
Audi Q3 Premium,₹ 31.20 Lakh,"143,227 km",Petrol,Mumbai,2015
Kia Carens Prestige,₹ 8.51 Lakh,"83,714 km",Diesel,Mumbai,2019
Mahindra Thar LX,₹ 2.77 Lakh,"170,255 km",Petrol,Ahmedabad,2012
Maruti Suzuki Alto 800 LXi,₹ 1.20 Lakh,"76,545 km",Petrol,Mumbai,2020
Mercedes-Benz C-Class C200,₹ 48.87 Lakh,"131,023 km",Diesel,Ahmedabad,2017
Mahindra Thar LX,₹ 5.69 Lakh,"130,601 km",Diesel,Delhi,2016
Tata Nexon XZ+,₹ 1.20 Lakh,"148,118 km",Diesel,Mumbai,2014
Honda BR-V VX,₹ 6.57 Lakh,"65,450 km",CNG,Noida,2022
BMW 5 Series 520d,₹ 35.85 Lakh,"143,252 km",Diesel,Pune,2013
Audi A4 35 TDI,₹ 33.58 Lakh,"91,059 km",Petrol,Thane,2018
Maruti Suzuki Wagon R 1.0 VXI,₹ 1.20 Lakh,"151,783 km",Diesel,Pune,2014
Hyundai Grand i10 Magna,₹ 2.76 Lakh,"84,463 km",Diesel,Kolkata,2019
Maruti Suzuki Alto 800 LXi,₹ 1.20 Lakh,"130,294 km",CNG,Hyderabad,2016
Hyundai Elite i20 Sportz,₹ 3.34 Lakh,"101,961 km",Diesel,Bangalore,2019
Mercedes-Benz E-Class E220d,₹ 44.87 Lakh,"171,090 km",Petrol,Mumbai,2012
Mercedes-Benz C-Class C200,₹ 46.31 Lakh,"128,147 km",Petrol,Kolkata,2015
Kia Sonet GTX,₹ 6.67 Lakh,"123,030 km",Diesel,Hyderabad,2017
Mahindra XUV500 W8,₹ 6.44 Lakh,"103,872 km",Petrol,Pune,2017
BMW 5 Series 520d,₹ 36.35 Lakh,"131,700 km",Diesel,Thane,2015
Maruti Suzuki S-Presso VXi,₹ 1.20 Lakh,"73,227 km",Petrol,Mumbai,2020
Audi A4 35 TDI,₹ 29.47 Lakh,"179,787 km",Diesel,Mumbai,2012
Toyota Innova Crysta GX,₹ 4.40 Lakh,"167,035 km",Diesel,Mumbai,2013
Mercedes-Benz C-Class C200,₹ 51.94 Lakh,"51,446 km",Petrol,Delhi,2021
Kia Seltos GTX,₹ 9.63 Lakh,"68,115 km",Petrol,Kolkata,2021
Tata Tiago XT,₹ 1.86 Lakh,"127,984 km",Petrol,Noida,2016
Kia Carens Prestige,₹ 2.79 Lakh,"158,708 km",Diesel,Bangalore,2013
Honda WR-V VX,₹ 6.12 Lakh,"47,970 km",Diesel,Delhi,2023
Tata Nexon XZ+,₹ 1.20 Lakh,"138,026 km",CNG,Chennai,2014
Honda BR-V VX,₹ 6.51 Lakh,"46,106 km",Diesel,Ahmedabad,2022
Hyundai Santro Sportz,₹ 2.96 Lakh,"97,227 km",CNG,Ahmedabad,2020
Audi Q3 Premium,₹ 32.71 Lakh,"136,771 km",Diesel,Hyderabad,2016
BMW 5 Series 520d,₹ 39.37 Lakh,"101,011 km",Diesel,Noida,2017
Audi A4 35 TDI,₹ 30.03 Lakh,"150,050 km",Petrol,Chennai,2014
Tata Tiago XT,₹ 2.34 Lakh,"134,958 km",Petrol,Hyderabad,2016
BMW 3 Series 320d,₹ 38.87 Lakh,"103,289 km",Diesel,Thane,2018
Mahindra XUV500 W8,₹ 11.01 Lakh,"23,859 km",Diesel,Noida,2023
Kia Seltos GTX,₹ 3.84 Lakh,"152,724 km",Diesel,Bangalore,2013
Maruti Suzuki Alto 800 LXi,₹ 1.20 Lakh,"147,495 km",Diesel,Noida,2014
BMW X1 sDrive20d,₹ 37.64 Lakh,"117,452 km",Petrol,Delhi,2017
Honda City VX,₹ 3.44 Lakh,"107,738 km",Diesel,Chennai,2018
Audi Q5 quattro,₹ 33.75 Lakh,"103,303 km",Petrol,Ahmedabad,2018
Mercedes-Benz E-Class E220d,₹ 50.11 Lakh,"77,657 km",Diesel,Pune,2020
Mahindra Thar LX,₹ 6.87 Lakh,"93,940 km",Petrol,Thane,2017
Tata Nexon XZ+,₹ 7.52 Lakh,"46,492 km",CNG,Pune,2022
Mahindra XUV500 W8,₹ 11.02 Lakh,"42,714 km",Diesel,Hyderabad,2023
Toyota Innova Crysta GX,₹ 8.31 Lakh,"116,588 km",Diesel,Noida,2018
Audi A4 35 TDI,₹ 32.89 Lakh,"120,949 km",Diesel,Bangalore,2016
Kia Sonet GTX,₹ 4.56 Lakh,"151,201 km",Petrol,Thane,2015
Toyota Glanza G,₹ 7.44 Lakh,"108,807 km",Diesel,Mumbai,2017
Mercedes-Benz C-Class C200,₹ 51.93 Lakh,"58,130 km",Diesel,Pune,2021
BMW X1 sDrive20d,₹ 39.44 Lakh,"105,467 km",Diesel,Thane,2018
Toyota Fortuner 2.8 4x2,₹ 6.17 Lakh,"123,353 km",Diesel,Delhi,2016
Audi A4 35 TDI,₹ 36.13 Lakh,"84,779 km",Petrol,Pune,2021
Audi A4 35 TDI,₹ 31.54 Lakh,"135,978 km",Petrol,Thane,2015
Tata Safari XZ+,₹ 8.25 Lakh,"32,194 km",Petrol,Kolkata,2023
Tata Harrier XZ,₹ 5.41 Lakh,"100,275 km",Petrol,Mumbai,2020
Mercedes-Benz E-Class E220d,₹ 51.94 Lakh,"70,598 km",Diesel,Kolkata,2022
BMW 5 Series 520d,₹ 37.15 Lakh,"119,912 km",Petrol,Mumbai,2017
Mahindra XUV500 W8,₹ 11.31 Lakh,"32,058 km",CNG,Chennai,2023
Toyota Etios Liva G,₹ 8.99 Lakh,"108,417 km",Petrol,Hyderabad,2019
Hyundai Elite i20 Sportz,₹ 1.20 Lakh,"162,349 km",Petrol,Ahmedabad,2014
Hyundai i10 Magna,₹ 1.46 Lakh,"98,635 km",CNG,Hyderabad,2018
Mahindra Thar LX,₹ 7.80 Lakh,"96,599 km",CNG,Bangalore,2018
Tata Harrier XZ,₹ 4.23 Lakh,"84,390 km",Diesel,Thane,2018
BMW X1 sDrive20d,₹ 35.35 Lakh,"142,895 km",Petrol,Kolkata,2014
Kia Seltos GTX,₹ 5.29 Lakh,"107,913 km",Diesel,Mumbai,2016
Tata Nexon XZ+,₹ 5.61 Lakh,"63,031 km",CNG,Mumbai,2021
Mercedes-Benz C-Class C200,₹ 48.45 Lakh,"114,899 km",Petrol,Thane,2017
Mahindra Scorpio S11,₹ 9.49 Lakh,"72,818 km",Diesel,Thane,2022
Audi Q3 Premium,₹ 34.47 Lakh,"78,237 km",Petrol,Chennai,2019
Maruti Suzuki Baleno Delta 1.2,₹ 1.20 Lakh,"124,774 km",Petrol,Pune,2015
Toyota Etios Liva G,₹ 6.18 Lakh,"164,595 km",CNG,Mumbai,2016
Audi Q5 quattro,₹ 30.38 Lakh,"139,197 km",Petrol,Ahmedabad,2014
Toyota Etios Liva G,₹ 8.33 Lakh,"94,538 km",Diesel,Chennai,2019
Mahindra Thar LX,₹ 6.23 Lakh,"108,745 km",Petrol,Pune,2017
Audi Q5 quattro,₹ 31.82 Lakh,"128,752 km",Petrol,Ahmedabad,2015
Mahindra XUV500 W8,₹ 7.25 Lakh,"91,659 km",Petrol,Bangalore,2018
Mercedes-Benz E-Class E220d,₹ 49.81 Lakh,"74,934 km",Diesel,Ahmedabad,2019
Tata Safari XZ+,₹ 4.44 Lakh,"85,593 km",CNG,Hyderabad,2018
Maruti Suzuki Swift VXi,₹ 1.20 Lakh,"96,094 km",CNG,Kolkata,2020
Mercedes-Benz C-Class C200,₹ 49.74 Lakh,"110,893 km",Petrol,Bangalore,2019
Audi Q3 Premium,₹ 29.36 Lakh,"170,058 km",Petrol,Thane,2013
Tata Harrier XZ,₹ 1.20 Lakh,"183,758 km",CNG,Kolkata,2012
Toyota Corolla Altis G,₹ 7.80 Lakh,"124,668 km",Diesel,Pune,2017
Honda Amaze VX,₹ 1.20 Lakh,"187,269 km",Diesel,Thane,2012
Tata Safari XZ+,₹ 5.46 Lakh,"98,236 km",CNG,Chennai,2020
Mercedes-Benz GLA 220d,₹ 49.88 Lakh,"74,566 km",Petrol,Chennai,2020
Tata Harrier XZ,₹ 4.50 Lakh,"86,194 km",Petrol,Pune,2019
BMW 3 Series 320d,₹ 35.97 Lakh,"152,014 km",Diesel,Kolkata,2013
Audi A4 35 TDI,₹ 33.34 Lakh,"125,212 km",Petrol,Delhi,2017
Kia Seltos GTX,₹ 2.94 Lakh,"160,509 km",Diesel,Delhi,2013
Audi Q5 quattro,₹ 34.76 Lakh,"80,739 km",Diesel,Delhi,2019
Toyota Glanza G,₹ 11.11 Lakh,"62,822 km",Diesel,Chennai,2021
Hyundai Venue S,₹ 1.20 Lakh,"143,413 km",Diesel,Chennai,2014
Audi Q5 quattro,₹ 37.40 Lakh,"23,764 km",Petrol,Chennai,2023
Hyundai Verna SX,₹ 1.20 Lakh,"139,918 km",Petrol,Pune,2014
Honda Jazz VX,₹ 1.67 Lakh,"107,570 km",CNG,Chennai,2016
BMW 3 Series 320d,₹ 38.99 Lakh,"101,653 km",Petrol,Delhi,2018
Audi Q5 quattro,₹ 36.33 Lakh,"54,562 km",Petrol,Kolkata,2021
Honda Jazz VX,₹ 1.79 Lakh,"125,728 km",Petrol,Noida,2017
Maruti Suzuki Wagon R 1.0 VXI,₹ 1.20 Lakh,"125,452 km",Diesel,Hyderabad,2016
Tata Harrier XZ,₹ 3.55 Lakh,"116,493 km",Diesel,Delhi,2016
Mahindra Thar LX,₹ 7.27 Lakh,"100,657 km",Petrol,Thane,2020
Mercedes-Benz E-Class E220d,₹ 45.43 Lakh,"159,790 km",Petrol,Delhi,2013
Maruti Suzuki S-Presso VXi,₹ 1.20 Lakh,"160,557 km",Diesel,Noida,2012
Hyundai Creta SX,₹ 1.20 Lakh,"166,404 km",Diesel,Pune,2013
Audi A4 35 TDI,₹ 32.41 Lakh,"128,857 km",Petrol,Ahmedabad,2015
Toyota Innova Crysta GX,₹ 5.88 Lakh,"142,896 km",Petrol,Bangalore,2015
Hyundai Grand i10 Magna,₹ 1.20 Lakh,"176,555 km",CNG,Chennai,2013
Mercedes-Benz C-Class C200,₹ 47.23 Lakh,"149,681 km",Petrol,Noida,2016
BMW 5 Series 520d,₹ 33.93 Lakh,"175,054 km",Petrol,Mumbai,2012
Audi Q5 quattro,₹ 37.76 Lakh,"59,582 km",Diesel,Ahmedabad,2023
Honda City VX,₹ 1.20 Lakh,"178,379 km",Petrol,Ahmedabad,2013
Kia Seltos GTX,₹ 7.43 Lakh,"88,200 km",Diesel,Noida,2018
Toyota Etios Liva G,₹ 10.27 Lakh,"65,561 km",Diesel,Pune,2020
Mercedes-Benz GLA 220d,₹ 45.95 Lakh,"166,071 km",Diesel,Chennai,2013
Toyota Fortuner 2.8 4x2,₹ 7.96 Lakh,"113,892 km",CNG,Bangalore,2018
Kia Carens Prestige,₹ 3.46 Lakh,"157,302 km",Diesel,Bangalore,2012
Mercedes-Benz E-Class E220d,₹ 46.62 Lakh,"131,125 km",Diesel,Delhi,2014
Honda Amaze VX,₹ 4.46 Lakh,"73,042 km",Diesel,Hyderabad,2019
Mahindra XUV500 W8,₹ 7.10 Lakh,"89,948 km",Petrol,Mumbai,2018
Toyota Corolla Altis G,₹ 8.05 Lakh,"80,751 km",Petrol,Delhi,2019
Maruti Suzuki Wagon R 1.0 VXI,₹ 1.49 Lakh,"86,361 km",CNG,Hyderabad,2020
Mercedes-Benz C-Class C200,₹ 45.17 Lakh,"174,060 km",Petrol,Mumbai,2013
Mahindra Scorpio S11,₹ 6.08 Lakh,"125,956 km",Diesel,Delhi,2017
Maruti Suzuki Ertiga VXI CNG,₹ 1.20 Lakh,"71,892 km",Petrol,Hyderabad,2020
Maruti Suzuki Alto 800 LXi,₹ 1.20 Lakh,"105,332 km",Diesel,Thane,2017
Toyota Glanza G,₹ 6.42 Lakh,"108,116 km",Petrol,Hyderabad,2016
Mahindra Thar LX,₹ 5.87 Lakh,"126,855 km",Petrol,Delhi,2016
Mahindra Thar LX,₹ 9.60 Lakh,"70,259 km",Diesel,Noida,2021
Mercedes-Benz C-Class C200,₹ 51.00 Lakh,"80,837 km",Diesel,Noida,2021
Mercedes-Benz GLA 220d,₹ 44.23 Lakh,"181,967 km",Diesel,Hyderabad,2012
Hyundai Venue S,₹ 4.74 Lakh,"27,221 km",CNG,Bangalore,2022
Mahindra Scorpio S11,₹ 5.64 Lakh,"139,963 km",CNG,Hyderabad,2016
Maruti Suzuki Alto 800 LXi,₹ 1.20 Lakh,"148,238 km",Petrol,Delhi,2013
Toyota Etios Liva G,₹ 2.93 Lakh,"179,958 km",CNG,Chennai,2012
Mercedes-Benz E-Class E220d,₹ 48.42 Lakh,"89,805 km",Petrol,Noida,2017
Honda City VX,₹ 1.20 Lakh,"147,775 km",CNG,Chennai,2012
Hyundai Elite i20 Sportz,₹ 1.20 Lakh,"125,997 km",Petrol,Ahmedabad,2015
Mahindra Thar LX,₹ 10.56 Lakh,"59,666 km",Petrol,Pune,2023
Audi Q5 quattro,₹ 38.61 Lakh,"51,906 km",Diesel,Pune,2023
BMW 3 Series 320d,₹ 37.57 Lakh,"111,552 km",Petrol,Pune,2016
Mahindra Thar LX,₹ 6.69 Lakh,"118,392 km",Diesel,Noida,2017
Honda Amaze VX,₹ 1.20 Lakh,"172,373 km",Diesel,Kolkata,2012
Tata Nexon XZ+,₹ 1.20 Lakh,"174,172 km",Diesel,Hyderabad,2013
Maruti Suzuki Wagon R 1.0 VXI,₹ 1.20 Lakh,"68,832 km",CNG,Noida,2020
Kia Sonet GTX,₹ 7.24 Lakh,"86,407 km",CNG,Ahmedabad,2019
Audi Q3 Premium,₹ 37.43 Lakh,"54,014 km",Petrol,Thane,2022
Maruti Suzuki Ciaz ZXI+,₹ 2.54 Lakh,"57,374 km",Petrol,Noida,2023
Audi Q5 quattro,₹ 37.69 Lakh,"52,538 km",Diesel,Ahmedabad,2022
Audi Q5 quattro,₹ 33.76 Lakh,"91,880 km",Diesel,Hyderabad,2017
Toyota Etios Liva G,₹ 7.96 Lakh,"91,121 km",Petrol,Delhi,2019
Mahindra Scorpio S11,₹ 8.74 Lakh,"62,496 km",Diesel,Thane,2020
Maruti Suzuki S-Presso VXi,₹ 1.20 Lakh,"134,266 km",CNG,Kolkata,2016
Hyundai i10 Magna,₹ 1.20 Lakh,"136,898 km",CNG,Ahmedabad,2015
Hyundai Elite i20 Sportz,₹ 1.20 Lakh,"175,553 km",Diesel,Mumbai,2012
Audi A4 35 TDI,₹ 32.57 Lakh,"132,355 km",Diesel,Kolkata,2015
Maruti Suzuki Alto 800 LXi,₹ 1.20 Lakh,"106,712 km",CNG,Ahmedabad,2016
Hyundai Santro Sportz,₹ 6.60 Lakh,"46,180 km",Diesel,Thane,2023
Maruti Suzuki Ciaz ZXI+,₹ 2.85 Lakh,"58,888 km",Diesel,Bangalore,2022
Toyota Corolla Altis G,₹ 7.56 Lakh,"114,998 km",Diesel,Delhi,2018
Hyundai Creta SX,₹ 4.78 Lakh,"71,308 km",CNG,Noida,2022
Maruti Suzuki Swift VXi,₹ 1.20 Lakh,"159,547 km",Petrol,Ahmedabad,2012
Tata Nexon XZ+,₹ 4.53 Lakh,"77,560 km",Diesel,Delhi,2019
Tata Harrier XZ,₹ 1.32 Lakh,"148,941 km",CNG,Chennai,2014
Honda WR-V VX,₹ 1.20 Lakh,"179,709 km",Petrol,Delhi,2013
Kia Carens Prestige,₹ 8.51 Lakh,"63,452 km",CNG,Mumbai,2021
Hyundai Creta SX,₹ 6.29 Lakh,"45,913 km",Petrol,Hyderabad,2023
Maruti Suzuki Swift VXi,₹ 1.20 Lakh,"79,473 km",Diesel,Ahmedabad,2018
Kia Carens Prestige,₹ 6.99 Lakh,"95,289 km",Petrol,Bangalore,2019
Toyota Etios Liva G,₹ 9.61 Lakh,"73,468 km",Diesel,Pune,2020
Honda Jazz VX,₹ 3.77 Lakh,"86,357 km",Petrol,Kolkata,2020
Mercedes-Benz GLA 220d,₹ 45.01 Lakh,"169,875 km",Diesel,Ahmedabad,2012
Mahindra XUV500 W8,₹ 8.61 Lakh,"72,375 km",CNG,Pune,2021
Hyundai Venue S,₹ 3.19 Lakh,"77,803 km",Diesel,Kolkata,2020
Maruti Suzuki S-Presso VXi,₹ 1.20 Lakh,"155,853 km",Diesel,Pune,2014
Hyundai Grand i10 Magna,₹ 2.48 Lakh,"89,822 km",Diesel,Kolkata,2017
Mercedes-Benz GLA 220d,₹ 53.00 Lakh,"27,681 km",Diesel,Ahmedabad,2023
Hyundai Verna SX,₹ 1.20 Lakh,"109,067 km",Diesel,Bangalore,2016
Tata Harrier XZ,₹ 6.86 Lakh,"42,468 km",Diesel,Bangalore,2022
BMW 3 Series 320d,₹ 35.94 Lakh,"142,716 km",Petrol,Bangalore,2014
Maruti Suzuki Baleno Delta 1.2,₹ 1.20 Lakh,"170,884 km",Petrol,Noida,2012
BMW 3 Series 320d,₹ 38.66 Lakh,"98,760 km",Diesel,Pune,2018
Tata Tiago XT,₹ 5.43 Lakh,"94,232 km",CNG,Delhi,2019
Toyota Glanza G,₹ 7.24 Lakh,"111,755 km",Diesel,Bangalore,2016
Toyota Glanza G,₹ 4.86 Lakh,"152,429 km",Petrol,Bangalore,2015
Hyundai Creta SX,₹ 1.20 Lakh,"178,853 km",Petrol,Pune,2012
Tata Harrier XZ,₹ 1.20 Lakh,"161,561 km",Diesel,Hyderabad,2013
BMW X1 sDrive20d,₹ 42.07 Lakh,"55,013 km",Petrol,Ahmedabad,2022
Mercedes-Benz C-Class C200,₹ 53.79 Lakh,"38,984 km",Diesel,Kolkata,2023
Maruti Suzuki Baleno Delta 1.2,₹ 1.20 Lakh,"110,687 km",Diesel,Chennai,2018
BMW X1 sDrive20d,₹ 40.78 Lakh,"68,355 km",Petrol,Bangalore,2021
Mercedes-Benz E-Class E220d,₹ 51.45 Lakh,"53,898 km",Diesel,Ahmedabad,2022
BMW X1 sDrive20d,₹ 39.06 Lakh,"96,252 km",Petrol,Noida,2018
BMW 3 Series 320d,₹ 43.08 Lakh,"29,477 km",Diesel,Noida,2023
Maruti Suzuki Alto 800 LXi,₹ 1.20 Lakh,"92,967 km",Petrol,Delhi,2019
Tata Safari XZ+,₹ 2.32 Lakh,"140,951 km",Diesel,Bangalore,2017
Hyundai Grand i10 Magna,₹ 1.20 Lakh,"157,642 km",Diesel,Mumbai,2014
Honda Jazz VX,₹ 7.04 Lakh,"30,376 km",Petrol,Hyderabad,2023
Honda Jazz VX,₹ 3.68 Lakh,"88,407 km",Petrol,Pune,2020
Hyundai Venue S,₹ 1.20 Lakh,"149,870 km",CNG,Kolkata,2013
Tata Safari XZ+,₹ 6.37 Lakh,"70,119 km",Diesel,Mumbai,2021
Hyundai Verna SX,₹ 2.60 Lakh,"82,549 km",Petrol,Delhi,2020
BMW X1 sDrive20d,₹ 40.35 Lakh,"74,198 km",Diesel,Hyderabad,2019
Toyota Etios Liva G,₹ 3.46 Lakh,"155,968 km",CNG,Chennai,2013
Kia Sonet GTX,₹ 4.12 Lakh,"159,357 km",Petrol,Chennai,2014
Tata Tiago XT,₹ 6.49 Lakh,"44,342 km",CNG,Chennai,2020
Toyota Etios Liva G,₹ 4.73 Lakh,"153,110 km",Diesel,Kolkata,2013
BMW 5 Series 520d,₹ 33.54 Lakh,"170,426 km",Petrol,Delhi,2012
BMW X1 sDrive20d,₹ 36.53 Lakh,"124,688 km",Petrol,Pune,2016
Honda WR-V VX,₹ 1.20 Lakh,"127,434 km",Petrol,Pune,2016
Toyota Etios Liva G,₹ 10.19 Lakh,"48,885 km",Petrol,Chennai,2021
Maruti Suzuki Ciaz ZXI+,₹ 1.20 Lakh,"113,281 km",CNG,Kolkata,2016
Audi Q5 quattro,₹ 30.05 Lakh,"158,090 km",Petrol,Delhi,2013
BMW X1 sDrive20d,₹ 39.32 Lakh,"82,820 km",Petrol,Kolkata,2019
Kia Sonet GTX,₹ 8.46 Lakh,"69,073 km",CNG,Pune,2020
Honda WR-V VX,₹ 1.20 Lakh,"133,793 km",CNG,Delhi,2015
Audi A4 35 TDI,₹ 32.89 Lakh,"104,654 km",Petrol,Kolkata,2017
Tata Nexon XZ+,₹ 1.39 Lakh,"139,472 km",CNG,Ahmedabad,2015
BMW X1 sDrive20d,₹ 40.28 Lakh,"79,650 km",Diesel,Kolkata,2019
Maruti Suzuki S-Presso VXi,₹ 1.20 Lakh,"74,755 km",CNG,Ahmedabad,2019
Toyota Glanza G,₹ 3.02 Lakh,"155,348 km",Petrol,Kolkata,2012
Tata Nexon XZ+,₹ 1.20 Lakh,"118,883 km",CNG,Bangalore,2014
Honda BR-V VX,₹ 5.76 Lakh,"58,596 km",CNG,Ahmedabad,2022
Honda Amaze VX,₹ 1.20 Lakh,"165,651 km",CNG,Bangalore,2012
Hyundai Venue S,₹ 2.57 Lakh,"97,155 km",Diesel,Thane,2019
Mahindra XUV500 W8,₹ 9.98 Lakh,"31,226 km",CNG,Pune,2022
Tata Harrier XZ,₹ 5.69 Lakh,"92,087 km",CNG,Bangalore,2020
Maruti Suzuki Baleno Delta 1.2,₹ 1.20 Lakh,"153,426 km",Diesel,Pune,2014
Kia Seltos GTX,₹ 7.27 Lakh,"90,478 km",Petrol,Chennai,2019
Maruti Suzuki Swift VXi,₹ 3.51 Lakh,"38,614 km",Petrol,Noida,2023
Toyota Etios Liva G,₹ 4.17 Lakh,"162,133 km",Diesel,Mumbai,2014
Toyota Fortuner 2.8 4x2,₹ 3.68 Lakh,"159,949 km",CNG,Noida,2013
Honda City VX,₹ 2.29 Lakh,"102,061 km",CNG,Mumbai,2017
Mahindra XUV500 W8,₹ 7.09 Lakh,"110,335 km",CNG,Delhi,2018
Mahindra Scorpio S11,₹ 9.12 Lakh,"69,624 km",Diesel,Pune,2020
Honda Jazz VX,₹ 3.43 Lakh,"100,992 km",Petrol,Delhi,2018
Maruti Suzuki Alto 800 LXi,₹ 2.44 Lakh,"79,152 km",Petrol,Mumbai,2022
Kia Sonet GTX,₹ 6.78 Lakh,"100,793 km",Diesel,Bangalore,2018
Honda City VX,₹ 1.90 Lakh,"102,918 km",Petrol,Kolkata,2017
Mercedes-Benz E-Class E220d,₹ 49.40 Lakh,"82,645 km",Petrol,Mumbai,2019
Kia Sonet GTX,₹ 4.84 Lakh,"132,954 km",Petrol,Pune,2015
Toyota Innova Crysta GX,₹ 4.16 Lakh,"155,014 km",Petrol,Pune,2014
Maruti Suzuki S-Presso VXi,₹ 1.20 Lakh,"101,677 km",Petrol,Bangalore,2019
BMW 5 Series 520d,₹ 40.92 Lakh,"79,698 km",Petrol,Thane,2021
Kia Sonet GTX,₹ 5.74 Lakh,"118,215 km",Petrol,Thane,2016
Maruti Suzuki Swift VXi,₹ 1.20 Lakh,"94,150 km",CNG,Kolkata,2019
Audi Q3 Premium,₹ 31.87 Lakh,"102,748 km",Diesel,Delhi,2015
Toyota Glanza G,₹ 11.95 Lakh,"42,242 km",CNG,Bangalore,2022
Audi A4 35 TDI,₹ 32.69 Lakh,"127,792 km",Diesel,Bangalore,2017
BMW 5 Series 520d,₹ 34.88 Lakh,"170,351 km",Diesel,Chennai,2012
Honda Amaze VX,₹ 1.20 Lakh,"146,220 km",CNG,Noida,2016
Tata Safari XZ+,₹ 1.20 Lakh,"171,961 km",CNG,Bangalore,2012
Kia Carens Prestige,₹ 11.12 Lakh,"46,689 km",Diesel,Ahmedabad,2023
Honda WR-V VX,₹ 4.56 Lakh,"65,261 km",CNG,Kolkata,2021
Hyundai Elite i20 Sportz,₹ 5.32 Lakh,"70,593 km",Diesel,Delhi,2022
Mercedes-Benz GLA 220d,₹ 44.15 Lakh,"166,232 km",Diesel,Mumbai,2012
Mercedes-Benz E-Class E220d,₹ 51.22 Lakh,"69,521 km",Petrol,Pune,2022
Mercedes-Benz GLA 220d,₹ 44.76 Lakh,"173,448 km",Petrol,Kolkata,2012
Honda BR-V VX,₹ 7.09 Lakh,"43,590 km",Diesel,Kolkata,2022
Maruti Suzuki Vitara Brezza VDi,₹ 1.20 Lakh,"176,415 km",Petrol,Hyderabad,2012
Honda Amaze VX,₹ 3.20 Lakh,"112,917 km",CNG,Pune,2018
Kia Seltos GTX,₹ 5.43 Lakh,"100,102 km",Diesel,Delhi,2016
Mercedes-Benz C-Class C200,₹ 49.26 Lakh,"95,056 km",Petrol,Chennai,2018
Honda Jazz VX,₹ 6.59 Lakh,"39,511 km",Petrol,Delhi,2022
Audi Q3 Premium,₹ 30.35 Lakh,"170,258 km",Diesel,Ahmedabad,2013
Honda WR-V VX,₹ 1.20 Lakh,"153,564 km",Diesel,Noida,2014
Honda Jazz VX,₹ 1.20 Lakh,"133,828 km",CNG,Bangalore,2014
Toyota Corolla Altis G,₹ 5.78 Lakh,"136,723 km",Diesel,Chennai,2016
Kia Sonet GTX,₹ 9.60 Lakh,"58,578 km",Diesel,Bangalore,2022
Tata Tiago XT,₹ 5.00 Lakh,"88,669 km",Petrol,Chennai,2020
BMW X1 sDrive20d,₹ 41.67 Lakh,"68,311 km",Diesel,Hyderabad,2020
Tata Nexon XZ+,₹ 5.21 Lakh,"83,662 km",Petrol,Kolkata,2020
Kia Carens Prestige,₹ 2.47 Lakh,"181,963 km",Diesel,Noida,2013
Kia Sonet GTX,₹ 9.28 Lakh,"62,677 km",Petrol,Thane,2020
BMW X1 sDrive20d,₹ 37.42 Lakh,"122,627 km",Petrol,Ahmedabad,2017
Maruti Suzuki Alto 800 LXi,₹ 1.20 Lakh,"154,211 km",Diesel,Mumbai,2014
Kia Carens Prestige,₹ 3.41 Lakh,"160,205 km",Diesel,Kolkata,2012
Mercedes-Benz C-Class C200,₹ 49.49 Lakh,"101,829 km",Petrol,Delhi,2020
Hyundai Creta SX,₹ 3.36 Lakh,"94,657 km",Diesel,Kolkata,2019
BMW X1 sDrive20d,₹ 36.95 Lakh,"122,092 km",Petrol,Thane,2015
Mercedes-Benz E-Class E220d,₹ 48.31 Lakh,"116,951 km",Diesel,Kolkata,2016
Honda BR-V VX,₹ 1.53 Lakh,"134,321 km",Diesel,Noida,2015
Audi A4 35 TDI,₹ 31.37 Lakh,"128,878 km",Petrol,Mumbai,2014
Honda BR-V VX,₹ 1.20 Lakh,"164,318 km",Diesel,Noida,2013
Kia Seltos GTX,₹ 10.48 Lakh,"36,707 km",CNG,Mumbai,2022
Audi A4 35 TDI,₹ 36.62 Lakh,"46,193 km",Petrol,Mumbai,2021
Toyota Etios Liva G,₹ 11.12 Lakh,"36,888 km",Petrol,Kolkata,2023
Tata Tiago XT,₹ 2.96 Lakh,"116,665 km",Diesel,Noida,2017
Kia Sonet GTX,₹ 4.09 Lakh,"130,238 km",Petrol,Kolkata,2015
Honda City VX,₹ 2.70 Lakh,"121,848 km",Diesel,Mumbai,2017
Kia Carens Prestige,₹ 9.19 Lakh,"64,814 km",Petrol,Bangalore,2021
BMW 5 Series 520d,₹ 38.24 Lakh,"128,393 km",Petrol,Ahmedabad,2017
Hyundai Venue S,₹ 1.20 Lakh,"183,689 km",CNG,Chennai,2012
Tata Tiago XT,₹ 1.20 Lakh,"163,501 km",Diesel,Mumbai,2013
Mahindra Thar LX,₹ 5.58 Lakh,"128,630 km",Petrol,Noida,2017
Tata Safari XZ+,₹ 1.20 Lakh,"166,257 km",Petrol,Hyderabad,2013
Honda City VX,₹ 3.94 Lakh,"88,206 km",Petrol,Hyderabad,2019
Hyundai Verna SX,₹ 6.55 Lakh,"49,002 km",Diesel,Ahmedabad,2023
Maruti Suzuki Ertiga VXI CNG,₹ 1.20 Lakh,"141,887 km",Diesel,Noida,2015
Audi Q3 Premium,₹ 29.49 Lakh,"174,047 km",Petrol,Ahmedabad,2013
Mercedes-Benz GLA 220d,₹ 45.13 Lakh,"158,505 km",Petrol,Chennai,2013
Kia Seltos GTX,₹ 11.07 Lakh,"44,215 km",Diesel,Pune,2023
Mercedes-Benz E-Class E220d,₹ 51.69 Lakh,"60,277 km",Diesel,Pune,2022
Maruti Suzuki Ciaz ZXI+,₹ 1.20 Lakh,"143,947 km",Petrol,Pune,2015
Kia Seltos GTX,₹ 6.88 Lakh,"95,056 km",Petrol,Delhi,2018
BMW 5 Series 520d,₹ 43.49 Lakh,"46,510 km",Diesel,Delhi,2023
Tata Harrier XZ,₹ 7.46 Lakh,"49,032 km",Petrol,Noida,2022
Toyota Corolla Altis G,₹ 3.61 Lakh,"148,988 km",CNG,Noida,2013
Toyota Innova Crysta GX,₹ 8.86 Lakh,"67,739 km",Petrol,Delhi,2019
Hyundai Grand i10 Magna,₹ 5.19 Lakh,"65,244 km",CNG,Hyderabad,2022
Mahindra XUV500 W8,₹ 7.65 Lakh,"101,663 km",CNG,Hyderabad,2020
BMW 3 Series 320d,₹ 34.97 Lakh,"170,549 km",Petrol,Delhi,2012
Mahindra Scorpio S11,₹ 7.62 Lakh,"108,803 km",CNG,Hyderabad,2018
Tata Harrier XZ,₹ 1.20 Lakh,"150,884 km",CNG,Delhi,2013
Kia Seltos GTX,₹ 5.32 Lakh,"107,888 km",Diesel,Pune,2015
Hyundai Santro Sportz,₹ 1.42 Lakh,"129,628 km",Petrol,Hyderabad,2017
Audi A4 35 TDI,₹ 33.30 Lakh,"95,652 km",Petrol,Delhi,2017
Kia Carens Prestige,₹ 8.60 Lakh,"82,879 km",Petrol,Mumbai,2021
Audi A4 35 TDI,₹ 36.59 Lakh,"60,875 km",Petrol,Ahmedabad,2021
Maruti Suzuki Baleno Delta 1.2,₹ 1.20 Lakh,"87,051 km",Petrol,Thane,2020
Hyundai i10 Magna,₹ 5.12 Lakh,"60,361 km",CNG,Thane,2021
Kia Carens Prestige,₹ 3.41 Lakh,"142,193 km",CNG,Hyderabad,2014
Tata Tiago XT,₹ 1.29 Lakh,"144,326 km",CNG,Chennai,2015
Toyota Fortuner 2.8 4x2,₹ 9.16 Lakh,"82,690 km",Petrol,Chennai,2020
Tata Safari XZ+,₹ 1.20 Lakh,"159,778 km",Diesel,Delhi,2013
Maruti Suzuki Vitara Brezza VDi,₹ 1.20 Lakh,"125,744 km",Petrol,Kolkata,2016
Toyota Etios Liva G,₹ 8.31 Lakh,"102,154 km",Petrol,Bangalore,2019
Tata Safari XZ+,₹ 1.20 Lakh,"155,564 km",Diesel,Hyderabad,2012
Honda City VX,₹ 3.25 Lakh,"98,929 km",CNG,Noida,2019
Maruti Suzuki Ertiga VXI CNG,₹ 2.18 Lakh,"65,811 km",CNG,Chennai,2021
Honda City VX,₹ 1.26 Lakh,"118,448 km",Petrol,Thane,2016
Mercedes-Benz C-Class C200,₹ 45.48 Lakh,"136,288 km",Petrol,Kolkata,2013
BMW 5 Series 520d,₹ 42.99 Lakh,"18,974 km",Petrol,Pune,2023
Tata Nexon XZ+,₹ 1.20 Lakh,"155,781 km",Diesel,Ahmedabad,2013
Hyundai Venue S,₹ 1.20 Lakh,"108,817 km",Diesel,Mumbai,2017
Hyundai Venue S,₹ 1.20 Lakh,"158,557 km",CNG,Pune,2013
Mercedes-Benz E-Class E220d,₹ 45.30 Lakh,"157,414 km",Petrol,Kolkata,2014
Mahindra Thar LX,₹ 6.20 Lakh,"108,084 km",CNG,Pune,2018
Honda Amaze VX,₹ 5.89 Lakh,"37,575 km",Petrol,Noida,2022
Toyota Etios Liva G,₹ 10.72 Lakh,"52,010 km",Diesel,Ahmedabad,2022
Audi A4 35 TDI,₹ 31.47 Lakh,"128,641 km",Diesel,Hyderabad,2015
Mercedes-Benz E-Class E220d,₹ 50.70 Lakh,"63,643 km",Petrol,Hyderabad,2019
Audi Q5 quattro,₹ 37.01 Lakh,"51,125 km",Petrol,Noida,2022
Mercedes-Benz E-Class E220d,₹ 49.20 Lakh,"76,893 km",Petrol,Noida,2019
Mahindra Scorpio S11,₹ 9.47 Lakh,"60,758 km",CNG,Pune,2022
Kia Seltos GTX,₹ 6.93 Lakh,"89,258 km",Petrol,Delhi,2018
Hyundai i10 Magna,₹ 2.78 Lakh,"108,953 km",Diesel,Hyderabad,2018
Mahindra Scorpio S11,₹ 6.99 Lakh,"108,468 km",Diesel,Ahmedabad,2017
Kia Carens Prestige,₹ 8.90 Lakh,"71,483 km",CNG,Noida,2021
Honda BR-V VX,₹ 1.52 Lakh,"116,457 km",Petrol,Noida,2016
BMW X1 sDrive20d,₹ 36.07 Lakh,"146,913 km",Petrol,Ahmedabad,2014
Tata Nexon XZ+,₹ 5.70 Lakh,"72,685 km",CNG,Pune,2019
Hyundai Elite i20 Sportz,₹ 4.06 Lakh,"55,979 km",CNG,Delhi,2021
Hyundai Elite i20 Sportz,₹ 1.20 Lakh,"116,019 km",Petrol,Noida,2016
Kia Seltos GTX,₹ 5.57 Lakh,"147,673 km",Petrol,Thane,2016
Mahindra Thar LX,₹ 6.00 Lakh,"127,510 km",Diesel,Bangalore,2016
BMW X1 sDrive20d,₹ 42.12 Lakh,"41,527 km",Petrol,Mumbai,2023
Tata Safari XZ+,₹ 4.81 Lakh,"84,934 km",Petrol,Mumbai,2018
BMW X1 sDrive20d,₹ 40.13 Lakh,"80,018 km",Petrol,Ahmedabad,2021
Maruti Suzuki Alto 800 LXi,₹ 1.20 Lakh,"97,804 km",Petrol,Noida,2018
Maruti Suzuki S-Presso VXi,₹ 1.20 Lakh,"138,254 km",Petrol,Pune,2014
Kia Seltos GTX,₹ 6.24 Lakh,"111,586 km",CNG,Delhi,2017
Audi A4 35 TDI,₹ 35.93 Lakh,"55,544 km",Diesel,Bangalore,2021
Honda Amaze VX,₹ 1.20 Lakh,"161,366 km",Petrol,Mumbai,2013
Mahindra XUV500 W8,₹ 2.99 Lakh,"152,755 km",CNG,Delhi,2013
Tata Safari XZ+,₹ 1.20 Lakh,"146,009 km",Diesel,Ahmedabad,2014
Toyota Etios Liva G,₹ 8.61 Lakh,"74,299 km",Petrol,Noida,2020
Mercedes-Benz E-Class E220d,₹ 49.07 Lakh,"92,587 km",Petrol,Chennai,2017
Tata Tiago XT,₹ 1.20 Lakh,"151,567 km",Diesel,Hyderabad,2014
Toyota Corolla Altis G,₹ 8.67 Lakh,"96,365 km",Diesel,Ahmedabad,2020
Maruti Suzuki Wagon R 1.0 VXI,₹ 3.81 Lakh,"25,309 km",Diesel,Thane,2023
Maruti Suzuki Baleno Delta 1.2,₹ 1.20 Lakh,"127,946 km",Diesel,Mumbai,2016
Tata Tiago XT,₹ 5.83 Lakh,"66,848 km",Petrol,Hyderabad,2021
Mercedes-Benz C-Class C200,₹ 47.54 Lakh,"130,414 km",Petrol,Kolkata,2016
Toyota Fortuner 2.8 4x2,₹ 7.19 Lakh,"122,337 km",CNG,Hyderabad,2016
Maruti Suzuki S-Presso VXi,₹ 1.20 Lakh,"139,816 km",Petrol,Thane,2013
Kia Carens Prestige,₹ 2.81 Lakh,"166,548 km",Diesel,Hyderabad,2012
Toyota Glanza G,₹ 8.68 Lakh,"89,027 km",CNG,Thane,2020
Hyundai Santro Sportz,₹ 1.20 Lakh,"167,211 km",CNG,Mumbai,2012
Toyota Corolla Altis G,₹ 10.16 Lakh,"77,684 km",CNG,Kolkata,2020
Honda Amaze VX,₹ 3.11 Lakh,"101,092 km",CNG,Ahmedabad,2019
Mahindra Thar LX,₹ 5.51 Lakh,"124,441 km",Petrol,Noida,2016
Toyota Innova Crysta GX,₹ 6.61 Lakh,"129,322 km",Diesel,Bangalore,2016
Toyota Corolla Altis G,₹ 9.69 Lakh,"62,851 km",Petrol,Bangalore,2021
Tata Harrier XZ,₹ 1.20 Lakh,"166,183 km",Petrol,Delhi,2012
Mahindra Scorpio S11,₹ 3.18 Lakh,"160,878 km",Petrol,Noida,2013
Toyota Corolla Altis G,₹ 10.64 Lakh,"54,698 km",Diesel,Kolkata,2022
Kia Carens Prestige,₹ 4.04 Lakh,"130,397 km",CNG,Delhi,2015
BMW 3 Series 320d,₹ 36.48 Lakh,"131,189 km",Diesel,Thane,2015
Kia Sonet GTX,₹ 5.09 Lakh,"146,512 km",CNG,Mumbai,2015
Tata Safari XZ+,₹ 4.16 Lakh,"97,778 km",CNG,Noida,2018
Honda Jazz VX,₹ 4.09 Lakh,"69,845 km",Diesel,Bangalore,2020
Maruti Suzuki Swift VXi,₹ 3.18 Lakh,"61,409 km",CNG,Ahmedabad,2022
Tata Tiago XT,₹ 5.08 Lakh,"85,145 km",Petrol,Mumbai,2020
Maruti Suzuki Vitara Brezza VDi,₹ 1.20 Lakh,"149,672 km",CNG,Thane,2013
BMW 3 Series 320d,₹ 36.27 Lakh,"133,818 km",Petrol,Kolkata,2015
Mercedes-Benz C-Class C200,₹ 46.23 Lakh,"142,399 km",Petrol,Pune,2014
Mercedes-Benz GLA 220d,₹ 46.14 Lakh,"134,536 km",Diesel,Bangalore,2015
Tata Nexon XZ+,₹ 7.86 Lakh,"39,761 km",Petrol,Hyderabad,2023
Honda BR-V VX,₹ 1.20 Lakh,"167,444 km",CNG,Kolkata,2013
Mahindra Thar LX,₹ 5.82 Lakh,"115,310 km",Diesel,Delhi,2017
Toyota Etios Liva G,₹ 3.97 Lakh,"164,319 km",CNG,Chennai,2012
Toyota Fortuner 2.8 4x2,₹ 11.26 Lakh,"30,010 km",Petrol,Bangalore,2023
Hyundai Venue S,₹ 1.83 Lakh,"80,400 km",CNG,Noida,2018
Honda WR-V VX,₹ 1.20 Lakh,"134,785 km",Diesel,Bangalore,2016
Toyota Fortuner 2.8 4x2,₹ 6.43 Lakh,"108,376 km",Diesel,Thane,2016
Mercedes-Benz E-Class E220d,₹ 47.90 Lakh,"119,994 km",Petrol,Chennai,2018
Mercedes-Benz C-Class C200,₹ 51.94 Lakh,"74,786 km",Diesel,Noida,2021
Mercedes-Benz E-Class E220d,₹ 47.72 Lakh,"120,765 km",Diesel,Pune,2016
Toyota Etios Liva G,₹ 7.53 Lakh,"112,418 km",CNG,Bangalore,2018
Kia Sonet GTX,₹ 8.90 Lakh,"60,416 km",Diesel,Thane,2020
Tata Safari XZ+,₹ 4.44 Lakh,"91,178 km",CNG,Ahmedabad,2018
BMW X1 sDrive20d,₹ 34.18 Lakh,"178,586 km",Petrol,Delhi,2012
Mahindra XUV500 W8,₹ 8.00 Lakh,"82,085 km",CNG,Chennai,2018
Mahindra XUV500 W8,₹ 3.50 Lakh,"165,358 km",Diesel,Noida,2013
Mahindra Scorpio S11,₹ 3.76 Lakh,"165,182 km",Diesel,Thane,2014
Tata Harrier XZ,₹ 5.21 Lakh,"84,510 km",Diesel,Chennai,2018
BMW X1 sDrive20d,₹ 38.38 Lakh,"131,586 km",Diesel,Pune,2017
Kia Seltos GTX,₹ 10.26 Lakh,"46,575 km",CNG,Chennai,2023
Honda BR-V VX,₹ 2.66 Lakh,"122,850 km",Diesel,Bangalore,2017
Mahindra XUV500 W8,₹ 9.25 Lakh,"54,985 km",CNG,Bangalore,2022
Mercedes-Benz C-Class C200,₹ 45.39 Lakh,"146,063 km",Diesel,Thane,2014
Mercedes-Benz GLA 220d,₹ 52.84 Lakh,"45,991 km",Petrol,Pune,2023
Kia Seltos GTX,₹ 8.50 Lakh,"81,346 km",CNG,Delhi,2019
Tata Safari XZ+,₹ 2.53 Lakh,"132,367 km",CNG,Kolkata,2016
Mahindra Scorpio S11,₹ 2.95 Lakh,"171,964 km",Diesel,Pune,2013
Audi Q5 quattro,₹ 31.91 Lakh,"148,907 km",Petrol,Hyderabad,2015
Toyota Innova Crysta GX,₹ 9.69 Lakh,"83,550 km",CNG,Noida,2020
Hyundai Venue S,₹ 5.33 Lakh,"57,445 km",Diesel,Hyderabad,2021
Mercedes-Benz GLA 220d,₹ 47.17 Lakh,"122,434 km",Petrol,Ahmedabad,2017
Maruti Suzuki Alto 800 LXi,₹ 1.20 Lakh,"172,875 km",CNG,Delhi,2013
Tata Safari XZ+,₹ 1.75 Lakh,"137,621 km",Diesel,Noida,2015
Toyota Etios Liva G,₹ 3.67 Lakh,"166,896 km",CNG,Thane,2012
Hyundai i10 Magna,₹ 1.20 Lakh,"172,637 km",CNG,Ahmedabad,2012
Kia Carens Prestige,₹ 3.78 Lakh,"161,843 km",CNG,Kolkata,2013
Tata Nexon XZ+,₹ 1.20 Lakh,"179,508 km",Diesel,Ahmedabad,2012
Toyota Innova Crysta GX,₹ 11.57 Lakh,"43,664 km",Diesel,Ahmedabad,2022
Tata Harrier XZ,₹ 1.20 Lakh,"171,074 km",Petrol,Thane,2013
Hyundai Verna SX,₹ 1.20 Lakh,"150,046 km",CNG,Chennai,2014
Mercedes-Benz C-Class C200,₹ 50.01 Lakh,"81,902 km",Petrol,Mumbai,2019
Tata Nexon XZ+,₹ 2.33 Lakh,"110,831 km",Petrol,Noida,2017
Toyota Etios Liva G,₹ 7.36 Lakh,"123,297 km",Petrol,Kolkata,2017
Mercedes-Benz E-Class E220d,₹ 51.91 Lakh,"35,566 km",Diesel,Chennai,2022
Kia Carens Prestige,₹ 5.48 Lakh,"140,405 km",Petrol,Bangalore,2016
Tata Harrier XZ,₹ 4.51 Lakh,"114,198 km",CNG,Ahmedabad,2018
Mahindra Scorpio S11,₹ 6.85 Lakh,"106,113 km",Diesel,Mumbai,2017
Mercedes-Benz GLA 220d,₹ 46.31 Lakh,"147,319 km",Diesel,Chennai,2014
Hyundai i10 Magna,₹ 1.20 Lakh,"99,275 km",Diesel,Noida,2017
Maruti Suzuki Baleno Delta 1.2,₹ 1.20 Lakh,"100,549 km",Diesel,Delhi,2019
Honda Jazz VX,₹ 2.31 Lakh,"119,906 km",Petrol,Noida,2017
Tata Tiago XT,₹ 6.70 Lakh,"48,834 km",CNG,Chennai,2021
Mahindra Thar LX,₹ 4.32 Lakh,"132,354 km",Petrol,Thane,2015
Kia Seltos GTX,₹ 5.27 Lakh,"121,412 km",Diesel,Ahmedabad,2015
Audi Q5 quattro,₹ 38.43 Lakh,"38,853 km",Diesel,Thane,2023
Audi Q3 Premium,₹ 29.28 Lakh,"191,309 km",Diesel,Thane,2012
Hyundai Grand i10 Magna,₹ 6.37 Lakh,"43,619 km",CNG,Ahmedabad,2023
Honda Jazz VX,₹ 1.20 Lakh,"158,248 km",Petrol,Pune,2015
Tata Nexon XZ+,₹ 6.65 Lakh,"54,572 km",Diesel,Delhi,2022
Audi Q3 Premium,₹ 35.69 Lakh,"63,934 km",Petrol,Hyderabad,2021
Audi Q3 Premium,₹ 37.01 Lakh,"50,979 km",Diesel,Hyderabad,2021
Honda Jazz VX,₹ 7.64 Lakh,"22,717 km",Petrol,Thane,2023
Honda City VX,₹ 2.06 Lakh,"123,005 km",CNG,Hyderabad,2016
Hyundai Verna SX,₹ 1.93 Lakh,"98,807 km",CNG,Thane,2019
Tata Tiago XT,₹ 4.94 Lakh,"104,480 km",Diesel,Bangalore,2019
Mahindra Scorpio S11,₹ 9.17 Lakh,"78,039 km",Petrol,Mumbai,2021
Honda BR-V VX,₹ 1.20 Lakh,"129,947 km",Petrol,Kolkata,2016
Hyundai Verna SX,₹ 4.28 Lakh,"61,254 km",Petrol,Delhi,2022
BMW X1 sDrive20d,₹ 38.02 Lakh,"125,803 km",Diesel,Ahmedabad,2016
BMW X1 sDrive20d,₹ 35.66 Lakh,"152,096 km",Petrol,Delhi,2014
Toyota Fortuner 2.8 4x2,₹ 7.79 Lakh,"104,339 km",CNG,Bangalore,2017
Maruti Suzuki Swift VXi,₹ 3.45 Lakh,"51,875 km",Diesel,Bangalore,2022
BMW X1 sDrive20d,₹ 38.89 Lakh,"57,821 km",Petrol,Bangalore,2018
Kia Sonet GTX,₹ 2.52 Lakh,"158,054 km",CNG,Mumbai,2012
Maruti Suzuki Baleno Delta 1.2,₹ 1.20 Lakh,"165,219 km",Diesel,Chennai,2013
Mahindra Scorpio S11,₹ 5.56 Lakh,"128,515 km",Diesel,Bangalore,2015
Honda City VX,₹ 5.97 Lakh,"41,575 km",Petrol,Delhi,2023
Tata Tiago XT,₹ 6.80 Lakh,"84,239 km",Diesel,Thane,2021
Mercedes-Benz E-Class E220d,₹ 44.58 Lakh,"154,233 km",Diesel,Thane,2012
Mercedes-Benz GLA 220d,₹ 47.73 Lakh,"113,106 km",Petrol,Pune,2016
Mercedes-Benz E-Class E220d,₹ 53.26 Lakh,"35,504 km",Petrol,Kolkata,2023
Maruti Suzuki Ciaz ZXI+,₹ 1.80 Lakh,"85,325 km",Diesel,Pune,2019
Hyundai Venue S,₹ 2.16 Lakh,"99,754 km",CNG,Mumbai,2017
Kia Sonet GTX,₹ 2.82 Lakh,"169,182 km",Diesel,Pune,2013
Kia Carens Prestige,₹ 6.13 Lakh,"98,591 km",Diesel,Ahmedabad,2017
Honda BR-V VX,₹ 4.17 Lakh,"78,362 km",CNG,Chennai,2020
Mahindra XUV500 W8,₹ 9.84 Lakh,"57,405 km",Diesel,Hyderabad,2020
BMW X1 sDrive20d,₹ 37.52 Lakh,"108,711 km",Diesel,Delhi,2016
Mercedes-Benz C-Class C200,₹ 46.04 Lakh,"140,140 km",Petrol,Ahmedabad,2015
Toyota Corolla Altis G,₹ 6.19 Lakh,"118,569 km",Diesel,Kolkata,2015
Honda WR-V VX,₹ 6.08 Lakh,"49,196 km",Petrol,Bangalore,2023
Honda Amaze VX,₹ 1.20 Lakh,"180,891 km",CNG,Hyderabad,2012
Toyota Innova Crysta GX,₹ 4.62 Lakh,"166,327 km",Petrol,Hyderabad,2013
BMW 3 Series 320d,₹ 34.62 Lakh,"185,533 km",Petrol,Pune,2012
Mercedes-Benz E-Class E220d,₹ 47.94 Lakh,"115,853 km",Diesel,Chennai,2017
Toyota Corolla Altis G,₹ 10.68 Lakh,"78,371 km",CNG,Thane,2021
BMW 3 Series 320d,₹ 36.51 Lakh,"143,801 km",Diesel,Thane,2015
Audi A4 35 TDI,₹ 36.65 Lakh,"51,072 km",Petrol,Ahmedabad,2022
Audi A4 35 TDI,₹ 34.23 Lakh,"107,634 km",Diesel,Thane,2018
Mahindra XUV500 W8,₹ 10.69 Lakh,"38,572 km",Petrol,Thane,2023
Audi Q5 quattro,₹ 37.51 Lakh,"35,600 km",Diesel,Thane,2023
Hyundai i10 Magna,₹ 4.01 Lakh,"51,591 km",CNG,Pune,2021
Hyundai Venue S,₹ 5.84 Lakh,"31,861 km",CNG,Mumbai,2023
Toyota Fortuner 2.8 4x2,₹ 10.85 Lakh,"49,362 km",CNG,Ahmedabad,2022
Tata Harrier XZ,₹ 2.18 Lakh,"133,197 km",CNG,Delhi,2015
BMW 3 Series 320d,₹ 41.21 Lakh,"70,640 km",Diesel,Pune,2022
Mercedes-Benz GLA 220d,₹ 47.42 Lakh,"139,690 km",Diesel,Mumbai,2015
Mercedes-Benz GLA 220d,₹ 44.22 Lakh,"167,244 km",Petrol,Hyderabad,2013
Toyota Fortuner 2.8 4x2,₹ 5.21 Lakh,"146,678 km",CNG,Thane,2014
BMW 3 Series 320d,₹ 37.10 Lakh,"133,301 km",Petrol,Kolkata,2016
Mercedes-Benz GLA 220d,₹ 45.15 Lakh,"178,339 km",Diesel,Delhi,2012
Honda Amaze VX,₹ 4.51 Lakh,"86,185 km",CNG,Thane,2019
Kia Carens Prestige,₹ 3.56 Lakh,"170,705 km",Petrol,Noida,2013
Honda WR-V VX,₹ 1.20 Lakh,"152,143 km",Diesel,Pune,2014
Mahindra XUV500 W8,₹ 2.42 Lakh,"158,470 km",CNG,Delhi,2012
Audi A4 35 TDI,₹ 30.19 Lakh,"166,683 km",Diesel,Noida,2013
Audi Q5 quattro,₹ 33.85 Lakh,"122,590 km",Diesel,Delhi,2017
Maruti Suzuki Alto 800 LXi,₹ 1.20 Lakh,"120,608 km",Diesel,Pune,2017
Honda WR-V VX,₹ 2.99 Lakh,"84,388 km",Petrol,Hyderabad,2019
Honda Amaze VX,₹ 3.12 Lakh,"92,822 km",Diesel,Delhi,2019
Maruti Suzuki Alto 800 LXi,₹ 1.20 Lakh,"127,690 km",CNG,Ahmedabad,2015
Tata Harrier XZ,₹ 6.41 Lakh,"73,110 km",Diesel,Hyderabad,2021
BMW X1 sDrive20d,₹ 34.28 Lakh,"160,534 km",Petrol,Thane,2013
Kia Seltos GTX,₹ 1.94 Lakh,"157,910 km",Petrol,Delhi,2012
Hyundai Verna SX,₹ 1.20 Lakh,"151,806 km",Diesel,Bangalore,2014
Hyundai Grand i10 Magna,₹ 1.20 Lakh,"156,357 km",CNG,Thane,2014
Toyota Glanza G,₹ 3.30 Lakh,"176,913 km",Diesel,Mumbai,2012
Kia Sonet GTX,₹ 10.50 Lakh,"58,698 km",Diesel,Thane,2022
Honda Amaze VX,₹ 1.20 Lakh,"153,523 km",Petrol,Ahmedabad,2014
Kia Sonet GTX,₹ 10.90 Lakh,"35,788 km",CNG,Pune,2023
Toyota Glanza G,₹ 9.05 Lakh,"92,923 km",Diesel,Noida,2018
Maruti Suzuki Wagon R 1.0 VXI,₹ 1.20 Lakh,"94,982 km",Diesel,Hyderabad,2018
Tata Harrier XZ,₹ 2.36 Lakh,"103,683 km",Diesel,Chennai,2015
Kia Carens Prestige,₹ 4.14 Lakh,"161,957 km",Petrol,Chennai,2014
BMW 5 Series 520d,₹ 36.15 Lakh,"143,769 km",Diesel,Pune,2013
Mahindra XUV500 W8,₹ 4.41 Lakh,"149,757 km",Diesel,Bangalore,2014
Mahindra Scorpio S11,₹ 7.39 Lakh,"98,606 km",Diesel,Pune,2018
Audi A4 35 TDI,₹ 33.12 Lakh,"136,467 km",Petrol,Hyderabad,2018
Mercedes-Benz GLA 220d,₹ 48.68 Lakh,"117,768 km",Petrol,Thane,2018
Toyota Glanza G,₹ 3.67 Lakh,"165,305 km",Diesel,Mumbai,2013
Kia Sonet GTX,₹ 5.35 Lakh,"148,822 km",Diesel,Bangalore,2015
Hyundai i10 Magna,₹ 5.64 Lakh,"30,964 km",CNG,Ahmedabad,2023
Honda Amaze VX,₹ 1.20 Lakh,"175,151 km",CNG,Pune,2012
BMW X1 sDrive20d,₹ 33.40 Lakh,"174,430 km",Petrol,Thane,2012
Audi A4 35 TDI,₹ 33.60 Lakh,"93,358 km",Petrol,Thane,2017
Toyota Etios Liva G,₹ 6.93 Lakh,"121,597 km",Diesel,Pune,2016
BMW 5 Series 520d,₹ 40.76 Lakh,"50,303 km",Petrol,Pune,2021
Tata Harrier XZ,₹ 7.33 Lakh,"57,882 km",CNG,Mumbai,2022
Tata Harrier XZ,₹ 4.59 Lakh,"79,946 km",Diesel,Chennai,2018
Mercedes-Benz E-Class E220d,₹ 52.41 Lakh,"48,956 km",Petrol,Mumbai,2022
BMW X1 sDrive20d,₹ 41.94 Lakh,"71,394 km",Petrol,Bangalore,2022
Toyota Glanza G,₹ 9.70 Lakh,"58,373 km",Petrol,Ahmedabad,2020
Audi Q3 Premium,₹ 34.29 Lakh,"68,395 km",Petrol,Ahmedabad,2019
Mercedes-Benz C-Class C200,₹ 52.16 Lakh,"50,075 km",Diesel,Pune,2022
Hyundai Santro Sportz,₹ 5.54 Lakh,"30,607 km",Petrol,Kolkata,2023
Toyota Etios Liva G,₹ 4.54 Lakh,"148,026 km",Petrol,Mumbai,2013
Mercedes-Benz E-Class E220d,₹ 52.12 Lakh,"60,050 km",Diesel,Thane,2021
Mahindra Thar LX,₹ 3.20 Lakh,"166,968 km",Diesel,Hyderabad,2012
Maruti Suzuki Wagon R 1.0 VXI,₹ 1.20 Lakh,"117,161 km",Petrol,Delhi,2018
Kia Sonet GTX,₹ 2.45 Lakh,"169,402 km",CNG,Kolkata,2013
Mercedes-Benz GLA 220d,₹ 46.91 Lakh,"128,720 km",Petrol,Kolkata,2016
Maruti Suzuki Ertiga VXI CNG,₹ 1.69 Lakh,"66,778 km",CNG,Hyderabad,2021
Audi Q5 quattro,₹ 32.25 Lakh,"154,532 km",Petrol,Delhi,2016
Maruti Suzuki Wagon R 1.0 VXI,₹ 4.07 Lakh,"48,543 km",Diesel,Mumbai,2023
Hyundai Verna SX,₹ 1.20 Lakh,"113,677 km",Petrol,Thane,2016
Toyota Etios Liva G,₹ 6.32 Lakh,"143,976 km",CNG,Delhi,2015
Mercedes-Benz C-Class C200,₹ 50.30 Lakh,"84,889 km",Petrol,Chennai,2019
Hyundai Grand i10 Magna,₹ 1.20 Lakh,"179,045 km",Diesel,Noida,2012
BMW 5 Series 520d,₹ 36.28 Lakh,"140,283 km",Petrol,Mumbai,2016
Toyota Fortuner 2.8 4x2,₹ 6.93 Lakh,"118,129 km",CNG,Chennai,2017
Hyundai Verna SX,₹ 1.20 Lakh,"172,304 km",Diesel,Hyderabad,2012
Maruti Suzuki Alto 800 LXi,₹ 1.20 Lakh,"89,670 km",Petrol,Mumbai,2019
Honda Jazz VX,₹ 1.20 Lakh,"147,852 km",Diesel,Thane,2014
Mercedes-Benz C-Class C200,₹ 47.94 Lakh,"105,782 km",Diesel,Mumbai,2017
Hyundai i10 Magna,₹ 3.68 Lakh,"93,399 km",CNG,Hyderabad,2020
Mercedes-Benz C-Class C200,₹ 44.28 Lakh,"162,398 km",Petrol,Kolkata,2012
Audi Q3 Premium,₹ 29.05 Lakh,"193,683 km",Petrol,Noida,2013
Hyundai i10 Magna,₹ 1.73 Lakh,"109,318 km",Petrol,Bangalore,2018
Honda Amaze VX,₹ 1.20 Lakh,"152,562 km",Petrol,Noida,2013
Audi Q5 quattro,₹ 34.16 Lakh,"97,195 km",Diesel,Chennai,2018
Hyundai Grand i10 Magna,₹ 3.14 Lakh,"109,807 km",Diesel,Pune,2019
Mercedes-Benz E-Class E220d,₹ 48.72 Lakh,"115,596 km",Petrol,Mumbai,2017
Tata Harrier XZ,₹ 7.92 Lakh,"53,546 km",Petrol,Ahmedabad,2023
Tata Nexon XZ+,₹ 3.80 Lakh,"120,274 km",CNG,Kolkata,2017
Mercedes-Benz E-Class E220d,₹ 44.70 Lakh,"180,297 km",Diesel,Pune,2012
Honda WR-V VX,₹ 1.20 Lakh,"136,211 km",Petrol,Ahmedabad,2015
Hyundai Santro Sportz,₹ 3.78 Lakh,"82,207 km",Diesel,Kolkata,2019
Toyota Fortuner 2.8 4x2,₹ 3.16 Lakh,"165,825 km",Petrol,Mumbai,2012
Toyota Corolla Altis G,₹ 10.86 Lakh,"59,003 km",CNG,Chennai,2022
BMW 5 Series 520d,₹ 37.55 Lakh,"131,414 km",Diesel,Bangalore,2016
BMW X1 sDrive20d,₹ 35.40 Lakh,"165,089 km",Diesel,Mumbai,2012
Tata Safari XZ+,₹ 2.15 Lakh,"137,049 km",Petrol,Noida,2015
Kia Sonet GTX,₹ 6.99 Lakh,"89,617 km",CNG,Chennai,2019
Honda BR-V VX,₹ 3.76 Lakh,"88,152 km",CNG,Pune,2018
Mercedes-Benz C-Class C200,₹ 52.25 Lakh,"73,544 km",Petrol,Delhi,2022
Tata Tiago XT,₹ 3.11 Lakh,"130,490 km",Diesel,Thane,2016
Tata Safari XZ+,₹ 3.65 Lakh,"94,323 km",Petrol,Hyderabad,2017
BMW 3 Series 320d,₹ 37.81 Lakh,"116,834 km",Diesel,Pune,2017
Audi Q5 quattro,₹ 35.42 Lakh,"70,469 km",Petrol,Hyderabad,2021
Honda WR-V VX,₹ 2.39 Lakh,"123,407 km",Diesel,Ahmedabad,2018
Audi Q5 quattro,₹ 32.25 Lakh,"141,533 km",Petrol,Chennai,2016
Mahindra Scorpio S11,₹ 4.64 Lakh,"142,188 km",CNG,Mumbai,2016
Maruti Suzuki Alto 800 LXi,₹ 1.20 Lakh,"134,471 km",Petrol,Chennai,2014
Mercedes-Benz E-Class E220d,₹ 49.53 Lakh,"94,700 km",Diesel,Thane,2017
Honda Jazz VX,₹ 1.20 Lakh,"159,170 km",Diesel,Hyderabad,2014
Kia Sonet GTX,₹ 8.78 Lakh,"75,729 km",Petrol,Bangalore,2020
Audi Q5 quattro,₹ 37.26 Lakh,"43,102 km",Petrol,Ahmedabad,2023
Honda City VX,₹ 1.20 Lakh,"115,021 km",CNG,Noida,2015
Hyundai Creta SX,₹ 1.20 Lakh,"141,912 km",Diesel,Delhi,2015
Hyundai Elite i20 Sportz,₹ 6.22 Lakh,"40,472 km",Diesel,Kolkata,2022
Hyundai Elite i20 Sportz,₹ 1.20 Lakh,"164,647 km",CNG,Thane,2013
Kia Seltos GTX,₹ 4.02 Lakh,"140,223 km",Petrol,Ahmedabad,2015
Tata Harrier XZ,₹ 5.27 Lakh,"87,123 km",Diesel,Chennai,2020
Mercedes-Benz C-Class C200,₹ 49.01 Lakh,"106,023 km",Diesel,Noida,2018
Mahindra XUV500 W8,₹ 5.31 Lakh,"129,858 km",CNG,Bangalore,2017
Mahindra XUV500 W8,₹ 2.74 Lakh,"158,506 km",CNG,Noida,2012
Hyundai Grand i10 Magna,₹ 1.20 Lakh,"158,484 km",Diesel,Hyderabad,2012
Honda WR-V VX,₹ 4.28 Lakh,"70,416 km",Petrol,Bangalore,2019
Kia Sonet GTX,₹ 7.30 Lakh,"94,826 km",CNG,Chennai,2018
Audi A4 35 TDI,₹ 37.88 Lakh,"50,288 km",Diesel,Chennai,2022
Honda WR-V VX,₹ 3.22 Lakh,"81,541 km",CNG,Delhi,2019
Toyota Glanza G,₹ 11.28 Lakh,"45,274 km",Petrol,Kolkata,2023
Mercedes-Benz GLA 220d,₹ 49.27 Lakh,"98,640 km",Petrol,Bangalore,2019
Tata Harrier XZ,₹ 6.56 Lakh,"64,545 km",Petrol,Mumbai,2021
Tata Safari XZ+,₹ 1.20 Lakh,"159,439 km",CNG,Hyderabad,2013
Audi Q5 quattro,₹ 29.49 Lakh,"168,834 km",Petrol,Kolkata,2013
Honda BR-V VX,₹ 6.94 Lakh,"32,402 km",Diesel,Mumbai,2023
Tata Safari XZ+,₹ 2.82 Lakh,"119,152 km",Petrol,Thane,2016
Tata Safari XZ+,₹ 3.53 Lakh,"122,550 km",CNG,Kolkata,2017
Honda Amaze VX,₹ 2.68 Lakh,"123,640 km",CNG,Kolkata,2017
Audi Q5 quattro,₹ 34.85 Lakh,"88,884 km",Petrol,Ahmedabad,2020
Tata Nexon XZ+,₹ 6.81 Lakh,"65,652 km",CNG,Pune,2023
Maruti Suzuki Alto 800 LXi,₹ 1.20 Lakh,"156,017 km",Diesel,Delhi,2013
BMW 5 Series 520d,₹ 39.83 Lakh,"92,265 km",Petrol,Pune,2020
Mercedes-Benz GLA 220d,₹ 52.34 Lakh,"63,852 km",Petrol,Chennai,2022
Kia Carens Prestige,₹ 3.79 Lakh,"151,165 km",Petrol,Hyderabad,2014
Toyota Glanza G,₹ 3.57 Lakh,"172,581 km",Petrol,Ahmedabad,2012
Toyota Corolla Altis G,₹ 8.11 Lakh,"96,110 km",CNG,Bangalore,2017
Mahindra Thar LX,₹ 10.27 Lakh,"47,279 km",Diesel,Hyderabad,2023
Mahindra XUV500 W8,₹ 5.60 Lakh,"147,208 km",Diesel,Thane,2016
BMW 3 Series 320d,₹ 35.25 Lakh,"161,975 km",Diesel,Delhi,2013
Hyundai Venue S,₹ 1.20 Lakh,"142,271 km",CNG,Hyderabad,2015
Toyota Etios Liva G,₹ 4.00 Lakh,"166,618 km",CNG,Bangalore,2014
Hyundai Elite i20 Sportz,₹ 1.94 Lakh,"86,722 km",CNG,Pune,2018
Audi Q3 Premium,₹ 35.67 Lakh,"63,882 km",Diesel,Hyderabad,2020
Mercedes-Benz C-Class C200,₹ 49.04 Lakh,"115,027 km",Diesel,Mumbai,2017
Tata Harrier XZ,₹ 3.91 Lakh,"95,474 km",Diesel,Hyderabad,2017
Tata Harrier XZ,₹ 6.59 Lakh,"60,817 km",Petrol,Delhi,2022
Honda City VX,₹ 6.40 Lakh,"47,630 km",CNG,Chennai,2022
BMW X1 sDrive20d,₹ 37.69 Lakh,"121,126 km",Diesel,Kolkata,2016
Hyundai Elite i20 Sportz,₹ 1.20 Lakh,"126,693 km",Petrol,Mumbai,2015
BMW X1 sDrive20d,₹ 38.08 Lakh,"120,787 km",Diesel,Chennai,2017
Mercedes-Benz C-Class C200,₹ 51.77 Lakh,"58,746 km",Petrol,Chennai,2022
Mercedes-Benz E-Class E220d,₹ 47.35 Lakh,"122,437 km",Diesel,Chennai,2016
Mercedes-Benz C-Class C200,₹ 46.31 Lakh,"158,138 km",Diesel,Ahmedabad,2015
Audi Q3 Premium,₹ 32.19 Lakh,"140,226 km",Diesel,Bangalore,2016
Honda City VX,₹ 4.53 Lakh,"95,417 km",CNG,Mumbai,2020
Kia Seltos GTX,₹ 4.01 Lakh,"153,888 km",Petrol,Ahmedabad,2014
Audi Q3 Premium,₹ 30.36 Lakh,"159,825 km",Petrol,Ahmedabad,2014
Toyota Glanza G,₹ 8.98 Lakh,"102,885 km",CNG,Hyderabad,2019
Audi Q3 Premium,₹ 30.78 Lakh,"155,049 km",Petrol,Ahmedabad,2013
Tata Harrier XZ,₹ 1.20 Lakh,"165,023 km",Petrol,Kolkata,2012
Mahindra Scorpio S11,₹ 8.20 Lakh,"87,990 km",Diesel,Delhi,2019
Tata Safari XZ+,₹ 8.26 Lakh,"27,538 km",Diesel,Delhi,2023
Hyundai Venue S,₹ 1.20 Lakh,"139,271 km",Diesel,Hyderabad,2015
Toyota Etios Liva G,₹ 5.29 Lakh,"144,088 km",Petrol,Ahmedabad,2015
Mahindra Thar LX,₹ 11.62 Lakh,"29,278 km",Petrol,Kolkata,2023
Honda Amaze VX,₹ 1.20 Lakh,"172,583 km",Diesel,Chennai,2012
Maruti Suzuki Ertiga VXI CNG,₹ 2.75 Lakh,"57,850 km",CNG,Ahmedabad,2021
Kia Seltos GTX,₹ 2.93 Lakh,"164,275 km",Diesel,Thane,2012
Mahindra Thar LX,₹ 10.59 Lakh,"44,003 km",Diesel,Kolkata,2023
Hyundai Santro Sportz,₹ 5.29 Lakh,"52,454 km",Diesel,Delhi,2023
Tata Nexon XZ+,₹ 7.08 Lakh,"53,149 km",CNG,Chennai,2022
Audi A4 35 TDI,₹ 32.39 Lakh,"103,689 km",Petrol,Mumbai,2017
Hyundai Verna SX,₹ 4.43 Lakh,"52,418 km",CNG,Kolkata,2022
Toyota Corolla Altis G,₹ 8.88 Lakh,"75,622 km",Petrol,Noida,2020
Mercedes-Benz GLA 220d,₹ 52.34 Lakh,"56,025 km",Diesel,Thane,2022
Toyota Corolla Altis G,₹ 4.05 Lakh,"164,904 km",CNG,Thane,2013
Mercedes-Benz C-Class C200,₹ 45.74 Lakh,"160,241 km",Diesel,Kolkata,2013
BMW 5 Series 520d,₹ 43.02 Lakh,"41,459 km",Diesel,Delhi,2023
Audi Q3 Premium,₹ 38.26 Lakh,"19,584 km",Diesel,Bangalore,2023
Tata Nexon XZ+,₹ 3.05 Lakh,"121,551 km",Petrol,Thane,2017
Honda BR-V VX,₹ 1.20 Lakh,"190,503 km",Diesel,Chennai,2013
Hyundai Venue S,₹ 2.43 Lakh,"69,480 km",Petrol,Delhi,2019
Mercedes-Benz E-Class E220d,₹ 47.69 Lakh,"119,604 km",Petrol,Bangalore,2016
BMW X1 sDrive20d,₹ 38.98 Lakh,"98,487 km",Diesel,Ahmedabad,2018
Toyota Etios Liva G,₹ 7.74 Lakh,"98,670 km",CNG,Bangalore,2018
Kia Carens Prestige,₹ 5.62 Lakh,"109,367 km",Petrol,Chennai,2017
Hyundai Venue S,₹ 1.20 Lakh,"128,901 km",Diesel,Thane,2014
Kia Seltos GTX,₹ 7.90 Lakh,"80,991 km",Petrol,Hyderabad,2020
Toyota Innova Crysta GX,₹ 2.82 Lakh,"176,729 km",Petrol,Kolkata,2012
Mercedes-Benz E-Class E220d,₹ 51.60 Lakh,"62,055 km",Petrol,Ahmedabad,2022
Tata Safari XZ+,₹ 7.33 Lakh,"33,480 km",CNG,Bangalore,2023
BMW 3 Series 320d,₹ 41.58 Lakh,"82,286 km",Diesel,Delhi,2021
Mahindra Thar LX,₹ 9.47 Lakh,"63,594 km",Diesel,Pune,2020
Mahindra XUV500 W8,₹ 3.86 Lakh,"133,259 km",Petrol,Ahmedabad,2015
Tata Safari XZ+,₹ 3.41 Lakh,"130,676 km",Diesel,Ahmedabad,2017
Mercedes-Benz GLA 220d,₹ 49.05 Lakh,"107,224 km",Diesel,Thane,2018
Tata Tiago XT,₹ 4.35 Lakh,"92,624 km",Diesel,Delhi,2019
Toyota Corolla Altis G,₹ 11.49 Lakh,"37,787 km",CNG,Hyderabad,2023
Hyundai Grand i10 Magna,₹ 2.31 Lakh,"91,981 km",Petrol,Noida,2018
Mercedes-Benz E-Class E220d,₹ 48.48 Lakh,"110,769 km",Petrol,Ahmedabad,2018
Honda City VX,₹ 2.23 Lakh,"108,028 km",Petrol,Noida,2018
Kia Sonet GTX,₹ 10.13 Lakh,"37,561 km",Diesel,Kolkata,2022
Hyundai Grand i10 Magna,₹ 5.89 Lakh,"55,455 km",Diesel,Hyderabad,2023
Hyundai Santro Sportz,₹ 1.20 Lakh,"149,930 km",CNG,Bangalore,2013
Maruti Suzuki Alto 800 LXi,₹ 1.20 Lakh,"124,362 km",Petrol,Noida,2015
Mahindra Scorpio S11,₹ 9.11 Lakh,"53,572 km",Petrol,Kolkata,2020
Hyundai Venue S,₹ 1.20 Lakh,"126,652 km",Petrol,Hyderabad,2015
Maruti Suzuki Ertiga VXI CNG,₹ 1.27 Lakh,"76,026 km",Diesel,Pune,2018
Mahindra XUV500 W8,₹ 8.64 Lakh,"89,399 km",CNG,Kolkata,2020
Mercedes-Benz E-Class E220d,₹ 50.98 Lakh,"71,363 km",Petrol,Ahmedabad,2020
BMW X1 sDrive20d,₹ 41.79 Lakh,"50,751 km",Petrol,Delhi,2023
Mercedes-Benz C-Class C200,₹ 49.02 Lakh,"79,770 km",Petrol,Chennai,2019
Mercedes-Benz C-Class C200,₹ 49.80 Lakh,"78,776 km",Diesel,Hyderabad,2018
Mercedes-Benz E-Class E220d,₹ 46.18 Lakh,"147,109 km",Diesel,Thane,2013
Toyota Fortuner 2.8 4x2,₹ 9.78 Lakh,"74,309 km",Diesel,Thane,2019
Audi Q5 quattro,₹ 35.79 Lakh,"38,033 km",Petrol,Bangalore,2021
Toyota Fortuner 2.8 4x2,₹ 8.60 Lakh,"110,986 km",CNG,Hyderabad,2018
Mahindra XUV500 W8,₹ 4.96 Lakh,"120,996 km",Petrol,Delhi,2016
Honda City VX,₹ 6.36 Lakh,"29,511 km",Petrol,Hyderabad,2023
Honda BR-V VX,₹ 1.33 Lakh,"129,301 km",CNG,Ahmedabad,2016
Maruti Suzuki Wagon R 1.0 VXI,₹ 4.44 Lakh,"61,028 km",Diesel,Delhi,2023
Audi Q3 Premium,₹ 37.23 Lakh,"51,677 km",Diesel,Noida,2022
Tata Tiago XT,₹ 1.42 Lakh,"124,507 km",Diesel,Chennai,2015
Mercedes-Benz E-Class E220d,₹ 48.26 Lakh,"99,301 km",Petrol,Chennai,2018
Toyota Innova Crysta GX,₹ 6.75 Lakh,"116,699 km",Petrol,Pune,2016
Hyundai Elite i20 Sportz,₹ 5.98 Lakh,"32,046 km",Petrol,Thane,2023
Tata Tiago XT,₹ 1.44 Lakh,"141,412 km",Petrol,Mumbai,2015
Mahindra Scorpio S11,₹ 3.35 Lakh,"172,438 km",Diesel,Mumbai,2012
Maruti Suzuki Baleno Delta 1.2,₹ 1.20 Lakh,"139,332 km",Petrol,Hyderabad,2016
Tata Harrier XZ,₹ 1.23 Lakh,"147,973 km",Diesel,Hyderabad,2015
Toyota Innova Crysta GX,₹ 10.40 Lakh,"55,555 km",CNG,Kolkata,2022
Audi Q5 quattro,₹ 35.04 Lakh,"92,476 km",Petrol,Bangalore,2019
BMW 5 Series 520d,₹ 41.63 Lakh,"75,666 km",Petrol,Bangalore,2021
Mercedes-Benz C-Class C200,₹ 45.60 Lakh,"146,987 km",Diesel,Delhi,2013
BMW 5 Series 520d,₹ 40.95 Lakh,"77,524 km",Petrol,Delhi,2020
Mahindra XUV500 W8,₹ 10.98 Lakh,"36,098 km",Diesel,Noida,2023
Hyundai Creta SX,₹ 1.20 Lakh,"148,367 km",CNG,Pune,2014
Hyundai Verna SX,₹ 1.25 Lakh,"105,187 km",CNG,Ahmedabad,2018
Kia Sonet GTX,₹ 5.07 Lakh,"139,414 km",Diesel,Mumbai,2014
Mahindra Scorpio S11,₹ 8.94 Lakh,"78,123 km",CNG,Chennai,2020
Kia Seltos GTX,₹ 4.43 Lakh,"126,192 km",Diesel,Kolkata,2015
BMW 3 Series 320d,₹ 36.19 Lakh,"153,146 km",Diesel,Noida,2014
Toyota Corolla Altis G,₹ 4.96 Lakh,"141,837 km",Diesel,Mumbai,2013
BMW X1 sDrive20d,₹ 34.04 Lakh,"173,885 km",Diesel,Bangalore,2012
BMW X1 sDrive20d,₹ 38.22 Lakh,"104,050 km",Petrol,Ahmedabad,2018
Audi Q3 Premium,₹ 31.78 Lakh,"117,638 km",Diesel,Mumbai,2015
Audi Q3 Premium,₹ 35.99 Lakh,"74,767 km",Petrol,Chennai,2020
Mahindra Scorpio S11,₹ 4.84 Lakh,"122,398 km",CNG,Noida,2016
Audi Q3 Premium,₹ 35.80 Lakh,"63,356 km",Petrol,Noida,2020
BMW X1 sDrive20d,₹ 37.18 Lakh,"107,288 km",Diesel,Bangalore,2016
Mercedes-Benz C-Class C200,₹ 45.98 Lakh,"131,882 km",Petrol,Thane,2014
Toyota Etios Liva G,₹ 7.17 Lakh,"129,466 km",Diesel,Kolkata,2017
Tata Tiago XT,₹ 4.28 Lakh,"81,888 km",Diesel,Hyderabad,2019
Honda Amaze VX,₹ 6.98 Lakh,"16,421 km",Diesel,Pune,2023
Audi A4 35 TDI,₹ 30.62 Lakh,"142,103 km",Petrol,Ahmedabad,2015
Hyundai Creta SX,₹ 1.20 Lakh,"154,363 km",Diesel,Chennai,2014
Toyota Innova Crysta GX,₹ 12.74 Lakh,"42,018 km",Diesel,Ahmedabad,2023
BMW 3 Series 320d,₹ 34.67 Lakh,"145,399 km",Petrol,Noida,2013
Kia Sonet GTX,₹ 3.81 Lakh,"159,726 km",Diesel,Kolkata,2014
Toyota Corolla Altis G,₹ 3.96 Lakh,"162,916 km",CNG,Thane,2014
Hyundai Grand i10 Magna,₹ 1.20 Lakh,"179,438 km",CNG,Thane,2012
Kia Sonet GTX,₹ 3.25 Lakh,"169,245 km",CNG,Kolkata,2013
Toyota Corolla Altis G,₹ 10.38 Lakh,"73,673 km",CNG,Hyderabad,2021
Toyota Corolla Altis G,₹ 5.25 Lakh,"122,933 km",Petrol,Thane,2015
Toyota Corolla Altis G,₹ 8.78 Lakh,"95,399 km",Petrol,Thane,2019
Kia Carens Prestige,₹ 9.28 Lakh,"51,160 km",CNG,Bangalore,2021
Hyundai Venue S,₹ 1.20 Lakh,"119,081 km",CNG,Delhi,2015
Kia Sonet GTX,₹ 3.64 Lakh,"142,256 km",CNG,Bangalore,2014
Maruti Suzuki S-Presso VXi,₹ 3.29 Lakh,"37,933 km",CNG,Hyderabad,2022
BMW 3 Series 320d,₹ 42.20 Lakh,"29,582 km",Petrol,Bangalore,2023
Mercedes-Benz GLA 220d,₹ 44.64 Lakh,"162,650 km",Petrol,Mumbai,2012
Toyota Innova Crysta GX,₹ 5.10 Lakh,"159,105 km",CNG,Noida,2014
Maruti Suzuki Ertiga VXI CNG,₹ 1.20 Lakh,"99,858 km",Diesel,Chennai,2019
Hyundai Grand i10 Magna,₹ 2.60 Lakh,"104,757 km",Diesel,Kolkata,2019
BMW X1 sDrive20d,₹ 38.84 Lakh,"118,373 km",Diesel,Noida,2018
Audi A4 35 TDI,₹ 36.80 Lakh,"60,751 km",Diesel,Ahmedabad,2021
BMW 5 Series 520d,₹ 38.81 Lakh,"79,886 km",Diesel,Hyderabad,2018
Toyota Etios Liva G,₹ 5.71 Lakh,"124,817 km",Petrol,Chennai,2016
Tata Harrier XZ,₹ 3.18 Lakh,"114,961 km",Petrol,Bangalore,2018
Audi Q5 quattro,₹ 34.14 Lakh,"101,679 km",Petrol,Hyderabad,2019
Hyundai Verna SX,₹ 4.08 Lakh,"74,566 km",CNG,Thane,2020
Kia Seltos GTX,₹ 3.87 Lakh,"153,188 km",Petrol,Noida,2015
Kia Seltos GTX,₹ 6.84 Lakh,"120,497 km",Diesel,Chennai,2017
Mercedes-Benz GLA 220d,₹ 48.53 Lakh,"111,654 km",Petrol,Bangalore,2017
Audi Q3 Premium,₹ 29.08 Lakh,"179,570 km",Petrol,Hyderabad,2012
Mahindra Scorpio S11,₹ 2.37 Lakh,"173,465 km",Petrol,Noida,2012
Mercedes-Benz GLA 220d,₹ 49.71 Lakh,"84,280 km",Diesel,Pune,2018
Mahindra Scorpio S11,₹ 3.05 Lakh,"180,399 km",Diesel,Delhi,2012
Mercedes-Benz C-Class C200,₹ 48.25 Lakh,"111,537 km",Diesel,Ahmedabad,2016
BMW 5 Series 520d,₹ 38.38 Lakh,"124,727 km",Diesel,Pune,2016
Mahindra XUV500 W8,₹ 7.37 Lakh,"110,005 km",Diesel,Delhi,2018
BMW 5 Series 520d,₹ 42.29 Lakh,"26,981 km",Petrol,Kolkata,2023
Honda Jazz VX,₹ 7.82 Lakh,"19,103 km",Diesel,Delhi,2023
Mahindra XUV500 W8,₹ 3.73 Lakh,"147,425 km",Petrol,Mumbai,2015
Maruti Suzuki Baleno Delta 1.2,₹ 1.38 Lakh,"92,111 km",Diesel,Chennai,2019
Mercedes-Benz E-Class E220d,₹ 52.55 Lakh,"21,489 km",Petrol,Noida,2023
Audi Q5 quattro,₹ 29.70 Lakh,"177,585 km",Petrol,Hyderabad,2012
Kia Carens Prestige,₹ 8.73 Lakh,"61,539 km",CNG,Mumbai,2021
Kia Carens Prestige,₹ 2.40 Lakh,"177,902 km",Petrol,Kolkata,2013
Maruti Suzuki Alto 800 LXi,₹ 1.20 Lakh,"197,853 km",Diesel,Noida,2012
Mercedes-Benz GLA 220d,₹ 44.31 Lakh,"171,914 km",Petrol,Noida,2013
Mercedes-Benz GLA 220d,₹ 45.79 Lakh,"145,523 km",Diesel,Pune,2014
Mahindra Thar LX,₹ 6.35 Lakh,"116,115 km",Petrol,Pune,2017
Audi Q5 quattro,₹ 31.63 Lakh,"131,926 km",Petrol,Delhi,2016
Mercedes-Benz GLA 220d,₹ 48.44 Lakh,"98,330 km",Petrol,Noida,2017
Toyota Glanza G,₹ 5.78 Lakh,"115,134 km",CNG,Delhi,2015
Mercedes-Benz E-Class E220d,₹ 51.03 Lakh,"76,713 km",Petrol,Chennai,2021
Hyundai Grand i10 Magna,₹ 2.56 Lakh,"93,787 km",Petrol,Chennai,2018
Hyundai i10 Magna,₹ 1.20 Lakh,"135,279 km",Petrol,Thane,2014
Hyundai Venue S,₹ 1.20 Lakh,"135,363 km",Petrol,Chennai,2015
Mercedes-Benz C-Class C200,₹ 50.51 Lakh,"82,890 km",Diesel,Thane,2020
Audi Q5 quattro,₹ 35.95 Lakh,"72,620 km",Petrol,Bangalore,2021
Toyota Glanza G,₹ 10.50 Lakh,"56,799 km",Diesel,Bangalore,2022
Mahindra XUV500 W8,₹ 6.35 Lakh,"122,107 km",Diesel,Mumbai,2017
Toyota Glanza G,₹ 10.14 Lakh,"79,374 km",Petrol,Pune,2021
Audi Q3 Premium,₹ 37.06 Lakh,"50,894 km",Petrol,Ahmedabad,2023
Audi A4 35 TDI,₹ 36.14 Lakh,"86,434 km",Diesel,Noida,2020
Audi Q3 Premium,₹ 32.36 Lakh,"111,400 km",Petrol,Kolkata,2017
Honda WR-V VX,₹ 6.22 Lakh,"55,181 km",Diesel,Pune,2022
Tata Safari XZ+,₹ 1.20 Lakh,"169,766 km",Diesel,Chennai,2012
Toyota Glanza G,₹ 11.65 Lakh,"52,058 km",Petrol,Noida,2023
Tata Tiago XT,₹ 6.96 Lakh,"56,386 km",Diesel,Delhi,2022
Hyundai Creta SX,₹ 5.09 Lakh,"54,518 km",Diesel,Mumbai,2022
Mahindra Thar LX,₹ 6.18 Lakh,"92,652 km",Petrol,Ahmedabad,2018
Mahindra Scorpio S11,₹ 2.49 Lakh,"184,879 km",CNG,Ahmedabad,2012
Kia Sonet GTX,₹ 7.65 Lakh,"68,746 km",CNG,Noida,2019
BMW X1 sDrive20d,₹ 41.96 Lakh,"56,552 km",Petrol,Kolkata,2023
BMW 3 Series 320d,₹ 41.26 Lakh,"61,765 km",Diesel,Hyderabad,2021
Honda City VX,₹ 7.21 Lakh,"46,256 km",CNG,Chennai,2023
Maruti Suzuki Swift VXi,₹ 1.20 Lakh,"152,917 km",Petrol,Kolkata,2012
Tata Safari XZ+,₹ 1.20 Lakh,"178,302 km",Diesel,Bangalore,2013
Toyota Fortuner 2.8 4x2,₹ 4.65 Lakh,"149,909 km",Petrol,Delhi,2013
Mercedes-Benz C-Class C200,₹ 46.30 Lakh,"137,511 km",Diesel,Hyderabad,2014
Toyota Corolla Altis G,₹ 3.08 Lakh,"165,813 km",Petrol,Hyderabad,2013
Audi A4 35 TDI,₹ 30.13 Lakh,"172,532 km",Diesel,Hyderabad,2013
Maruti Suzuki Wagon R 1.0 VXI,₹ 1.20 Lakh,"124,760 km",Diesel,Hyderabad,2016
Honda BR-V VX,₹ 3.67 Lakh,"88,379 km",Diesel,Chennai,2019
Audi Q3 Premium,₹ 34.73 Lakh,"107,897 km",Diesel,Ahmedabad,2018
Maruti Suzuki Alto 800 LXi,₹ 1.20 Lakh,"167,374 km",CNG,Ahmedabad,2012
Toyota Corolla Altis G,₹ 5.34 Lakh,"135,432 km",Diesel,Kolkata,2013
Maruti Suzuki Swift VXi,₹ 1.20 Lakh,"110,765 km",CNG,Ahmedabad,2017
Hyundai Verna SX,₹ 4.45 Lakh,"71,092 km",Petrol,Kolkata,2022
Tata Nexon XZ+,₹ 2.08 Lakh,"149,435 km",Petrol,Ahmedabad,2016
Hyundai Elite i20 Sportz,₹ 1.20 Lakh,"102,028 km",Diesel,Chennai,2016
Mercedes-Benz GLA 220d,₹ 50.74 Lakh,"61,853 km",Diesel,Mumbai,2021
Kia Sonet GTX,₹ 6.52 Lakh,"105,881 km",Petrol,Chennai,2018
Audi Q5 quattro,₹ 33.55 Lakh,"107,714 km",Petrol,Hyderabad,2017
Kia Seltos GTX,₹ 7.48 Lakh,"109,325 km",Diesel,Chennai,2019
Mercedes-Benz GLA 220d,₹ 48.12 Lakh,"110,302 km",Diesel,Pune,2017
Honda Jazz VX,₹ 3.85 Lakh,"74,520 km",Petrol,Chennai,2020
Kia Sonet GTX,₹ 5.68 Lakh,"114,689 km",CNG,Delhi,2016
Kia Seltos GTX,₹ 5.74 Lakh,"124,327 km",Diesel,Bangalore,2016
Toyota Etios Liva G,₹ 5.95 Lakh,"133,505 km",Petrol,Ahmedabad,2015
Toyota Glanza G,₹ 11.71 Lakh,"38,513 km",Diesel,Delhi,2022
Hyundai Santro Sportz,₹ 1.20 Lakh,"133,670 km",Petrol,Kolkata,2015
Honda WR-V VX,₹ 4.13 Lakh,"81,865 km",Diesel,Kolkata,2020
Tata Safari XZ+,₹ 5.79 Lakh,"68,139 km",CNG,Bangalore,2021
Mercedes-Benz GLA 220d,₹ 44.50 Lakh,"148,349 km",Petrol,Chennai,2013
Kia Carens Prestige,₹ 4.04 Lakh,"157,118 km",CNG,Ahmedabad,2014
Audi Q3 Premium,₹ 36.93 Lakh,"45,483 km",Diesel,Delhi,2022
Mahindra Scorpio S11,₹ 9.82 Lakh,"48,693 km",CNG,Kolkata,2022
Tata Nexon XZ+,₹ 4.68 Lakh,"79,726 km",Petrol,Noida,2019
Mercedes-Benz GLA 220d,₹ 48.49 Lakh,"111,991 km",Petrol,Ahmedabad,2018
Mercedes-Benz GLA 220d,₹ 44.04 Lakh,"181,454 km",Petrol,Delhi,2012
Toyota Innova Crysta GX,₹ 6.54 Lakh,"128,655 km",CNG,Mumbai,2016
Tata Tiago XT,₹ 3.56 Lakh,"117,987 km",Petrol,Noida,2017
Honda Amaze VX,₹ 1.20 Lakh,"156,701 km",Diesel,Hyderabad,2013
Tata Nexon XZ+,₹ 1.20 Lakh,"165,628 km",Diesel,Delhi,2013
Maruti Suzuki Ertiga VXI CNG,₹ 1.20 Lakh,"120,306 km",Diesel,Ahmedabad,2016
Toyota Etios Liva G,₹ 11.31 Lakh,"37,271 km",Diesel,Bangalore,2023
Mahindra Thar LX,₹ 8.90 Lakh,"75,583 km",CNG,Delhi,2021
Tata Nexon XZ+,₹ 2.79 Lakh,"120,253 km",Diesel,Hyderabad,2017
Kia Carens Prestige,₹ 4.26 Lakh,"141,655 km",Petrol,Pune,2016
BMW X1 sDrive20d,₹ 34.55 Lakh,"161,754 km",Diesel,Noida,2013
Hyundai Verna SX,₹ 1.20 Lakh,"107,465 km",Diesel,Ahmedabad,2017
Mercedes-Benz E-Class E220d,₹ 45.51 Lakh,"161,631 km",Petrol,Noida,2013
Mahindra Thar LX,₹ 8.35 Lakh,"79,329 km",Petrol,Chennai,2020
BMW 3 Series 320d,₹ 41.71 Lakh,"50,172 km",Petrol,Chennai,2021
Audi A4 35 TDI,₹ 36.26 Lakh,"75,841 km",Diesel,Chennai,2020
Tata Harrier XZ,₹ 5.06 Lakh,"114,439 km",CNG,Bangalore,2019
Maruti Suzuki Alto 800 LXi,₹ 1.20 Lakh,"108,002 km",CNG,Chennai,2019
Mahindra XUV500 W8,₹ 4.45 Lakh,"127,772 km",Petrol,Mumbai,2015
Maruti Suzuki Ciaz ZXI+,₹ 1.20 Lakh,"111,582 km",CNG,Noida,2017
Hyundai i10 Magna,₹ 3.36 Lakh,"70,979 km",Diesel,Hyderabad,2020
Maruti Suzuki Baleno Delta 1.2,₹ 1.38 Lakh,"81,446 km",CNG,Bangalore,2019
BMW 3 Series 320d,₹ 35.83 Lakh,"140,082 km",Diesel,Kolkata,2014
Kia Carens Prestige,₹ 6.26 Lakh,"134,083 km",Petrol,Chennai,2017
Mahindra Scorpio S11,₹ 2.01 Lakh,"181,232 km",Diesel,Kolkata,2012
Toyota Innova Crysta GX,₹ 4.35 Lakh,"159,360 km",CNG,Ahmedabad,2014
Toyota Glanza G,₹ 6.65 Lakh,"130,344 km",Petrol,Noida,2017
Toyota Innova Crysta GX,₹ 7.29 Lakh,"127,822 km",Diesel,Noida,2017
Tata Harrier XZ,₹ 4.12 Lakh,"111,285 km",Petrol,Chennai,2018
Maruti Suzuki S-Presso VXi,₹ 1.20 Lakh,"124,697 km",CNG,Ahmedabad,2014
Toyota Glanza G,₹ 8.56 Lakh,"106,104 km",Diesel,Delhi,2018
Mercedes-Benz GLA 220d,₹ 45.37 Lakh,"157,134 km",Petrol,Pune,2013
Honda Amaze VX,₹ 1.20 Lakh,"112,790 km",Petrol,Chennai,2016
Kia Seltos GTX,₹ 7.81 Lakh,"77,244 km",Petrol,Bangalore,2020
Tata Harrier XZ,₹ 4.36 Lakh,"97,299 km",Diesel,Noida,2017
Toyota Corolla Altis G,₹ 12.25 Lakh,"30,664 km",Diesel,Ahmedabad,2022
Audi Q5 quattro,₹ 30.70 Lakh,"133,426 km",Diesel,Ahmedabad,2014
BMW 5 Series 520d,₹ 39.44 Lakh,"81,925 km",Petrol,Kolkata,2019
Mahindra Thar LX,₹ 3.24 Lakh,"175,537 km",Petrol,Thane,2013
Audi Q5 quattro,₹ 36.32 Lakh,"46,370 km",Diesel,Thane,2021
BMW 5 Series 520d,₹ 38.70 Lakh,"66,459 km",Petrol,Kolkata,2018
Hyundai Santro Sportz,₹ 1.20 Lakh,"178,527 km",Petrol,Hyderabad,2012
Audi Q3 Premium,₹ 32.85 Lakh,"115,961 km",Diesel,Pune,2017
Tata Tiago XT,₹ 8.70 Lakh,"18,669 km",Diesel,Pune,2023
Mahindra Thar LX,₹ 5.52 Lakh,"123,408 km",CNG,Thane,2016
Toyota Corolla Altis G,₹ 7.33 Lakh,"124,979 km",CNG,Bangalore,2018
Mahindra Thar LX,₹ 5.43 Lakh,"116,011 km",Petrol,Noida,2015
Mahindra Scorpio S11,₹ 3.61 Lakh,"146,948 km",Petrol,Ahmedabad,2015
Toyota Innova Crysta GX,₹ 8.97 Lakh,"96,468 km",Diesel,Mumbai,2018
Kia Carens Prestige,₹ 11.82 Lakh,"27,159 km",CNG,Bangalore,2023
Tata Safari XZ+,₹ 1.20 Lakh,"154,056 km",Diesel,Kolkata,2013
Kia Seltos GTX,₹ 2.97 Lakh,"155,986 km",Petrol,Mumbai,2012
Maruti Suzuki Baleno Delta 1.2,₹ 1.20 Lakh,"143,994 km",Petrol,Bangalore,2014
Mahindra Thar LX,₹ 3.19 Lakh,"171,287 km",Diesel,Noida,2013
Honda Jazz VX,₹ 1.20 Lakh,"170,464 km",CNG,Ahmedabad,2014
Hyundai Elite i20 Sportz,₹ 1.20 Lakh,"160,314 km",Petrol,Bangalore,2014
Honda City VX,₹ 1.26 Lakh,"120,143 km",Diesel,Ahmedabad,2016
BMW 3 Series 320d,₹ 38.35 Lakh,"107,254 km",Diesel,Noida,2017
Audi Q3 Premium,₹ 35.37 Lakh,"81,495 km",Diesel,Delhi,2019
Mahindra Scorpio S11,₹ 2.81 Lakh,"164,277 km",Diesel,Bangalore,2013
Honda WR-V VX,₹ 1.20 Lakh,"149,144 km",Diesel,Ahmedabad,2015
Kia Carens Prestige,₹ 10.44 Lakh,"60,587 km",Diesel,Noida,2022
Hyundai Grand i10 Magna,₹ 1.49 Lakh,"114,979 km",Diesel,Delhi,2017
Toyota Fortuner 2.8 4x2,₹ 5.65 Lakh,"135,401 km",Diesel,Ahmedabad,2015
BMW X1 sDrive20d,₹ 42.93 Lakh,"35,722 km",Petrol,Chennai,2023
Honda WR-V VX,₹ 1.20 Lakh,"190,917 km",Diesel,Chennai,2012
Mercedes-Benz C-Class C200,₹ 44.66 Lakh,"156,063 km",Petrol,Thane,2012
Hyundai Verna SX,₹ 5.98 Lakh,"31,390 km",CNG,Chennai,2023
Mercedes-Benz E-Class E220d,₹ 52.02 Lakh,"74,845 km",Diesel,Thane,2021
Mercedes-Benz GLA 220d,₹ 45.47 Lakh,"173,786 km",Petrol,Thane,2013
BMW 5 Series 520d,₹ 38.96 Lakh,"89,998 km",Diesel,Bangalore,2018
Hyundai Verna SX,₹ 5.82 Lakh,"39,293 km",Diesel,Delhi,2023
Hyundai Venue S,₹ 1.92 Lakh,"110,228 km",CNG,Chennai,2017
BMW 3 Series 320d,₹ 37.39 Lakh,"115,043 km",Petrol,Mumbai,2017
Mercedes-Benz GLA 220d,₹ 48.66 Lakh,"107,931 km",Petrol,Chennai,2018
Audi Q3 Premium,₹ 35.44 Lakh,"81,745 km",Diesel,Delhi,2020
Hyundai Grand i10 Magna,₹ 5.73 Lakh,"32,780 km",CNG,Chennai,2023
Hyundai Elite i20 Sportz,₹ 6.62 Lakh,"23,769 km",Petrol,Noida,2023
Mahindra Scorpio S11,₹ 5.05 Lakh,"109,663 km",CNG,Hyderabad,2016
Mahindra Thar LX,₹ 8.66 Lakh,"71,308 km",Petrol,Mumbai,2019
Honda WR-V VX,₹ 1.47 Lakh,"113,525 km",CNG,Chennai,2017
Audi Q5 quattro,₹ 34.29 Lakh,"97,279 km",Diesel,Ahmedabad,2017
Tata Harrier XZ,₹ 1.70 Lakh,"120,109 km",Petrol,Hyderabad,2016
Mercedes-Benz E-Class E220d,₹ 47.86 Lakh,"115,762 km",Petrol,Thane,2017
Kia Seltos GTX,₹ 10.39 Lakh,"57,813 km",Petrol,Noida,2022
Hyundai Verna SX,₹ 1.20 Lakh,"171,447 km",CNG,Noida,2012
Mahindra XUV500 W8,₹ 5.18 Lakh,"121,582 km",CNG,Delhi,2016
Mahindra XUV500 W8,₹ 8.98 Lakh,"66,686 km",CNG,Hyderabad,2020
BMW X1 sDrive20d,₹ 37.69 Lakh,"139,449 km",Diesel,Noida,2016
Toyota Etios Liva G,₹ 6.45 Lakh,"131,850 km",Diesel,Pune,2016
Mahindra Scorpio S11,₹ 5.71 Lakh,"128,338 km",CNG,Hyderabad,2016
Honda Amaze VX,₹ 2.85 Lakh,"119,533 km",Diesel,Mumbai,2017
Honda Amaze VX,₹ 1.20 Lakh,"199,754 km",CNG,Delhi,2012
Tata Harrier XZ,₹ 3.49 Lakh,"100,111 km",CNG,Chennai,2017
Mahindra Scorpio S11,₹ 4.56 Lakh,"124,585 km",Diesel,Chennai,2014
Honda City VX,₹ 4.27 Lakh,"79,153 km",Petrol,Bangalore,2021
Kia Sonet GTX,₹ 3.62 Lakh,"170,999 km",Diesel,Bangalore,2013
Audi A4 35 TDI,₹ 36.89 Lakh,"65,226 km",Diesel,Noida,2021
BMW X1 sDrive20d,₹ 42.92 Lakh,"40,359 km",Diesel,Noida,2023
Toyota Innova Crysta GX,₹ 3.31 Lakh,"169,904 km",CNG,Delhi,2013
Mahindra Scorpio S11,₹ 4.67 Lakh,"121,044 km",Petrol,Delhi,2015
Honda Amaze VX,₹ 1.20 Lakh,"138,094 km",Petrol,Thane,2015
Tata Harrier XZ,₹ 4.74 Lakh,"105,175 km",Diesel,Ahmedabad,2019
Honda Amaze VX,₹ 1.20 Lakh,"123,322 km",Petrol,Delhi,2015
Toyota Fortuner 2.8 4x2,₹ 3.81 Lakh,"175,860 km",Petrol,Hyderabad,2012
Honda Amaze VX,₹ 3.95 Lakh,"81,603 km",Diesel,Kolkata,2018
Hyundai Creta SX,₹ 1.20 Lakh,"127,057 km",Petrol,Delhi,2015
Mercedes-Benz E-Class E220d,₹ 49.71 Lakh,"78,444 km",Petrol,Bangalore,2020
Kia Seltos GTX,₹ 3.79 Lakh,"170,840 km",Diesel,Pune,2013
Maruti Suzuki Alto 800 LXi,₹ 1.20 Lakh,"126,041 km",Diesel,Noida,2015
Hyundai Elite i20 Sportz,₹ 1.74 Lakh,"87,403 km",CNG,Ahmedabad,2018
Kia Sonet GTX,₹ 7.49 Lakh,"99,339 km",Diesel,Hyderabad,2019
Tata Tiago XT,₹ 1.20 Lakh,"155,377 km",Petrol,Thane,2014
Honda Jazz VX,₹ 1.20 Lakh,"162,437 km",Diesel,Thane,2014
Honda BR-V VX,₹ 3.51 Lakh,"76,594 km",CNG,Noida,2019
Tata Safari XZ+,₹ 3.78 Lakh,"126,060 km",CNG,Hyderabad,2017
Toyota Innova Crysta GX,₹ 4.75 Lakh,"146,807 km",Petrol,Noida,2014
Kia Sonet GTX,₹ 2.70 Lakh,"182,499 km",Petrol,Hyderabad,2012
Hyundai Elite i20 Sportz,₹ 1.20 Lakh,"122,214 km",Petrol,Bangalore,2016
BMW X1 sDrive20d,₹ 35.33 Lakh,"166,003 km",Petrol,Mumbai,2015
Toyota Fortuner 2.8 4x2,₹ 9.45 Lakh,"90,521 km",CNG,Mumbai,2019
Tata Nexon XZ+,₹ 2.43 Lakh,"126,753 km",Diesel,Bangalore,2016
Mercedes-Benz GLA 220d,₹ 49.85 Lakh,"102,311 km",Diesel,Chennai,2018
Honda WR-V VX,₹ 1.20 Lakh,"148,047 km",Diesel,Pune,2014
Tata Harrier XZ,₹ 4.34 Lakh,"93,325 km",Diesel,Chennai,2018
BMW X1 sDrive20d,₹ 38.78 Lakh,"90,838 km",Petrol,Bangalore,2018
Audi Q3 Premium,₹ 38.62 Lakh,"42,363 km",Diesel,Mumbai,2023
Hyundai Santro Sportz,₹ 1.20 Lakh,"138,742 km",CNG,Thane,2015
Audi A4 35 TDI,₹ 29.31 Lakh,"167,158 km",Petrol,Mumbai,2013
Kia Carens Prestige,₹ 7.92 Lakh,"100,271 km",Petrol,Pune,2019
Tata Nexon XZ+,₹ 5.22 Lakh,"87,667 km",Diesel,Delhi,2020
BMW 5 Series 520d,₹ 38.70 Lakh,"131,999 km",Diesel,Hyderabad,2018
Mercedes-Benz E-Class E220d,₹ 52.44 Lakh,"31,117 km",Diesel,Chennai,2023
Kia Carens Prestige,₹ 3.51 Lakh,"166,199 km",Diesel,Noida,2014
Kia Seltos GTX,₹ 5.84 Lakh,"98,152 km",Petrol,Mumbai,2016
Kia Sonet GTX,₹ 3.66 Lakh,"155,609 km",Petrol,Noida,2013
Honda Amaze VX,₹ 3.20 Lakh,"78,832 km",CNG,Noida,2019
Audi Q5 quattro,₹ 32.69 Lakh,"114,035 km",Diesel,Hyderabad,2017
Toyota Innova Crysta GX,₹ 12.25 Lakh,"37,583 km",CNG,Kolkata,2023
Hyundai Grand i10 Magna,₹ 1.20 Lakh,"161,855 km",Petrol,Bangalore,2014
Audi Q5 quattro,₹ 33.25 Lakh,"117,111 km",Petrol,Delhi,2017
Honda BR-V VX,₹ 5.38 Lakh,"69,792 km",Diesel,Bangalore,2022
Maruti Suzuki Wagon R 1.0 VXI,₹ 1.20 Lakh,"161,396 km",Diesel,Thane,2015
Toyota Corolla Altis G,₹ 10.20 Lakh,"68,613 km",Petrol,Delhi,2020
Mercedes-Benz GLA 220d,₹ 49.75 Lakh,"81,389 km",Petrol,Hyderabad,2019
BMW X1 sDrive20d,₹ 37.04 Lakh,"114,730 km",Petrol,Kolkata,2014
Honda Jazz VX,₹ 2.88 Lakh,"114,816 km",Petrol,Thane,2018
Honda Jazz VX,₹ 4.80 Lakh,"67,791 km",Diesel,Ahmedabad,2021
Tata Tiago XT,₹ 6.04 Lakh,"55,315 km",Diesel,Ahmedabad,2020
Toyota Glanza G,₹ 7.65 Lakh,"102,459 km",CNG,Delhi,2018
Audi Q5 quattro,₹ 32.62 Lakh,"127,153 km",Diesel,Noida,2016
BMW 3 Series 320d,₹ 33.99 Lakh,"180,439 km",Diesel,Delhi,2012
Maruti Suzuki Ciaz ZXI+,₹ 1.20 Lakh,"151,196 km",CNG,Hyderabad,2015
Tata Nexon XZ+,₹ 6.26 Lakh,"63,352 km",Petrol,Kolkata,2021
Toyota Fortuner 2.8 4x2,₹ 4.28 Lakh,"167,267 km",CNG,Ahmedabad,2012
BMW 5 Series 520d,₹ 40.59 Lakh,"68,825 km",Petrol,Pune,2021
Honda WR-V VX,₹ 1.20 Lakh,"160,004 km",CNG,Bangalore,2013
Maruti Suzuki Baleno Delta 1.2,₹ 4.82 Lakh,"8,401 km",CNG,Pune,2023
Hyundai i10 Magna,₹ 2.00 Lakh,"96,864 km",Petrol,Chennai,2018
Kia Seltos GTX,₹ 6.09 Lakh,"132,069 km",CNG,Ahmedabad,2016
Hyundai Santro Sportz,₹ 4.89 Lakh,"40,304 km",Diesel,Hyderabad,2022
Audi A4 35 TDI,₹ 32.42 Lakh,"103,723 km",Petrol,Kolkata,2015
Tata Nexon XZ+,₹ 1.20 Lakh,"175,090 km",Petrol,Kolkata,2012
Honda Jazz VX,₹ 3.41 Lakh,"107,532 km",Diesel,Delhi,2018
Honda Amaze VX,₹ 4.23 Lakh,"68,359 km",Petrol,Thane,2020
Kia Seltos GTX,₹ 5.75 Lakh,"108,323 km",Petrol,Chennai,2017
Tata Safari XZ+,₹ 4.47 Lakh,"101,203 km",CNG,Pune,2018
Hyundai i10 Magna,₹ 1.20 Lakh,"149,617 km",Petrol,Delhi,2015
Honda BR-V VX,₹ 5.46 Lakh,"76,160 km",Petrol,Ahmedabad,2022
Mahindra Scorpio S11,₹ 3.67 Lakh,"169,059 km",CNG,Delhi,2013
Maruti Suzuki Swift VXi,₹ 1.20 Lakh,"112,131 km",Diesel,Mumbai,2016
Mahindra XUV500 W8,₹ 6.07 Lakh,"102,286 km",Diesel,Thane,2017
Mercedes-Benz C-Class C200,₹ 45.23 Lakh,"149,023 km",Petrol,Mumbai,2013
Honda Jazz VX,₹ 3.28 Lakh,"93,215 km",Diesel,Kolkata,2017
Kia Seltos GTX,₹ 3.78 Lakh,"158,492 km",Diesel,Delhi,2014
Mercedes-Benz C-Class C200,₹ 49.87 Lakh,"72,286 km",Petrol,Kolkata,2019
BMW 3 Series 320d,₹ 40.29 Lakh,"73,955 km",Diesel,Noida,2020
Audi A4 35 TDI,₹ 33.87 Lakh,"99,351 km",Diesel,Ahmedabad,2016
Maruti Suzuki Ciaz ZXI+,₹ 1.33 Lakh,"89,218 km",Petrol,Mumbai,2019
Audi A4 35 TDI,₹ 30.37 Lakh,"156,196 km",Diesel,Hyderabad,2014
Hyundai Santro Sportz,₹ 1.20 Lakh,"124,903 km",CNG,Bangalore,2016
Hyundai i10 Magna,₹ 5.76 Lakh,"38,245 km",Diesel,Pune,2023
Mercedes-Benz E-Class E220d,₹ 50.64 Lakh,"85,319 km",Petrol,Bangalore,2020
Mercedes-Benz E-Class E220d,₹ 47.73 Lakh,"128,346 km",Diesel,Mumbai,2015
Mercedes-Benz E-Class E220d,₹ 48.35 Lakh,"127,449 km",Diesel,Hyderabad,2018
Maruti Suzuki Alto 800 LXi,₹ 1.20 Lakh,"134,065 km",CNG,Delhi,2016
Maruti Suzuki Wagon R 1.0 VXI,₹ 1.20 Lakh,"179,940 km",Diesel,Chennai,2012
Hyundai Venue S,₹ 1.20 Lakh,"152,013 km",Diesel,Chennai,2012
Tata Safari XZ+,₹ 2.40 Lakh,"143,017 km",CNG,Thane,2016
Honda City VX,₹ 6.26 Lakh,"58,820 km",Diesel,Thane,2021
Hyundai Verna SX,₹ 1.20 Lakh,"160,132 km",CNG,Chennai,2013
Mercedes-Benz C-Class C200,₹ 46.17 Lakh,"138,765 km",Petrol,Mumbai,2015
BMW 3 Series 320d,₹ 36.89 Lakh,"115,975 km",Petrol,Kolkata,2016
Toyota Corolla Altis G,₹ 7.23 Lakh,"111,525 km",Diesel,Bangalore,2018
Mercedes-Benz C-Class C200,₹ 49.57 Lakh,"87,155 km",Diesel,Pune,2018
Tata Nexon XZ+,₹ 5.19 Lakh,"88,365 km",Petrol,Delhi,2019
Maruti Suzuki Swift VXi,₹ 1.20 Lakh,"82,001 km",Petrol,Chennai,2019
Audi Q3 Premium,₹ 31.56 Lakh,"139,659 km",Petrol,Thane,2015
Mahindra Scorpio S11,₹ 6.05 Lakh,"119,133 km",CNG,Mumbai,2016
Tata Safari XZ+,₹ 1.20 Lakh,"177,992 km",CNG,Kolkata,2012
Honda WR-V VX,₹ 2.72 Lakh,"85,914 km",Diesel,Ahmedabad,2017
Tata Nexon XZ+,₹ 6.79 Lakh,"42,166 km",Diesel,Kolkata,2022
BMW 3 Series 320d,₹ 34.52 Lakh,"166,232 km",Diesel,Bangalore,2013
BMW 3 Series 320d,₹ 35.69 Lakh,"143,614 km",Petrol,Thane,2013
Toyota Innova Crysta GX,₹ 10.73 Lakh,"62,546 km",Diesel,Kolkata,2021
Honda WR-V VX,₹ 1.20 Lakh,"133,327 km",Petrol,Ahmedabad,2014
Hyundai Elite i20 Sportz,₹ 1.20 Lakh,"191,575 km",CNG,Hyderabad,2012
Mercedes-Benz GLA 220d,₹ 50.48 Lakh,"67,936 km",Petrol,Delhi,2020
Audi Q5 quattro,₹ 31.62 Lakh,"125,222 km",Diesel,Pune,2015
Honda Jazz VX,₹ 5.53 Lakh,"50,827 km",Diesel,Thane,2021
Honda City VX,₹ 6.31 Lakh,"30,300 km",CNG,Mumbai,2023
Toyota Fortuner 2.8 4x2,₹ 9.69 Lakh,"43,401 km",Petrol,Noida,2021
Maruti Suzuki Alto 800 LXi,₹ 1.20 Lakh,"130,852 km",Diesel,Chennai,2015
Tata Nexon XZ+,₹ 1.20 Lakh,"163,745 km",Diesel,Chennai,2013
Maruti Suzuki Baleno Delta 1.2,₹ 1.20 Lakh,"110,778 km",Diesel,Thane,2017
Mercedes-Benz C-Class C200,₹ 51.22 Lakh,"63,147 km",Petrol,Noida,2021
Tata Safari XZ+,₹ 2.39 Lakh,"140,641 km",Diesel,Noida,2015
Mercedes-Benz GLA 220d,₹ 45.14 Lakh,"153,185 km",Petrol,Pune,2013
Audi A4 35 TDI,₹ 34.34 Lakh,"100,195 km",Diesel,Chennai,2018
Kia Seltos GTX,₹ 7.86 Lakh,"97,353 km",Diesel,Kolkata,2018
BMW X1 sDrive20d,₹ 39.91 Lakh,"77,663 km",Petrol,Bangalore,2019
Mercedes-Benz GLA 220d,₹ 46.26 Lakh,"144,328 km",Petrol,Noida,2016
Tata Safari XZ+,₹ 5.94 Lakh,"68,399 km",CNG,Delhi,2020
Tata Nexon XZ+,₹ 7.89 Lakh,"47,908 km",Petrol,Kolkata,2023
BMW 3 Series 320d,₹ 38.76 Lakh,"121,167 km",Diesel,Thane,2017
BMW 5 Series 520d,₹ 38.34 Lakh,"125,304 km",Petrol,Pune,2017
Audi A4 35 TDI,₹ 35.28 Lakh,"80,236 km",Petrol,Kolkata,2020
Mercedes-Benz GLA 220d,₹ 47.87 Lakh,"116,642 km",Diesel,Noida,2017
BMW 3 Series 320d,₹ 39.30 Lakh,"84,812 km",Petrol,Delhi,2019
Honda City VX,₹ 1.20 Lakh,"162,324 km",CNG,Thane,2013
Toyota Corolla Altis G,₹ 11.46 Lakh,"63,791 km",Petrol,Thane,2023
Hyundai Elite i20 Sportz,₹ 1.20 Lakh,"171,003 km",Diesel,Thane,2012
Toyota Innova Crysta GX,₹ 8.27 Lakh,"96,216 km",Petrol,Hyderabad,2019
Honda WR-V VX,₹ 1.20 Lakh,"138,544 km",CNG,Mumbai,2015
Mahindra Thar LX,₹ 5.05 Lakh,"139,076 km",Diesel,Thane,2016
Toyota Fortuner 2.8 4x2,₹ 3.16 Lakh,"189,295 km",Petrol,Noida,2013
Mercedes-Benz E-Class E220d,₹ 50.37 Lakh,"72,797 km",Petrol,Delhi,2020
Toyota Glanza G,₹ 9.08 Lakh,"88,151 km",CNG,Delhi,2019
Mercedes-Benz GLA 220d,₹ 51.77 Lakh,"52,624 km",Petrol,Chennai,2022
Hyundai Venue S,₹ 1.20 Lakh,"163,492 km",Petrol,Mumbai,2012
Mahindra Thar LX,₹ 10.70 Lakh,"34,389 km",Petrol,Ahmedabad,2023
Kia Seltos GTX,₹ 1.74 Lakh,"197,979 km",CNG,Noida,2013
Audi A4 35 TDI,₹ 33.53 Lakh,"126,775 km",Petrol,Noida,2017
Mahindra Thar LX,₹ 2.15 Lakh,"176,983 km",Diesel,Pune,2012
Mahindra Thar LX,₹ 6.24 Lakh,"101,604 km",CNG,Hyderabad,2018
Mahindra Scorpio S11,₹ 8.23 Lakh,"100,166 km",Diesel,Bangalore,2019
Honda City VX,₹ 1.20 Lakh,"140,447 km",Petrol,Kolkata,2014
Mercedes-Benz C-Class C200,₹ 50.17 Lakh,"81,394 km",Petrol,Hyderabad,2020
Hyundai Santro Sportz,₹ 1.20 Lakh,"155,109 km",CNG,Kolkata,2015
Maruti Suzuki S-Presso VXi,₹ 1.20 Lakh,"171,710 km",Petrol,Pune,2014
Mercedes-Benz C-Class C200,₹ 46.73 Lakh,"149,686 km",Diesel,Kolkata,2014
BMW 5 Series 520d,₹ 38.90 Lakh,"84,525 km",Petrol,Chennai,2018
Audi Q3 Premium,₹ 31.26 Lakh,"137,877 km",Diesel,Pune,2015
Tata Tiago XT,₹ 2.19 Lakh,"120,258 km",CNG,Thane,2014
Maruti Suzuki S-Presso VXi,₹ 1.25 Lakh,"105,138 km",Diesel,Kolkata,2019
Tata Safari XZ+,₹ 3.53 Lakh,"95,277 km",Diesel,Thane,2017
Tata Tiago XT,₹ 1.20 Lakh,"157,659 km",CNG,Noida,2013
Honda WR-V VX,₹ 5.83 Lakh,"65,589 km",CNG,Bangalore,2021
Mercedes-Benz GLA 220d,₹ 49.94 Lakh,"88,835 km",Petrol,Delhi,2020
Honda Jazz VX,₹ 5.80 Lakh,"20,635 km",Petrol,Ahmedabad,2022
Audi Q3 Premium,₹ 34.24 Lakh,"84,627 km",Petrol,Hyderabad,2019
Hyundai Elite i20 Sportz,₹ 1.20 Lakh,"112,262 km",Diesel,Kolkata,2016
Kia Seltos GTX,₹ 10.30 Lakh,"59,976 km",Diesel,Delhi,2021
Maruti Suzuki Wagon R 1.0 VXI,₹ 1.20 Lakh,"148,245 km",Petrol,Kolkata,2013
Mercedes-Benz E-Class E220d,₹ 44.23 Lakh,"171,072 km",Petrol,Thane,2012
Audi Q5 quattro,₹ 34.82 Lakh,"83,417 km",Petrol,Bangalore,2018
Mahindra Scorpio S11,₹ 10.44 Lakh,"48,206 km",Petrol,Ahmedabad,2023
Tata Safari XZ+,₹ 1.20 Lakh,"151,812 km",Petrol,Pune,2014
Mahindra XUV500 W8,₹ 9.02 Lakh,"80,590 km",CNG,Chennai,2020
Hyundai Elite i20 Sportz,₹ 1.20 Lakh,"140,734 km",Petrol,Hyderabad,2015
Honda BR-V VX,₹ 4.67 Lakh,"79,236 km",CNG,Kolkata,2020
Audi Q5 quattro,₹ 38.52 Lakh,"28,042 km",Petrol,Delhi,2023
Tata Safari XZ+,₹ 3.66 Lakh,"107,080 km",Petrol,Delhi,2018
Mahindra Scorpio S11,₹ 4.46 Lakh,"126,909 km",Petrol,Ahmedabad,2015
Honda Jazz VX,₹ 3.72 Lakh,"92,207 km",Diesel,Delhi,2018
Tata Safari XZ+,₹ 3.16 Lakh,"103,688 km",CNG,Noida,2017
BMW X1 sDrive20d,₹ 39.05 Lakh,"104,779 km",Diesel,Ahmedabad,2019
Audi A4 35 TDI,₹ 31.07 Lakh,"171,074 km",Diesel,Kolkata,2014
Hyundai Creta SX,₹ 4.11 Lakh,"53,788 km",Petrol,Thane,2022
Honda City VX,₹ 6.26 Lakh,"38,457 km",Petrol,Thane,2023
Mahindra Thar LX,₹ 5.75 Lakh,"127,290 km",Diesel,Kolkata,2017
Toyota Fortuner 2.8 4x2,₹ 8.53 Lakh,"87,526 km",Petrol,Hyderabad,2020
Hyundai Verna SX,₹ 4.26 Lakh,"75,543 km",Petrol,Chennai,2022
Tata Harrier XZ,₹ 3.30 Lakh,"98,358 km",CNG,Pune,2017
Audi Q3 Premium,₹ 32.81 Lakh,"128,012 km",Diesel,Noida,2015
BMW 5 Series 520d,₹ 40.11 Lakh,"75,447 km",Diesel,Kolkata,2020
Toyota Etios Liva G,₹ 2.81 Lakh,"183,725 km",CNG,Bangalore,2012
Tata Safari XZ+,₹ 6.84 Lakh,"54,046 km",CNG,Noida,2021
Mercedes-Benz C-Class C200,₹ 48.93 Lakh,"99,249 km",Petrol,Mumbai,2018
BMW X1 sDrive20d,₹ 36.16 Lakh,"158,791 km",Diesel,Chennai,2015
Mahindra Scorpio S11,₹ 8.66 Lakh,"73,358 km",CNG,Noida,2020
Honda Amaze VX,₹ 1.20 Lakh,"125,683 km",Petrol,Delhi,2016
Audi Q5 quattro,₹ 32.99 Lakh,"113,111 km",Diesel,Mumbai,2016
Honda WR-V VX,₹ 1.56 Lakh,"109,343 km",Petrol,Noida,2016
Hyundai Creta SX,₹ 1.20 Lakh,"139,619 km",Petrol,Bangalore,2014
Hyundai Elite i20 Sportz,₹ 4.72 Lakh,"58,387 km",CNG,Thane,2022
Toyota Etios Liva G,₹ 9.37 Lakh,"80,728 km",Diesel,Mumbai,2020
Hyundai Santro Sportz,₹ 1.20 Lakh,"97,495 km",Petrol,Kolkata,2018
Audi Q3 Premium,₹ 33.99 Lakh,"82,698 km",Petrol,Ahmedabad,2019
Maruti Suzuki Alto 800 LXi,₹ 1.20 Lakh,"150,889 km",Diesel,Mumbai,2015
Tata Safari XZ+,₹ 4.60 Lakh,"104,646 km",CNG,Pune,2020
Kia Sonet GTX,₹ 4.84 Lakh,"132,558 km",Diesel,Hyderabad,2016
Maruti Suzuki Wagon R 1.0 VXI,₹ 1.20 Lakh,"141,960 km",Petrol,Hyderabad,2014
Mahindra Thar LX,₹ 4.39 Lakh,"124,898 km",Diesel,Hyderabad,2015
Mahindra Scorpio S11,₹ 5.46 Lakh,"117,220 km",CNG,Bangalore,2017
Kia Carens Prestige,₹ 5.50 Lakh,"126,233 km",CNG,Chennai,2016
Honda Amaze VX,₹ 1.20 Lakh,"120,746 km",Petrol,Bangalore,2015
Hyundai Creta SX,₹ 1.20 Lakh,"123,946 km",CNG,Thane,2017
Toyota Corolla Altis G,₹ 4.21 Lakh,"145,643 km",CNG,Hyderabad,2014
Audi A4 35 TDI,₹ 31.11 Lakh,"145,828 km",Petrol,Kolkata,2016
Kia Sonet GTX,₹ 2.80 Lakh,"190,467 km",Diesel,Kolkata,2012
Honda Amaze VX,₹ 1.20 Lakh,"142,729 km",Diesel,Kolkata,2016
Mercedes-Benz E-Class E220d,₹ 46.13 Lakh,"147,713 km",Diesel,Hyderabad,2013
Mahindra Scorpio S11,₹ 6.93 Lakh,"108,081 km",Petrol,Delhi,2018
Honda Amaze VX,₹ 1.20 Lakh,"127,396 km",Diesel,Pune,2014
Kia Seltos GTX,₹ 8.54 Lakh,"94,461 km",CNG,Pune,2021
Toyota Glanza G,₹ 3.08 Lakh,"162,545 km",CNG,Mumbai,2012
Mahindra Scorpio S11,₹ 9.54 Lakh,"42,361 km",Petrol,Chennai,2022
Honda WR-V VX,₹ 1.72 Lakh,"128,663 km",Petrol,Bangalore,2017
Hyundai Verna SX,₹ 1.20 Lakh,"143,133 km",CNG,Mumbai,2014
Audi Q3 Premium,₹ 30.63 Lakh,"153,923 km",Diesel,Kolkata,2014
Kia Carens Prestige,₹ 11.00 Lakh,"30,887 km",Diesel,Mumbai,2023
Mercedes-Benz E-Class E220d,₹ 51.79 Lakh,"53,159 km",Diesel,Delhi,2021
Kia Carens Prestige,₹ 9.74 Lakh,"56,479 km",CNG,Hyderabad,2022
Honda Jazz VX,₹ 5.09 Lakh,"57,274 km",Diesel,Mumbai,2021
Hyundai i10 Magna,₹ 1.20 Lakh,"187,380 km",Diesel,Mumbai,2013
Maruti Suzuki Alto 800 LXi,₹ 1.20 Lakh,"53,047 km",Petrol,Bangalore,2020
Maruti Suzuki Vitara Brezza VDi,₹ 1.20 Lakh,"141,920 km",CNG,Noida,2015
Mahindra Thar LX,₹ 2.34 Lakh,"178,323 km",CNG,Noida,2012
Tata Safari XZ+,₹ 3.23 Lakh,"112,787 km",Petrol,Delhi,2018
Audi A4 35 TDI,₹ 32.78 Lakh,"130,626 km",Petrol,Ahmedabad,2016
Mercedes-Benz GLA 220d,₹ 44.57 Lakh,"164,092 km",Diesel,Noida,2013
Kia Sonet GTX,₹ 6.50 Lakh,"87,173 km",Petrol,Chennai,2017
Audi Q3 Premium,₹ 35.74 Lakh,"84,704 km",Diesel,Kolkata,2019
Toyota Glanza G,₹ 8.68 Lakh,"80,601 km",Petrol,Hyderabad,2018
Mahindra XUV500 W8,₹ 4.12 Lakh,"139,333 km",Diesel,Mumbai,2014
Toyota Fortuner 2.8 4x2,₹ 13.13 Lakh,"17,148 km",Diesel,Mumbai,2023
Mahindra XUV500 W8,₹ 5.88 Lakh,"140,187 km",Diesel,Noida,2016
Mahindra Thar LX,₹ 5.68 Lakh,"116,003 km",Diesel,Thane,2016
BMW 5 Series 520d,₹ 41.71 Lakh,"70,742 km",Petrol,Chennai,2022
Hyundai Elite i20 Sportz,₹ 1.20 Lakh,"140,971 km",CNG,Thane,2014
Maruti Suzuki Alto 800 LXi,₹ 1.20 Lakh,"176,004 km",Diesel,Pune,2012
Audi Q3 Premium,₹ 35.45 Lakh,"84,055 km",Diesel,Mumbai,2019
Toyota Corolla Altis G,₹ 5.37 Lakh,"151,765 km",Diesel,Thane,2014
Toyota Etios Liva G,₹ 8.25 Lakh,"108,047 km",Petrol,Bangalore,2018
Toyota Fortuner 2.8 4x2,₹ 6.65 Lakh,"122,150 km",Diesel,Delhi,2016
Kia Sonet GTX,₹ 8.45 Lakh,"94,221 km",CNG,Chennai,2019
Kia Seltos GTX,₹ 2.37 Lakh,"171,767 km",Petrol,Ahmedabad,2012
Hyundai Verna SX,₹ 1.85 Lakh,"97,340 km",Petrol,Pune,2018
Toyota Corolla Altis G,₹ 6.25 Lakh,"131,252 km",Diesel,Thane,2015
Hyundai Elite i20 Sportz,₹ 1.20 Lakh,"167,216 km",Petrol,Chennai,2012
Kia Seltos GTX,₹ 3.08 Lakh,"191,756 km",Diesel,Ahmedabad,2013
Maruti Suzuki Alto 800 LXi,₹ 1.86 Lakh,"68,918 km",Diesel,Ahmedabad,2020
Mahindra Thar LX,₹ 6.43 Lakh,"127,950 km",Petrol,Thane,2017
Toyota Corolla Altis G,₹ 3.81 Lakh,"159,649 km",Petrol,Kolkata,2014
Audi Q3 Premium,₹ 31.63 Lakh,"124,428 km",Petrol,Mumbai,2016
Toyota Corolla Altis G,₹ 3.47 Lakh,"175,859 km",Petrol,Thane,2013
Tata Nexon XZ+,₹ 5.91 Lakh,"83,980 km",Petrol,Bangalore,2020
Tata Tiago XT,₹ 4.55 Lakh,"86,286 km",Petrol,Delhi,2019
BMW 3 Series 320d,₹ 36.02 Lakh,"144,502 km",Diesel,Delhi,2015
Mahindra XUV500 W8,₹ 6.66 Lakh,"89,336 km",Petrol,Ahmedabad,2018
Mercedes-Benz E-Class E220d,₹ 45.29 Lakh,"167,361 km",Diesel,Mumbai,2013
Kia Seltos GTX,₹ 9.74 Lakh,"67,412 km",CNG,Kolkata,2022
Kia Carens Prestige,₹ 9.63 Lakh,"51,944 km",Petrol,Chennai,2021
Tata Nexon XZ+,₹ 6.41 Lakh,"66,810 km",Diesel,Noida,2020
Maruti Suzuki Vitara Brezza VDi,₹ 1.20 Lakh,"82,143 km",Petrol,Thane,2018
Mercedes-Benz C-Class C200,₹ 44.82 Lakh,"174,176 km",Diesel,Kolkata,2013
Kia Sonet GTX,₹ 4.73 Lakh,"122,973 km",Petrol,Noida,2015
Toyota Fortuner 2.8 4x2,₹ 11.09 Lakh,"57,729 km",Diesel,Hyderabad,2023
Tata Harrier XZ,₹ 5.69 Lakh,"68,558 km",CNG,Delhi,2020
Kia Seltos GTX,₹ 10.64 Lakh,"44,069 km",Diesel,Ahmedabad,2022
Audi Q3 Premium,₹ 32.22 Lakh,"136,977 km",Petrol,Noida,2015
Tata Harrier XZ,₹ 1.20 Lakh,"159,481 km",Petrol,Chennai,2014
Mercedes-Benz GLA 220d,₹ 51.25 Lakh,"64,824 km",Diesel,Mumbai,2022
Mahindra Scorpio S11,₹ 2.52 Lakh,"189,976 km",CNG,Thane,2012
Mahindra Thar LX,₹ 10.07 Lakh,"61,973 km",CNG,Pune,2022
Maruti Suzuki Vitara Brezza VDi,₹ 1.20 Lakh,"136,199 km",Diesel,Thane,2015
Toyota Glanza G,₹ 10.94 Lakh,"78,027 km",Diesel,Bangalore,2021
BMW X1 sDrive20d,₹ 36.88 Lakh,"114,584 km",Petrol,Mumbai,2015
Toyota Fortuner 2.8 4x2,₹ 8.81 Lakh,"90,463 km",Diesel,Kolkata,2020
BMW 5 Series 520d,₹ 41.33 Lakh,"60,291 km",Diesel,Delhi,2022
Tata Nexon XZ+,₹ 1.20 Lakh,"174,251 km",Petrol,Chennai,2014
Tata Tiago XT,₹ 4.75 Lakh,"97,782 km",Diesel,Delhi,2019
Mercedes-Benz C-Class C200,₹ 50.00 Lakh,"74,973 km",Diesel,Mumbai,2020
Maruti Suzuki Swift VXi,₹ 1.20 Lakh,"151,573 km",Petrol,Mumbai,2015
Honda City VX,₹ 1.20 Lakh,"132,222 km",Diesel,Mumbai,2016
Toyota Corolla Altis G,₹ 5.23 Lakh,"134,725 km",Petrol,Ahmedabad,2014
Audi Q5 quattro,₹ 29.79 Lakh,"149,228 km",Petrol,Bangalore,2013
Toyota Etios Liva G,₹ 11.84 Lakh,"34,507 km",Diesel,Pune,2023
Hyundai Verna SX,₹ 5.72 Lakh,"62,713 km",Diesel,Chennai,2023
Hyundai Elite i20 Sportz,₹ 6.42 Lakh,"29,012 km",CNG,Thane,2023
Toyota Fortuner 2.8 4x2,₹ 7.88 Lakh,"116,693 km",Diesel,Pune,2018
Maruti Suzuki Swift VXi,₹ 1.20 Lakh,"119,239 km",CNG,Kolkata,2016
Hyundai Verna SX,₹ 1.20 Lakh,"143,658 km",Petrol,Thane,2014
Toyota Corolla Altis G,₹ 4.95 Lakh,"133,447 km",CNG,Chennai,2014
Hyundai Verna SX,₹ 3.20 Lakh,"67,872 km",CNG,Chennai,2019
Hyundai Creta SX,₹ 2.56 Lakh,"96,320 km",Diesel,Chennai,2018
Mercedes-Benz C-Class C200,₹ 49.81 Lakh,"99,001 km",Diesel,Kolkata,2018
Maruti Suzuki Ertiga VXI CNG,₹ 4.22 Lakh,"25,449 km",Diesel,Ahmedabad,2023
Tata Safari XZ+,₹ 3.25 Lakh,"120,021 km",CNG,Ahmedabad,2017
BMW 5 Series 520d,₹ 39.29 Lakh,"89,916 km",Petrol,Hyderabad,2018
Audi A4 35 TDI,₹ 28.44 Lakh,"181,589 km",Petrol,Thane,2012
Toyota Etios Liva G,₹ 5.17 Lakh,"130,959 km",Petrol,Noida,2015
BMW 5 Series 520d,₹ 42.74 Lakh,"55,767 km",Diesel,Chennai,2023
Audi Q3 Premium,₹ 32.75 Lakh,"122,811 km",Petrol,Mumbai,2017
Audi Q3 Premium,₹ 31.57 Lakh,"125,500 km",Petrol,Bangalore,2016
BMW 3 Series 320d,₹ 35.68 Lakh,"148,212 km",Diesel,Hyderabad,2014
Mahindra Scorpio S11,₹ 7.91 Lakh,"82,274 km",CNG,Thane,2019
Maruti Suzuki Baleno Delta 1.2,₹ 4.21 Lakh,"26,604 km",CNG,Bangalore,2023
Mahindra Thar LX,₹ 7.88 Lakh,"72,803 km",Petrol,Thane,2019
Toyota Etios Liva G,₹ 10.79 Lakh,"65,025 km",Petrol,Kolkata,2022
Mercedes-Benz GLA 220d,₹ 44.60 Lakh,"169,884 km",Diesel,Chennai,2013
Hyundai Elite i20 Sportz,₹ 6.73 Lakh,"25,431 km",Diesel,Hyderabad,2023
Tata Nexon XZ+,₹ 6.61 Lakh,"69,790 km",Diesel,Mumbai,2021
Tata Safari XZ+,₹ 5.04 Lakh,"79,832 km",Petrol,Delhi,2019
Honda Amaze VX,₹ 5.05 Lakh,"54,703 km",CNG,Chennai,2021
Toyota Etios Liva G,₹ 8.00 Lakh,"111,140 km",CNG,Mumbai,2017
Tata Nexon XZ+,₹ 4.45 Lakh,"116,489 km",CNG,Chennai,2018
Honda Amaze VX,₹ 1.20 Lakh,"166,121 km",CNG,Noida,2012
Audi Q5 quattro,₹ 35.08 Lakh,"112,643 km",Diesel,Bangalore,2019
Mahindra Thar LX,₹ 6.32 Lakh,"109,816 km",Diesel,Mumbai,2018
Mercedes-Benz C-Class C200,₹ 51.41 Lakh,"63,904 km",Diesel,Pune,2020
Mercedes-Benz GLA 220d,₹ 51.39 Lakh,"67,919 km",Diesel,Mumbai,2021
Hyundai Verna SX,₹ 3.86 Lakh,"48,055 km",Petrol,Bangalore,2021
Toyota Glanza G,₹ 8.87 Lakh,"71,456 km",CNG,Chennai,2020
Maruti Suzuki Wagon R 1.0 VXI,₹ 1.20 Lakh,"106,905 km",CNG,Delhi,2016
Tata Nexon XZ+,₹ 5.12 Lakh,"104,995 km",CNG,Pune,2019
Tata Safari XZ+,₹ 3.72 Lakh,"105,968 km",Petrol,Hyderabad,2017
Mahindra Thar LX,₹ 9.41 Lakh,"73,055 km",Petrol,Chennai,2021
Tata Nexon XZ+,₹ 2.95 Lakh,"106,169 km",Petrol,Hyderabad,2017
Toyota Corolla Altis G,₹ 8.18 Lakh,"90,829 km",CNG,Pune,2018
Mahindra XUV500 W8,₹ 1.84 Lakh,"163,537 km",Petrol,Ahmedabad,2012
Mahindra Scorpio S11,₹ 1.47 Lakh,"176,309 km",Petrol,Noida,2012
Mahindra XUV500 W8,₹ 7.37 Lakh,"100,855 km",Diesel,Chennai,2018
BMW 5 Series 520d,₹ 40.29 Lakh,"79,388 km",Diesel,Hyderabad,2020
Tata Tiago XT,₹ 1.20 Lakh,"145,443 km",CNG,Chennai,2014
Mercedes-Benz C-Class C200,₹ 51.18 Lakh,"76,368 km",Petrol,Hyderabad,2022
Maruti Suzuki Alto 800 LXi,₹ 3.63 Lakh,"50,000 km",CNG,Delhi,2022
Tata Nexon XZ+,₹ 2.67 Lakh,"131,726 km",Petrol,Noida,2018
Tata Safari XZ+,₹ 1.97 Lakh,"134,187 km",Petrol,Kolkata,2017
Maruti Suzuki Ciaz ZXI+,₹ 1.37 Lakh,"80,056 km",CNG,Noida,2021
Honda WR-V VX,₹ 1.70 Lakh,"133,720 km",CNG,Pune,2016
Maruti Suzuki Swift VXi,₹ 1.88 Lakh,"63,856 km",Petrol,Mumbai,2021
Mercedes-Benz C-Class C200,₹ 49.59 Lakh,"106,604 km",Diesel,Hyderabad,2018
Kia Seltos GTX,₹ 5.75 Lakh,"106,122 km",CNG,Hyderabad,2017
Audi Q3 Premium,₹ 33.26 Lakh,"91,993 km",Diesel,Noida,2017
Tata Nexon XZ+,₹ 1.20 Lakh,"150,374 km",CNG,Hyderabad,2014
Maruti Suzuki Ertiga VXI CNG,₹ 1.20 Lakh,"162,929 km",Petrol,Thane,2014
Mercedes-Benz C-Class C200,₹ 47.38 Lakh,"110,345 km",Petrol,Delhi,2016
Mercedes-Benz C-Class C200,₹ 49.64 Lakh,"83,167 km",Petrol,Mumbai,2019
Hyundai Grand i10 Magna,₹ 3.23 Lakh,"90,889 km",Petrol,Noida,2019
Honda Jazz VX,₹ 1.20 Lakh,"154,633 km",CNG,Delhi,2015
Toyota Innova Crysta GX,₹ 5.19 Lakh,"130,767 km",Petrol,Ahmedabad,2015
Kia Seltos GTX,₹ 11.15 Lakh,"41,654 km",CNG,Bangalore,2023
Mahindra Scorpio S11,₹ 10.62 Lakh,"29,288 km",Petrol,Pune,2022
Maruti Suzuki Ciaz ZXI+,₹ 1.20 Lakh,"159,653 km",Diesel,Delhi,2013
Kia Carens Prestige,₹ 3.75 Lakh,"161,978 km",CNG,Noida,2014
Hyundai Verna SX,₹ 5.42 Lakh,"59,798 km",CNG,Bangalore,2022
Hyundai Venue S,₹ 1.20 Lakh,"144,111 km",Diesel,Bangalore,2015
Maruti Suzuki Wagon R 1.0 VXI,₹ 2.40 Lakh,"61,363 km",CNG,Kolkata,2020
Honda Jazz VX,₹ 1.20 Lakh,"144,197 km",Petrol,Bangalore,2015
Kia Seltos GTX,₹ 7.29 Lakh,"104,227 km",Petrol,Chennai,2019
Hyundai Creta SX,₹ 1.20 Lakh,"111,555 km",Diesel,Delhi,2017
Honda BR-V VX,₹ 3.87 Lakh,"102,981 km",Diesel,Ahmedabad,2019
Tata Tiago XT,₹ 4.95 Lakh,"83,605 km",Diesel,Delhi,2019
Tata Harrier XZ,₹ 2.33 Lakh,"124,881 km",Diesel,Noida,2016
Maruti Suzuki Ertiga VXI CNG,₹ 4.40 Lakh,"41,997 km",Diesel,Bangalore,2023
Toyota Fortuner 2.8 4x2,₹ 10.74 Lakh,"65,129 km",Diesel,Pune,2021
Toyota Innova Crysta GX,₹ 12.02 Lakh,"47,284 km",Diesel,Delhi,2023
Mercedes-Benz E-Class E220d,₹ 47.41 Lakh,"130,541 km",Petrol,Kolkata,2017
Tata Safari XZ+,₹ 1.55 Lakh,"139,221 km",CNG,Thane,2014
Mahindra Scorpio S11,₹ 7.79 Lakh,"101,492 km",Petrol,Ahmedabad,2019
Maruti Suzuki Swift VXi,₹ 3.47 Lakh,"43,187 km",Diesel,Bangalore,2023
Tata Harrier XZ,₹ 6.91 Lakh,"59,454 km",Petrol,Pune,2022
Tata Safari XZ+,₹ 1.20 Lakh,"137,723 km",Diesel,Thane,2014
Honda WR-V VX,₹ 1.20 Lakh,"145,129 km",CNG,Hyderabad,2013
Kia Carens Prestige,₹ 4.09 Lakh,"171,284 km",CNG,Mumbai,2014
Audi A4 35 TDI,₹ 35.56 Lakh,"85,684 km",Diesel,Noida,2020
Honda Jazz VX,₹ 1.20 Lakh,"190,202 km",CNG,Bangalore,2012
Hyundai Grand i10 Magna,₹ 5.15 Lakh,"48,353 km",Petrol,Hyderabad,2022
Tata Safari XZ+,₹ 5.64 Lakh,"49,586 km",Petrol,Hyderabad,2021
Honda WR-V VX,₹ 4.46 Lakh,"80,811 km",CNG,Mumbai,2021
Hyundai Grand i10 Magna,₹ 1.20 Lakh,"189,987 km",CNG,Bangalore,2012
Mercedes-Benz GLA 220d,₹ 46.35 Lakh,"161,732 km",Diesel,Ahmedabad,2014
Tata Harrier XZ,₹ 1.20 Lakh,"129,993 km",Diesel,Mumbai,2014
Honda Amaze VX,₹ 1.20 Lakh,"150,588 km",Diesel,Kolkata,2012
Maruti Suzuki Wagon R 1.0 VXI,₹ 1.20 Lakh,"81,569 km",CNG,Delhi,2019
Mahindra XUV500 W8,₹ 7.31 Lakh,"94,434 km",Diesel,Mumbai,2018
Audi Q5 quattro,₹ 33.51 Lakh,"111,221 km",Diesel,Mumbai,2017
Hyundai Elite i20 Sportz,₹ 1.20 Lakh,"162,265 km",CNG,Chennai,2013
Maruti Suzuki Alto 800 LXi,₹ 2.75 Lakh,"58,524 km",CNG,Noida,2021
Tata Tiago XT,₹ 1.20 Lakh,"171,351 km",Diesel,Noida,2013
Toyota Etios Liva G,₹ 5.91 Lakh,"132,802 km",CNG,Kolkata,2016
Honda Amaze VX,₹ 4.66 Lakh,"56,782 km",Petrol,Delhi,2021
Mercedes-Benz GLA 220d,₹ 49.37 Lakh,"85,323 km",Petrol,Thane,2018
Tata Harrier XZ,₹ 7.69 Lakh,"51,207 km",CNG,Kolkata,2023
Kia Carens Prestige,₹ 7.04 Lakh,"100,623 km",Petrol,Ahmedabad,2019
Honda BR-V VX,₹ 7.21 Lakh,"41,867 km",CNG,Noida,2023
Mahindra Thar LX,₹ 3.25 Lakh,"150,099 km",CNG,Pune,2013
BMW 3 Series 320d,₹ 34.25 Lakh,"167,945 km",Diesel,Mumbai,2012
Toyota Fortuner 2.8 4x2,₹ 7.96 Lakh,"102,039 km",Petrol,Ahmedabad,2018
Hyundai Santro Sportz,₹ 2.67 Lakh,"93,040 km",Diesel,Delhi,2019
Audi Q5 quattro,₹ 34.76 Lakh,"85,521 km",Petrol,Chennai,2020
Hyundai Santro Sportz,₹ 5.07 Lakh,"51,825 km",Diesel,Mumbai,2022
Hyundai Elite i20 Sportz,₹ 1.20 Lakh,"133,404 km",Petrol,Delhi,2016
Audi Q5 quattro,₹ 35.81 Lakh,"70,678 km",Diesel,Noida,2021
Kia Sonet GTX,₹ 9.71 Lakh,"37,498 km",CNG,Ahmedabad,2022
Toyota Fortuner 2.8 4x2,₹ 7.76 Lakh,"93,872 km",CNG,Delhi,2018
Hyundai Creta SX,₹ 3.92 Lakh,"78,626 km",Diesel,Mumbai,2019
Maruti Suzuki Swift VXi,₹ 3.15 Lakh,"40,840 km",Petrol,Mumbai,2021
Toyota Corolla Altis G,₹ 5.39 Lakh,"141,680 km",Petrol,Pune,2014
Toyota Fortuner 2.8 4x2,₹ 7.41 Lakh,"95,587 km",CNG,Ahmedabad,2018
Audi Q5 quattro,₹ 37.09 Lakh,"60,718 km",Diesel,Noida,2022
Mahindra Thar LX,₹ 3.66 Lakh,"177,176 km",Diesel,Pune,2013
Kia Carens Prestige,₹ 7.96 Lakh,"76,068 km",Petrol,Hyderabad,2020
Mercedes-Benz GLA 220d,₹ 48.12 Lakh,"109,240 km",Diesel,Pune,2016
Maruti Suzuki Alto 800 LXi,₹ 2.87 Lakh,"61,597 km",Petrol,Mumbai,2021
Kia Carens Prestige,₹ 6.76 Lakh,"100,845 km",CNG,Thane,2017
Toyota Fortuner 2.8 4x2,₹ 4.34 Lakh,"169,746 km",Diesel,Kolkata,2013
Honda WR-V VX,₹ 3.40 Lakh,"96,181 km",CNG,Hyderabad,2018
BMW 5 Series 520d,₹ 34.34 Lakh,"192,761 km",Petrol,Noida,2012
Mercedes-Benz C-Class C200,₹ 51.88 Lakh,"62,142 km",Diesel,Mumbai,2022
Hyundai Grand i10 Magna,₹ 4.34 Lakh,"61,797 km",Petrol,Kolkata,2021
Mahindra XUV500 W8,₹ 2.69 Lakh,"185,656 km",CNG,Bangalore,2012
Maruti Suzuki Ertiga VXI CNG,₹ 1.20 Lakh,"77,499 km",Petrol,Kolkata,2017
Tata Tiago XT,₹ 7.31 Lakh,"31,750 km",CNG,Hyderabad,2023
Mahindra Scorpio S11,₹ 6.58 Lakh,"112,564 km",Diesel,Ahmedabad,2018
Mercedes-Benz C-Class C200,₹ 47.61 Lakh,"151,109 km",Diesel,Bangalore,2016
Kia Carens Prestige,₹ 7.99 Lakh,"62,359 km",CNG,Delhi,2020
Audi Q3 Premium,₹ 38.28 Lakh,"34,825 km",Diesel,Delhi,2023
Maruti Suzuki Wagon R 1.0 VXI,₹ 1.20 Lakh,"166,654 km",Diesel,Thane,2012
Kia Seltos GTX,₹ 4.83 Lakh,"144,211 km",Diesel,Thane,2015
Hyundai Santro Sportz,₹ 6.08 Lakh,"39,379 km",CNG,Noida,2023
Honda WR-V VX,₹ 3.19 Lakh,"67,334 km",Petrol,Thane,2019
Audi Q3 Premium,₹ 32.25 Lakh,"137,156 km",Diesel,Pune,2016
Kia Carens Prestige,₹ 1.95 Lakh,"195,468 km",Petrol,Ahmedabad,2012
Kia Sonet GTX,₹ 7.13 Lakh,"98,075 km",Petrol,Bangalore,2019
Tata Tiago XT,₹ 5.05 Lakh,"66,001 km",CNG,Ahmedabad,2020
Kia Seltos GTX,₹ 4.09 Lakh,"157,912 km",CNG,Noida,2016
Hyundai i10 Magna,₹ 4.80 Lakh,"52,178 km",CNG,Mumbai,2022
Tata Tiago XT,₹ 6.77 Lakh,"62,257 km",Diesel,Bangalore,2021
Mahindra XUV500 W8,₹ 3.80 Lakh,"153,067 km",CNG,Kolkata,2013
Toyota Corolla Altis G,₹ 11.41 Lakh,"57,296 km",Petrol,Kolkata,2022
Kia Carens Prestige,₹ 7.01 Lakh,"82,409 km",Diesel,Pune,2018
Toyota Glanza G,₹ 7.54 Lakh,"114,631 km",Diesel,Noida,2017
Maruti Suzuki Ertiga VXI CNG,₹ 1.20 Lakh,"113,926 km",Petrol,Pune,2017
Maruti Suzuki S-Presso VXi,₹ 1.20 Lakh,"84,674 km",CNG,Hyderabad,2019
Mahindra XUV500 W8,₹ 10.58 Lakh,"56,686 km",CNG,Mumbai,2022
Mercedes-Benz C-Class C200,₹ 46.36 Lakh,"136,998 km",Petrol,Delhi,2014
Kia Sonet GTX,₹ 3.56 Lakh,"156,101 km",CNG,Hyderabad,2014
Kia Seltos GTX,₹ 2.38 Lakh,"186,221 km",Diesel,Kolkata,2013
Kia Sonet GTX,₹ 6.90 Lakh,"90,120 km",Petrol,Bangalore,2017
Kia Seltos GTX,₹ 5.60 Lakh,"136,290 km",Diesel,Pune,2015
BMW 3 Series 320d,₹ 35.18 Lakh,"144,179 km",Diesel,Hyderabad,2013
Honda City VX,₹ 1.20 Lakh,"141,700 km",Petrol,Ahmedabad,2012
Toyota Glanza G,₹ 6.81 Lakh,"136,664 km",Diesel,Kolkata,2016
Maruti Suzuki S-Presso VXi,₹ 1.20 Lakh,"139,785 km",CNG,Ahmedabad,2013
Hyundai i10 Magna,₹ 1.20 Lakh,"155,617 km",CNG,Hyderabad,2013
Kia Seltos GTX,₹ 10.40 Lakh,"49,467 km",CNG,Kolkata,2023
Hyundai i10 Magna,₹ 3.15 Lakh,"75,483 km",Petrol,Hyderabad,2020
Mercedes-Benz C-Class C200,₹ 44.96 Lakh,"188,908 km",Petrol,Bangalore,2013
Mercedes-Benz E-Class E220d,₹ 47.64 Lakh,"115,452 km",Diesel,Chennai,2016
Mercedes-Benz C-Class C200,₹ 53.61 Lakh,"51,989 km",Diesel,Hyderabad,2023
Honda City VX,₹ 2.91 Lakh,"101,779 km",CNG,Mumbai,2018
Hyundai Verna SX,₹ 1.20 Lakh,"133,811 km",Petrol,Ahmedabad,2014
Tata Nexon XZ+,₹ 1.20 Lakh,"168,014 km",Petrol,Bangalore,2014
Audi A4 35 TDI,₹ 37.35 Lakh,"34,545 km",Diesel,Pune,2023
Hyundai Venue S,₹ 5.34 Lakh,"61,327 km",Diesel,Pune,2021
Mahindra Scorpio S11,₹ 7.08 Lakh,"97,337 km",Diesel,Chennai,2017
Mercedes-Benz GLA 220d,₹ 48.06 Lakh,"105,711 km",Petrol,Delhi,2018
Hyundai Santro Sportz,₹ 1.20 Lakh,"155,531 km",Petrol,Hyderabad,2014
Mahindra Scorpio S11,₹ 7.80 Lakh,"86,815 km",Diesel,Ahmedabad,2019
Mercedes-Benz GLA 220d,₹ 45.50 Lakh,"143,277 km",Diesel,Mumbai,2014
Honda Jazz VX,₹ 1.38 Lakh,"131,248 km",Diesel,Delhi,2016
Kia Sonet GTX,₹ 4.88 Lakh,"136,131 km",Petrol,Hyderabad,2015
Mahindra XUV500 W8,₹ 10.12 Lakh,"55,557 km",CNG,Bangalore,2021
Hyundai Grand i10 Magna,₹ 1.20 Lakh,"103,841 km",Petrol,Noida,2017
Maruti Suzuki Wagon R 1.0 VXI,₹ 3.04 Lakh,"61,611 km",Diesel,Pune,2023
Hyundai Santro Sportz,₹ 1.20 Lakh,"168,500 km",Diesel,Hyderabad,2013
Hyundai Grand i10 Magna,₹ 4.07 Lakh,"67,035 km",CNG,Pune,2021
Maruti Suzuki Vitara Brezza VDi,₹ 1.20 Lakh,"146,788 km",CNG,Mumbai,2014
Mahindra Thar LX,₹ 6.63 Lakh,"89,150 km",Diesel,Delhi,2018
Audi Q5 quattro,₹ 33.76 Lakh,"110,363 km",Diesel,Kolkata,2017
Honda Jazz VX,₹ 4.14 Lakh,"91,939 km",Petrol,Noida,2019
Mercedes-Benz C-Class C200,₹ 45.58 Lakh,"128,361 km",Petrol,Hyderabad,2014
Tata Nexon XZ+,₹ 4.49 Lakh,"90,769 km",CNG,Chennai,2019
BMW 5 Series 520d,₹ 38.35 Lakh,"100,816 km",Petrol,Hyderabad,2017
Mercedes-Benz C-Class C200,₹ 50.33 Lakh,"68,566 km",Diesel,Delhi,2020
Tata Tiago XT,₹ 6.84 Lakh,"49,235 km",Petrol,Pune,2022
Mercedes-Benz GLA 220d,₹ 51.07 Lakh,"76,696 km",Diesel,Chennai,2022
Audi Q3 Premium,₹ 37.21 Lakh,"48,563 km",Petrol,Thane,2022
Hyundai Verna SX,₹ 1.20 Lakh,"154,097 km",CNG,Pune,2014
Mercedes-Benz E-Class E220d,₹ 47.19 Lakh,"131,571 km",Petrol,Pune,2016
Audi Q3 Premium,₹ 37.84 Lakh,"39,817 km",Petrol,Pune,2022
Hyundai Santro Sportz,₹ 1.20 Lakh,"135,214 km",Petrol,Delhi,2016
BMW 3 Series 320d,₹ 41.83 Lakh,"64,764 km",Diesel,Chennai,2021
BMW 3 Series 320d,₹ 36.32 Lakh,"131,701 km",Diesel,Noida,2015
Toyota Corolla Altis G,₹ 4.66 Lakh,"129,381 km",CNG,Chennai,2014
Honda Jazz VX,₹ 6.39 Lakh,"48,671 km",CNG,Ahmedabad,2023
Mahindra Scorpio S11,₹ 10.09 Lakh,"75,429 km",CNG,Noida,2022
Toyota Etios Liva G,₹ 5.41 Lakh,"136,766 km",Petrol,Chennai,2014
BMW X1 sDrive20d,₹ 40.98 Lakh,"58,796 km",Petrol,Thane,2022
Mercedes-Benz GLA 220d,₹ 52.34 Lakh,"69,205 km",Diesel,Pune,2023
Kia Seltos GTX,₹ 1.62 Lakh,"170,558 km",Petrol,Noida,2012
Mercedes-Benz C-Class C200,₹ 53.13 Lakh,"42,261 km",Diesel,Thane,2022
Audi Q5 quattro,₹ 35.59 Lakh,"71,358 km",Diesel,Ahmedabad,2021
Toyota Corolla Altis G,₹ 10.17 Lakh,"64,152 km",Diesel,Thane,2020
Mahindra Thar LX,₹ 1.68 Lakh,"165,193 km",Petrol,Ahmedabad,2012
Hyundai Elite i20 Sportz,₹ 2.37 Lakh,"110,054 km",Petrol,Kolkata,2018
Mahindra Thar LX,₹ 10.80 Lakh,"49,147 km",CNG,Chennai,2022
BMW X1 sDrive20d,₹ 36.18 Lakh,"151,548 km",Petrol,Hyderabad,2014
Hyundai Elite i20 Sportz,₹ 1.20 Lakh,"133,530 km",Diesel,Delhi,2016
Tata Safari XZ+,₹ 2.49 Lakh,"104,113 km",Petrol,Mumbai,2017
Tata Safari XZ+,₹ 7.60 Lakh,"44,517 km",Diesel,Ahmedabad,2023
Maruti Suzuki Swift VXi,₹ 1.20 Lakh,"163,623 km",CNG,Bangalore,2014
Mercedes-Benz GLA 220d,₹ 50.19 Lakh,"68,450 km",Diesel,Hyderabad,2020
Maruti Suzuki Vitara Brezza VDi,₹ 2.37 Lakh,"53,680 km",Petrol,Mumbai,2021
Audi Q5 quattro,₹ 37.38 Lakh,"45,076 km",Diesel,Bangalore,2023
Maruti Suzuki Baleno Delta 1.2,₹ 3.77 Lakh,"81,940 km",Diesel,Delhi,2023
Kia Sonet GTX,₹ 10.24 Lakh,"44,403 km",CNG,Chennai,2021
Toyota Corolla Altis G,₹ 4.57 Lakh,"157,354 km",CNG,Bangalore,2014
Kia Sonet GTX,₹ 5.14 Lakh,"150,726 km",CNG,Mumbai,2016
BMW 5 Series 520d,₹ 36.43 Lakh,"147,254 km",Petrol,Pune,2015
Kia Seltos GTX,₹ 6.73 Lakh,"104,820 km",CNG,Mumbai,2017
Honda City VX,₹ 1.80 Lakh,"123,023 km",Diesel,Ahmedabad,2015
Maruti Suzuki Swift VXi,₹ 1.20 Lakh,"144,187 km",Petrol,Chennai,2014
Kia Sonet GTX,₹ 8.24 Lakh,"72,787 km",Petrol,Kolkata,2021
BMW X1 sDrive20d,₹ 38.47 Lakh,"121,719 km",Diesel,Hyderabad,2017
Tata Harrier XZ,₹ 1.20 Lakh,"143,895 km",Petrol,Delhi,2014
Tata Tiago XT,₹ 7.77 Lakh,"38,663 km",Diesel,Ahmedabad,2023
Toyota Fortuner 2.8 4x2,₹ 4.89 Lakh,"161,091 km",Diesel,Thane,2013
Mahindra Thar LX,₹ 2.64 Lakh,"185,669 km",CNG,Pune,2012
Maruti Suzuki Vitara Brezza VDi,₹ 1.20 Lakh,"95,425 km",Petrol,Chennai,2020
Honda Jazz VX,₹ 5.63 Lakh,"56,067 km",CNG,Hyderabad,2020
Mercedes-Benz C-Class C200,₹ 52.63 Lakh,"40,619 km",Petrol,Chennai,2023
Audi A4 35 TDI,₹ 29.70 Lakh,"177,653 km",Petrol,Bangalore,2013
Tata Tiago XT,₹ 7.26 Lakh,"44,300 km",Petrol,Mumbai,2023
Toyota Etios Liva G,₹ 4.07 Lakh,"183,904 km",Petrol,Chennai,2013
Toyota Etios Liva G,₹ 3.72 Lakh,"165,328 km",Diesel,Bangalore,2012
Tata Harrier XZ,₹ 1.20 Lakh,"205,055 km",CNG,Ahmedabad,2012
Mercedes-Benz E-Class E220d,₹ 44.20 Lakh,"182,331 km",Petrol,Noida,2012
Toyota Corolla Altis G,₹ 9.51 Lakh,"73,813 km",Petrol,Mumbai,2019
Audi Q3 Premium,₹ 36.87 Lakh,"67,534 km",Diesel,Ahmedabad,2021
Maruti Suzuki Vitara Brezza VDi,₹ 1.20 Lakh,"135,698 km",CNG,Kolkata,2016
Maruti Suzuki Ciaz ZXI+,₹ 1.20 Lakh,"180,653 km",Diesel,Kolkata,2013
Tata Nexon XZ+,₹ 7.39 Lakh,"32,869 km",CNG,Kolkata,2022
Mercedes-Benz E-Class E220d,₹ 45.16 Lakh,"159,449 km",Petrol,Chennai,2013
Honda Jazz VX,₹ 4.50 Lakh,"77,994 km",Diesel,Noida,2021
Hyundai Venue S,₹ 3.59 Lakh,"88,403 km",CNG,Pune,2020
Tata Safari XZ+,₹ 3.74 Lakh,"97,789 km",CNG,Noida,2018
Mercedes-Benz C-Class C200,₹ 48.04 Lakh,"116,945 km",Diesel,Ahmedabad,2016
Mercedes-Benz C-Class C200,₹ 50.91 Lakh,"72,679 km",Petrol,Kolkata,2020
BMW 5 Series 520d,₹ 34.31 Lakh,"173,755 km",Petrol,Ahmedabad,2013
BMW 5 Series 520d,₹ 38.57 Lakh,"99,080 km",Petrol,Thane,2018
Kia Seltos GTX,₹ 10.42 Lakh,"32,718 km",Diesel,Delhi,2022
Toyota Etios Liva G,₹ 4.63 Lakh,"150,258 km",Petrol,Chennai,2013
Mahindra Scorpio S11,₹ 5.61 Lakh,"97,602 km",Petrol,Pune,2017
BMW 3 Series 320d,₹ 39.21 Lakh,"90,946 km",Diesel,Ahmedabad,2018
Toyota Innova Crysta GX,₹ 11.31 Lakh,"39,591 km",CNG,Hyderabad,2023
Hyundai Grand i10 Magna,₹ 1.20 Lakh,"162,681 km",CNG,Thane,2013
Hyundai i10 Magna,₹ 1.20 Lakh,"122,746 km",CNG,Delhi,2016
Maruti Suzuki Swift VXi,₹ 1.20 Lakh,"160,805 km",Petrol,Kolkata,2013
BMW 5 Series 520d,₹ 43.38 Lakh,"37,345 km",Diesel,Ahmedabad,2023
Mercedes-Benz E-Class E220d,₹ 44.02 Lakh,"185,215 km",Petrol,Bangalore,2013
Audi A4 35 TDI,₹ 30.75 Lakh,"148,093 km",Diesel,Bangalore,2014
Audi A4 35 TDI,₹ 33.25 Lakh,"133,441 km",Diesel,Thane,2016
BMW 3 Series 320d,₹ 41.70 Lakh,"54,235 km",Diesel,Kolkata,2021
Mahindra Thar LX,₹ 5.40 Lakh,"123,628 km",Diesel,Bangalore,2016
Honda Amaze VX,₹ 7.18 Lakh,"40,754 km",Diesel,Mumbai,2022
Kia Carens Prestige,₹ 3.27 Lakh,"145,618 km",CNG,Pune,2013
Kia Carens Prestige,₹ 10.11 Lakh,"36,765 km",Petrol,Mumbai,2022
Honda BR-V VX,₹ 3.68 Lakh,"101,436 km",Petrol,Delhi,2019
Audi Q5 quattro,₹ 35.25 Lakh,"105,920 km",Diesel,Thane,2019
Toyota Fortuner 2.8 4x2,₹ 6.15 Lakh,"125,297 km",Petrol,Noida,2016
Mahindra XUV500 W8,₹ 9.12 Lakh,"67,347 km",Petrol,Noida,2020
Maruti Suzuki Wagon R 1.0 VXI,₹ 1.55 Lakh,"74,970 km",CNG,Noida,2020
Honda BR-V VX,₹ 2.53 Lakh,"114,613 km",Diesel,Mumbai,2016
Honda WR-V VX,₹ 4.50 Lakh,"82,674 km",CNG,Chennai,2020
Tata Tiago XT,₹ 1.20 Lakh,"178,526 km",CNG,Pune,2013
BMW X1 sDrive20d,₹ 34.18 Lakh,"171,839 km",Diesel,Ahmedabad,2012
BMW X1 sDrive20d,₹ 41.87 Lakh,"78,184 km",Diesel,Chennai,2021
Maruti Suzuki Ertiga VXI CNG,₹ 1.20 Lakh,"189,333 km",Petrol,Hyderabad,2012
Honda City VX,₹ 6.36 Lakh,"40,476 km",Petrol,Mumbai,2022
Honda BR-V VX,₹ 3.59 Lakh,"76,775 km",Diesel,Thane,2019
Tata Safari XZ+,₹ 2.79 Lakh,"110,159 km",CNG,Ahmedabad,2017
Mercedes-Benz C-Class C200,₹ 46.14 Lakh,"152,078 km",Diesel,Thane,2014
Kia Carens Prestige,₹ 2.58 Lakh,"179,648 km",Petrol,Ahmedabad,2012
Toyota Fortuner 2.8 4x2,₹ 11.45 Lakh,"47,855 km",Diesel,Bangalore,2023
Tata Harrier XZ,₹ 2.90 Lakh,"119,766 km",Petrol,Chennai,2016
Audi A4 35 TDI,₹ 36.43 Lakh,"59,959 km",Diesel,Pune,2020
Mercedes-Benz GLA 220d,₹ 51.83 Lakh,"62,296 km",Petrol,Thane,2021
Honda Jazz VX,₹ 1.24 Lakh,"133,926 km",Petrol,Thane,2015
Tata Safari XZ+,₹ 4.05 Lakh,"93,803 km",Petrol,Noida,2018
BMW 3 Series 320d,₹ 33.72 Lakh,"167,681 km",Petrol,Hyderabad,2012
Hyundai Creta SX,₹ 5.55 Lakh,"52,721 km",Petrol,Kolkata,2022
Mahindra Scorpio S11,₹ 10.45 Lakh,"56,027 km",Diesel,Ahmedabad,2022
Tata Tiago XT,₹ 4.58 Lakh,"85,119 km",Petrol,Bangalore,2019
Maruti Suzuki Ciaz ZXI+,₹ 1.89 Lakh,"99,511 km",CNG,Noida,2020
Tata Tiago XT,₹ 1.20 Lakh,"134,340 km",Petrol,Ahmedabad,2014
BMW 3 Series 320d,₹ 34.19 Lakh,"174,809 km",Petrol,Mumbai,2012
BMW 5 Series 520d,₹ 37.13 Lakh,"145,986 km",Diesel,Mumbai,2015
Maruti Suzuki Ertiga VXI CNG,₹ 1.94 Lakh,"70,336 km",CNG,Hyderabad,2022
BMW 5 Series 520d,₹ 36.45 Lakh,"137,482 km",Petrol,Chennai,2015
Mahindra Scorpio S11,₹ 6.98 Lakh,"101,706 km",Diesel,Delhi,2017
Mahindra Thar LX,₹ 4.33 Lakh,"130,646 km",Petrol,Hyderabad,2015
Toyota Corolla Altis G,₹ 5.65 Lakh,"105,184 km",Petrol,Bangalore,2015
Mercedes-Benz E-Class E220d,₹ 52.14 Lakh,"53,236 km",Diesel,Ahmedabad,2022
Tata Safari XZ+,₹ 4.44 Lakh,"103,238 km",Petrol,Kolkata,2018
Audi A4 35 TDI,₹ 31.82 Lakh,"119,518 km",Diesel,Kolkata,2014
Kia Seltos GTX,₹ 5.33 Lakh,"101,135 km",CNG,Ahmedabad,2016
Tata Harrier XZ,₹ 4.45 Lakh,"82,718 km",Diesel,Chennai,2019
BMW X1 sDrive20d,₹ 36.66 Lakh,"147,461 km",Diesel,Delhi,2015
Maruti Suzuki Swift VXi,₹ 1.20 Lakh,"153,192 km",Diesel,Ahmedabad,2013
Mahindra Scorpio S11,₹ 7.39 Lakh,"77,625 km",Diesel,Hyderabad,2018
Maruti Suzuki Ertiga VXI CNG,₹ 1.21 Lakh,"95,843 km",CNG,Pune,2019
Tata Nexon XZ+,₹ 8.33 Lakh,"34,822 km",Diesel,Kolkata,2023
Audi Q5 quattro,₹ 37.23 Lakh,"41,351 km",Diesel,Hyderabad,2023
Honda Amaze VX,₹ 5.96 Lakh,"69,906 km",CNG,Mumbai,2021
Maruti Suzuki Wagon R 1.0 VXI,₹ 1.20 Lakh,"130,133 km",Diesel,Delhi,2015
BMW 3 Series 320d,₹ 38.71 Lakh,"107,323 km",Diesel,Hyderabad,2017
Toyota Glanza G,₹ 5.56 Lakh,"116,573 km",CNG,Mumbai,2015
Mahindra Thar LX,₹ 3.87 Lakh,"158,350 km",Diesel,Hyderabad,2015
Mercedes-Benz E-Class E220d,₹ 52.79 Lakh,"57,653 km",Diesel,Pune,2023
Audi Q5 quattro,₹ 38.07 Lakh,"21,226 km",Petrol,Ahmedabad,2023
Mercedes-Benz E-Class E220d,₹ 47.22 Lakh,"131,193 km",Diesel,Bangalore,2015
Honda WR-V VX,₹ 4.85 Lakh,"92,555 km",CNG,Hyderabad,2020
Mercedes-Benz GLA 220d,₹ 48.46 Lakh,"104,889 km",Diesel,Noida,2018
Maruti Suzuki Ertiga VXI CNG,₹ 1.20 Lakh,"177,931 km",Diesel,Thane,2014
Toyota Glanza G,₹ 6.14 Lakh,"142,750 km",CNG,Delhi,2015
Mercedes-Benz C-Class C200,₹ 51.02 Lakh,"65,431 km",Petrol,Mumbai,2021
Kia Carens Prestige,₹ 10.11 Lakh,"49,939 km",CNG,Chennai,2021
Tata Tiago XT,₹ 2.01 Lakh,"119,808 km",Diesel,Delhi,2016
Mahindra Thar LX,₹ 10.35 Lakh,"49,858 km",Petrol,Kolkata,2022
Honda Amaze VX,₹ 2.88 Lakh,"119,586 km",CNG,Delhi,2017
Maruti Suzuki S-Presso VXi,₹ 1.20 Lakh,"143,400 km",Diesel,Thane,2014
Toyota Glanza G,₹ 4.84 Lakh,"159,289 km",Petrol,Kolkata,2014
Mahindra XUV500 W8,₹ 3.40 Lakh,"177,524 km",CNG,Ahmedabad,2013
Honda WR-V VX,₹ 5.48 Lakh,"65,834 km",Petrol,Hyderabad,2023
Hyundai Santro Sportz,₹ 1.20 Lakh,"120,447 km",Petrol,Pune,2016
Kia Sonet GTX,₹ 5.57 Lakh,"124,950 km",Diesel,Ahmedabad,2015
BMW 3 Series 320d,₹ 38.98 Lakh,"85,732 km",Petrol,Kolkata,2019
Mercedes-Benz GLA 220d,₹ 53.74 Lakh,"40,562 km",Diesel,Pune,2023
Mahindra Scorpio S11,₹ 8.08 Lakh,"91,750 km",Diesel,Mumbai,2019
Audi A4 35 TDI,₹ 32.35 Lakh,"119,599 km",Petrol,Noida,2016
Hyundai Venue S,₹ 6.72 Lakh,"27,189 km",Diesel,Chennai,2023
Mercedes-Benz C-Class C200,₹ 51.70 Lakh,"76,724 km",Diesel,Chennai,2021
Mahindra XUV500 W8,₹ 9.60 Lakh,"72,792 km",Petrol,Thane,2021
Hyundai i10 Magna,₹ 1.20 Lakh,"186,618 km",CNG,Kolkata,2012
Hyundai i10 Magna,₹ 2.80 Lakh,"79,011 km",Petrol,Chennai,2020
Tata Nexon XZ+,₹ 7.05 Lakh,"47,481 km",Petrol,Hyderabad,2021
Honda Amaze VX,₹ 1.20 Lakh,"168,502 km",CNG,Thane,2012
Toyota Fortuner 2.8 4x2,₹ 11.14 Lakh,"61,735 km",Diesel,Pune,2021
Tata Tiago XT,₹ 8.79 Lakh,"34,686 km",Diesel,Pune,2023
Honda WR-V VX,₹ 3.68 Lakh,"93,147 km",Petrol,Pune,2020
BMW X1 sDrive20d,₹ 42.72 Lakh,"31,264 km",Petrol,Delhi,2023
Maruti Suzuki Ertiga VXI CNG,₹ 1.20 Lakh,"88,753 km",CNG,Pune,2018
Maruti Suzuki Ertiga VXI CNG,₹ 1.20 Lakh,"156,323 km",Petrol,Kolkata,2013
Audi A4 35 TDI,₹ 32.73 Lakh,"132,152 km",Diesel,Ahmedabad,2015
Mercedes-Benz C-Class C200,₹ 44.73 Lakh,"174,486 km",Petrol,Thane,2012
BMW X1 sDrive20d,₹ 35.41 Lakh,"166,947 km",Diesel,Bangalore,2012
Honda WR-V VX,₹ 1.20 Lakh,"132,596 km",Diesel,Thane,2015
Kia Sonet GTX,₹ 2.29 Lakh,"190,778 km",Diesel,Bangalore,2013
Mahindra Scorpio S11,₹ 2.54 Lakh,"167,382 km",CNG,Hyderabad,2013
Kia Seltos GTX,₹ 9.07 Lakh,"83,587 km",Diesel,Bangalore,2020
Honda BR-V VX,₹ 1.97 Lakh,"117,550 km",Petrol,Delhi,2016
Mahindra Scorpio S11,₹ 3.66 Lakh,"157,797 km",Petrol,Mumbai,2014
Hyundai Verna SX,₹ 1.20 Lakh,"152,379 km",CNG,Delhi,2014
BMW X1 sDrive20d,₹ 38.44 Lakh,"94,071 km",Petrol,Thane,2018
Toyota Glanza G,₹ 9.13 Lakh,"78,303 km",Petrol,Noida,2019
Maruti Suzuki Wagon R 1.0 VXI,₹ 1.75 Lakh,"84,103 km",Diesel,Thane,2019
Tata Nexon XZ+,₹ 2.67 Lakh,"131,711 km",CNG,Delhi,2016
Kia Sonet GTX,₹ 9.36 Lakh,"31,063 km",Petrol,Thane,2021
Mahindra XUV500 W8,₹ 9.63 Lakh,"35,193 km",Petrol,Mumbai,2021
Tata Safari XZ+,₹ 2.64 Lakh,"113,023 km",Petrol,Noida,2017
Mahindra Thar LX,₹ 8.67 Lakh,"91,391 km",Diesel,Ahmedabad,2020
Mercedes-Benz C-Class C200,₹ 53.56 Lakh,"40,614 km",Diesel,Mumbai,2023
Mahindra XUV500 W8,₹ 8.40 Lakh,"105,115 km",Diesel,Noida,2020
Honda Jazz VX,₹ 1.84 Lakh,"93,904 km",CNG,Ahmedabad,2017
Honda Amaze VX,₹ 5.28 Lakh,"68,320 km",Petrol,Delhi,2021
Honda WR-V VX,₹ 1.20 Lakh,"131,759 km",CNG,Noida,2014
Mahindra Scorpio S11,₹ 1.79 Lakh,"190,719 km",Petrol,Mumbai,2012
Mahindra Scorpio S11,₹ 3.74 Lakh,"138,882 km",Diesel,Kolkata,2014
Mercedes-Benz E-Class E220d,₹ 48.72 Lakh,"107,325 km",Petrol,Thane,2019
Maruti Suzuki S-Presso VXi,₹ 1.20 Lakh,"122,644 km",CNG,Mumbai,2017
Honda WR-V VX,₹ 3.11 Lakh,"81,415 km",CNG,Pune,2019
Mercedes-Benz C-Class C200,₹ 50.60 Lakh,"93,923 km",Diesel,Noida,2019
Hyundai Venue S,₹ 1.20 Lakh,"119,510 km",Diesel,Thane,2018
Kia Seltos GTX,₹ 5.14 Lakh,"111,347 km",Diesel,Pune,2016
Honda BR-V VX,₹ 1.20 Lakh,"145,627 km",CNG,Ahmedabad,2013
Maruti Suzuki Vitara Brezza VDi,₹ 4.00 Lakh,"25,769 km",Petrol,Pune,2023
Honda BR-V VX,₹ 1.20 Lakh,"134,823 km",Diesel,Chennai,2015
Honda Jazz VX,₹ 5.32 Lakh,"66,123 km",Petrol,Delhi,2021
Tata Safari XZ+,₹ 1.27 Lakh,"148,211 km",Diesel,Noida,2015
Audi Q5 quattro,₹ 28.89 Lakh,"167,604 km",Diesel,Kolkata,2012
Tata Harrier XZ,₹ 3.06 Lakh,"120,414 km",CNG,Delhi,2017
Mercedes-Benz C-Class C200,₹ 45.63 Lakh,"149,388 km",Diesel,Mumbai,2013
Tata Tiago XT,₹ 4.10 Lakh,"105,806 km",Petrol,Delhi,2018
Tata Safari XZ+,₹ 6.77 Lakh,"42,876 km",Petrol,Chennai,2022
Audi Q5 quattro,₹ 38.53 Lakh,"34,425 km",Petrol,Ahmedabad,2023
Audi Q3 Premium,₹ 31.96 Lakh,"149,206 km",Petrol,Thane,2015
Hyundai Venue S,₹ 6.42 Lakh,"30,602 km",Diesel,Thane,2023
Mercedes-Benz E-Class E220d,₹ 48.00 Lakh,"126,836 km",Petrol,Pune,2017
BMW 3 Series 320d,₹ 36.21 Lakh,"156,387 km",Diesel,Kolkata,2014
Audi Q3 Premium,₹ 31.56 Lakh,"120,922 km",Petrol,Kolkata,2016
Maruti Suzuki Vitara Brezza VDi,₹ 4.21 Lakh,"49,947 km",Diesel,Thane,2023
Toyota Innova Crysta GX,₹ 10.29 Lakh,"83,132 km",Diesel,Hyderabad,2020
BMW X1 sDrive20d,₹ 39.19 Lakh,"89,925 km",Petrol,Delhi,2017
Hyundai Santro Sportz,₹ 2.19 Lakh,"106,881 km",Diesel,Mumbai,2017
Mahindra Thar LX,₹ 4.68 Lakh,"152,079 km",Diesel,Chennai,2014
Mercedes-Benz GLA 220d,₹ 50.17 Lakh,"80,581 km",Petrol,Bangalore,2020
Mercedes-Benz C-Class C200,₹ 44.27 Lakh,"175,006 km",Diesel,Thane,2012
Kia Seltos GTX,₹ 2.94 Lakh,"143,046 km",Diesel,Chennai,2013
Kia Carens Prestige,₹ 5.86 Lakh,"134,524 km",CNG,Hyderabad,2016
Toyota Etios Liva G,₹ 7.24 Lakh,"102,415 km",Petrol,Thane,2017
Toyota Fortuner 2.8 4x2,₹ 10.62 Lakh,"72,558 km",Petrol,Pune,2022
Honda Amaze VX,₹ 1.95 Lakh,"97,316 km",CNG,Bangalore,2016
Honda City VX,₹ 2.93 Lakh,"99,045 km",Diesel,Chennai,2018
Tata Safari XZ+,₹ 6.50 Lakh,"47,399 km",Petrol,Mumbai,2021
Maruti Suzuki Baleno Delta 1.2,₹ 1.20 Lakh,"82,907 km",Petrol,Mumbai,2020
Toyota Fortuner 2.8 4x2,₹ 11.90 Lakh,"30,279 km",Petrol,Kolkata,2023
Audi Q5 quattro,₹ 34.90 Lakh,"83,058 km",Petrol,Pune,2020
Mercedes-Benz GLA 220d,₹ 51.62 Lakh,"74,348 km",Diesel,Kolkata,2021
Kia Sonet GTX,₹ 2.74 Lakh,"165,539 km",Petrol,Noida,2012
Honda Amaze VX,₹ 1.20 Lakh,"173,348 km",CNG,Delhi,2012
Toyota Innova Crysta GX,₹ 6.79 Lakh,"130,065 km",Diesel,Ahmedabad,2015
Honda WR-V VX,₹ 1.20 Lakh,"173,958 km",Diesel,Chennai,2013
Kia Seltos GTX,₹ 5.72 Lakh,"121,581 km",Petrol,Noida,2016
Toyota Fortuner 2.8 4x2,₹ 9.53 Lakh,"98,958 km",Petrol,Kolkata,2020
Maruti Suzuki Swift VXi,₹ 1.20 Lakh,"92,460 km",Diesel,Pune,2019
Maruti Suzuki Wagon R 1.0 VXI,₹ 1.20 Lakh,"151,298 km",Diesel,Noida,2016
Mahindra XUV500 W8,₹ 7.13 Lakh,"87,445 km",CNG,Hyderabad,2019
Honda Jazz VX,₹ 1.20 Lakh,"144,875 km",CNG,Hyderabad,2015
BMW 5 Series 520d,₹ 35.65 Lakh,"155,968 km",Diesel,Kolkata,2014
Maruti Suzuki Wagon R 1.0 VXI,₹ 1.20 Lakh,"83,145 km",Diesel,Pune,2019
Kia Carens Prestige,₹ 6.93 Lakh,"109,227 km",CNG,Noida,2018
Toyota Corolla Altis G,₹ 11.94 Lakh,"17,664 km",Petrol,Bangalore,2023
Kia Seltos GTX,₹ 4.11 Lakh,"155,956 km",CNG,Pune,2014
Kia Seltos GTX,₹ 5.66 Lakh,"105,485 km",CNG,Mumbai,2017
Hyundai Santro Sportz,₹ 4.62 Lakh,"73,377 km",CNG,Noida,2021
Tata Tiago XT,₹ 1.20 Lakh,"138,148 km",Diesel,Noida,2014
Maruti Suzuki Swift VXi,₹ 1.71 Lakh,"87,478 km",Diesel,Ahmedabad,2021
BMW 3 Series 320d,₹ 37.72 Lakh,"117,335 km",Petrol,Pune,2017
Mercedes-Benz GLA 220d,₹ 44.68 Lakh,"144,795 km",Petrol,Ahmedabad,2013
Hyundai Grand i10 Magna,₹ 1.20 Lakh,"168,745 km",CNG,Thane,2014
Maruti Suzuki S-Presso VXi,₹ 1.20 Lakh,"165,750 km",Petrol,Chennai,2013
Tata Harrier XZ,₹ 1.20 Lakh,"177,942 km",Petrol,Mumbai,2013
Audi Q3 Premium,₹ 35.14 Lakh,"85,794 km",Petrol,Ahmedabad,2021
Maruti Suzuki Alto 800 LXi,₹ 1.52 Lakh,"74,263 km",Diesel,Bangalore,2020
Mahindra Scorpio S11,₹ 6.57 Lakh,"113,458 km",CNG,Thane,2018
Honda Jazz VX,₹ 1.20 Lakh,"127,050 km",CNG,Ahmedabad,2014
Tata Nexon XZ+,₹ 4.66 Lakh,"69,070 km",Petrol,Mumbai,2019
Kia Sonet GTX,₹ 4.99 Lakh,"131,608 km",Petrol,Chennai,2015
Maruti Suzuki S-Presso VXi,₹ 1.20 Lakh,"169,054 km",Diesel,Pune,2012
BMW 3 Series 320d,₹ 43.20 Lakh,"42,227 km",Diesel,Thane,2023
Mercedes-Benz GLA 220d,₹ 51.42 Lakh,"73,198 km",Petrol,Delhi,2022
Mahindra Scorpio S11,₹ 3.18 Lakh,"161,638 km",Petrol,Mumbai,2014
Toyota Glanza G,₹ 10.57 Lakh,"57,495 km",Diesel,Chennai,2022
Toyota Fortuner 2.8 4x2,₹ 7.11 Lakh,"104,689 km",Diesel,Pune,2017
Toyota Fortuner 2.8 4x2,₹ 12.37 Lakh,"53,588 km",Diesel,Bangalore,2023
Mahindra XUV500 W8,₹ 6.81 Lakh,"106,689 km",CNG,Hyderabad,2018
Honda Jazz VX,₹ 1.20 Lakh,"167,093 km",Petrol,Pune,2012
Kia Sonet GTX,₹ 7.32 Lakh,"73,674 km",Petrol,Hyderabad,2018
Mercedes-Benz E-Class E220d,₹ 52.62 Lakh,"43,974 km",Petrol,Delhi,2023
Honda City VX,₹ 1.20 Lakh,"132,128 km",Petrol,Delhi,2015
Maruti Suzuki Ciaz ZXI+,₹ 1.20 Lakh,"122,126 km",Petrol,Hyderabad,2016
Maruti Suzuki Alto 800 LXi,₹ 3.07 Lakh,"46,561 km",Diesel,Mumbai,2021
Kia Carens Prestige,₹ 3.07 Lakh,"161,708 km",Petrol,Thane,2012
Kia Carens Prestige,₹ 6.03 Lakh,"119,030 km",Diesel,Thane,2016
Honda Jazz VX,₹ 2.11 Lakh,"102,617 km",Petrol,Kolkata,2017
Audi Q3 Premium,₹ 35.47 Lakh,"79,553 km",Petrol,Pune,2019
Mercedes-Benz C-Class C200,₹ 48.50 Lakh,"104,842 km",Petrol,Ahmedabad,2019
Mercedes-Benz C-Class C200,₹ 45.38 Lakh,"151,101 km",Petrol,Kolkata,2014
Tata Harrier XZ,₹ 1.20 Lakh,"143,012 km",Petrol,Delhi,2014
Maruti Suzuki Vitara Brezza VDi,₹ 1.20 Lakh,"156,716 km",Diesel,Noida,2014
Hyundai Santro Sportz,₹ 1.20 Lakh,"144,816 km",Petrol,Mumbai,2016
Toyota Innova Crysta GX,₹ 7.86 Lakh,"98,623 km",Petrol,Delhi,2019
Maruti Suzuki Ciaz ZXI+,₹ 2.05 Lakh,"56,097 km",Petrol,Thane,2021
Toyota Etios Liva G,₹ 5.32 Lakh,"150,074 km",Diesel,Ahmedabad,2014
Toyota Fortuner 2.8 4x2,₹ 12.92 Lakh,"2,184 km",Diesel,Hyderabad,2023
BMW 5 Series 520d,₹ 42.68 Lakh,"49,082 km",Petrol,Ahmedabad,2022
Mahindra Scorpio S11,₹ 4.87 Lakh,"150,791 km",Diesel,Chennai,2014
Tata Safari XZ+,₹ 6.46 Lakh,"61,154 km",CNG,Thane,2021
Toyota Glanza G,₹ 11.29 Lakh,"50,667 km",Petrol,Kolkata,2022
Mahindra Scorpio S11,₹ 3.09 Lakh,"176,629 km",CNG,Pune,2013
Honda BR-V VX,₹ 4.52 Lakh,"68,372 km",CNG,Hyderabad,2020
BMW 5 Series 520d,₹ 35.36 Lakh,"151,525 km",Diesel,Ahmedabad,2013
Hyundai Santro Sportz,₹ 2.07 Lakh,"103,636 km",Diesel,Ahmedabad,2017
Maruti Suzuki S-Presso VXi,₹ 1.20 Lakh,"130,856 km",Petrol,Thane,2016
Mercedes-Benz E-Class E220d,₹ 45.72 Lakh,"145,231 km",Diesel,Ahmedabad,2013
Mercedes-Benz C-Class C200,₹ 45.45 Lakh,"141,526 km",Petrol,Bangalore,2013
Maruti Suzuki Swift VXi,₹ 3.60 Lakh,"42,471 km",Petrol,Chennai,2023
Hyundai Elite i20 Sportz,₹ 1.39 Lakh,"112,925 km",Petrol,Mumbai,2018
Mahindra Scorpio S11,₹ 2.77 Lakh,"182,272 km",Petrol,Chennai,2013
BMW 5 Series 520d,₹ 41.48 Lakh,"74,409 km",Petrol,Bangalore,2021
Audi A4 35 TDI,₹ 38.51 Lakh,"41,621 km",Diesel,Noida,2023
Tata Safari XZ+,₹ 1.20 Lakh,"160,482 km",Petrol,Hyderabad,2013
Hyundai Grand i10 Magna,₹ 5.42 Lakh,"40,706 km",Diesel,Hyderabad,2023
BMW 5 Series 520d,₹ 41.92 Lakh,"67,988 km",Diesel,Hyderabad,2021
Toyota Innova Crysta GX,₹ 10.03 Lakh,"71,706 km",CNG,Noida,2020
Maruti Suzuki Vitara Brezza VDi,₹ 1.20 Lakh,"94,079 km",Petrol,Delhi,2018
Hyundai Santro Sportz,₹ 1.20 Lakh,"143,910 km",CNG,Pune,2012
Kia Seltos GTX,₹ 3.88 Lakh,"164,681 km",Diesel,Kolkata,2013
Hyundai Verna SX,₹ 4.67 Lakh,"62,827 km",Diesel,Thane,2020
Toyota Innova Crysta GX,₹ 3.85 Lakh,"168,826 km",Diesel,Ahmedabad,2012
Hyundai Verna SX,₹ 1.20 Lakh,"151,743 km",Petrol,Delhi,2013
Tata Safari XZ+,₹ 1.20 Lakh,"188,228 km",Diesel,Hyderabad,2012
Hyundai Creta SX,₹ 1.98 Lakh,"108,983 km",CNG,Mumbai,2017
Tata Nexon XZ+,₹ 5.01 Lakh,"98,928 km",Diesel,Delhi,2019
Kia Carens Prestige,₹ 3.68 Lakh,"141,634 km",CNG,Noida,2014
Kia Carens Prestige,₹ 11.35 Lakh,"44,958 km",Diesel,Hyderabad,2023
Tata Nexon XZ+,₹ 5.00 Lakh,"92,302 km",Petrol,Mumbai,2019
BMW X1 sDrive20d,₹ 37.33 Lakh,"123,571 km",Petrol,Ahmedabad,2016
Maruti Suzuki Baleno Delta 1.2,₹ 1.20 Lakh,"138,019 km",Petrol,Kolkata,2014
Kia Carens Prestige,₹ 2.41 Lakh,"183,464 km",Petrol,Chennai,2012
BMW 3 Series 320d,₹ 38.36 Lakh,"124,091 km",Diesel,Kolkata,2017
Tata Tiago XT,₹ 2.01 Lakh,"108,198 km",CNG,Noida,2016
BMW 5 Series 520d,₹ 37.61 Lakh,"147,859 km",Diesel,Delhi,2016
Maruti Suzuki Wagon R 1.0 VXI,₹ 1.20 Lakh,"156,377 km",Diesel,Hyderabad,2012
BMW 3 Series 320d,₹ 33.74 Lakh,"182,706 km",Petrol,Bangalore,2012
Mahindra Thar LX,₹ 3.17 Lakh,"154,003 km",Petrol,Ahmedabad,2014
Tata Safari XZ+,₹ 1.21 Lakh,"136,649 km",Diesel,Thane,2014
Mercedes-Benz GLA 220d,₹ 52.01 Lakh,"36,271 km",Diesel,Bangalore,2022
Mahindra XUV500 W8,₹ 7.16 Lakh,"89,942 km",Petrol,Bangalore,2017
Honda WR-V VX,₹ 3.27 Lakh,"88,126 km",CNG,Mumbai,2019
Audi Q3 Premium,₹ 35.42 Lakh,"101,009 km",Diesel,Hyderabad,2019
Maruti Suzuki Vitara Brezza VDi,₹ 1.55 Lakh,"95,189 km",CNG,Kolkata,2020
Honda Jazz VX,₹ 1.20 Lakh,"132,288 km",Petrol,Bangalore,2014
Maruti Suzuki Alto 800 LXi,₹ 3.13 Lakh,"35,198 km",Petrol,Pune,2023
Maruti Suzuki Wagon R 1.0 VXI,₹ 1.20 Lakh,"152,991 km",CNG,Thane,2015
Toyota Corolla Altis G,₹ 7.04 Lakh,"110,681 km",Petrol,Ahmedabad,2016
Maruti Suzuki Baleno Delta 1.2,₹ 1.20 Lakh,"175,695 km",Diesel,Chennai,2013
Toyota Etios Liva G,₹ 8.53 Lakh,"92,615 km",Petrol,Chennai,2018
Audi Q3 Premium,₹ 36.84 Lakh,"45,923 km",Petrol,Noida,2023
Mercedes-Benz E-Class E220d,₹ 51.11 Lakh,"73,405 km",Diesel,Hyderabad,2020
Tata Tiago XT,₹ 2.99 Lakh,"103,069 km",CNG,Ahmedabad,2017
Honda BR-V VX,₹ 3.02 Lakh,"93,212 km",Diesel,Noida,2018
Honda BR-V VX,₹ 1.20 Lakh,"137,097 km",Petrol,Thane,2015
Audi Q5 quattro,₹ 32.96 Lakh,"123,796 km",Petrol,Hyderabad,2018
Tata Harrier XZ,₹ 4.31 Lakh,"95,567 km",Petrol,Noida,2020
Mahindra Thar LX,₹ 11.29 Lakh,"51,914 km",Diesel,Noida,2023
BMW 3 Series 320d,₹ 37.23 Lakh,"122,311 km",Petrol,Noida,2017
Tata Nexon XZ+,₹ 4.07 Lakh,"94,424 km",Diesel,Chennai,2018
Honda WR-V VX,₹ 4.39 Lakh,"95,892 km",CNG,Pune,2019
Maruti Suzuki S-Presso VXi,₹ 1.20 Lakh,"116,657 km",Petrol,Thane,2017
Mahindra Thar LX,₹ 3.66 Lakh,"138,512 km",CNG,Hyderabad,2014
Mercedes-Benz E-Class E220d,₹ 49.45 Lakh,"104,258 km",Diesel,Bangalore,2018
Toyota Glanza G,₹ 10.41 Lakh,"60,257 km",Diesel,Kolkata,2021
Mahindra Scorpio S11,₹ 7.09 Lakh,"69,150 km",Diesel,Chennai,2018
Tata Harrier XZ,₹ 1.20 Lakh,"147,911 km",Diesel,Pune,2015
Kia Sonet GTX,₹ 9.14 Lakh,"73,763 km",CNG,Hyderabad,2021
Honda Amaze VX,₹ 5.44 Lakh,"39,807 km",Petrol,Noida,2022
Tata Harrier XZ,₹ 4.58 Lakh,"108,310 km",CNG,Bangalore,2019
Audi A4 35 TDI,₹ 30.75 Lakh,"155,480 km",Diesel,Chennai,2013
Audi Q3 Premium,₹ 34.75 Lakh,"79,772 km",Petrol,Kolkata,2019
Kia Carens Prestige,₹ 7.17 Lakh,"65,768 km",Petrol,Bangalore,2019
Hyundai Verna SX,₹ 1.20 Lakh,"173,064 km",Diesel,Pune,2013
Audi A4 35 TDI,₹ 33.82 Lakh,"99,140 km",Petrol,Delhi,2018
BMW X1 sDrive20d,₹ 34.95 Lakh,"170,500 km",Petrol,Pune,2012
Maruti Suzuki Vitara Brezza VDi,₹ 1.20 Lakh,"114,292 km",Petrol,Noida,2016
Mercedes-Benz GLA 220d,₹ 47.87 Lakh,"121,266 km",Petrol,Delhi,2016
BMW 5 Series 520d,₹ 35.74 Lakh,"130,802 km",Petrol,Delhi,2014
Honda WR-V VX,₹ 1.20 Lakh,"136,114 km",Petrol,Bangalore,2016
Mahindra Scorpio S11,₹ 9.48 Lakh,"67,008 km",CNG,Hyderabad,2021
Maruti Suzuki Swift VXi,₹ 1.20 Lakh,"172,534 km",CNG,Pune,2012
Hyundai Verna SX,₹ 3.53 Lakh,"53,957 km",Petrol,Mumbai,2021
Mercedes-Benz C-Class C200,₹ 48.05 Lakh,"106,429 km",Diesel,Bangalore,2016
Mahindra Thar LX,₹ 9.93 Lakh,"66,135 km",CNG,Noida,2022
BMW 3 Series 320d,₹ 38.78 Lakh,"102,332 km",Petrol,Mumbai,2018
Maruti Suzuki Ertiga VXI CNG,₹ 1.20 Lakh,"92,471 km",Diesel,Mumbai,2018
Honda BR-V VX,₹ 1.62 Lakh,"118,983 km",Petrol,Hyderabad,2017
Maruti Suzuki Ertiga VXI CNG,₹ 1.20 Lakh,"113,345 km",Petrol,Thane,2016
Mahindra Scorpio S11,₹ 9.48 Lakh,"74,234 km",Diesel,Chennai,2020
Hyundai Verna SX,₹ 6.50 Lakh,"55,543 km",Diesel,Pune,2023
Audi Q5 quattro,₹ 32.18 Lakh,"131,628 km",Diesel,Hyderabad,2016
Kia Seltos GTX,₹ 6.57 Lakh,"116,422 km",CNG,Hyderabad,2017
Maruti Suzuki Ertiga VXI CNG,₹ 1.20 Lakh,"140,635 km",Petrol,Chennai,2014
Toyota Etios Liva G,₹ 4.47 Lakh,"162,933 km",Petrol,Hyderabad,2013
Audi Q5 quattro,₹ 34.23 Lakh,"98,858 km",Diesel,Chennai,2019
Mercedes-Benz GLA 220d,₹ 47.85 Lakh,"128,744 km",Petrol,Ahmedabad,2016
Audi Q3 Premium,₹ 29.05 Lakh,"172,713 km",Petrol,Pune,2012
Tata Safari XZ+,₹ 6.37 Lakh,"61,060 km",CNG,Pune,2021
Audi Q5 quattro,₹ 33.07 Lakh,"110,018 km",Petrol,Chennai,2017
Audi Q3 Premium,₹ 34.68 Lakh,"91,028 km",Petrol,Thane,2019
Toyota Fortuner 2.8 4x2,₹ 6.06 Lakh,"109,920 km",Petrol,Noida,2016
Toyota Etios Liva G,₹ 4.50 Lakh,"147,173 km",CNG,Noida,2013
Honda WR-V VX,₹ 7.21 Lakh,"61,835 km",CNG,Chennai,2023
Mahindra Scorpio S11,₹ 8.47 Lakh,"91,844 km",CNG,Pune,2019
Toyota Etios Liva G,₹ 9.13 Lakh,"83,091 km",Petrol,Hyderabad,2020
BMW 3 Series 320d,₹ 40.04 Lakh,"95,627 km",Petrol,Ahmedabad,2020
Audi A4 35 TDI,₹ 34.26 Lakh,"86,347 km",Diesel,Bangalore,2019
Kia Sonet GTX,₹ 5.14 Lakh,"136,901 km",Diesel,Chennai,2016
Kia Seltos GTX,₹ 12.04 Lakh,"25,899 km",Diesel,Hyderabad,2023
Audi Q5 quattro,₹ 29.54 Lakh,"174,233 km",Diesel,Noida,2013
Honda Jazz VX,₹ 1.20 Lakh,"153,738 km",Petrol,Delhi,2015
BMW X1 sDrive20d,₹ 43.06 Lakh,"21,032 km",Diesel,Mumbai,2023
Audi Q3 Premium,₹ 36.42 Lakh,"83,154 km",Petrol,Mumbai,2021
Hyundai Creta SX,₹ 1.20 Lakh,"129,566 km",Petrol,Ahmedabad,2015
Mercedes-Benz GLA 220d,₹ 45.71 Lakh,"135,954 km",Petrol,Noida,2015
Honda BR-V VX,₹ 1.20 Lakh,"132,115 km",CNG,Noida,2014
Honda City VX,₹ 1.20 Lakh,"162,274 km",CNG,Pune,2013
BMW 5 Series 520d,₹ 43.40 Lakh,"53,938 km",Diesel,Thane,2023
Maruti Suzuki S-Presso VXi,₹ 3.87 Lakh,"36,048 km",Petrol,Hyderabad,2023
Audi A4 35 TDI,₹ 31.07 Lakh,"153,386 km",Petrol,Noida,2015
Tata Harrier XZ,₹ 4.65 Lakh,"88,094 km",CNG,Hyderabad,2020
Audi A4 35 TDI,₹ 39.03 Lakh,"23,560 km",Diesel,Hyderabad,2023
Audi A4 35 TDI,₹ 30.88 Lakh,"154,365 km",Diesel,Chennai,2015
Maruti Suzuki Ciaz ZXI+,₹ 1.20 Lakh,"79,142 km",CNG,Chennai,2019
Tata Tiago XT,₹ 3.28 Lakh,"116,243 km",Diesel,Thane,2018
Hyundai Santro Sportz,₹ 1.20 Lakh,"170,305 km",Petrol,Chennai,2013
Mercedes-Benz GLA 220d,₹ 48.40 Lakh,"121,372 km",Diesel,Bangalore,2016
Hyundai Santro Sportz,₹ 4.71 Lakh,"59,166 km",Diesel,Thane,2021
Mahindra Scorpio S11,₹ 9.60 Lakh,"37,333 km",CNG,Bangalore,2022
Maruti Suzuki Swift VXi,₹ 1.20 Lakh,"170,757 km",Diesel,Bangalore,2012
Honda WR-V VX,₹ 1.20 Lakh,"137,915 km",Petrol,Mumbai,2016
Tata Tiago XT,₹ 1.20 Lakh,"160,718 km",Petrol,Thane,2013
Toyota Innova Crysta GX,₹ 6.07 Lakh,"124,974 km",Diesel,Pune,2016
Mercedes-Benz E-Class E220d,₹ 44.49 Lakh,"171,925 km",Petrol,Thane,2013
Tata Safari XZ+,₹ 7.95 Lakh,"34,028 km",CNG,Bangalore,2023
Toyota Glanza G,₹ 3.18 Lakh,"173,025 km",CNG,Delhi,2012
Hyundai Verna SX,₹ 1.20 Lakh,"178,144 km",CNG,Noida,2013
Mercedes-Benz GLA 220d,₹ 46.74 Lakh,"150,143 km",Diesel,Pune,2014
Maruti Suzuki Baleno Delta 1.2,₹ 1.20 Lakh,"127,270 km",CNG,Chennai,2016
Maruti Suzuki Ertiga VXI CNG,₹ 1.20 Lakh,"151,902 km",Diesel,Thane,2014
Hyundai Verna SX,₹ 3.06 Lakh,"92,620 km",Diesel,Thane,2019
Hyundai Santro Sportz,₹ 3.08 Lakh,"76,013 km",Diesel,Thane,2019
Honda BR-V VX,₹ 3.30 Lakh,"118,064 km",Diesel,Bangalore,2018
BMW 5 Series 520d,₹ 43.42 Lakh,"58,137 km",Diesel,Mumbai,2023
Tata Nexon XZ+,₹ 1.20 Lakh,"170,466 km",Petrol,Ahmedabad,2012
Honda Jazz VX,₹ 1.20 Lakh,"158,534 km",Diesel,Ahmedabad,2012
BMW 5 Series 520d,₹ 41.12 Lakh,"89,161 km",Diesel,Ahmedabad,2020
Audi Q5 quattro,₹ 29.41 Lakh,"192,446 km",Diesel,Pune,2012
Kia Seltos GTX,₹ 6.47 Lakh,"110,648 km",Diesel,Mumbai,2017
Mercedes-Benz GLA 220d,₹ 48.54 Lakh,"128,280 km",Diesel,Kolkata,2017
Maruti Suzuki Ciaz ZXI+,₹ 1.20 Lakh,"156,138 km",Diesel,Hyderabad,2014
Audi Q3 Premium,₹ 36.34 Lakh,"58,034 km",Petrol,Ahmedabad,2020
Kia Seltos GTX,₹ 3.32 Lakh,"159,103 km",Diesel,Pune,2014
Toyota Fortuner 2.8 4x2,₹ 7.49 Lakh,"130,184 km",CNG,Mumbai,2017
Hyundai Grand i10 Magna,₹ 1.20 Lakh,"123,449 km",Petrol,Bangalore,2015
Toyota Innova Crysta GX,₹ 9.01 Lakh,"78,684 km",Petrol,Hyderabad,2020
Maruti Suzuki Ertiga VXI CNG,₹ 1.20 Lakh,"131,499 km",CNG,Ahmedabad,2014
Maruti Suzuki Wagon R 1.0 VXI,₹ 1.20 Lakh,"152,515 km",CNG,Chennai,2014
Tata Nexon XZ+,₹ 4.55 Lakh,"107,929 km",Diesel,Hyderabad,2018
Tata Nexon XZ+,₹ 7.84 Lakh,"46,029 km",CNG,Thane,2023
Tata Tiago XT,₹ 7.39 Lakh,"45,255 km",CNG,Chennai,2022
Toyota Fortuner 2.8 4x2,₹ 5.67 Lakh,"154,783 km",Petrol,Pune,2015
Toyota Glanza G,₹ 11.94 Lakh,"39,343 km",Diesel,Thane,2022
Audi A4 35 TDI,₹ 33.18 Lakh,"89,885 km",Petrol,Hyderabad,2017
Kia Seltos GTX,₹ 9.35 Lakh,"82,024 km",CNG,Mumbai,2021
Mercedes-Benz GLA 220d,₹ 47.46 Lakh,"149,061 km",Diesel,Noida,2016
Tata Harrier XZ,₹ 4.90 Lakh,"97,119 km",Petrol,Bangalore,2019
Mercedes-Benz C-Class C200,₹ 52.41 Lakh,"37,473 km",Petrol,Ahmedabad,2023
Audi Q3 Premium,₹ 37.35 Lakh,"59,517 km",Diesel,Mumbai,2022
Maruti Suzuki Vitara Brezza VDi,₹ 1.20 Lakh,"139,546 km",CNG,Pune,2015
Mercedes-Benz GLA 220d,₹ 47.04 Lakh,"138,039 km",Diesel,Bangalore,2014
Tata Safari XZ+,₹ 2.45 Lakh,"116,568 km",Petrol,Thane,2017
Mahindra Scorpio S11,₹ 2.34 Lakh,"160,814 km",Petrol,Mumbai,2013
Tata Nexon XZ+,₹ 8.55 Lakh,"46,882 km",Diesel,Noida,2023
Toyota Innova Crysta GX,₹ 3.00 Lakh,"195,269 km",Petrol,Chennai,2012
Hyundai Santro Sportz,₹ 1.20 Lakh,"173,775 km",CNG,Hyderabad,2012
BMW 3 Series 320d,₹ 36.56 Lakh,"134,555 km",Petrol,Hyderabad,2016
Mahindra Thar LX,₹ 5.55 Lakh,"120,213 km",CNG,Hyderabad,2015
BMW 5 Series 520d,₹ 36.19 Lakh,"164,310 km",Diesel,Thane,2015
Honda Jazz VX,₹ 1.20 Lakh,"145,299 km",Petrol,Mumbai,2016
Mahindra Scorpio S11,₹ 5.08 Lakh,"118,164 km",CNG,Delhi,2015
Mahindra XUV500 W8,₹ 9.27 Lakh,"53,708 km",Petrol,Bangalore,2022
BMW X1 sDrive20d,₹ 37.70 Lakh,"142,834 km",Petrol,Ahmedabad,2016
BMW X1 sDrive20d,₹ 40.95 Lakh,"78,435 km",Petrol,Bangalore,2020
Mahindra XUV500 W8,₹ 10.83 Lakh,"36,355 km",CNG,Bangalore,2022
Tata Harrier XZ,₹ 1.20 Lakh,"154,261 km",CNG,Pune,2013
Audi Q5 quattro,₹ 36.38 Lakh,"73,544 km",Diesel,Pune,2020
BMW 5 Series 520d,₹ 42.27 Lakh,"64,371 km",Diesel,Kolkata,2022
Kia Carens Prestige,₹ 10.19 Lakh,"50,880 km",Petrol,Mumbai,2023
Hyundai i10 Magna,₹ 1.20 Lakh,"99,610 km",CNG,Kolkata,2017
Tata Tiago XT,₹ 7.03 Lakh,"48,392 km",Petrol,Pune,2023
Mercedes-Benz E-Class E220d,₹ 51.03 Lakh,"95,249 km",Diesel,Ahmedabad,2020
Audi Q5 quattro,₹ 30.37 Lakh,"143,728 km",Petrol,Pune,2014
BMW 3 Series 320d,₹ 34.62 Lakh,"147,527 km",Petrol,Mumbai,2013
Maruti Suzuki Wagon R 1.0 VXI,₹ 1.20 Lakh,"178,402 km",CNG,Mumbai,2012
Hyundai Grand i10 Magna,₹ 1.20 Lakh,"162,779 km",CNG,Pune,2013
Mahindra Thar LX,₹ 10.02 Lakh,"44,137 km",Petrol,Delhi,2021
Toyota Innova Crysta GX,₹ 9.21 Lakh,"81,225 km",Diesel,Pune,2020
Maruti Suzuki Vitara Brezza VDi,₹ 1.20 Lakh,"134,053 km",CNG,Kolkata,2015
Mahindra XUV500 W8,₹ 8.24 Lakh,"85,850 km",Petrol,Hyderabad,2020
Audi Q5 quattro,₹ 36.89 Lakh,"51,550 km",Diesel,Hyderabad,2020
Hyundai Verna SX,₹ 1.45 Lakh,"103,233 km",CNG,Thane,2017
Maruti Suzuki S-Presso VXi,₹ 1.20 Lakh,"142,680 km",Diesel,Delhi,2015
Toyota Innova Crysta GX,₹ 7.86 Lakh,"91,574 km",Diesel,Bangalore,2017
Kia Carens Prestige,₹ 6.79 Lakh,"106,817 km",CNG,Thane,2018
Maruti Suzuki Wagon R 1.0 VXI,₹ 1.20 Lakh,"174,804 km",Petrol,Thane,2014
Honda Jazz VX,₹ 3.24 Lakh,"104,281 km",Petrol,Bangalore,2019
Tata Nexon XZ+,₹ 1.20 Lakh,"155,111 km",Diesel,Ahmedabad,2014
Mahindra Scorpio S11,₹ 3.32 Lakh,"147,812 km",Petrol,Bangalore,2014
Toyota Glanza G,₹ 3.12 Lakh,"188,324 km",CNG,Delhi,2012
Tata Nexon XZ+,₹ 3.68 Lakh,"112,507 km",Diesel,Hyderabad,2017
Audi Q5 quattro,₹ 31.08 Lakh,"127,899 km",Petrol,Hyderabad,2014
Tata Nexon XZ+,₹ 6.82 Lakh,"49,276 km",Diesel,Delhi,2021
Hyundai Santro Sportz,₹ 1.20 Lakh,"129,210 km",Petrol,Pune,2015
Kia Seltos GTX,₹ 2.60 Lakh,"155,501 km",Petrol,Hyderabad,2013
Tata Safari XZ+,₹ 2.20 Lakh,"105,763 km",CNG,Hyderabad,2015
Honda Amaze VX,₹ 1.95 Lakh,"100,225 km",CNG,Chennai,2017
Audi A4 35 TDI,₹ 32.26 Lakh,"143,267 km",Diesel,Ahmedabad,2016
BMW X1 sDrive20d,₹ 34.98 Lakh,"165,090 km",Petrol,Pune,2013
Honda Jazz VX,₹ 5.26 Lakh,"64,859 km",Diesel,Chennai,2021
Audi Q5 quattro,₹ 32.71 Lakh,"107,988 km",Diesel,Noida,2017
Honda WR-V VX,₹ 1.59 Lakh,"108,623 km",Diesel,Kolkata,2016
Kia Sonet GTX,₹ 9.63 Lakh,"55,433 km",Diesel,Mumbai,2021
Toyota Fortuner 2.8 4x2,₹ 8.85 Lakh,"75,757 km",CNG,Hyderabad,2019
Toyota Innova Crysta GX,₹ 5.61 Lakh,"129,425 km",Diesel,Chennai,2015
BMW 3 Series 320d,₹ 43.02 Lakh,"53,216 km",Diesel,Noida,2022
Audi A4 35 TDI,₹ 28.64 Lakh,"172,051 km",Petrol,Hyderabad,2012
Hyundai Grand i10 Magna,₹ 1.20 Lakh,"169,596 km",Diesel,Ahmedabad,2014
BMW 5 Series 520d,₹ 39.79 Lakh,"88,112 km",Diesel,Chennai,2019
Toyota Innova Crysta GX,₹ 3.77 Lakh,"158,917 km",Petrol,Chennai,2014
Toyota Innova Crysta GX,₹ 3.67 Lakh,"184,314 km",CNG,Kolkata,2012
Maruti Suzuki Wagon R 1.0 VXI,₹ 2.32 Lakh,"72,688 km",CNG,Hyderabad,2022
Mercedes-Benz GLA 220d,₹ 52.75 Lakh,"30,434 km",Diesel,Ahmedabad,2023
Mahindra Thar LX,₹ 3.23 Lakh,"157,613 km",Petrol,Ahmedabad,2014
Kia Seltos GTX,₹ 7.23 Lakh,"96,265 km",CNG,Thane,2018
Honda WR-V VX,₹ 6.33 Lakh,"42,389 km",Diesel,Mumbai,2023
Kia Seltos GTX,₹ 9.37 Lakh,"74,939 km",Petrol,Bangalore,2021
Hyundai Santro Sportz,₹ 5.93 Lakh,"47,507 km",CNG,Kolkata,2023
BMW 5 Series 520d,₹ 41.06 Lakh,"64,246 km",Petrol,Kolkata,2021
Honda City VX,₹ 2.20 Lakh,"129,405 km",Diesel,Hyderabad,2016
BMW X1 sDrive20d,₹ 39.05 Lakh,"76,300 km",Diesel,Chennai,2018
Kia Seltos GTX,₹ 5.38 Lakh,"109,586 km",Petrol,Noida,2016
Maruti Suzuki Ertiga VXI CNG,₹ 1.20 Lakh,"171,476 km",CNG,Thane,2015
Honda Jazz VX,₹ 6.59 Lakh,"49,527 km",Petrol,Thane,2023
Hyundai Venue S,₹ 4.24 Lakh,"68,895 km",CNG,Ahmedabad,2020
Toyota Corolla Altis G,₹ 4.72 Lakh,"149,477 km",Petrol,Delhi,2014
BMW X1 sDrive20d,₹ 34.51 Lakh,"160,658 km",Petrol,Kolkata,2013
Hyundai Grand i10 Magna,₹ 1.27 Lakh,"106,368 km",CNG,Noida,2017
Tata Tiago XT,₹ 4.36 Lakh,"79,514 km",Petrol,Mumbai,2018
BMW X1 sDrive20d,₹ 42.32 Lakh,"49,829 km",Petrol,Kolkata,2022
Mercedes-Benz C-Class C200,₹ 52.02 Lakh,"66,729 km",Diesel,Chennai,2021
Honda BR-V VX,₹ 1.20 Lakh,"190,241 km",CNG,Kolkata,2012
Honda BR-V VX,₹ 3.59 Lakh,"76,966 km",Petrol,Chennai,2018
BMW 5 Series 520d,₹ 39.09 Lakh,"94,880 km",Diesel,Noida,2018
Toyota Innova Crysta GX,₹ 4.71 Lakh,"136,959 km",Petrol,Kolkata,2014
Maruti Suzuki Ciaz ZXI+,₹ 1.20 Lakh,"174,898 km",CNG,Thane,2012
Toyota Corolla Altis G,₹ 5.36 Lakh,"140,016 km",Petrol,Delhi,2015
Honda BR-V VX,₹ 6.62 Lakh,"37,622 km",Petrol,Mumbai,2022
BMW X1 sDrive20d,₹ 34.61 Lakh,"186,732 km",Petrol,Delhi,2012
Honda Amaze VX,₹ 2.87 Lakh,"99,727 km",CNG,Delhi,2018
Tata Nexon XZ+,₹ 1.20 Lakh,"148,026 km",CNG,Mumbai,2014
Honda Amaze VX,₹ 1.20 Lakh,"124,668 km",Diesel,Chennai,2016
Kia Sonet GTX,₹ 3.39 Lakh,"138,823 km",CNG,Chennai,2013
Honda WR-V VX,₹ 2.03 Lakh,"116,802 km",Diesel,Mumbai,2017
Toyota Corolla Altis G,₹ 9.98 Lakh,"83,078 km",Petrol,Hyderabad,2020
Audi Q3 Premium,₹ 29.68 Lakh,"192,160 km",Diesel,Bangalore,2012
Mercedes-Benz C-Class C200,₹ 49.60 Lakh,"81,380 km",Petrol,Kolkata,2019
Tata Harrier XZ,₹ 4.56 Lakh,"94,162 km",Petrol,Ahmedabad,2019
Tata Nexon XZ+,₹ 7.79 Lakh,"42,577 km",Diesel,Mumbai,2022
Mahindra Thar LX,₹ 8.37 Lakh,"66,064 km",Petrol,Mumbai,2019
Honda WR-V VX,₹ 1.67 Lakh,"131,878 km",Diesel,Bangalore,2016
Kia Sonet GTX,₹ 11.63 Lakh,"31,289 km",CNG,Pune,2023
Hyundai Verna SX,₹ 4.50 Lakh,"67,611 km",Diesel,Chennai,2021
BMW 3 Series 320d,₹ 42.33 Lakh,"36,938 km",Diesel,Mumbai,2023
Hyundai Venue S,₹ 3.78 Lakh,"53,037 km",CNG,Mumbai,2021
Honda City VX,₹ 1.20 Lakh,"175,203 km",CNG,Hyderabad,2012
Kia Sonet GTX,₹ 3.40 Lakh,"150,484 km",Petrol,Ahmedabad,2014
Honda City VX,₹ 4.82 Lakh,"72,094 km",Diesel,Delhi,2021
Tata Tiago XT,₹ 6.52 Lakh,"50,807 km",CNG,Delhi,2022
Maruti Suzuki Baleno Delta 1.2,₹ 1.20 Lakh,"105,621 km",Diesel,Mumbai,2017
Hyundai Grand i10 Magna,₹ 1.20 Lakh,"125,950 km",Diesel,Ahmedabad,2015
Mahindra XUV500 W8,₹ 7.91 Lakh,"83,868 km",Diesel,Ahmedabad,2019
Mercedes-Benz GLA 220d,₹ 47.38 Lakh,"116,458 km",Petrol,Mumbai,2015
Honda WR-V VX,₹ 1.20 Lakh,"159,989 km",CNG,Noida,2014
Mahindra Scorpio S11,₹ 7.76 Lakh,"107,126 km",CNG,Hyderabad,2019
Hyundai Elite i20 Sportz,₹ 5.00 Lakh,"66,828 km",Petrol,Mumbai,2023
Tata Harrier XZ,₹ 1.64 Lakh,"119,957 km",CNG,Noida,2014
BMW 3 Series 320d,₹ 41.67 Lakh,"63,136 km",Diesel,Chennai,2021
Audi A4 35 TDI,₹ 34.75 Lakh,"69,200 km",Petrol,Delhi,2020
Tata Nexon XZ+,₹ 4.17 Lakh,"85,558 km",Petrol,Delhi,2019
Kia Sonet GTX,₹ 8.11 Lakh,"84,965 km",Diesel,Thane,2018
BMW X1 sDrive20d,₹ 38.65 Lakh,"108,837 km",Diesel,Hyderabad,2017
Honda WR-V VX,₹ 3.98 Lakh,"86,562 km",Petrol,Thane,2019
Mahindra XUV500 W8,₹ 11.16 Lakh,"38,770 km",CNG,Thane,2023
Mercedes-Benz E-Class E220d,₹ 46.83 Lakh,"135,865 km",Diesel,Noida,2015
Maruti Suzuki Wagon R 1.0 VXI,₹ 2.81 Lakh,"55,932 km",CNG,Kolkata,2021
BMW 3 Series 320d,₹ 37.52 Lakh,"137,901 km",Diesel,Pune,2015
Tata Harrier XZ,₹ 1.29 Lakh,"148,662 km",CNG,Chennai,2014
Mercedes-Benz E-Class E220d,₹ 52.67 Lakh,"46,396 km",Petrol,Bangalore,2022
Honda City VX,₹ 1.20 Lakh,"192,981 km",CNG,Thane,2012
Mahindra Scorpio S11,₹ 6.18 Lakh,"113,038 km",Petrol,Hyderabad,2018
BMW X1 sDrive20d,₹ 35.51 Lakh,"184,288 km",Diesel,Pune,2013
Hyundai Grand i10 Magna,₹ 1.39 Lakh,"115,952 km",Diesel,Ahmedabad,2016
BMW 3 Series 320d,₹ 35.98 Lakh,"152,717 km",Petrol,Delhi,2014
Tata Nexon XZ+,₹ 2.44 Lakh,"116,382 km",Petrol,Delhi,2017
Toyota Fortuner 2.8 4x2,₹ 4.14 Lakh,"157,925 km",CNG,Noida,2013
Honda Amaze VX,₹ 3.06 Lakh,"95,890 km",Petrol,Kolkata,2019
Toyota Innova Crysta GX,₹ 11.69 Lakh,"35,693 km",CNG,Hyderabad,2022
Maruti Suzuki Vitara Brezza VDi,₹ 1.20 Lakh,"91,541 km",Diesel,Bangalore,2018
Tata Nexon XZ+,₹ 4.50 Lakh,"99,762 km",CNG,Kolkata,2018
Tata Nexon XZ+,₹ 2.01 Lakh,"144,589 km",Petrol,Mumbai,2015
Hyundai i10 Magna,₹ 1.74 Lakh,"112,481 km",Petrol,Thane,2017
Mercedes-Benz C-Class C200,₹ 45.55 Lakh,"142,895 km",Diesel,Bangalore,2014
Toyota Fortuner 2.8 4x2,₹ 8.91 Lakh,"83,730 km",Petrol,Pune,2019
Maruti Suzuki Wagon R 1.0 VXI,₹ 2.09 Lakh,"65,319 km",Petrol,Kolkata,2022
Tata Harrier XZ,₹ 1.20 Lakh,"172,841 km",Diesel,Bangalore,2012
Toyota Innova Crysta GX,₹ 6.72 Lakh,"124,181 km",Petrol,Noida,2017
Honda BR-V VX,₹ 6.88 Lakh,"51,971 km",Diesel,Ahmedabad,2023
BMW X1 sDrive20d,₹ 42.96 Lakh,"41,588 km",Diesel,Bangalore,2023
Kia Seltos GTX,₹ 10.66 Lakh,"52,707 km",CNG,Pune,2023
BMW 5 Series 520d,₹ 38.58 Lakh,"106,602 km",Diesel,Bangalore,2017
Maruti Suzuki Ertiga VXI CNG,₹ 3.52 Lakh,"32,708 km",Diesel,Ahmedabad,2021
Honda City VX,₹ 1.20 Lakh,"182,780 km",Diesel,Hyderabad,2013
Hyundai Elite i20 Sportz,₹ 2.44 Lakh,"105,956 km",Diesel,Kolkata,2018
Mahindra Scorpio S11,₹ 8.34 Lakh,"89,228 km",Petrol,Delhi,2019
Honda BR-V VX,₹ 1.20 Lakh,"140,742 km",CNG,Thane,2014
Audi A4 35 TDI,₹ 28.84 Lakh,"170,060 km",Petrol,Bangalore,2012
Mercedes-Benz E-Class E220d,₹ 48.34 Lakh,"136,235 km",Petrol,Pune,2017
Maruti Suzuki Vitara Brezza VDi,₹ 1.20 Lakh,"111,979 km",Diesel,Noida,2017
Maruti Suzuki Ertiga VXI CNG,₹ 1.40 Lakh,"79,454 km",Petrol,Pune,2021
Audi Q3 Premium,₹ 36.08 Lakh,"47,014 km",Petrol,Noida,2020
Audi Q3 Premium,₹ 32.01 Lakh,"119,651 km",Diesel,Chennai,2016
Kia Carens Prestige,₹ 2.52 Lakh,"162,671 km",Diesel,Mumbai,2012
Honda City VX,₹ 5.56 Lakh,"60,053 km",CNG,Noida,2021
Honda City VX,₹ 4.49 Lakh,"81,309 km",CNG,Thane,2019
Mahindra XUV500 W8,₹ 1.71 Lakh,"174,721 km",Petrol,Noida,2012
Toyota Etios Liva G,₹ 9.06 Lakh,"78,514 km",CNG,Kolkata,2019
Mahindra XUV500 W8,₹ 8.98 Lakh,"80,493 km",Diesel,Delhi,2020
Honda WR-V VX,₹ 4.89 Lakh,"50,748 km",Petrol,Ahmedabad,2021
Toyota Fortuner 2.8 4x2,₹ 12.70 Lakh,"25,416 km",Diesel,Thane,2023
Audi Q3 Premium,₹ 36.66 Lakh,"56,488 km",Petrol,Delhi,2022
BMW 5 Series 520d,₹ 35.85 Lakh,"130,969 km",Diesel,Delhi,2014
Hyundai Grand i10 Magna,₹ 6.03 Lakh,"53,230 km",Diesel,Pune,2023
Tata Tiago XT,₹ 1.20 Lakh,"153,765 km",Petrol,Pune,2012
Hyundai Grand i10 Magna,₹ 5.73 Lakh,"48,704 km",CNG,Delhi,2022
BMW 3 Series 320d,₹ 36.97 Lakh,"125,892 km",Petrol,Kolkata,2015
BMW 3 Series 320d,₹ 34.23 Lakh,"188,837 km",Petrol,Delhi,2012
Kia Seltos GTX,₹ 7.14 Lakh,"82,774 km",Petrol,Kolkata,2019
Tata Nexon XZ+,₹ 1.88 Lakh,"118,108 km",Diesel,Mumbai,2015
Maruti Suzuki Swift VXi,₹ 1.20 Lakh,"127,619 km",Petrol,Kolkata,2014
Kia Carens Prestige,₹ 9.46 Lakh,"59,077 km",CNG,Pune,2022
Hyundai Elite i20 Sportz,₹ 1.20 Lakh,"107,593 km",Diesel,Mumbai,2017
Mercedes-Benz C-Class C200,₹ 47.81 Lakh,"126,857 km",Petrol,Thane,2016
Kia Sonet GTX,₹ 7.14 Lakh,"115,405 km",Diesel,Chennai,2019
Mercedes-Benz GLA 220d,₹ 52.31 Lakh,"55,694 km",Diesel,Mumbai,2022
Audi Q5 quattro,₹ 30.34 Lakh,"169,518 km",Petrol,Thane,2013
Toyota Glanza G,₹ 9.78 Lakh,"79,165 km",Petrol,Thane,2021
Maruti Suzuki Swift VXi,₹ 1.20 Lakh,"114,519 km",Diesel,Delhi,2016
BMW 3 Series 320d,₹ 41.72 Lakh,"49,230 km",Diesel,Noida,2022
Kia Sonet GTX,₹ 8.24 Lakh,"63,880 km",Petrol,Delhi,2020
Kia Sonet GTX,₹ 3.52 Lakh,"147,540 km",CNG,Bangalore,2014
Tata Harrier XZ,₹ 6.33 Lakh,"67,508 km",Diesel,Noida,2021
Tata Safari XZ+,₹ 6.77 Lakh,"56,603 km",Petrol,Hyderabad,2022
Tata Harrier XZ,₹ 5.81 Lakh,"57,517 km",Petrol,Delhi,2021
Honda Amaze VX,₹ 1.20 Lakh,"177,151 km",Diesel,Noida,2012
Kia Seltos GTX,₹ 6.95 Lakh,"110,935 km",Diesel,Noida,2017
Honda WR-V VX,₹ 1.79 Lakh,"127,483 km",Diesel,Chennai,2016
Audi A4 35 TDI,₹ 34.58 Lakh,"99,692 km",Diesel,Chennai,2018
Hyundai Creta SX,₹ 1.20 Lakh,"141,522 km",CNG,Delhi,2016
Mahindra Scorpio S11,₹ 2.83 Lakh,"169,493 km",Petrol,Ahmedabad,2012
Honda City VX,₹ 5.68 Lakh,"52,252 km",Petrol,Pune,2021
Maruti Suzuki Ciaz ZXI+,₹ 1.20 Lakh,"153,822 km",Diesel,Delhi,2014
Kia Sonet GTX,₹ 6.75 Lakh,"103,576 km",Diesel,Mumbai,2018
Tata Harrier XZ,₹ 1.20 Lakh,"176,790 km",CNG,Mumbai,2012
Tata Safari XZ+,₹ 3.77 Lakh,"126,102 km",Petrol,Ahmedabad,2018
Toyota Glanza G,₹ 6.45 Lakh,"117,061 km",CNG,Kolkata,2015
Toyota Etios Liva G,₹ 7.11 Lakh,"113,384 km",CNG,Noida,2016
BMW 5 Series 520d,₹ 42.27 Lakh,"42,635 km",Petrol,Bangalore,2023
Honda Amaze VX,₹ 1.20 Lakh,"138,685 km",CNG,Delhi,2014
Audi Q5 quattro,₹ 33.94 Lakh,"90,126 km",Petrol,Delhi,2019
Audi A4 35 TDI,₹ 33.83 Lakh,"107,987 km",Petrol,Kolkata,2018
Mercedes-Benz E-Class E220d,₹ 51.96 Lakh,"51,901 km",Diesel,Noida,2022
Maruti Suzuki Ertiga VXI CNG,₹ 3.98 Lakh,"33,886 km",Diesel,Ahmedabad,2023
Hyundai Santro Sportz,₹ 1.20 Lakh,"170,617 km",Diesel,Mumbai,2012
BMW 3 Series 320d,₹ 36.57 Lakh,"142,500 km",Petrol,Thane,2014
Audi A4 35 TDI,₹ 28.59 Lakh,"186,033 km",Petrol,Bangalore,2012
Hyundai Venue S,₹ 1.34 Lakh,"127,337 km",CNG,Thane,2017
Mahindra XUV500 W8,₹ 3.49 Lakh,"140,643 km",Petrol,Ahmedabad,2014
Mahindra XUV500 W8,₹ 8.41 Lakh,"90,605 km",Diesel,Pune,2020
BMW 3 Series 320d,₹ 34.71 Lakh,"163,272 km",Petrol,Noida,2013
Honda City VX,₹ 6.91 Lakh,"46,174 km",Diesel,Bangalore,2023
Maruti Suzuki Ertiga VXI CNG,₹ 1.20 Lakh,"120,213 km",Petrol,Thane,2017
BMW X1 sDrive20d,₹ 41.31 Lakh,"59,210 km",Diesel,Hyderabad,2021
Toyota Innova Crysta GX,₹ 10.80 Lakh,"63,367 km",Petrol,Bangalore,2022
Maruti Suzuki Ciaz ZXI+,₹ 1.20 Lakh,"98,111 km",Diesel,Hyderabad,2017
Mahindra Scorpio S11,₹ 6.60 Lakh,"108,679 km",Petrol,Pune,2017
Maruti Suzuki Vitara Brezza VDi,₹ 1.20 Lakh,"194,066 km",Petrol,Mumbai,2012
Kia Sonet GTX,₹ 2.47 Lakh,"180,910 km",Diesel,Thane,2012
Mercedes-Benz E-Class E220d,₹ 52.18 Lakh,"70,178 km",Diesel,Ahmedabad,2021
Audi A4 35 TDI,₹ 31.50 Lakh,"156,765 km",Diesel,Ahmedabad,2014
Maruti Suzuki Baleno Delta 1.2,₹ 1.20 Lakh,"172,729 km",Diesel,Chennai,2013
Maruti Suzuki Baleno Delta 1.2,₹ 1.38 Lakh,"86,374 km",CNG,Bangalore,2020
Hyundai Elite i20 Sportz,₹ 5.27 Lakh,"53,000 km",Diesel,Chennai,2021
Mercedes-Benz GLA 220d,₹ 44.34 Lakh,"160,555 km",Petrol,Thane,2013
Mahindra Thar LX,₹ 10.63 Lakh,"53,001 km",Diesel,Delhi,2022
Hyundai Elite i20 Sportz,₹ 1.20 Lakh,"118,412 km",CNG,Hyderabad,2015
Kia Sonet GTX,₹ 9.59 Lakh,"58,941 km",CNG,Hyderabad,2022
Tata Harrier XZ,₹ 1.20 Lakh,"164,649 km",Petrol,Pune,2012
Kia Sonet GTX,₹ 8.61 Lakh,"76,831 km",Diesel,Chennai,2020
Hyundai Grand i10 Magna,₹ 1.69 Lakh,"103,517 km",Diesel,Chennai,2017
Hyundai Venue S,₹ 1.20 Lakh,"163,300 km",CNG,Mumbai,2012
Audi Q3 Premium,₹ 34.32 Lakh,"94,296 km",Petrol,Mumbai,2018
Hyundai Venue S,₹ 4.01 Lakh,"93,124 km",Diesel,Delhi,2020
Tata Safari XZ+,₹ 1.20 Lakh,"161,572 km",Petrol,Kolkata,2015
Audi Q5 quattro,₹ 28.94 Lakh,"182,576 km",Diesel,Kolkata,2012
Hyundai i10 Magna,₹ 4.24 Lakh,"78,082 km",CNG,Chennai,2021
Mercedes-Benz E-Class E220d,₹ 48.94 Lakh,"112,437 km",Diesel,Delhi,2018
Mahindra Scorpio S11,₹ 7.64 Lakh,"82,951 km",Diesel,Thane,2018
Audi Q5 quattro,₹ 32.71 Lakh,"130,128 km",Petrol,Pune,2016
Audi A4 35 TDI,₹ 36.23 Lakh,"67,338 km",Petrol,Thane,2022
Tata Tiago XT,₹ 4.31 Lakh,"97,676 km",Diesel,Kolkata,2019
Hyundai Elite i20 Sportz,₹ 5.50 Lakh,"45,898 km",Diesel,Kolkata,2022
Mercedes-Benz E-Class E220d,₹ 51.29 Lakh,"56,340 km",Petrol,Delhi,2022
Maruti Suzuki Baleno Delta 1.2,₹ 3.23 Lakh,"56,603 km",Petrol,Bangalore,2022
Kia Seltos GTX,₹ 8.76 Lakh,"74,498 km",CNG,Noida,2021
Mercedes-Benz E-Class E220d,₹ 46.65 Lakh,"129,639 km",Petrol,Chennai,2015
Kia Sonet GTX,₹ 9.38 Lakh,"73,393 km",Diesel,Delhi,2021
Hyundai Santro Sportz,₹ 2.67 Lakh,"83,483 km",Diesel,Hyderabad,2019
Mercedes-Benz E-Class E220d,₹ 44.05 Lakh,"176,617 km",Petrol,Ahmedabad,2013
BMW 5 Series 520d,₹ 39.72 Lakh,"99,574 km",Diesel,Pune,2018
Maruti Suzuki Ertiga VXI CNG,₹ 1.20 Lakh,"174,839 km",Petrol,Chennai,2012
Honda WR-V VX,₹ 6.17 Lakh,"67,612 km",Diesel,Noida,2021
BMW 3 Series 320d,₹ 39.37 Lakh,"92,376 km",Diesel,Hyderabad,2019
Honda WR-V VX,₹ 1.20 Lakh,"123,189 km",Diesel,Hyderabad,2015
Kia Carens Prestige,₹ 4.40 Lakh,"144,785 km",CNG,Delhi,2014
Maruti Suzuki Alto 800 LXi,₹ 1.20 Lakh,"112,803 km",Diesel,Thane,2018
BMW 3 Series 320d,₹ 38.76 Lakh,"65,325 km",Petrol,Noida,2018
Tata Safari XZ+,₹ 1.20 Lakh,"182,479 km",Petrol,Bangalore,2012
Audi A4 35 TDI,₹ 36.47 Lakh,"55,218 km",Petrol,Ahmedabad,2022
Kia Sonet GTX,₹ 7.44 Lakh,"81,193 km",Petrol,Kolkata,2018
Mahindra XUV500 W8,₹ 3.55 Lakh,"156,188 km",Diesel,Ahmedabad,2012
Audi Q3 Premium,₹ 31.36 Lakh,"144,714 km",Diesel,Mumbai,2015
Mahindra Thar LX,₹ 11.26 Lakh,"26,814 km",CNG,Ahmedabad,2023
Honda Jazz VX,₹ 1.20 Lakh,"128,521 km",CNG,Mumbai,2014
Kia Sonet GTX,₹ 10.70 Lakh,"29,822 km",CNG,Kolkata,2023
Hyundai Elite i20 Sportz,₹ 1.20 Lakh,"101,653 km",Petrol,Mumbai,2016
Maruti Suzuki Wagon R 1.0 VXI,₹ 1.20 Lakh,"125,570 km",Diesel,Thane,2016
Honda City VX,₹ 4.09 Lakh,"88,795 km",Petrol,Pune,2019
Kia Sonet GTX,₹ 7.40 Lakh,"94,189 km",Petrol,Thane,2020
BMW X1 sDrive20d,₹ 38.52 Lakh,"100,388 km",Diesel,Delhi,2018
Kia Sonet GTX,₹ 3.33 Lakh,"163,089 km",Diesel,Ahmedabad,2013
Kia Sonet GTX,₹ 8.43 Lakh,"67,758 km",CNG,Thane,2021
Hyundai Venue S,₹ 5.81 Lakh,"40,016 km",CNG,Delhi,2022
Kia Sonet GTX,₹ 10.89 Lakh,"48,664 km",Petrol,Bangalore,2023
Honda City VX,₹ 3.73 Lakh,"73,917 km",Petrol,Bangalore,2020
Maruti Suzuki Vitara Brezza VDi,₹ 1.20 Lakh,"176,037 km",CNG,Chennai,2012
Mercedes-Benz GLA 220d,₹ 47.47 Lakh,"117,150 km",Petrol,Thane,2016
Tata Safari XZ+,₹ 1.20 Lakh,"173,748 km",CNG,Thane,2012
BMW 5 Series 520d,₹ 33.64 Lakh,"186,468 km",Petrol,Hyderabad,2012
Tata Nexon XZ+,₹ 7.06 Lakh,"52,227 km",Diesel,Ahmedabad,2022
Kia Seltos GTX,₹ 9.29 Lakh,"60,874 km",Petrol,Hyderabad,2021
Honda BR-V VX,₹ 2.63 Lakh,"116,060 km",Petrol,Delhi,2017
Mercedes-Benz E-Class E220d,₹ 48.69 Lakh,"118,739 km",Diesel,Delhi,2018
Audi Q5 quattro,₹ 28.81 Lakh,"183,060 km",Petrol,Bangalore,2012
BMW X1 sDrive20d,₹ 34.64 Lakh,"180,509 km",Diesel,Delhi,2012
Audi Q5 quattro,₹ 31.25 Lakh,"129,266 km",Diesel,Noida,2015
Mahindra Scorpio S11,₹ 8.60 Lakh,"92,139 km",Diesel,Bangalore,2020
Hyundai Verna SX,₹ 1.20 Lakh,"146,279 km",Petrol,Pune,2015
Maruti Suzuki Swift VXi,₹ 1.73 Lakh,"74,161 km",Diesel,Bangalore,2020
Hyundai Grand i10 Magna,₹ 3.42 Lakh,"80,193 km",Diesel,Chennai,2020
Kia Sonet GTX,₹ 4.56 Lakh,"151,247 km",CNG,Chennai,2014
Maruti Suzuki Wagon R 1.0 VXI,₹ 1.20 Lakh,"82,262 km",Diesel,Delhi,2020
Mercedes-Benz E-Class E220d,₹ 50.67 Lakh,"81,853 km",Diesel,Bangalore,2021
Mercedes-Benz C-Class C200,₹ 53.10 Lakh,"39,969 km",Petrol,Pune,2023
Tata Nexon XZ+,₹ 7.74 Lakh,"40,383 km",Petrol,Ahmedabad,2023
Honda Jazz VX,₹ 1.20 Lakh,"136,249 km",Petrol,Noida,2014
Kia Carens Prestige,₹ 9.39 Lakh,"50,432 km",Petrol,Thane,2022
Audi A4 35 TDI,₹ 32.14 Lakh,"127,740 km",Petrol,Noida,2017
Toyota Fortuner 2.8 4x2,₹ 3.62 Lakh,"166,292 km",Petrol,Pune,2013
Maruti Suzuki Vitara Brezza VDi,₹ 1.20 Lakh,"142,920 km",CNG,Bangalore,2013
Maruti Suzuki Ertiga VXI CNG,₹ 1.20 Lakh,"165,675 km",CNG,Mumbai,2013
Hyundai Creta SX,₹ 1.59 Lakh,"100,699 km",Petrol,Thane,2017
BMW 3 Series 320d,₹ 35.94 Lakh,"155,922 km",Diesel,Ahmedabad,2014
Toyota Etios Liva G,₹ 7.36 Lakh,"112,243 km",CNG,Ahmedabad,2017
Mahindra Thar LX,₹ 2.18 Lakh,"165,290 km",Diesel,Noida,2012
Maruti Suzuki Ciaz ZXI+,₹ 4.73 Lakh,"41,363 km",Diesel,Noida,2023
Mercedes-Benz GLA 220d,₹ 44.42 Lakh,"181,028 km",Diesel,Kolkata,2013
Hyundai Santro Sportz,₹ 1.20 Lakh,"121,805 km",Diesel,Mumbai,2015
Kia Carens Prestige,₹ 2.71 Lakh,"157,083 km",CNG,Kolkata,2013
BMW 3 Series 320d,₹ 35.38 Lakh,"152,545 km",Diesel,Pune,2014
Honda WR-V VX,₹ 1.20 Lakh,"161,139 km",Petrol,Thane,2014
Honda City VX,₹ 5.26 Lakh,"73,534 km",Petrol,Pune,2021
Hyundai i10 Magna,₹ 4.90 Lakh,"66,671 km",Diesel,Delhi,2021
Toyota Glanza G,₹ 10.61 Lakh,"74,724 km",Petrol,Thane,2022
Toyota Glanza G,₹ 8.14 Lakh,"91,138 km",CNG,Kolkata,2019
Audi Q5 quattro,₹ 34.95 Lakh,"84,602 km",Diesel,Thane,2019
BMW 3 Series 320d,₹ 35.81 Lakh,"164,728 km",Diesel,Pune,2015
Toyota Corolla Altis G,₹ 9.05 Lakh,"72,482 km",CNG,Chennai,2019
Maruti Suzuki Alto 800 LXi,₹ 1.20 Lakh,"172,240 km",CNG,Kolkata,2012
Tata Harrier XZ,₹ 8.64 Lakh,"27,213 km",Diesel,Kolkata,2023
Mercedes-Benz E-Class E220d,₹ 50.88 Lakh,"78,401 km",Diesel,Noida,2020
Hyundai Creta SX,₹ 4.55 Lakh,"70,324 km",Diesel,Pune,2020
Toyota Glanza G,₹ 12.59 Lakh,"24,173 km",Diesel,Thane,2023
Mahindra Scorpio S11,₹ 2.68 Lakh,"165,258 km",CNG,Ahmedabad,2013
Honda Jazz VX,₹ 1.20 Lakh,"136,776 km",Diesel,Thane,2015
Mahindra Thar LX,₹ 2.93 Lakh,"164,484 km",Petrol,Thane,2013
Honda City VX,₹ 3.38 Lakh,"89,522 km",CNG,Kolkata,2019
Mahindra XUV500 W8,₹ 3.88 Lakh,"161,359 km",Diesel,Noida,2013
Mercedes-Benz E-Class E220d,₹ 48.14 Lakh,"119,468 km",Diesel,Thane,2016
Honda Amaze VX,₹ 2.60 Lakh,"114,274 km",Diesel,Kolkata,2016
Mahindra XUV500 W8,₹ 8.97 Lakh,"77,811 km",CNG,Kolkata,2020
Audi A4 35 TDI,₹ 33.33 Lakh,"97,920 km",Diesel,Bangalore,2017
Audi A4 35 TDI,₹ 37.13 Lakh,"58,735 km",Diesel,Chennai,2023
Mercedes-Benz GLA 220d,₹ 51.26 Lakh,"80,045 km",Petrol,Pune,2021
Tata Safari XZ+,₹ 6.77 Lakh,"65,920 km",Diesel,Thane,2021
Mahindra Scorpio S11,₹ 9.65 Lakh,"45,001 km",Petrol,Chennai,2022
Hyundai Santro Sportz,₹ 4.16 Lakh,"68,703 km",Diesel,Pune,2021
Mercedes-Benz GLA 220d,₹ 49.37 Lakh,"101,441 km",Petrol,Noida,2018
Toyota Glanza G,₹ 7.44 Lakh,"96,697 km",CNG,Mumbai,2018
Tata Tiago XT,₹ 1.20 Lakh,"137,115 km",Diesel,Bangalore,2014
Kia Sonet GTX,₹ 3.73 Lakh,"157,509 km",CNG,Pune,2013
BMW 3 Series 320d,₹ 43.02 Lakh,"38,481 km",Diesel,Thane,2023
Toyota Innova Crysta GX,₹ 10.21 Lakh,"68,272 km",Petrol,Pune,2020
Mahindra Scorpio S11,₹ 10.17 Lakh,"52,341 km",CNG,Ahmedabad,2021
Hyundai Creta SX,₹ 1.20 Lakh,"140,827 km",Diesel,Noida,2015
Tata Harrier XZ,₹ 1.20 Lakh,"174,654 km",Petrol,Bangalore,2014
Mercedes-Benz C-Class C200,₹ 48.18 Lakh,"105,282 km",Petrol,Thane,2017
Toyota Etios Liva G,₹ 9.19 Lakh,"98,825 km",Diesel,Bangalore,2019
Tata Harrier XZ,₹ 5.93 Lakh,"88,627 km",CNG,Thane,2021
Tata Harrier XZ,₹ 4.91 Lakh,"88,576 km",Petrol,Chennai,2019
Kia Sonet GTX,₹ 7.49 Lakh,"98,764 km",CNG,Hyderabad,2018
Honda BR-V VX,₹ 1.76 Lakh,"136,018 km",Petrol,Hyderabad,2016
BMW 5 Series 520d,₹ 40.57 Lakh,"48,933 km",Petrol,Pune,2021
Kia Carens Prestige,₹ 8.51 Lakh,"76,451 km",CNG,Pune,2021
Toyota Fortuner 2.8 4x2,₹ 8.46 Lakh,"82,942 km",Petrol,Thane,2020
Hyundai Santro Sportz,₹ 4.26 Lakh,"67,690 km",CNG,Kolkata,2022
Toyota Corolla Altis G,₹ 9.68 Lakh,"74,199 km",Petrol,Mumbai,2020
Mahindra Thar LX,₹ 10.31 Lakh,"33,816 km",CNG,Ahmedabad,2022
Honda Jazz VX,₹ 3.94 Lakh,"71,454 km",CNG,Mumbai,2020
Kia Seltos GTX,₹ 9.74 Lakh,"67,659 km",Petrol,Hyderabad,2021
Kia Carens Prestige,₹ 5.84 Lakh,"143,164 km",CNG,Ahmedabad,2016
Maruti Suzuki Vitara Brezza VDi,₹ 4.17 Lakh,"38,245 km",Petrol,Thane,2023
Maruti Suzuki Ciaz ZXI+,₹ 3.07 Lakh,"39,128 km",Diesel,Mumbai,2022
Hyundai Verna SX,₹ 3.64 Lakh,"77,523 km",Diesel,Noida,2020
Tata Nexon XZ+,₹ 3.73 Lakh,"102,185 km",CNG,Ahmedabad,2018
Toyota Fortuner 2.8 4x2,₹ 8.78 Lakh,"108,108 km",Diesel,Mumbai,2018
Honda Jazz VX,₹ 1.95 Lakh,"128,534 km",Petrol,Kolkata,2017
Honda City VX,₹ 1.20 Lakh,"181,504 km",CNG,Bangalore,2013
Mercedes-Benz C-Class C200,₹ 46.00 Lakh,"155,358 km",Diesel,Mumbai,2015
Hyundai Verna SX,₹ 1.20 Lakh,"176,186 km",Diesel,Thane,2012
BMW X1 sDrive20d,₹ 40.57 Lakh,"61,592 km",Petrol,Chennai,2021
Toyota Glanza G,₹ 10.57 Lakh,"66,883 km",Diesel,Kolkata,2021
BMW 5 Series 520d,₹ 41.52 Lakh,"57,957 km",Diesel,Pune,2020
Kia Sonet GTX,₹ 6.45 Lakh,"109,779 km",CNG,Bangalore,2017
Tata Safari XZ+,₹ 1.20 Lakh,"159,756 km",Petrol,Hyderabad,2015
Maruti Suzuki Alto 800 LXi,₹ 1.20 Lakh,"132,079 km",CNG,Mumbai,2015
Hyundai Venue S,₹ 6.01 Lakh,"32,499 km",Petrol,Pune,2022
Honda Amaze VX,₹ 1.20 Lakh,"150,927 km",CNG,Mumbai,2015
Honda BR-V VX,₹ 5.12 Lakh,"58,331 km",Petrol,Mumbai,2022
Honda BR-V VX,₹ 2.27 Lakh,"97,819 km",Petrol,Mumbai,2017
Audi A4 35 TDI,₹ 35.85 Lakh,"59,463 km",Diesel,Pune,2020
Kia Sonet GTX,₹ 9.11 Lakh,"53,546 km",Petrol,Kolkata,2022
Maruti Suzuki Ciaz ZXI+,₹ 3.91 Lakh,"42,580 km",Petrol,Kolkata,2023
Hyundai Elite i20 Sportz,₹ 1.20 Lakh,"154,546 km",Diesel,Hyderabad,2015
Mahindra Scorpio S11,₹ 5.98 Lakh,"118,510 km",Petrol,Thane,2016
Tata Safari XZ+,₹ 3.42 Lakh,"104,153 km",Diesel,Mumbai,2018
BMW 5 Series 520d,₹ 40.76 Lakh,"94,349 km",Diesel,Bangalore,2021
Mercedes-Benz C-Class C200,₹ 47.77 Lakh,"113,268 km",Diesel,Ahmedabad,2017
Hyundai Verna SX,₹ 1.20 Lakh,"93,662 km",Petrol,Mumbai,2017
Audi Q5 quattro,₹ 33.33 Lakh,"82,337 km",Petrol,Chennai,2018
Tata Safari XZ+,₹ 7.15 Lakh,"52,848 km",CNG,Ahmedabad,2021
Mercedes-Benz E-Class E220d,₹ 49.20 Lakh,"102,112 km",Petrol,Ahmedabad,2019
Hyundai Creta SX,₹ 1.20 Lakh,"136,051 km",Petrol,Ahmedabad,2015
Mercedes-Benz C-Class C200,₹ 47.36 Lakh,"128,533 km",Diesel,Delhi,2016
BMW 5 Series 520d,₹ 35.80 Lakh,"130,792 km",Diesel,Mumbai,2014
Hyundai Venue S,₹ 1.20 Lakh,"136,862 km",Petrol,Mumbai,2014
Toyota Innova Crysta GX,₹ 5.36 Lakh,"154,552 km",Petrol,Pune,2014
Hyundai Santro Sportz,₹ 3.98 Lakh,"78,388 km",CNG,Ahmedabad,2021
Audi Q3 Premium,₹ 31.40 Lakh,"132,688 km",Diesel,Kolkata,2015
Maruti Suzuki S-Presso VXi,₹ 1.20 Lakh,"154,326 km",Diesel,Kolkata,2015
Toyota Etios Liva G,₹ 11.80 Lakh,"52,821 km",Diesel,Noida,2023
Mercedes-Benz E-Class E220d,₹ 46.10 Lakh,"142,444 km",Petrol,Bangalore,2015
Mahindra XUV500 W8,₹ 5.77 Lakh,"104,249 km",CNG,Ahmedabad,2017
Tata Nexon XZ+,₹ 2.62 Lakh,"142,548 km",Petrol,Chennai,2016
Tata Harrier XZ,₹ 6.54 Lakh,"51,816 km",Petrol,Mumbai,2020
Audi Q3 Premium,₹ 35.18 Lakh,"78,096 km",Petrol,Mumbai,2020
Tata Nexon XZ+,₹ 2.60 Lakh,"122,843 km",CNG,Mumbai,2016
Kia Carens Prestige,₹ 4.10 Lakh,"143,601 km",Petrol,Kolkata,2015
BMW X1 sDrive20d,₹ 41.71 Lakh,"63,170 km",Petrol,Mumbai,2022
Maruti Suzuki Ertiga VXI CNG,₹ 1.20 Lakh,"140,217 km",CNG,Ahmedabad,2015
Mahindra Thar LX,₹ 6.78 Lakh,"123,542 km",CNG,Bangalore,2017
Mercedes-Benz E-Class E220d,₹ 47.68 Lakh,"113,447 km",Diesel,Kolkata,2017
Tata Safari XZ+,₹ 3.82 Lakh,"97,158 km",CNG,Thane,2018
Kia Carens Prestige,₹ 5.10 Lakh,"112,258 km",Diesel,Mumbai,2015
Audi A4 35 TDI,₹ 32.05 Lakh,"123,941 km",Petrol,Ahmedabad,2016
BMW X1 sDrive20d,₹ 34.02 Lakh,"175,774 km",Diesel,Pune,2012
Mercedes-Benz E-Class E220d,₹ 44.65 Lakh,"173,490 km",Diesel,Chennai,2012
Tata Nexon XZ+,₹ 1.20 Lakh,"157,028 km",Petrol,Delhi,2014
Mahindra Thar LX,₹ 9.40 Lakh,"48,250 km",CNG,Pune,2021
Kia Sonet GTX,₹ 4.46 Lakh,"134,931 km",Diesel,Noida,2015
Mercedes-Benz E-Class E220d,₹ 49.03 Lakh,"118,723 km",Diesel,Pune,2018
Kia Sonet GTX,₹ 2.93 Lakh,"153,373 km",Diesel,Ahmedabad,2012
Toyota Corolla Altis G,₹ 3.47 Lakh,"172,253 km",Diesel,Hyderabad,2012
Honda Jazz VX,₹ 1.20 Lakh,"147,842 km",Petrol,Noida,2015
Toyota Glanza G,₹ 10.96 Lakh,"43,639 km",Petrol,Thane,2023
Maruti Suzuki Wagon R 1.0 VXI,₹ 1.20 Lakh,"80,911 km",Diesel,Kolkata,2020
Audi A4 35 TDI,₹ 29.56 Lakh,"191,640 km",Diesel,Noida,2012
Audi Q3 Premium,₹ 30.01 Lakh,"166,572 km",Petrol,Chennai,2012
Audi Q5 quattro,₹ 35.65 Lakh,"74,602 km",Diesel,Delhi,2020
Maruti Suzuki Wagon R 1.0 VXI,₹ 1.20 Lakh,"144,647 km",CNG,Delhi,2015
BMW 3 Series 320d,₹ 37.08 Lakh,"122,155 km",Petrol,Mumbai,2016
Toyota Corolla Altis G,₹ 6.67 Lakh,"134,754 km",Diesel,Chennai,2015
Audi Q5 quattro,₹ 35.49 Lakh,"75,327 km",Petrol,Hyderabad,2020
Toyota Etios Liva G,₹ 4.02 Lakh,"166,460 km",Diesel,Thane,2014
Mahindra XUV500 W8,₹ 9.25 Lakh,"66,410 km",CNG,Chennai,2022
Maruti Suzuki Alto 800 LXi,₹ 1.20 Lakh,"131,319 km",Petrol,Hyderabad,2015
Maruti Suzuki Swift VXi,₹ 3.27 Lakh,"31,886 km",CNG,Chennai,2023
Hyundai Venue S,₹ 1.20 Lakh,"129,621 km",CNG,Ahmedabad,2015
Mahindra Thar LX,₹ 6.64 Lakh,"118,110 km",CNG,Delhi,2017
BMW X1 sDrive20d,₹ 38.61 Lakh,"102,636 km",Diesel,Pune,2018
Kia Seltos GTX,₹ 6.25 Lakh,"120,762 km",Diesel,Mumbai,2016
Hyundai Grand i10 Magna,₹ 1.20 Lakh,"184,615 km",CNG,Mumbai,2012
Honda WR-V VX,₹ 1.72 Lakh,"119,037 km",Diesel,Noida,2016
Audi Q5 quattro,₹ 32.54 Lakh,"107,545 km",Petrol,Pune,2017
Honda WR-V VX,₹ 3.11 Lakh,"112,823 km",Diesel,Noida,2017
Maruti Suzuki Vitara Brezza VDi,₹ 1.20 Lakh,"131,784 km",Diesel,Bangalore,2015
Kia Sonet GTX,₹ 6.26 Lakh,"102,334 km",Petrol,Pune,2018
Tata Nexon XZ+,₹ 6.35 Lakh,"73,094 km",Petrol,Mumbai,2021
Maruti Suzuki Alto 800 LXi,₹ 1.20 Lakh,"148,987 km",Petrol,Bangalore,2014
Kia Seltos GTX,₹ 6.93 Lakh,"103,541 km",Diesel,Bangalore,2018
Mercedes-Benz E-Class E220d,₹ 49.53 Lakh,"79,331 km",Diesel,Delhi,2019
Audi Q3 Premium,₹ 34.71 Lakh,"74,254 km",Petrol,Bangalore,2020
Honda WR-V VX,₹ 1.93 Lakh,"130,130 km",Petrol,Delhi,2016
Mercedes-Benz E-Class E220d,₹ 45.03 Lakh,"131,072 km",Petrol,Kolkata,2012
Mercedes-Benz GLA 220d,₹ 45.09 Lakh,"165,027 km",Petrol,Delhi,2013
Audi Q3 Premium,₹ 36.06 Lakh,"78,116 km",Diesel,Bangalore,2021
Toyota Corolla Altis G,₹ 11.06 Lakh,"45,974 km",CNG,Pune,2023
Mahindra Scorpio S11,₹ 6.18 Lakh,"100,827 km",Petrol,Noida,2017
Toyota Fortuner 2.8 4x2,₹ 3.96 Lakh,"161,401 km",Petrol,Hyderabad,2012
Audi A4 35 TDI,₹ 38.43 Lakh,"32,185 km",Petrol,Bangalore,2023
Audi Q3 Premium,₹ 37.21 Lakh,"43,343 km",Petrol,Hyderabad,2023
Tata Safari XZ+,₹ 1.43 Lakh,"140,489 km",CNG,Pune,2015
BMW 5 Series 520d,₹ 41.02 Lakh,"55,032 km",Diesel,Hyderabad,2021
Maruti Suzuki Swift VXi,₹ 1.20 Lakh,"117,422 km",Petrol,Bangalore,2017
Audi A4 35 TDI,₹ 32.72 Lakh,"124,817 km",Diesel,Bangalore,2017
Audi Q5 quattro,₹ 33.99 Lakh,"90,343 km",Petrol,Mumbai,2018
Audi A4 35 TDI,₹ 31.17 Lakh,"153,936 km",Diesel,Delhi,2015
Mercedes-Benz E-Class E220d,₹ 52.32 Lakh,"63,747 km",Diesel,Bangalore,2023
Tata Tiago XT,₹ 3.63 Lakh,"105,190 km",Diesel,Chennai,2017
Hyundai Grand i10 Magna,₹ 1.20 Lakh,"163,559 km",CNG,Hyderabad,2013
Tata Safari XZ+,₹ 1.20 Lakh,"177,533 km",CNG,Delhi,2012
Tata Harrier XZ,₹ 1.90 Lakh,"130,720 km",Diesel,Ahmedabad,2015
Tata Tiago XT,₹ 8.10 Lakh,"49,617 km",Diesel,Delhi,2022
BMW 3 Series 320d,₹ 41.15 Lakh,"75,374 km",Diesel,Mumbai,2022
Mahindra Scorpio S11,₹ 5.57 Lakh,"132,162 km",Diesel,Kolkata,2016
Mahindra Scorpio S11,₹ 9.11 Lakh,"53,873 km",Petrol,Chennai,2021
Mahindra Thar LX,₹ 10.74 Lakh,"50,529 km",Diesel,Bangalore,2022
Kia Sonet GTX,₹ 3.70 Lakh,"144,310 km",Petrol,Hyderabad,2014
Hyundai Venue S,₹ 1.20 Lakh,"156,406 km",Petrol,Bangalore,2013
Honda BR-V VX,₹ 6.30 Lakh,"54,011 km",Diesel,Ahmedabad,2023
Hyundai Verna SX,₹ 2.70 Lakh,"98,149 km",Diesel,Pune,2018
Hyundai Verna SX,₹ 4.66 Lakh,"42,908 km",Petrol,Ahmedabad,2022
Maruti Suzuki Alto 800 LXi,₹ 1.85 Lakh,"73,105 km",CNG,Mumbai,2020
Mercedes-Benz E-Class E220d,₹ 46.40 Lakh,"156,625 km",Diesel,Kolkata,2014
Kia Carens Prestige,₹ 3.19 Lakh,"155,663 km",CNG,Noida,2013
Audi Q5 quattro,₹ 34.37 Lakh,"85,862 km",Petrol,Noida,2018
Toyota Glanza G,₹ 4.33 Lakh,"147,744 km",CNG,Thane,2013
Hyundai Elite i20 Sportz,₹ 3.72 Lakh,"84,134 km",Diesel,Noida,2019
Hyundai Venue S,₹ 1.82 Lakh,"111,587 km",Diesel,Kolkata,2019
Mercedes-Benz GLA 220d,₹ 49.10 Lakh,"111,171 km",Petrol,Kolkata,2018
Audi Q5 quattro,₹ 32.77 Lakh,"122,304 km",Diesel,Mumbai,2017
Audi Q3 Premium,₹ 30.74 Lakh,"157,546 km",Petrol,Kolkata,2014
Maruti Suzuki Swift VXi,₹ 1.20 Lakh,"122,374 km",CNG,Delhi,2017
Maruti Suzuki Ertiga VXI CNG,₹ 1.32 Lakh,"73,817 km",CNG,Thane,2020
Hyundai Verna SX,₹ 4.34 Lakh,"73,891 km",CNG,Kolkata,2020
Audi Q3 Premium,₹ 32.33 Lakh,"133,192 km",Petrol,Thane,2015
Audi Q3 Premium,₹ 29.97 Lakh,"155,649 km",Petrol,Chennai,2013
BMW X1 sDrive20d,₹ 34.94 Lakh,"145,311 km",Petrol,Noida,2013
Maruti Suzuki Baleno Delta 1.2,₹ 1.20 Lakh,"154,401 km",Petrol,Pune,2015
Kia Carens Prestige,₹ 4.61 Lakh,"148,644 km",CNG,Chennai,2015
Mahindra Thar LX,₹ 3.28 Lakh,"182,469 km",CNG,Noida,2013
BMW 3 Series 320d,₹ 34.75 Lakh,"168,290 km",Diesel,Chennai,2012
Tata Tiago XT,₹ 1.20 Lakh,"155,868 km",Diesel,Mumbai,2013
Audi Q3 Premium,₹ 35.33 Lakh,"71,826 km",Diesel,Mumbai,2020
Hyundai Elite i20 Sportz,₹ 5.33 Lakh,"12,558 km",Petrol,Pune,2023
Kia Carens Prestige,₹ 3.24 Lakh,"155,280 km",CNG,Chennai,2014
Mercedes-Benz C-Class C200,₹ 45.93 Lakh,"131,846 km",Petrol,Hyderabad,2014
Honda City VX,₹ 1.20 Lakh,"196,752 km",CNG,Noida,2012
Mahindra XUV500 W8,₹ 3.63 Lakh,"147,649 km",Petrol,Mumbai,2014
BMW 5 Series 520d,₹ 38.46 Lakh,"118,828 km",Diesel,Ahmedabad,2016
BMW 3 Series 320d,₹ 35.02 Lakh,"173,632 km",Diesel,Kolkata,2012
Mahindra Scorpio S11,₹ 1.72 Lakh,"183,593 km",CNG,Thane,2012
Kia Carens Prestige,₹ 4.00 Lakh,"135,678 km",Diesel,Mumbai,2014
Mercedes-Benz GLA 220d,₹ 49.02 Lakh,"95,367 km",Petrol,Bangalore,2018
Honda WR-V VX,₹ 6.76 Lakh,"37,330 km",CNG,Delhi,2023
Toyota Etios Liva G,₹ 12.32 Lakh,"37,549 km",CNG,Thane,2023
Maruti Suzuki Alto 800 LXi,₹ 1.20 Lakh,"125,421 km",Petrol,Bangalore,2016
Audi Q5 quattro,₹ 36.07 Lakh,"63,936 km",Diesel,Hyderabad,2020
Mercedes-Benz E-Class E220d,₹ 43.39 Lakh,"176,060 km",Petrol,Kolkata,2012
Hyundai Elite i20 Sportz,₹ 5.66 Lakh,"24,579 km",Petrol,Pune,2022
Tata Tiago XT,₹ 1.20 Lakh,"160,217 km",Petrol,Noida,2015
Honda City VX,₹ 1.20 Lakh,"187,181 km",Petrol,Chennai,2012
Tata Nexon XZ+,₹ 1.20 Lakh,"135,163 km",Diesel,Pune,2012
Maruti Suzuki Wagon R 1.0 VXI,₹ 1.20 Lakh,"137,426 km",CNG,Thane,2013
Audi A4 35 TDI,₹ 31.14 Lakh,"138,278 km",Petrol,Delhi,2015
Audi Q5 quattro,₹ 38.08 Lakh,"45,359 km",Diesel,Mumbai,2022
Tata Tiago XT,₹ 1.20 Lakh,"178,257 km",Petrol,Kolkata,2012
Mercedes-Benz GLA 220d,₹ 52.77 Lakh,"20,439 km",Petrol,Thane,2023
Audi A4 35 TDI,₹ 36.16 Lakh,"74,423 km",Petrol,Chennai,2021
Tata Harrier XZ,₹ 1.23 Lakh,"146,577 km",Petrol,Bangalore,2014
Kia Sonet GTX,₹ 4.84 Lakh,"149,630 km",Diesel,Pune,2014
Hyundai Santro Sportz,₹ 5.51 Lakh,"39,582 km",CNG,Kolkata,2023
Kia Sonet GTX,₹ 8.58 Lakh,"56,284 km",Petrol,Chennai,2020
Hyundai Creta SX,₹ 1.20 Lakh,"119,003 km",Diesel,Mumbai,2016
Kia Carens Prestige,₹ 2.67 Lakh,"175,600 km",CNG,Pune,2012
Hyundai i10 Magna,₹ 3.74 Lakh,"70,487 km",Petrol,Delhi,2020
Maruti Suzuki S-Presso VXi,₹ 1.20 Lakh,"103,404 km",CNG,Chennai,2018
Honda WR-V VX,₹ 6.32 Lakh,"45,995 km",Petrol,Delhi,2023
Tata Safari XZ+,₹ 1.20 Lakh,"148,172 km",Diesel,Hyderabad,2014
Tata Nexon XZ+,₹ 1.20 Lakh,"166,048 km",CNG,Bangalore,2012
Toyota Fortuner 2.8 4x2,₹ 11.03 Lakh,"48,813 km",Diesel,Mumbai,2021
Kia Carens Prestige,₹ 10.08 Lakh,"61,256 km",Diesel,Pune,2023
