car_name,car_price_in_rupees,kms_driven,fuel_type,city,year_of_manufacture
Ford EcoSport Titanium,₹ 9.03 Lakh,"101,930 km",Diesel,Pune,2018
Mercedes-Benz C-Class C200,₹ 17.08 Lakh,"172,328 km",Petrol,Ahmedabad,2012
Jeep Compass Limited,₹ 31.88 Lakh,"3,000 km",Diesel,Thane,2025
Jaguar F-Pace,₹ 22.73 Lakh,"160,533 km",Hybrid,Bangalore,2012
Jeep Compass Limited,₹ 21.12 Lakh,"93,415 km",CNG,Mumbai,2020
Jaguar XE Prestige,₹ 33.69 Lakh,"128,426 km",Petrol,Kochi,2017
Kia Sonet GTX,₹ 12.49 Lakh,"27,423 km",Petrol,Kolkata,2022
MG Hector Sharp,₹ 15.47 Lakh,"39,824 km",Diesel,Delhi,2023
Mercedes-Benz E-Class E220d,₹ 34.80 Lakh,"116,089 km",Hybrid,Delhi,2017
Ford EcoSport Titanium,₹ 8.37 Lakh,"79,289 km",Petrol,Jaipur,2019
Volvo XC60,₹ 26.33 Lakh,"109,851 km",Diesel,Kolkata,2017
Volkswagen Taigun GT,₹ 15.21 Lakh,"23,233 km",Diesel,Bangalore,2023
Skoda Superb L&K,₹ 15.83 Lakh,"103,407 km",Petrol,Ahmedabad,2021
Renault Kwid Climber,₹ 3.59 Lakh,"92,549 km",Petrol,Thane,2019
Hyundai Venue SX,₹ 10.69 Lakh,"27,131 km",Petrol,Lucknow,2024
Tata Altroz XZ,₹ 8.20 Lakh,"134,664 km",Diesel,Mumbai,2018
Volvo XC60,₹ 44.74 Lakh,"31,377 km",Electric,Hyderabad,2023
MG ZS EV,₹ 8.15 Lakh,"150,610 km",Petrol,Lucknow,2015
Volkswagen Taigun GT,₹ 6.12 Lakh,"191,569 km",Diesel,Pune,2012
Mercedes-Benz GLA 200,₹ 50.69 Lakh,"75,648 km",Diesel,Bangalore,2022
Volvo XC60,₹ 34.47 Lakh,"99,223 km",Diesel,Bangalore,2018
Audi A4 35 TDI,₹ 16.51 Lakh,"170,990 km",Petrol,Bangalore,2013
Volvo XC40 Recharge,₹ 27.50 Lakh,"112,808 km",Petrol,Ahmedabad,2017
Renault Triber RXZ,₹ 4.90 Lakh,"113,495 km",Petrol,Delhi,2017
Audi Q3 Premium,₹ 31.37 Lakh,"90,194 km",Diesel,Kochi,2019
Tata Harrier XZ,₹ 6.94 Lakh,"151,293 km",Hybrid,Noida,2015
Volvo XC40 Recharge,₹ 48.14 Lakh,"3,000 km",CNG,Kochi,2024
Tata Punch Creative,₹ 12.47 Lakh,"25,235 km",Petrol,Noida,2024
Ford EcoSport Titanium,₹ 9.83 Lakh,"89,652 km",CNG,Mysuru,2021
Nissan Magnite XV,₹ 4.49 Lakh,"93,709 km",Diesel,Pune,2015
Maruti Suzuki Dzire ZXi,₹ 7.67 Lakh,"92,407 km",Hybrid,Kolkata,2019
Renault Kiger RXZ,₹ 1.68 Lakh,"193,598 km",Petrol,Hyderabad,2013
Ford EcoSport Titanium,₹ 10.67 Lakh,"66,508 km",CNG,Kolkata,2019
Renault Triber RXZ,₹ 3.14 Lakh,"138,828 km",CNG,Delhi,2013
Kia Sonet GTX,₹ 6.00 Lakh,"130,588 km",Petrol,Kochi,2014
Nissan Magnite XV,₹ 5.92 Lakh,"56,319 km",Petrol,Mumbai,2023
Jaguar F-Pace,₹ 58.56 Lakh,"20,196 km",Diesel,Kolkata,2024
Volvo XC40 Recharge,₹ 18.59 Lakh,"157,451 km",Petrol,Kochi,2012
Mahindra Thar LX,₹ 15.34 Lakh,"34,450 km",Petrol,Hyderabad,2025
MG ZS EV,₹ 10.49 Lakh,"152,450 km",Petrol,Ahmedabad,2017
Hyundai i20 Asta,₹ 8.86 Lakh,"76,716 km",Diesel,Lucknow,2019
Mercedes-Benz C-Class C200,₹ 41.57 Lakh,"53,806 km",Petrol,Noida,2020
Tata Harrier XZ,₹ 10.39 Lakh,"37,366 km",Petrol,Kochi,2024
Hyundai i20 Asta,₹ 9.41 Lakh,"47,452 km",Diesel,Noida,2022
Toyota Glanza G,₹ 8.12 Lakh,"143,905 km",Petrol,Kolkata,2015
Honda BR-V VX,₹ 5.88 Lakh,"122,930 km",Diesel,Noida,2017
Kia Carens Prestige,₹ 8.53 Lakh,"108,767 km",Petrol,Hyderabad,2016
Volkswagen Polo GT,₹ 6.85 Lakh,"148,554 km",CNG,Mumbai,2015
Nissan Magnite XV,₹ 3.72 Lakh,"129,992 km",Petrol,Jaipur,2017
Toyota Innova Crysta GX,₹ 14.08 Lakh,"51,879 km",Diesel,Pune,2023
Mahindra Thar LX,₹ 11.92 Lakh,"141,833 km",Electric,Mumbai,2015
MG Hector Sharp,₹ 14.98 Lakh,"37,998 km",Petrol,Noida,2023
Jeep Compass Limited,₹ 18.07 Lakh,"105,976 km",Petrol,Noida,2017
Maruti Suzuki Brezza ZXi,₹ 3.64 Lakh,"144,178 km",Diesel,Chennai,2017
Honda City ZX,₹ 8.32 Lakh,"38,944 km",Petrol,Chennai,2024
Tata Punch Creative,₹ 12.31 Lakh,"70,473 km",Petrol,Ahmedabad,2024
Volkswagen Taigun GT,₹ 5.53 Lakh,"132,922 km",Diesel,Pune,2014
Hyundai Venue SX,₹ 11.19 Lakh,"101,065 km",Electric,Chennai,2018
Honda Jazz VX,₹ 3.18 Lakh,"156,069 km",Petrol,Delhi,2013
Ford Endeavour Titanium,₹ 7.35 Lakh,"121,974 km",Diesel,Bangalore,2016
MG Hector Sharp,₹ 9.47 Lakh,"153,150 km",Electric,Jaipur,2014
Kia Sonet GTX,₹ 9.43 Lakh,"105,348 km",Diesel,Mumbai,2019
Maruti Suzuki Dzire ZXi,₹ 1.35 Lakh,"207,119 km",Diesel,Hyderabad,2012
MG Astor Savvy,₹ 5.92 Lakh,"168,816 km",Diesel,Jaipur,2013
BMW X1 sDrive,₹ 52.56 Lakh,"58,538 km",Petrol,Hyderabad,2025
Mahindra Thar LX,₹ 10.31 Lakh,"87,276 km",Hybrid,Lucknow,2017
Honda Jazz VX,₹ 5.88 Lakh,"109,921 km",CNG,Lucknow,2018
Skoda Superb L&K,₹ 8.79 Lakh,"148,466 km",Diesel,Bangalore,2015
Tata Punch Creative,₹ 7.49 Lakh,"111,124 km",Petrol,Noida,2019
Hyundai i20 Asta,₹ 4.43 Lakh,"142,389 km",Petrol,Bangalore,2015
Honda BR-V VX,₹ 3.88 Lakh,"117,943 km",Diesel,Bangalore,2016
Honda Amaze VX,₹ 4.76 Lakh,"105,790 km",Diesel,Ahmedabad,2018
Skoda Superb L&K,₹ 8.82 Lakh,"181,033 km",CNG,Mumbai,2015
Lexus NX 350h,₹ 65.36 Lakh,"56,913 km",Petrol,Kolkata,2024
Mahindra XUV700 AX7,₹ 16.51 Lakh,"41,388 km",Diesel,Kochi,2025
Mercedes-Benz C-Class C200,₹ 46.24 Lakh,"49,351 km",Diesel,Thane,2020
Jaguar XE Prestige,₹ 24.91 Lakh,"175,436 km",Petrol,Delhi,2013
Hyundai Creta SX,₹ 9.33 Lakh,"59,871 km",Diesel,Hyderabad,2022
Maruti Suzuki Brezza ZXi,₹ 10.18 Lakh,"71,804 km",Electric,Delhi,2024
Honda BR-V VX,₹ 3.86 Lakh,"147,821 km",CNG,Lucknow,2016
Kia Seltos HTX,₹ 13.20 Lakh,"34,241 km",CNG,Delhi,2023
Skoda Slavia Style,₹ 13.80 Lakh,"53,830 km",Diesel,Hyderabad,2021
Mahindra Scorpio N Z8,₹ 6.98 Lakh,"113,959 km",Diesel,Mumbai,2016
Hyundai Verna SX,₹ 8.32 Lakh,"107,468 km",Hybrid,Delhi,2016
BMW 5 Series 530d,₹ 49.14 Lakh,"25,986 km",Petrol,Delhi,2023
Skoda Slavia Style,₹ 11.69 Lakh,"91,913 km",Petrol,Kolkata,2019
Mercedes-Benz E-Class E220d,₹ 33.30 Lakh,"99,601 km",Electric,Delhi,2016
Mercedes-Benz E-Class E220d,₹ 33.62 Lakh,"144,178 km",Petrol,Lucknow,2017
Toyota Fortuner 4x2,₹ 6.76 Lakh,"105,214 km",Petrol,Mumbai,2015
BMW X1 sDrive,₹ 34.90 Lakh,"94,488 km",Petrol,Kochi,2019
Ford EcoSport Titanium,₹ 13.07 Lakh,"14,202 km",Petrol,Ahmedabad,2025
Kia Carens Prestige,₹ 6.64 Lakh,"191,908 km",Electric,Chennai,2012
Honda BR-V VX,₹ 6.77 Lakh,"130,008 km",Petrol,Ahmedabad,2018
Hyundai i20 Asta,₹ 3.01 Lakh,"165,817 km",Petrol,Jaipur,2013
Mahindra XUV500 W8,₹ 9.79 Lakh,"115,565 km",Diesel,Mysuru,2016
Maruti Suzuki Brezza ZXi,₹ 3.88 Lakh,"88,113 km",Diesel,Kochi,2020
Jeep Compass Limited,₹ 25.47 Lakh,"70,433 km",Petrol,Bangalore,2021
Volvo XC40 Recharge,₹ 20.77 Lakh,"128,116 km",Petrol,Pune,2014
Volkswagen Taigun GT,₹ 12.47 Lakh,"59,471 km",Diesel,Delhi,2022
Tata Harrier XZ,₹ 5.26 Lakh,"162,629 km",Diesel,Mysuru,2015
MG Astor Savvy,₹ 8.84 Lakh,"137,676 km",Petrol,Hyderabad,2017
Tata Punch Creative,₹ 8.44 Lakh,"81,564 km",Petrol,Hyderabad,2020
Jaguar XE Prestige,₹ 20.38 Lakh,"177,960 km",Petrol,Noida,2012
Hyundai Verna SX,₹ 4.59 Lakh,"111,426 km",Diesel,Pune,2016
Mercedes-Benz GLA 200,₹ 49.19 Lakh,"66,765 km",Petrol,Hyderabad,2022
Jeep Compass Limited,₹ 29.12 Lakh,"3,000 km",CNG,Bangalore,2025
Jeep Compass Limited,₹ 27.38 Lakh,"62,998 km",Electric,Lucknow,2021
Audi Q3 Premium,₹ 20.68 Lakh,"142,448 km",Diesel,Hyderabad,2015
Toyota Urban Cruiser,₹ 6.39 Lakh,"161,152 km",Diesel,Hyderabad,2013
Hyundai i20 Asta,₹ 4.71 Lakh,"152,374 km",Diesel,Noida,2014
Toyota Glanza G,₹ 5.42 Lakh,"152,573 km",Petrol,Chennai,2013
Lexus ES 300h,₹ 23.12 Lakh,"219,015 km",Diesel,Kolkata,2012
MG Astor Savvy,₹ 14.92 Lakh,"83,295 km",Hybrid,Kochi,2020
Hyundai Creta SX,₹ 5.26 Lakh,"155,498 km",Diesel,Jaipur,2015
Honda Jazz VX,₹ 5.17 Lakh,"121,660 km",Petrol,Bangalore,2015
Jeep Compass Limited,₹ 26.95 Lakh,"22,416 km",Petrol,Bangalore,2022
Mercedes-Benz C-Class C200,₹ 26.78 Lakh,"129,965 km",Diesel,Hyderabad,2015
Skoda Slavia Style,₹ 16.13 Lakh,"70,325 km",Diesel,Mumbai,2021
BMW 5 Series 530d,₹ 49.44 Lakh,"80,690 km",Electric,Bangalore,2022
Mahindra Thar LX,₹ 4.48 Lakh,"186,398 km",Diesel,Mumbai,2012
Ford EcoSport Titanium,₹ 5.52 Lakh,"180,623 km",Petrol,Noida,2013
Hyundai i20 Asta,₹ 9.05 Lakh,"51,296 km",Diesel,Lucknow,2022
Ford Endeavour Titanium,₹ 6.99 Lakh,"159,628 km",Petrol,Ahmedabad,2014
Toyota Innova Crysta GX,₹ 10.06 Lakh,"110,594 km",Petrol,Lucknow,2018
Jeep Compass Limited,₹ 9.52 Lakh,"174,703 km",Diesel,Kolkata,2012
Renault Triber RXZ,₹ 4.06 Lakh,"82,586 km",Petrol,Ahmedabad,2019
Nissan Magnite XV,₹ 6.95 Lakh,"112,316 km",Electric,Chennai,2018
Honda Jazz VX,₹ 4.22 Lakh,"119,405 km",Petrol,Thane,2017
Ford Endeavour Titanium,₹ 11.31 Lakh,"160,209 km",Electric,Jaipur,2016
Honda City ZX,₹ 10.97 Lakh,"22,716 km",Petrol,Kolkata,2025
Audi Q3 Premium,₹ 41.54 Lakh,"33,874 km",Diesel,Kolkata,2024
Skoda Superb L&K,₹ 17.26 Lakh,"53,083 km",Petrol,Hyderabad,2024
Ford Endeavour Titanium,₹ 8.70 Lakh,"123,111 km",Diesel,Ahmedabad,2017
MG Astor Savvy,₹ 6.49 Lakh,"142,320 km",Diesel,Kolkata,2013
Ford EcoSport Titanium,₹ 7.56 Lakh,"145,750 km",Petrol,Delhi,2018
Jeep Compass Limited,₹ 28.80 Lakh,"10,272 km",Hybrid,Mumbai,2023
Jeep Compass Limited,₹ 24.65 Lakh,"80,216 km",Diesel,Mysuru,2021
Toyota Fortuner 4x2,₹ 8.55 Lakh,"121,683 km",Petrol,Chennai,2016
Volkswagen Virtus GT,₹ 9.96 Lakh,"94,218 km",Petrol,Thane,2019
Honda BR-V VX,₹ 6.98 Lakh,"143,503 km",Hybrid,Noida,2016
Toyota Urban Cruiser,₹ 4.65 Lakh,"194,347 km",CNG,Lucknow,2012
Renault Kwid Climber,₹ 2.33 Lakh,"142,247 km",Petrol,Bangalore,2016
Jaguar XE Prestige,₹ 27.66 Lakh,"140,922 km",Petrol,Chennai,2013
Maruti Suzuki Swift VXi,₹ 5.44 Lakh,"83,964 km",Diesel,Thane,2022
Hyundai i20 Asta,₹ 6.83 Lakh,"125,669 km",Petrol,Thane,2017
Kia Seltos HTX,₹ 14.64 Lakh,"31,434 km",Petrol,Jaipur,2025
Lexus NX 350h,₹ 29.98 Lakh,"175,251 km",Diesel,Delhi,2013
Volvo XC40 Recharge,₹ 42.09 Lakh,"88,695 km",Diesel,Jaipur,2022
Jeep Compass Limited,₹ 27.05 Lakh,"42,230 km",Petrol,Thane,2022
Jeep Compass Limited,₹ 9.37 Lakh,"219,656 km",CNG,Mysuru,2012
Kia Sonet GTX,₹ 13.53 Lakh,"10,478 km",Petrol,Mumbai,2023
Honda BR-V VX,₹ 11.59 Lakh,"94,148 km",Electric,Kolkata,2021
Mahindra XUV700 AX7,₹ 8.28 Lakh,"153,585 km",Electric,Delhi,2012
Renault Triber RXZ,₹ 4.60 Lakh,"73,803 km",Petrol,Pune,2020
Mercedes-Benz C-Class C200,₹ 19.99 Lakh,"182,207 km",CNG,Mysuru,2013
Hyundai Verna SX,₹ 5.75 Lakh,"131,202 km",Petrol,Jaipur,2017
Lexus ES 300h,₹ 57.48 Lakh,"60,847 km",Petrol,Lucknow,2022
Jaguar XE Prestige,₹ 20.85 Lakh,"165,565 km",Petrol,Noida,2012
Mahindra XUV500 W8,₹ 18.07 Lakh,"50,720 km",Electric,Lucknow,2023
Hyundai i20 Asta,₹ 3.89 Lakh,"155,213 km",Petrol,Kolkata,2013
Skoda Superb L&K,₹ 11.83 Lakh,"101,125 km",Petrol,Pune,2018
Audi A4 35 TDI,₹ 14.70 Lakh,"190,728 km",Petrol,Kolkata,2012
Lexus NX 350h,₹ 67.28 Lakh,"30,727 km",Petrol,Mumbai,2025
Audi Q5 quattro,₹ 29.95 Lakh,"100,416 km",Diesel,Bangalore,2020
Ford EcoSport Titanium,₹ 3.03 Lakh,"178,494 km",Diesel,Mysuru,2012
Honda City ZX,₹ 4.09 Lakh,"103,797 km",Petrol,Kolkata,2015
Tata Nexon XZ+,₹ 5.16 Lakh,"178,318 km",Petrol,Pune,2013
Volkswagen Taigun GT,₹ 5.88 Lakh,"132,571 km",Petrol,Kolkata,2014
Volkswagen Polo GT,₹ 10.73 Lakh,"83,373 km",Petrol,Ahmedabad,2020
Volkswagen Polo GT,₹ 12.91 Lakh,"135,316 km",Electric,Mumbai,2017
Volkswagen Virtus GT,₹ 15.26 Lakh,"8,873 km",Petrol,Lucknow,2024
Mercedes-Benz GLA 200,₹ 54.04 Lakh,"41,088 km",Electric,Delhi,2023
Nissan Magnite XV,₹ 4.80 Lakh,"117,730 km",Petrol,Pune,2016
Audi A4 35 TDI,₹ 18.86 Lakh,"166,156 km",Diesel,Bangalore,2014
Skoda Superb L&K,₹ 19.82 Lakh,"3,000 km",Petrol,Bangalore,2025
MG Hector Sharp,₹ 8.72 Lakh,"116,348 km",Diesel,Ahmedabad,2016
Renault Kwid Climber,₹ 1.20 Lakh,"129,279 km",Petrol,Bangalore,2014
Renault Kiger RXZ,₹ 1.20 Lakh,"167,805 km",Diesel,Noida,2013
Jaguar F-Pace,₹ 50.95 Lakh,"81,471 km",CNG,Mumbai,2021
MG ZS EV,₹ 7.36 Lakh,"166,803 km",Petrol,Delhi,2014
Volkswagen Taigun GT,₹ 16.38 Lakh,"33,755 km",Diesel,Noida,2024
Lexus NX 350h,₹ 56.19 Lakh,"72,726 km",Electric,Kochi,2021
Maruti Suzuki Swift VXi,₹ 2.92 Lakh,"159,987 km",Petrol,Bangalore,2012
Toyota Glanza G,₹ 12.35 Lakh,"66,384 km",Diesel,Hyderabad,2021
Kia Carens Prestige,₹ 10.99 Lakh,"53,770 km",Petrol,Thane,2021
Skoda Slavia Style,₹ 10.97 Lakh,"109,691 km",Diesel,Kochi,2016
Volvo XC40 Recharge,₹ 30.82 Lakh,"122,642 km",Petrol,Kochi,2018
Toyota Fortuner 4x2,₹ 7.66 Lakh,"117,322 km",Diesel,Delhi,2015
Volkswagen Polo GT,₹ 6.14 Lakh,"175,706 km",Petrol,Mysuru,2012
Volkswagen Taigun GT,₹ 15.05 Lakh,"80,751 km",Electric,Hyderabad,2022
Mercedes-Benz C-Class C200,₹ 26.07 Lakh,"153,139 km",Diesel,Mumbai,2014
Nissan Magnite XV,₹ 6.70 Lakh,"83,182 km",Petrol,Lucknow,2021
Volvo XC60,₹ 34.22 Lakh,"108,874 km",CNG,Ahmedabad,2019
Skoda Slavia Style,₹ 12.34 Lakh,"82,467 km",Diesel,Delhi,2018
Tata Nexon XZ+,₹ 7.75 Lakh,"186,427 km",Electric,Pune,2012
Maruti Suzuki Swift VXi,₹ 1.93 Lakh,"179,438 km",Petrol,Jaipur,2012
Honda City ZX,₹ 3.19 Lakh,"184,912 km",Petrol,Lucknow,2013
Honda BR-V VX,₹ 2.26 Lakh,"142,086 km",Petrol,Hyderabad,2013
Hyundai Creta SX,₹ 10.08 Lakh,"22,228 km",Petrol,Mumbai,2025
Kia Sonet GTX,₹ 7.34 Lakh,"92,540 km",Petrol,Chennai,2017
Volkswagen Taigun GT,₹ 4.91 Lakh,"174,318 km",Petrol,Thane,2012
Skoda Superb L&K,₹ 15.66 Lakh,"29,153 km",Petrol,Ahmedabad,2023
Mercedes-Benz C-Class C200,₹ 33.43 Lakh,"112,454 km",Diesel,Kochi,2017
Skoda Slavia Style,₹ 11.31 Lakh,"107,096 km",Petrol,Hyderabad,2018
Hyundai Creta SX,₹ 7.76 Lakh,"97,101 km",Diesel,Mumbai,2017
Jaguar F-Pace,₹ 61.92 Lakh,"23,206 km",Diesel,Thane,2025
Kia Carens Prestige,₹ 6.98 Lakh,"133,313 km",Diesel,Delhi,2015
Volvo XC40 Recharge,₹ 41.25 Lakh,"58,091 km",Petrol,Delhi,2022
Honda BR-V VX,₹ 8.46 Lakh,"70,077 km",Petrol,Noida,2022
Nissan Magnite XV,₹ 6.16 Lakh,"95,926 km",Petrol,Thane,2019
Lexus ES 300h,₹ 43.69 Lakh,"98,947 km",CNG,Kolkata,2017
Tata Altroz XZ,₹ 8.48 Lakh,"83,278 km",Diesel,Chennai,2019
Mahindra Scorpio N Z8,₹ 10.44 Lakh,"76,646 km",Diesel,Chennai,2019
Lexus ES 300h,₹ 63.37 Lakh,"24,282 km",Petrol,Hyderabad,2023
Renault Kwid Climber,₹ 6.43 Lakh,"136,506 km",Hybrid,Kochi,2015
Tata Harrier XZ,₹ 6.23 Lakh,"152,285 km",Petrol,Mumbai,2015
Skoda Kushaq Style,₹ 11.05 Lakh,"138,510 km",Petrol,Hyderabad,2016
Audi A4 35 TDI,₹ 13.18 Lakh,"202,206 km",Petrol,Mysuru,2012
Skoda Kushaq Style,₹ 5.08 Lakh,"193,395 km",Petrol,Kochi,2012
Jeep Compass Limited,₹ 30.69 Lakh,"41,046 km",Petrol,Kochi,2025
Jaguar XE Prestige,₹ 50.78 Lakh,"61,867 km",Petrol,Chennai,2022
Jeep Compass Limited,₹ 29.17 Lakh,"42,425 km",Petrol,Kochi,2024
Volkswagen Taigun GT,₹ 11.57 Lakh,"69,894 km",Petrol,Jaipur,2019
Tata Punch Creative,₹ 11.47 Lakh,"40,971 km",Petrol,Lucknow,2024
Toyota Glanza G,₹ 9.00 Lakh,"119,733 km",Diesel,Hyderabad,2016
Toyota Urban Cruiser,₹ 12.54 Lakh,"79,131 km",Petrol,Kolkata,2020
Renault Triber RXZ,₹ 3.16 Lakh,"80,995 km",Petrol,Jaipur,2017
Mercedes-Benz C-Class C200,₹ 52.27 Lakh,"69,370 km",Hybrid,Pune,2023
Nissan Magnite XV,₹ 2.28 Lakh,"196,680 km",Petrol,Kochi,2012
Jaguar F-Pace,₹ 28.06 Lakh,"167,565 km",Petrol,Kochi,2013
MG Astor Savvy,₹ 12.46 Lakh,"96,239 km",Diesel,Mysuru,2019
Kia Sonet GTX,₹ 13.53 Lakh,"67,203 km",Diesel,Hyderabad,2022
Mahindra Scorpio N Z8,₹ 14.84 Lakh,"36,601 km",CNG,Kolkata,2022
Volvo XC40 Recharge,₹ 46.19 Lakh,"8,528 km",CNG,Pune,2024
Nissan Magnite XV,₹ 4.03 Lakh,"97,076 km",CNG,Mysuru,2018
MG ZS EV,₹ 8.79 Lakh,"111,396 km",Petrol,Kolkata,2016
Honda Jazz VX,₹ 3.77 Lakh,"185,854 km",Petrol,Lucknow,2014
Ford EcoSport Titanium,₹ 10.36 Lakh,"66,698 km",CNG,Jaipur,2020
Maruti Suzuki Baleno Alpha,₹ 3.12 Lakh,"158,393 km",Petrol,Mumbai,2013
Tata Altroz XZ,₹ 8.09 Lakh,"106,660 km",Diesel,Hyderabad,2017
Volvo XC40 Recharge,₹ 41.08 Lakh,"89,102 km",Diesel,Jaipur,2021
Skoda Slavia Style,₹ 11.81 Lakh,"78,425 km",Diesel,Noida,2019
Audi Q5 quattro,₹ 17.72 Lakh,"152,727 km",Petrol,Mumbai,2013
BMW 5 Series 530d,₹ 24.34 Lakh,"149,215 km",Diesel,Hyderabad,2014
Maruti Suzuki Baleno Alpha,₹ 8.58 Lakh,"10,066 km",Diesel,Chennai,2025
Renault Kiger RXZ,₹ 4.80 Lakh,"131,078 km",Hybrid,Jaipur,2018
Renault Triber RXZ,₹ 6.83 Lakh,"82,294 km",Diesel,Pune,2022
Toyota Urban Cruiser,₹ 10.14 Lakh,"98,402 km",Diesel,Mumbai,2019
Jeep Compass Limited,₹ 18.00 Lakh,"139,888 km",Petrol,Mysuru,2017
Kia Sonet GTX,₹ 9.44 Lakh,"120,768 km",Petrol,Chennai,2018
Skoda Kushaq Style,₹ 12.01 Lakh,"126,589 km",Diesel,Chennai,2017
Renault Kwid Climber,₹ 5.72 Lakh,"41,835 km",Diesel,Delhi,2022
Ford Endeavour Titanium,₹ 5.54 Lakh,"132,128 km",Diesel,Bangalore,2014
Volvo XC60,₹ 33.85 Lakh,"68,794 km",Diesel,Ahmedabad,2020
Kia Sonet GTX,₹ 12.17 Lakh,"70,635 km",Diesel,Noida,2021
Lexus ES 300h,₹ 60.00 Lakh,"51,691 km",Diesel,Kochi,2022
Kia Seltos HTX,₹ 11.83 Lakh,"41,154 km",Petrol,Jaipur,2022
Hyundai Verna SX,₹ 9.34 Lakh,"15,230 km",Petrol,Jaipur,2024
Mahindra Scorpio N Z8,₹ 11.28 Lakh,"73,112 km",Petrol,Bangalore,2020
Jeep Compass Limited,₹ 22.42 Lakh,"59,265 km",Diesel,Bangalore,2019
Jeep Compass Limited,₹ 22.41 Lakh,"118,783 km",Diesel,Jaipur,2019
BMW 5 Series 530d,₹ 41.70 Lakh,"93,137 km",Petrol,Jaipur,2020
Maruti Suzuki Brezza ZXi,₹ 2.09 Lakh,"204,734 km",Hybrid,Lucknow,2012
Toyota Innova Crysta GX,₹ 11.77 Lakh,"95,568 km",Petrol,Kochi,2019
Audi Q5 quattro,₹ 36.99 Lakh,"48,212 km",Diesel,Kochi,2023
Honda Jazz VX,₹ 8.40 Lakh,"63,332 km",Diesel,Kolkata,2022
Volkswagen Virtus GT,₹ 18.24 Lakh,"52,234 km",Electric,Jaipur,2023
Honda BR-V VX,₹ 4.00 Lakh,"131,269 km",Petrol,Thane,2016
BMW X1 sDrive,₹ 17.47 Lakh,"160,250 km",Diesel,Kolkata,2012
Toyota Fortuner 4x2,₹ 13.73 Lakh,"98,128 km",Petrol,Mysuru,2022
Nissan Magnite XV,₹ 4.24 Lakh,"135,025 km",Petrol,Bangalore,2016
Lexus NX 350h,₹ 70.34 Lakh,"3,000 km",Diesel,Bangalore,2025
Skoda Superb L&K,₹ 12.15 Lakh,"119,381 km",Petrol,Ahmedabad,2018
MG Astor Savvy,₹ 8.17 Lakh,"127,999 km",Diesel,Pune,2016
Jeep Compass Limited,₹ 25.03 Lakh,"96,833 km",Diesel,Chennai,2021
Jaguar XE Prestige,₹ 38.86 Lakh,"115,378 km",Hybrid,Mysuru,2016
BMW 5 Series 530d,₹ 41.53 Lakh,"101,675 km",Diesel,Hyderabad,2020
MG Astor Savvy,₹ 13.19 Lakh,"81,646 km",Petrol,Ahmedabad,2021
Kia Sonet GTX,₹ 11.95 Lakh,"70,227 km",Petrol,Delhi,2021
Renault Kwid Climber,₹ 4.35 Lakh,"110,118 km",Petrol,Noida,2015
Mercedes-Benz E-Class E220d,₹ 40.69 Lakh,"81,921 km",Petrol,Delhi,2019
Renault Triber RXZ,₹ 5.70 Lakh,"69,531 km",Petrol,Mysuru,2021
Mahindra XUV500 W8,₹ 4.82 Lakh,"196,555 km",CNG,Pune,2012
Honda Amaze VX,₹ 5.02 Lakh,"108,192 km",Diesel,Pune,2017
Lexus ES 300h,₹ 26.36 Lakh,"219,655 km",CNG,Kolkata,2013
Volkswagen Taigun GT,₹ 8.91 Lakh,"177,491 km",Electric,Mysuru,2013
Lexus ES 300h,₹ 36.54 Lakh,"139,096 km",Hybrid,Ahmedabad,2016
Volvo XC60,₹ 53.39 Lakh,"8,385 km",Diesel,Kolkata,2025
Honda BR-V VX,₹ 3.68 Lakh,"163,884 km",Petrol,Hyderabad,2013
Mercedes-Benz E-Class E220d,₹ 24.45 Lakh,"146,476 km",Petrol,Mumbai,2014
MG Hector Sharp,₹ 6.13 Lakh,"218,005 km",Petrol,Noida,2012
Hyundai i20 Asta,₹ 11.21 Lakh,"18,657 km",Diesel,Kochi,2024
BMW 3 Series 320d,₹ 25.63 Lakh,"184,532 km",Electric,Jaipur,2013
Audi Q5 quattro,₹ 14.17 Lakh,"189,829 km",Petrol,Pune,2013
BMW 5 Series 530d,₹ 29.69 Lakh,"123,513 km",Electric,Bangalore,2014
Hyundai Venue SX,₹ 12.29 Lakh,"33,764 km",Petrol,Thane,2025
Mahindra Thar LX,₹ 5.46 Lakh,"181,863 km",Petrol,Delhi,2013
Ford Endeavour Titanium,₹ 14.60 Lakh,"14,034 km",Petrol,Delhi,2025
Mahindra Scorpio N Z8,₹ 7.27 Lakh,"141,007 km",Petrol,Mumbai,2015
Mahindra Scorpio N Z8,₹ 8.70 Lakh,"94,695 km",Petrol,Mumbai,2018
Jaguar F-Pace,₹ 36.59 Lakh,"122,667 km",Petrol,Kolkata,2017
Mercedes-Benz C-Class C200,₹ 53.48 Lakh,"44,812 km",Electric,Jaipur,2022
Skoda Slavia Style,₹ 11.44 Lakh,"131,457 km",Petrol,Chennai,2016
MG Hector Sharp,₹ 9.73 Lakh,"58,193 km",Petrol,Mumbai,2018
Skoda Slavia Style,₹ 15.51 Lakh,"90,485 km",Petrol,Mumbai,2022
Mercedes-Benz E-Class E220d,₹ 25.89 Lakh,"157,282 km",Petrol,Bangalore,2014
Jaguar XE Prestige,₹ 25.14 Lakh,"166,101 km",Petrol,Mumbai,2014
Honda BR-V VX,₹ 8.79 Lakh,"15,795 km",Petrol,Hyderabad,2024
Kia Carens Prestige,₹ 8.77 Lakh,"131,959 km",Diesel,Ahmedabad,2016
Hyundai Grand i10,₹ 11.62 Lakh,"40,339 km",Petrol,Chennai,2024
BMW 3 Series 320d,₹ 16.55 Lakh,"152,261 km",Petrol,Jaipur,2012
Renault Kwid Climber,₹ 2.60 Lakh,"170,443 km",Diesel,Thane,2014
Maruti Suzuki Dzire ZXi,₹ 5.48 Lakh,"125,141 km",Petrol,Pune,2020
Ford Endeavour Titanium,₹ 10.60 Lakh,"50,396 km",Diesel,Bangalore,2021
Toyota Urban Cruiser,₹ 10.99 Lakh,"71,942 km",Diesel,Bangalore,2019
Honda Amaze VX,₹ 7.42 Lakh,"68,150 km",Petrol,Delhi,2021
Volvo XC40 Recharge,₹ 19.47 Lakh,"200,922 km",Petrol,Bangalore,2012
Audi Q5 quattro,₹ 18.58 Lakh,"157,890 km",Diesel,Delhi,2015
Tata Harrier XZ,₹ 4.82 Lakh,"145,028 km",Diesel,Chennai,2016
Toyota Urban Cruiser,₹ 8.01 Lakh,"168,664 km",Diesel,Hyderabad,2014
Mahindra Thar LX,₹ 14.28 Lakh,"11,122 km",Petrol,Jaipur,2023
Jeep Compass Limited,₹ 22.25 Lakh,"132,492 km",Hybrid,Bangalore,2018
Ford Endeavour Titanium,₹ 6.93 Lakh,"157,075 km",CNG,Thane,2015
Ford Endeavour Titanium,₹ 14.35 Lakh,"3,000 km",Diesel,Pune,2025
Renault Kwid Climber,₹ 6.68 Lakh,"3,000 km",Petrol,Noida,2025
Ford Endeavour Titanium,₹ 5.52 Lakh,"153,972 km",Diesel,Bangalore,2015
Jeep Compass Limited,₹ 27.29 Lakh,"53,791 km",Petrol,Bangalore,2024
Lexus NX 350h,₹ 61.25 Lakh,"57,689 km",Diesel,Jaipur,2022
Lexus ES 300h,₹ 36.74 Lakh,"132,154 km",Petrol,Bangalore,2016
Tata Harrier XZ,₹ 4.57 Lakh,"180,067 km",Diesel,Noida,2012
Honda BR-V VX,₹ 9.20 Lakh,"60,026 km",Petrol,Mumbai,2021
Jeep Compass Limited,₹ 17.30 Lakh,"127,847 km",Petrol,Delhi,2016
Skoda Kushaq Style,₹ 15.61 Lakh,"65,671 km",Petrol,Noida,2021
Audi Q5 quattro,₹ 21.95 Lakh,"118,016 km",Diesel,Kolkata,2016
Ford EcoSport Titanium,₹ 7.85 Lakh,"124,359 km",Diesel,Bangalore,2015
Tata Nexon XZ+,₹ 6.11 Lakh,"116,617 km",Diesel,Kolkata,2017
Kia Sonet GTX,₹ 4.03 Lakh,"179,465 km",Petrol,Lucknow,2012
Hyundai Grand i10,₹ 7.32 Lakh,"95,524 km",CNG,Pune,2018
Toyota Innova Crysta GX,₹ 13.22 Lakh,"57,256 km",Petrol,Pune,2022
Kia Carens Prestige,₹ 12.64 Lakh,"59,597 km",CNG,Lucknow,2021
Toyota Urban Cruiser,₹ 11.55 Lakh,"136,155 km",Electric,Mumbai,2016
Toyota Glanza G,₹ 9.75 Lakh,"78,413 km",Diesel,Thane,2018
Nissan Magnite XV,₹ 4.48 Lakh,"114,559 km",Diesel,Delhi,2018
Audi Q5 quattro,₹ 28.89 Lakh,"82,210 km",Petrol,Pune,2019
Volvo XC60,₹ 40.43 Lakh,"44,162 km",CNG,Kolkata,2022
Volvo XC60,₹ 44.84 Lakh,"62,475 km",Petrol,Thane,2024
Ford Endeavour Titanium,₹ 15.41 Lakh,"11,557 km",Petrol,Ahmedabad,2025
Maruti Suzuki Swift VXi,₹ 1.20 Lakh,"169,570 km",Petrol,Kolkata,2012
Volvo XC60,₹ 37.01 Lakh,"67,931 km",CNG,Kochi,2020
Renault Kwid Climber,₹ 7.09 Lakh,"56,789 km",Diesel,Kolkata,2021
Honda Amaze VX,₹ 2.34 Lakh,"148,116 km",Diesel,Thane,2013
Kia Sonet GTX,₹ 10.49 Lakh,"105,424 km",Petrol,Mysuru,2019
Jaguar F-Pace,₹ 53.17 Lakh,"13,477 km",Petrol,Pune,2023
Skoda Superb L&K,₹ 8.59 Lakh,"147,766 km",Petrol,Chennai,2014
Mercedes-Benz E-Class E220d,₹ 49.32 Lakh,"66,263 km",Diesel,Noida,2022
Hyundai Grand i10,₹ 10.12 Lakh,"82,392 km",Petrol,Thane,2021
Hyundai Verna SX,₹ 4.24 Lakh,"181,609 km",Diesel,Bangalore,2012
Nissan Magnite XV,₹ 5.62 Lakh,"55,021 km",Petrol,Bangalore,2021
BMW X1 sDrive,₹ 41.78 Lakh,"67,390 km",Diesel,Mumbai,2021
Toyota Innova Crysta GX,₹ 5.66 Lakh,"179,837 km",Diesel,Noida,2014
Toyota Glanza G,₹ 7.81 Lakh,"173,788 km",Petrol,Ahmedabad,2014
Hyundai Creta SX,₹ 8.36 Lakh,"51,271 km",Diesel,Pune,2022
MG Astor Savvy,₹ 7.49 Lakh,"136,874 km",Petrol,Thane,2016
Kia Sonet GTX,₹ 10.90 Lakh,"82,396 km",Petrol,Bangalore,2021
Nissan Magnite XV,₹ 6.61 Lakh,"106,507 km",Petrol,Mumbai,2019
Tata Punch Creative,₹ 6.22 Lakh,"182,466 km",Electric,Lucknow,2012
Jeep Compass Limited,₹ 21.77 Lakh,"100,675 km",Diesel,Jaipur,2019
MG Astor Savvy,₹ 8.82 Lakh,"129,137 km",Petrol,Kochi,2016
MG Hector Sharp,₹ 6.67 Lakh,"162,472 km",Petrol,Chennai,2014
Renault Kwid Climber,₹ 3.20 Lakh,"133,393 km",Diesel,Ahmedabad,2017
Honda City ZX,₹ 6.03 Lakh,"113,679 km",Petrol,Hyderabad,2018
Renault Kwid Climber,₹ 2.97 Lakh,"91,119 km",Petrol,Jaipur,2018
Mahindra XUV500 W8,₹ 13.16 Lakh,"54,153 km",Diesel,Mysuru,2023
Audi Q3 Premium,₹ 40.82 Lakh,"30,667 km",Diesel,Hyderabad,2025
Nissan Magnite XV,₹ 7.93 Lakh,"69,877 km",Hybrid,Noida,2022
Audi Q5 quattro,₹ 22.42 Lakh,"150,823 km",Electric,Chennai,2014
Renault Triber RXZ,₹ 1.91 Lakh,"124,277 km",Petrol,Mysuru,2015
Mercedes-Benz C-Class C200,₹ 42.87 Lakh,"94,182 km",CNG,Kochi,2020
Jaguar XE Prestige,₹ 34.46 Lakh,"158,224 km",Diesel,Mysuru,2016
Toyota Glanza G,₹ 15.46 Lakh,"84,668 km",Electric,Mysuru,2020
Skoda Slavia Style,₹ 7.63 Lakh,"164,491 km",Petrol,Lucknow,2013
Skoda Kushaq Style,₹ 12.54 Lakh,"98,425 km",CNG,Kolkata,2018
Mahindra Scorpio N Z8,₹ 7.57 Lakh,"180,691 km",Diesel,Pune,2014
Maruti Suzuki Brezza ZXi,₹ 4.42 Lakh,"147,017 km",Hybrid,Ahmedabad,2015
Toyota Innova Crysta GX,₹ 9.15 Lakh,"159,777 km",Diesel,Kochi,2016
Nissan Magnite XV,₹ 6.98 Lakh,"96,329 km",Petrol,Hyderabad,2021
Mahindra Thar LX,₹ 14.41 Lakh,"61,064 km",Diesel,Mumbai,2023
MG ZS EV,₹ 12.82 Lakh,"97,790 km",Diesel,Chennai,2019
Jaguar F-Pace,₹ 24.08 Lakh,"201,327 km",Diesel,Bangalore,2012
Hyundai Venue SX,₹ 8.67 Lakh,"77,765 km",Petrol,Mysuru,2022
Renault Triber RXZ,₹ 5.18 Lakh,"140,215 km",Hybrid,Thane,2013
Volkswagen Polo GT,₹ 5.44 Lakh,"180,763 km",Petrol,Ahmedabad,2013
Ford Endeavour Titanium,₹ 11.12 Lakh,"108,258 km",Petrol,Noida,2020
Mahindra Thar LX,₹ 16.10 Lakh,"43,323 km",Petrol,Kochi,2024
Volvo XC60,₹ 25.11 Lakh,"108,469 km",Diesel,Noida,2014
Tata Punch Creative,₹ 7.31 Lakh,"104,335 km",Petrol,Hyderabad,2017
Mahindra XUV500 W8,₹ 12.05 Lakh,"50,838 km",Petrol,Hyderabad,2022
Audi A4 35 TDI,₹ 36.79 Lakh,"32,158 km",Petrol,Chennai,2022
Jaguar XE Prestige,₹ 36.24 Lakh,"111,801 km",Petrol,Mumbai,2017
Audi Q3 Premium,₹ 41.38 Lakh,"15,448 km",Petrol,Kochi,2025
Kia Seltos HTX,₹ 4.24 Lakh,"190,154 km",Petrol,Chennai,2012
Toyota Innova Crysta GX,₹ 9.43 Lakh,"108,671 km",Petrol,Thane,2017
Tata Harrier XZ,₹ 3.68 Lakh,"233,899 km",Diesel,Delhi,2012
Ford Endeavour Titanium,₹ 4.83 Lakh,"169,804 km",Diesel,Ahmedabad,2013
Volvo XC60,₹ 20.08 Lakh,"173,015 km",Petrol,Thane,2012
Volkswagen Polo GT,₹ 5.98 Lakh,"148,079 km",Petrol,Kochi,2015
Nissan Magnite XV,₹ 3.16 Lakh,"98,933 km",Diesel,Jaipur,2016
Skoda Superb L&K,₹ 15.11 Lakh,"103,975 km",Petrol,Mumbai,2021
Renault Kiger RXZ,₹ 2.29 Lakh,"126,558 km",Petrol,Lucknow,2015
Hyundai Creta SX,₹ 4.78 Lakh,"182,751 km",Diesel,Jaipur,2013
Nissan Magnite XV,₹ 3.89 Lakh,"120,834 km",Petrol,Chennai,2015
Honda Amaze VX,₹ 8.97 Lakh,"46,747 km",Petrol,Mumbai,2023
Nissan Magnite XV,₹ 1.20 Lakh,"190,158 km",Petrol,Pune,2012
Lexus NX 350h,₹ 31.95 Lakh,"137,411 km",Petrol,Jaipur,2014
Ford EcoSport Titanium,₹ 8.16 Lakh,"138,922 km",Petrol,Kochi,2019
Skoda Slavia Style,₹ 12.17 Lakh,"96,485 km",CNG,Jaipur,2019
Kia Sonet GTX,₹ 6.71 Lakh,"145,068 km",Petrol,Noida,2013
Mahindra Thar LX,₹ 13.59 Lakh,"64,242 km",Diesel,Mysuru,2021
Ford Endeavour Titanium,₹ 10.30 Lakh,"29,885 km",Diesel,Jaipur,2021
Ford EcoSport Titanium,₹ 15.02 Lakh,"3,000 km",Petrol,Jaipur,2025
Honda Amaze VX,₹ 11.81 Lakh,"37,866 km",Electric,Pune,2022
Jaguar F-Pace,₹ 42.22 Lakh,"95,084 km",Petrol,Hyderabad,2018
Volvo XC40 Recharge,₹ 26.82 Lakh,"150,917 km",Petrol,Noida,2015
MG ZS EV,₹ 12.25 Lakh,"83,515 km",Petrol,Thane,2019
Mercedes-Benz GLA 200,₹ 44.73 Lakh,"86,139 km",Petrol,Kolkata,2021
Mercedes-Benz GLA 200,₹ 60.19 Lakh,"30,902 km",Diesel,Delhi,2025
Mercedes-Benz C-Class C200,₹ 42.12 Lakh,"102,670 km",Petrol,Hyderabad,2019
Mahindra Scorpio N Z8,₹ 14.53 Lakh,"18,277 km",Diesel,Ahmedabad,2024
Renault Kwid Climber,₹ 2.27 Lakh,"164,635 km",Petrol,Delhi,2012
Jeep Compass Limited,₹ 26.77 Lakh,"27,104 km",Hybrid,Hyderabad,2021
Renault Kwid Climber,₹ 2.35 Lakh,"117,528 km",Diesel,Jaipur,2017
Volkswagen Virtus GT,₹ 7.65 Lakh,"125,556 km",Petrol,Kochi,2015
Renault Triber RXZ,₹ 4.02 Lakh,"117,584 km",Petrol,Noida,2019
Lexus ES 300h,₹ 26.52 Lakh,"184,612 km",Electric,Jaipur,2012
Audi A4 35 TDI,₹ 43.28 Lakh,"41,331 km",Diesel,Kolkata,2025
Tata Nexon XZ+,₹ 12.41 Lakh,"80,629 km",Electric,Lucknow,2020
Nissan Magnite XV,₹ 5.59 Lakh,"85,867 km",Diesel,Mysuru,2021
Audi A4 35 TDI,₹ 15.22 Lakh,"162,213 km",Petrol,Mumbai,2012
Hyundai Creta SX,₹ 4.57 Lakh,"179,720 km",Diesel,Ahmedabad,2013
Tata Altroz XZ,₹ 7.28 Lakh,"136,279 km",Petrol,Thane,2018
Renault Kiger RXZ,₹ 4.25 Lakh,"90,011 km",Diesel,Bangalore,2020
Renault Triber RXZ,₹ 4.09 Lakh,"131,283 km",Petrol,Kolkata,2019
Renault Kiger RXZ,₹ 1.50 Lakh,"167,411 km",Petrol,Hyderabad,2012
Lexus ES 300h,₹ 56.67 Lakh,"75,774 km",Petrol,Jaipur,2022
Honda Jazz VX,₹ 6.36 Lakh,"97,977 km",Hybrid,Kochi,2017
Volvo XC40 Recharge,₹ 50.77 Lakh,"12,737 km",Petrol,Ahmedabad,2025
Renault Kiger RXZ,₹ 8.64 Lakh,"44,267 km",Electric,Jaipur,2024
Ford Endeavour Titanium,₹ 9.83 Lakh,"46,917 km",CNG,Hyderabad,2020
Volvo XC60,₹ 29.02 Lakh,"133,162 km",Petrol,Mysuru,2017
MG Hector Sharp,₹ 8.24 Lakh,"124,052 km",Petrol,Hyderabad,2017
Audi Q3 Premium,₹ 30.78 Lakh,"69,403 km",Electric,Thane,2019
Skoda Kushaq Style,₹ 18.09 Lakh,"64,814 km",Diesel,Jaipur,2023
Ford EcoSport Titanium,₹ 6.05 Lakh,"135,633 km",Petrol,Thane,2015
Audi Q3 Premium,₹ 39.22 Lakh,"30,323 km",Diesel,Kochi,2024
BMW 5 Series 530d,₹ 22.89 Lakh,"151,751 km",Petrol,Mumbai,2014
Maruti Suzuki Baleno Alpha,₹ 2.60 Lakh,"191,708 km",Petrol,Hyderabad,2012
Skoda Superb L&K,₹ 16.15 Lakh,"68,854 km",Petrol,Mumbai,2022
Honda City ZX,₹ 8.90 Lakh,"41,841 km",CNG,Thane,2024
Mahindra XUV700 AX7,₹ 8.74 Lakh,"138,662 km",Petrol,Pune,2015
Kia Sonet GTX,₹ 8.52 Lakh,"143,600 km",CNG,Bangalore,2017
Nissan Magnite XV,₹ 3.11 Lakh,"171,417 km",Petrol,Jaipur,2014
BMW X1 sDrive,₹ 32.57 Lakh,"112,575 km",Petrol,Kolkata,2018
Ford Endeavour Titanium,₹ 2.80 Lakh,"153,604 km",CNG,Mumbai,2012
Mahindra XUV500 W8,₹ 5.24 Lakh,"168,399 km",Diesel,Lucknow,2014
Renault Kiger RXZ,₹ 5.45 Lakh,"94,717 km",Diesel,Jaipur,2017
Jaguar F-Pace,₹ 32.54 Lakh,"136,230 km",Diesel,Chennai,2015
Hyundai i20 Asta,₹ 8.90 Lakh,"65,014 km",Petrol,Chennai,2022
Mercedes-Benz E-Class E220d,₹ 27.62 Lakh,"104,947 km",Petrol,Noida,2014
Renault Kwid Climber,₹ 6.44 Lakh,"62,137 km",Petrol,Bangalore,2022
Toyota Glanza G,₹ 13.08 Lakh,"111,975 km",Diesel,Noida,2020
Volkswagen Polo GT,₹ 10.16 Lakh,"114,973 km",CNG,Lucknow,2017
Tata Harrier XZ,₹ 6.93 Lakh,"79,248 km",Diesel,Hyderabad,2017
BMW 3 Series 320d,₹ 46.26 Lakh,"90,990 km",Petrol,Hyderabad,2022
Toyota Glanza G,₹ 6.53 Lakh,"145,741 km",CNG,Ahmedabad,2013
Renault Kwid Climber,₹ 6.42 Lakh,"124,995 km",Electric,Jaipur,2015
MG Hector Sharp,₹ 8.72 Lakh,"122,742 km",Petrol,Kochi,2016
MG Astor Savvy,₹ 7.17 Lakh,"133,283 km",Petrol,Kolkata,2015
Jaguar XE Prestige,₹ 46.87 Lakh,"110,831 km",CNG,Lucknow,2019
Mahindra Scorpio N Z8,₹ 6.98 Lakh,"131,357 km",CNG,Hyderabad,2016
Lexus NX 350h,₹ 36.65 Lakh,"142,842 km",Diesel,Mysuru,2015
Renault Kwid Climber,₹ 8.47 Lakh,"36,900 km",Petrol,Mumbai,2024
Skoda Superb L&K,₹ 7.25 Lakh,"158,862 km",CNG,Mumbai,2012
Maruti Suzuki Baleno Alpha,₹ 3.12 Lakh,"147,147 km",Petrol,Mumbai,2016
Nissan Magnite XV,₹ 5.37 Lakh,"129,853 km",Petrol,Jaipur,2018
Ford EcoSport Titanium,₹ 9.94 Lakh,"73,079 km",Diesel,Bangalore,2021
Lexus ES 300h,₹ 52.96 Lakh,"101,754 km",Petrol,Delhi,2021
Ford EcoSport Titanium,₹ 3.28 Lakh,"181,126 km",Petrol,Ahmedabad,2013
MG ZS EV,₹ 12.51 Lakh,"96,288 km",Petrol,Kochi,2020
Toyota Fortuner 4x2,₹ 18.23 Lakh,"3,000 km",Petrol,Hyderabad,2025
MG ZS EV,₹ 4.68 Lakh,"166,945 km",Petrol,Mumbai,2013
Volkswagen Virtus GT,₹ 4.15 Lakh,"179,861 km",Diesel,Pune,2012
Ford EcoSport Titanium,₹ 11.94 Lakh,"63,321 km",Petrol,Chennai,2022
Jeep Compass Limited,₹ 19.45 Lakh,"86,211 km",Petrol,Mumbai,2018
Nissan Magnite XV,₹ 6.35 Lakh,"44,563 km",Petrol,Jaipur,2024
Lexus NX 350h,₹ 60.03 Lakh,"32,572 km",Petrol,Hyderabad,2023
Lexus ES 300h,₹ 63.29 Lakh,"34,761 km",Petrol,Kochi,2023
Audi Q5 quattro,₹ 36.86 Lakh,"38,749 km",Petrol,Kochi,2022
Ford Endeavour Titanium,₹ 6.52 Lakh,"186,016 km",CNG,Mysuru,2015
Nissan Magnite XV,₹ 7.59 Lakh,"91,208 km",Petrol,Jaipur,2023
Ford EcoSport Titanium,₹ 10.85 Lakh,"77,266 km",Diesel,Jaipur,2022
Lexus NX 350h,₹ 39.12 Lakh,"147,122 km",Diesel,Noida,2016
Mahindra XUV700 AX7,₹ 14.40 Lakh,"22,943 km",Diesel,Noida,2024
Tata Punch Creative,₹ 5.89 Lakh,"137,223 km",Diesel,Mumbai,2015
Hyundai i20 Asta,₹ 7.86 Lakh,"96,814 km",Petrol,Lucknow,2018
Toyota Urban Cruiser,₹ 8.00 Lakh,"148,879 km",Petrol,Jaipur,2014
Mercedes-Benz E-Class E220d,₹ 43.15 Lakh,"77,311 km",Diesel,Chennai,2019
Toyota Urban Cruiser,₹ 13.07 Lakh,"26,089 km",Diesel,Mumbai,2022
Mahindra Scorpio N Z8,₹ 11.23 Lakh,"98,369 km",Diesel,Hyderabad,2019
Mercedes-Benz E-Class E220d,₹ 54.17 Lakh,"31,498 km",Petrol,Thane,2024
Skoda Superb L&K,₹ 13.19 Lakh,"84,315 km",Petrol,Pune,2020
Volkswagen Taigun GT,₹ 5.66 Lakh,"145,270 km",Petrol,Mumbai,2013
Skoda Superb L&K,₹ 18.61 Lakh,"30,693 km",Petrol,Bangalore,2024
Nissan Magnite XV,₹ 2.26 Lakh,"174,488 km",Petrol,Jaipur,2012
Volkswagen Taigun GT,₹ 6.45 Lakh,"127,357 km",Petrol,Thane,2015
Lexus ES 300h,₹ 67.18 Lakh,"17,880 km",Diesel,Pune,2025
Audi Q3 Premium,₹ 30.25 Lakh,"89,122 km",Diesel,Kolkata,2018
Maruti Suzuki Swift VXi,₹ 5.69 Lakh,"31,212 km",Diesel,Ahmedabad,2021
BMW 3 Series 320d,₹ 22.05 Lakh,"149,650 km",Petrol,Kolkata,2013
Maruti Suzuki Baleno Alpha,₹ 9.66 Lakh,"52,915 km",Electric,Chennai,2023
Nissan Magnite XV,₹ 1.20 Lakh,"187,394 km",Petrol,Lucknow,2013
Maruti Suzuki Swift VXi,₹ 5.50 Lakh,"119,603 km",Diesel,Bangalore,2019
Kia Carens Prestige,₹ 8.60 Lakh,"133,856 km",Diesel,Bangalore,2017
Jeep Compass Limited,₹ 18.58 Lakh,"120,881 km",Petrol,Pune,2018
Maruti Suzuki Baleno Alpha,₹ 4.21 Lakh,"48,678 km",Petrol,Chennai,2020
Nissan Magnite XV,₹ 7.34 Lakh,"72,489 km",Diesel,Ahmedabad,2022
Skoda Kushaq Style,₹ 8.61 Lakh,"124,231 km",CNG,Mysuru,2015
Volvo XC60,₹ 29.78 Lakh,"131,748 km",Diesel,Pune,2016
Jaguar XE Prestige,₹ 42.30 Lakh,"123,623 km",Electric,Pune,2017
Volvo XC40 Recharge,₹ 42.86 Lakh,"37,271 km",Petrol,Thane,2023
MG Astor Savvy,₹ 9.60 Lakh,"150,428 km",Petrol,Hyderabad,2016
Jaguar F-Pace,₹ 41.50 Lakh,"123,916 km",CNG,Bangalore,2018
Toyota Glanza G,₹ 7.75 Lakh,"146,228 km",CNG,Delhi,2014
BMW 3 Series 320d,₹ 18.95 Lakh,"198,407 km",CNG,Kolkata,2012
Skoda Slavia Style,₹ 14.56 Lakh,"71,178 km",CNG,Mumbai,2020
Kia Carens Prestige,₹ 5.15 Lakh,"154,200 km",Petrol,Bangalore,2013
Volkswagen Polo GT,₹ 11.98 Lakh,"96,585 km",Diesel,Mumbai,2019
Mahindra XUV700 AX7,₹ 7.42 Lakh,"161,731 km",Petrol,Thane,2014
Volvo XC40 Recharge,₹ 29.10 Lakh,"117,135 km",Electric,Pune,2016
MG Astor Savvy,₹ 5.41 Lakh,"173,088 km",Petrol,Jaipur,2012
Honda Amaze VX,₹ 6.50 Lakh,"103,260 km",Petrol,Mumbai,2019
Nissan Magnite XV,₹ 6.19 Lakh,"182,349 km",Electric,Jaipur,2012
Mercedes-Benz C-Class C200,₹ 32.76 Lakh,"121,907 km",Diesel,Bangalore,2016
Honda Amaze VX,₹ 5.57 Lakh,"91,134 km",Diesel,Mysuru,2019
Mahindra Thar LX,₹ 9.23 Lakh,"145,021 km",Diesel,Mysuru,2016
MG ZS EV,₹ 9.75 Lakh,"153,824 km",Hybrid,Pune,2016
Mahindra Scorpio N Z8,₹ 4.68 Lakh,"182,918 km",Petrol,Pune,2012
MG Astor Savvy,₹ 13.66 Lakh,"40,301 km",CNG,Mysuru,2023
Volvo XC60,₹ 21.64 Lakh,"172,541 km",Diesel,Delhi,2013
Audi A4 35 TDI,₹ 14.41 Lakh,"200,954 km",Petrol,Kochi,2012
Renault Kwid Climber,₹ 2.76 Lakh,"123,834 km",Diesel,Kochi,2017
Tata Harrier XZ,₹ 5.23 Lakh,"143,884 km",CNG,Chennai,2017
Toyota Glanza G,₹ 7.26 Lakh,"142,805 km",Petrol,Kolkata,2015
Volvo XC40 Recharge,₹ 32.05 Lakh,"107,444 km",Diesel,Noida,2017
Skoda Kushaq Style,₹ 15.15 Lakh,"84,164 km",Petrol,Mumbai,2020
Volvo XC40 Recharge,₹ 18.78 Lakh,"208,932 km",Diesel,Mysuru,2013
MG Hector Sharp,₹ 15.37 Lakh,"38,088 km",Petrol,Lucknow,2024
Maruti Suzuki Brezza ZXi,₹ 3.07 Lakh,"99,837 km",Diesel,Delhi,2018
Jaguar XE Prestige,₹ 33.85 Lakh,"135,896 km",Petrol,Mysuru,2015
Hyundai Venue SX,₹ 4.80 Lakh,"124,288 km",Petrol,Thane,2013
Tata Punch Creative,₹ 6.92 Lakh,"88,022 km",Petrol,Mysuru,2017
Tata Harrier XZ,₹ 7.52 Lakh,"135,259 km",Petrol,Delhi,2017
Mahindra XUV500 W8,₹ 5.56 Lakh,"147,204 km",Diesel,Mysuru,2014
Kia Seltos HTX,₹ 15.99 Lakh,"34,032 km",Hybrid,Mysuru,2022
Hyundai Verna SX,₹ 8.52 Lakh,"124,916 km",Diesel,Delhi,2020
Honda Amaze VX,₹ 10.93 Lakh,"3,000 km",Diesel,Delhi,2025
Renault Triber RXZ,₹ 2.86 Lakh,"129,367 km",CNG,Kolkata,2014
BMW 3 Series 320d,₹ 33.68 Lakh,"150,031 km",Electric,Kochi,2016
Jaguar XE Prestige,₹ 44.13 Lakh,"68,695 km",Petrol,Jaipur,2018
Skoda Superb L&K,₹ 16.14 Lakh,"27,376 km",Petrol,Mysuru,2021
Volkswagen Virtus GT,₹ 7.70 Lakh,"133,404 km",Petrol,Kolkata,2015
BMW X1 sDrive,₹ 46.58 Lakh,"62,440 km",Diesel,Ahmedabad,2022
Ford Endeavour Titanium,₹ 12.24 Lakh,"102,304 km",Electric,Hyderabad,2018
Ford Endeavour Titanium,₹ 14.55 Lakh,"28,866 km",Diesel,Delhi,2024
BMW 5 Series 530d,₹ 33.45 Lakh,"120,325 km",Diesel,Kolkata,2018
Honda Jazz VX,₹ 7.56 Lakh,"120,000 km",Petrol,Delhi,2018
Tata Altroz XZ,₹ 6.86 Lakh,"85,269 km",Diesel,Mysuru,2018
Kia Carens Prestige,₹ 11.90 Lakh,"90,360 km",Petrol,Chennai,2022
Mahindra Scorpio N Z8,₹ 6.85 Lakh,"162,639 km",Petrol,Lucknow,2014
Nissan Magnite XV,₹ 4.60 Lakh,"78,649 km",Diesel,Thane,2019
Tata Altroz XZ,₹ 7.59 Lakh,"115,438 km",Petrol,Lucknow,2020
MG Astor Savvy,₹ 14.80 Lakh,"74,987 km",Petrol,Delhi,2021
Mercedes-Benz GLA 200,₹ 39.83 Lakh,"93,262 km",Petrol,Mysuru,2018
Honda Jazz VX,₹ 7.19 Lakh,"92,454 km",Petrol,Kochi,2019
Nissan Magnite XV,₹ 7.37 Lakh,"72,996 km",Diesel,Pune,2022
Maruti Suzuki Swift VXi,₹ 8.16 Lakh,"28,912 km",Petrol,Chennai,2025
Mahindra Thar LX,₹ 6.82 Lakh,"172,138 km",Electric,Kolkata,2012
Volkswagen Virtus GT,₹ 6.63 Lakh,"121,877 km",Petrol,Ahmedabad,2015
Jaguar F-Pace,₹ 50.91 Lakh,"45,660 km",Diesel,Chennai,2022
Volvo XC60,₹ 44.52 Lakh,"96,021 km",Diesel,Kolkata,2022
Volkswagen Taigun GT,₹ 7.09 Lakh,"176,267 km",CNG,Kolkata,2014
Volvo XC60,₹ 21.35 Lakh,"163,943 km",Petrol,Chennai,2014
Skoda Slavia Style,₹ 15.52 Lakh,"101,122 km",Petrol,Ahmedabad,2021
Renault Triber RXZ,₹ 1.95 Lakh,"148,692 km",Petrol,Thane,2014
Audi Q3 Premium,₹ 16.04 Lakh,"203,543 km",Diesel,Pune,2013
BMW 5 Series 530d,₹ 19.09 Lakh,"177,233 km",Petrol,Lucknow,2013
Ford EcoSport Titanium,₹ 5.28 Lakh,"191,754 km",Petrol,Noida,2014
Volvo XC60,₹ 45.74 Lakh,"49,914 km",Diesel,Ahmedabad,2024
Toyota Fortuner 4x2,₹ 11.61 Lakh,"102,293 km",Diesel,Bangalore,2019
Jaguar F-Pace,₹ 38.55 Lakh,"104,382 km",Hybrid,Delhi,2017
Lexus NX 350h,₹ 67.65 Lakh,"11,823 km",CNG,Delhi,2025
Tata Harrier XZ,₹ 11.31 Lakh,"5,562 km",Diesel,Lucknow,2024
Nissan Magnite XV,₹ 6.82 Lakh,"53,632 km",Petrol,Lucknow,2024
Mahindra Thar LX,₹ 12.07 Lakh,"71,333 km",Petrol,Jaipur,2022
Jeep Compass Limited,₹ 23.26 Lakh,"75,442 km",Petrol,Thane,2020
Jaguar F-Pace,₹ 43.60 Lakh,"112,532 km",Diesel,Jaipur,2018
Mahindra XUV500 W8,₹ 12.95 Lakh,"86,333 km",CNG,Hyderabad,2022
Skoda Slavia Style,₹ 15.50 Lakh,"86,798 km",Petrol,Chennai,2023
Nissan Magnite XV,₹ 7.79 Lakh,"38,185 km",Petrol,Thane,2023
Mercedes-Benz E-Class E220d,₹ 48.45 Lakh,"72,946 km",Petrol,Jaipur,2021
Honda Jazz VX,₹ 1.41 Lakh,"190,471 km",Diesel,Delhi,2012
Ford EcoSport Titanium,₹ 3.04 Lakh,"148,484 km",Petrol,Noida,2012
Audi Q5 quattro,₹ 32.71 Lakh,"90,027 km",Diesel,Bangalore,2020
Toyota Urban Cruiser,₹ 10.25 Lakh,"130,432 km",Hybrid,Noida,2015
Kia Carens Prestige,₹ 14.68 Lakh,"74,623 km",CNG,Chennai,2024
Jaguar XE Prestige,₹ 34.03 Lakh,"142,758 km",Diesel,Ahmedabad,2015
Volkswagen Polo GT,₹ 5.43 Lakh,"161,748 km",Diesel,Ahmedabad,2013
Jaguar F-Pace,₹ 32.20 Lakh,"123,410 km",Petrol,Pune,2015
Volkswagen Virtus GT,₹ 13.53 Lakh,"25,780 km",Petrol,Mumbai,2022
Lexus NX 350h,₹ 33.51 Lakh,"135,636 km",Petrol,Chennai,2015
Mercedes-Benz C-Class C200,₹ 39.06 Lakh,"103,797 km",Diesel,Mysuru,2019
Volkswagen Virtus GT,₹ 13.09 Lakh,"83,196 km",Petrol,Mysuru,2020
Lexus ES 300h,₹ 29.55 Lakh,"131,678 km",Petrol,Ahmedabad,2013
Volvo XC60,₹ 34.04 Lakh,"75,384 km",Diesel,Pune,2020
Tata Punch Creative,₹ 11.04 Lakh,"114,487 km",Electric,Mysuru,2018
Toyota Fortuner 4x2,₹ 10.53 Lakh,"176,757 km",Electric,Kolkata,2013
Ford Endeavour Titanium,₹ 13.68 Lakh,"80,680 km",Electric,Mumbai,2019
Mercedes-Benz GLA 200,₹ 31.53 Lakh,"117,679 km",Petrol,Bangalore,2016
Volkswagen Polo GT,₹ 9.69 Lakh,"105,385 km",Diesel,Kochi,2018
Jeep Compass Limited,₹ 11.97 Lakh,"166,451 km",Diesel,Ahmedabad,2014
Honda BR-V VX,₹ 9.83 Lakh,"35,009 km",Petrol,Thane,2024
Honda Jazz VX,₹ 7.03 Lakh,"91,441 km",Diesel,Jaipur,2017
Maruti Suzuki Baleno Alpha,₹ 7.26 Lakh,"115,581 km",Electric,Ahmedabad,2015
Toyota Innova Crysta GX,₹ 11.75 Lakh,"120,192 km",Electric,Jaipur,2015
Audi A4 35 TDI,₹ 33.34 Lakh,"78,628 km",Diesel,Bangalore,2021
MG ZS EV,₹ 15.81 Lakh,"21,564 km",Diesel,Delhi,2022
Lexus NX 350h,₹ 28.33 Lakh,"173,053 km",Diesel,Mysuru,2013
Nissan Magnite XV,₹ 7.84 Lakh,"56,120 km",Petrol,Hyderabad,2022
Hyundai Verna SX,₹ 4.05 Lakh,"152,064 km",Petrol,Hyderabad,2012
Hyundai Grand i10,₹ 8.06 Lakh,"41,591 km",Petrol,Kolkata,2022
Toyota Glanza G,₹ 6.11 Lakh,"145,237 km",Petrol,Noida,2014
Mercedes-Benz E-Class E220d,₹ 19.83 Lakh,"120,964 km",Petrol,Bangalore,2013
Honda City ZX,₹ 9.51 Lakh,"43,220 km",Petrol,Noida,2023
Audi Q3 Premium,₹ 38.24 Lakh,"87,722 km",Petrol,Lucknow,2022
Kia Seltos HTX,₹ 13.98 Lakh,"47,426 km",Diesel,Hyderabad,2023
Toyota Glanza G,₹ 13.75 Lakh,"55,121 km",Petrol,Hyderabad,2020
Toyota Glanza G,₹ 10.58 Lakh,"114,661 km",Petrol,Chennai,2017
Mahindra Thar LX,₹ 11.46 Lakh,"55,574 km",Petrol,Delhi,2021
Toyota Innova Crysta GX,₹ 13.82 Lakh,"74,507 km",Petrol,Ahmedabad,2020
Jaguar XE Prestige,₹ 61.96 Lakh,"30,512 km",Electric,Lucknow,2024
Mahindra Thar LX,₹ 15.50 Lakh,"3,000 km",CNG,Mumbai,2024
Skoda Kushaq Style,₹ 8.57 Lakh,"126,291 km",Petrol,Pune,2016
Nissan Magnite XV,₹ 3.48 Lakh,"140,772 km",Petrol,Jaipur,2014
BMW X1 sDrive,₹ 51.07 Lakh,"22,624 km",Petrol,Mysuru,2025
Maruti Suzuki Dzire ZXi,₹ 4.41 Lakh,"112,014 km",Diesel,Pune,2015
Ford EcoSport Titanium,₹ 13.46 Lakh,"35,749 km",Petrol,Delhi,2024
Toyota Glanza G,₹ 17.20 Lakh,"8,819 km",CNG,Ahmedabad,2025
Renault Kwid Climber,₹ 5.52 Lakh,"96,363 km",Petrol,Bangalore,2020
Volvo XC40 Recharge,₹ 38.70 Lakh,"119,806 km",Electric,Noida,2018
Honda Amaze VX,₹ 4.29 Lakh,"132,877 km",Petrol,Chennai,2015
Toyota Innova Crysta GX,₹ 12.08 Lakh,"108,113 km",Petrol,Jaipur,2021
Skoda Kushaq Style,₹ 8.29 Lakh,"117,051 km",Petrol,Lucknow,2015
Volkswagen Polo GT,₹ 12.10 Lakh,"96,380 km",Diesel,Thane,2022
Honda City ZX,₹ 7.74 Lakh,"40,379 km",Diesel,Noida,2023
Renault Kwid Climber,₹ 2.39 Lakh,"158,582 km",Diesel,Kochi,2014
Mercedes-Benz GLA 200,₹ 33.68 Lakh,"147,290 km",Electric,Chennai,2016
Tata Altroz XZ,₹ 11.95 Lakh,"36,594 km",CNG,Lucknow,2023
Ford Endeavour Titanium,₹ 15.18 Lakh,"26,863 km",Diesel,Delhi,2025
Renault Triber RXZ,₹ 4.72 Lakh,"135,161 km",Petrol,Bangalore,2017
Honda City ZX,₹ 2.83 Lakh,"159,364 km",Petrol,Chennai,2014
Mahindra Thar LX,₹ 5.28 Lakh,"140,048 km",CNG,Bangalore,2013
Honda Amaze VX,₹ 3.63 Lakh,"180,856 km",CNG,Mumbai,2012
Renault Kiger RXZ,₹ 4.78 Lakh,"83,231 km",Diesel,Mumbai,2020
Volkswagen Taigun GT,₹ 7.76 Lakh,"131,340 km",CNG,Mysuru,2017
Nissan Magnite XV,₹ 4.01 Lakh,"164,960 km",Diesel,Hyderabad,2015
Renault Kwid Climber,₹ 6.50 Lakh,"68,993 km",Petrol,Delhi,2022
Renault Kwid Climber,₹ 3.39 Lakh,"121,234 km",Petrol,Kolkata,2016
Toyota Urban Cruiser,₹ 13.77 Lakh,"80,088 km",Petrol,Kolkata,2020
MG Astor Savvy,₹ 10.34 Lakh,"86,246 km",Petrol,Hyderabad,2019
Renault Kiger RXZ,₹ 3.89 Lakh,"95,121 km",Petrol,Noida,2019
Kia Carens Prestige,₹ 11.04 Lakh,"86,326 km",CNG,Lucknow,2021
Hyundai Verna SX,₹ 7.08 Lakh,"102,518 km",Diesel,Pune,2020
Honda BR-V VX,₹ 5.80 Lakh,"137,528 km",Petrol,Kolkata,2016
Mahindra XUV700 AX7,₹ 16.19 Lakh,"18,938 km",Petrol,Jaipur,2024
Honda City ZX,₹ 10.38 Lakh,"50,580 km",Hybrid,Kolkata,2023
Mercedes-Benz C-Class C200,₹ 46.59 Lakh,"45,607 km",Petrol,Kolkata,2022
MG Astor Savvy,₹ 14.03 Lakh,"40,255 km",Diesel,Jaipur,2022
Nissan Magnite XV,₹ 6.19 Lakh,"80,319 km",Diesel,Jaipur,2023
MG Hector Sharp,₹ 12.06 Lakh,"79,215 km",Petrol,Kochi,2021
Kia Seltos HTX,₹ 7.28 Lakh,"120,813 km",Petrol,Kochi,2016
Kia Seltos HTX,₹ 7.90 Lakh,"109,702 km",Petrol,Mumbai,2018
BMW 3 Series 320d,₹ 23.46 Lakh,"144,672 km",Electric,Kolkata,2013
Kia Seltos HTX,₹ 16.58 Lakh,"25,096 km",Petrol,Chennai,2025
Audi Q3 Premium,₹ 21.89 Lakh,"171,850 km",Petrol,Mumbai,2015
Maruti Suzuki WagonR VXi,₹ 4.84 Lakh,"113,259 km",Diesel,Hyderabad,2017
Maruti Suzuki Baleno Alpha,₹ 6.20 Lakh,"79,299 km",Petrol,Noida,2021
Mahindra Scorpio N Z8,₹ 9.01 Lakh,"119,237 km",Diesel,Chennai,2015
Mahindra XUV500 W8,₹ 10.87 Lakh,"92,459 km",Diesel,Mumbai,2020
Tata Harrier XZ,₹ 8.85 Lakh,"81,902 km",CNG,Mysuru,2021
Jaguar XE Prestige,₹ 60.79 Lakh,"39,362 km",Hybrid,Kochi,2025
Toyota Glanza G,₹ 10.07 Lakh,"154,139 km",Petrol,Mysuru,2016
Mahindra Thar LX,₹ 6.32 Lakh,"131,605 km",CNG,Jaipur,2013
Jaguar XE Prestige,₹ 44.99 Lakh,"87,577 km",Petrol,Jaipur,2019
Renault Triber RXZ,₹ 7.81 Lakh,"84,522 km",Electric,Thane,2020
Volkswagen Polo GT,₹ 6.67 Lakh,"148,698 km",Petrol,Noida,2015
Honda City ZX,₹ 7.84 Lakh,"64,874 km",Petrol,Bangalore,2021
Ford EcoSport Titanium,₹ 13.03 Lakh,"82,669 km",Hybrid,Mysuru,2019
Jeep Compass Limited,₹ 14.36 Lakh,"124,422 km",Petrol,Kochi,2015
Renault Kiger RXZ,₹ 5.02 Lakh,"53,186 km",Diesel,Pune,2022
MG ZS EV,₹ 8.25 Lakh,"148,387 km",Diesel,Ahmedabad,2015
Honda BR-V VX,₹ 8.24 Lakh,"63,919 km",Petrol,Pune,2021
Renault Kiger RXZ,₹ 4.80 Lakh,"46,827 km",CNG,Kochi,2023
Tata Altroz XZ,₹ 7.72 Lakh,"102,379 km",Petrol,Jaipur,2017
Volvo XC40 Recharge,₹ 41.78 Lakh,"58,216 km",Diesel,Pune,2022
Volkswagen Virtus GT,₹ 16.92 Lakh,"46,107 km",Petrol,Kolkata,2025
Jaguar XE Prestige,₹ 28.27 Lakh,"161,329 km",Petrol,Noida,2015
Maruti Suzuki Baleno Alpha,₹ 1.20 Lakh,"151,408 km",Diesel,Bangalore,2013
Tata Punch Creative,₹ 12.16 Lakh,"48,907 km",Petrol,Delhi,2023
Kia Seltos HTX,₹ 9.86 Lakh,"81,104 km",Petrol,Noida,2019
Skoda Kushaq Style,₹ 16.33 Lakh,"32,200 km",Petrol,Delhi,2023
Volkswagen Virtus GT,₹ 7.13 Lakh,"167,845 km",Diesel,Kochi,2013
Mahindra Scorpio N Z8,₹ 10.17 Lakh,"108,074 km",Diesel,Noida,2017
Mahindra Thar LX,₹ 9.22 Lakh,"105,890 km",Petrol,Bangalore,2018
Honda BR-V VX,₹ 4.07 Lakh,"175,478 km",Diesel,Kolkata,2013
MG ZS EV,₹ 6.00 Lakh,"170,146 km",CNG,Kolkata,2013
Mahindra XUV700 AX7,₹ 6.28 Lakh,"153,473 km",CNG,Kolkata,2015
Volkswagen Polo GT,₹ 10.75 Lakh,"100,913 km",Diesel,Pune,2018
Maruti Suzuki Baleno Alpha,₹ 6.95 Lakh,"67,350 km",Petrol,Kochi,2023
Lexus ES 300h,₹ 35.74 Lakh,"157,176 km",Petrol,Chennai,2014
Mahindra XUV500 W8,₹ 5.07 Lakh,"182,585 km",CNG,Kochi,2012
Skoda Kushaq Style,₹ 9.38 Lakh,"148,578 km",Diesel,Chennai,2017
Lexus NX 350h,₹ 32.15 Lakh,"161,695 km",Petrol,Mumbai,2013
Audi A4 35 TDI,₹ 21.61 Lakh,"157,368 km",Petrol,Mysuru,2015
Renault Triber RXZ,₹ 5.39 Lakh,"30,639 km",Petrol,Jaipur,2023
Nissan Magnite XV,₹ 5.90 Lakh,"96,288 km",Petrol,Mysuru,2019
MG Astor Savvy,₹ 9.18 Lakh,"143,446 km",Petrol,Kochi,2017
Audi Q5 quattro,₹ 24.44 Lakh,"84,015 km",Diesel,Delhi,2017
Volkswagen Virtus GT,₹ 4.55 Lakh,"205,121 km",Diesel,Delhi,2012
Lexus ES 300h,₹ 41.21 Lakh,"96,452 km",Diesel,Lucknow,2016
Jeep Compass Limited,₹ 14.13 Lakh,"147,714 km",Hybrid,Bangalore,2014
Mahindra XUV700 AX7,₹ 15.25 Lakh,"50,948 km",Petrol,Mumbai,2023
Lexus NX 350h,₹ 28.83 Lakh,"155,156 km",CNG,Kochi,2014
MG Astor Savvy,₹ 13.67 Lakh,"99,766 km",Petrol,Chennai,2020
Nissan Magnite XV,₹ 2.90 Lakh,"165,588 km",Petrol,Kolkata,2015
Kia Carens Prestige,₹ 15.59 Lakh,"27,370 km",Petrol,Hyderabad,2024
BMW 3 Series 320d,₹ 54.22 Lakh,"28,352 km",Petrol,Chennai,2025
Mahindra Scorpio N Z8,₹ 10.34 Lakh,"102,907 km",Petrol,Kochi,2017
Kia Carens Prestige,₹ 7.92 Lakh,"106,259 km",Petrol,Pune,2018
Volkswagen Polo GT,₹ 7.05 Lakh,"178,096 km",Electric,Pune,2012
Ford Endeavour Titanium,₹ 6.88 Lakh,"110,051 km",Petrol,Chennai,2017
MG Hector Sharp,₹ 14.92 Lakh,"81,666 km",Petrol,Jaipur,2022
Jaguar XE Prestige,₹ 60.59 Lakh,"50,443 km",Hybrid,Kochi,2025
Skoda Kushaq Style,₹ 13.88 Lakh,"66,266 km",Diesel,Ahmedabad,2020
Skoda Slavia Style,₹ 9.98 Lakh,"126,188 km",CNG,Pune,2015
Tata Punch Creative,₹ 12.71 Lakh,"30,033 km",Petrol,Kochi,2024
Volvo XC40 Recharge,₹ 46.61 Lakh,"49,539 km",Petrol,Pune,2024
Kia Carens Prestige,₹ 7.51 Lakh,"101,484 km",Petrol,Delhi,2017
Ford EcoSport Titanium,₹ 13.96 Lakh,"51,081 km",Diesel,Kolkata,2024
Kia Sonet GTX,₹ 12.56 Lakh,"60,768 km",Petrol,Mysuru,2022
Nissan Magnite XV,₹ 7.82 Lakh,"32,259 km",Petrol,Pune,2022
Skoda Superb L&K,₹ 19.38 Lakh,"3,000 km",Petrol,Delhi,2025
Mercedes-Benz C-Class C200,₹ 40.67 Lakh,"91,383 km",Hybrid,Hyderabad,2019
Renault Triber RXZ,₹ 7.49 Lakh,"46,920 km",CNG,Jaipur,2023
Hyundai Verna SX,₹ 7.82 Lakh,"66,429 km",Petrol,Delhi,2021
Skoda Superb L&K,₹ 17.11 Lakh,"32,340 km",Diesel,Delhi,2024
Lexus ES 300h,₹ 36.36 Lakh,"113,234 km",Diesel,Mumbai,2015
Jeep Compass Limited,₹ 17.89 Lakh,"149,924 km",Petrol,Pune,2017
Tata Altroz XZ,₹ 9.90 Lakh,"82,036 km",CNG,Thane,2020
Volvo XC40 Recharge,₹ 24.42 Lakh,"151,342 km",Petrol,Jaipur,2014
Jaguar F-Pace,₹ 24.88 Lakh,"188,899 km",Petrol,Noida,2012
Kia Carens Prestige,₹ 12.39 Lakh,"88,358 km",Electric,Noida,2019
Mahindra Thar LX,₹ 14.45 Lakh,"43,565 km",Diesel,Thane,2024
Jeep Compass Limited,₹ 21.47 Lakh,"83,850 km",Diesel,Bangalore,2020
Maruti Suzuki Dzire ZXi,₹ 6.47 Lakh,"61,938 km",Diesel,Hyderabad,2023
Tata Nexon XZ+,₹ 8.40 Lakh,"97,117 km",Petrol,Lucknow,2021
Jaguar XE Prestige,₹ 59.61 Lakh,"22,499 km",Petrol,Lucknow,2023
Hyundai Verna SX,₹ 4.08 Lakh,"183,665 km",Petrol,Delhi,2012
Volvo XC60,₹ 23.83 Lakh,"149,301 km",Petrol,Noida,2014
MG Hector Sharp,₹ 7.44 Lakh,"151,995 km",Petrol,Ahmedabad,2015
Jeep Compass Limited,₹ 16.78 Lakh,"136,643 km",Petrol,Hyderabad,2016
Toyota Fortuner 4x2,₹ 6.78 Lakh,"164,753 km",Petrol,Lucknow,2014
Jaguar F-Pace,₹ 43.65 Lakh,"113,116 km",Petrol,Thane,2019
MG Hector Sharp,₹ 9.53 Lakh,"111,092 km",Diesel,Delhi,2017
Renault Triber RXZ,₹ 3.04 Lakh,"91,596 km",CNG,Jaipur,2018
Jaguar XE Prestige,₹ 22.12 Lakh,"202,156 km",CNG,Kochi,2012
Nissan Magnite XV,₹ 4.98 Lakh,"63,172 km",Diesel,Kochi,2021
Mahindra Scorpio N Z8,₹ 12.48 Lakh,"79,838 km",CNG,Mysuru,2022
Jaguar XE Prestige,₹ 34.44 Lakh,"121,310 km",Diesel,Jaipur,2017
Maruti Suzuki WagonR VXi,₹ 3.58 Lakh,"108,037 km",CNG,Kolkata,2017
Renault Triber RXZ,₹ 5.95 Lakh,"164,980 km",Electric,Jaipur,2012
Toyota Fortuner 4x2,₹ 8.91 Lakh,"147,957 km",Petrol,Thane,2016
Volkswagen Virtus GT,₹ 8.97 Lakh,"120,075 km",CNG,Jaipur,2017
Volkswagen Taigun GT,₹ 9.38 Lakh,"123,615 km",CNG,Mumbai,2016
Nissan Magnite XV,₹ 1.52 Lakh,"168,204 km",CNG,Mumbai,2013
MG Hector Sharp,₹ 12.04 Lakh,"111,905 km",Petrol,Kochi,2018
Toyota Innova Crysta GX,₹ 12.65 Lakh,"35,939 km",Diesel,Mumbai,2020
Kia Seltos HTX,₹ 13.25 Lakh,"30,765 km",Diesel,Kochi,2023
Honda Amaze VX,₹ 6.75 Lakh,"80,696 km",Petrol,Mumbai,2021
Maruti Suzuki Dzire ZXi,₹ 5.30 Lakh,"56,875 km",Diesel,Mumbai,2023
Tata Harrier XZ,₹ 7.29 Lakh,"159,493 km",Electric,Hyderabad,2014
Jeep Compass Limited,₹ 18.70 Lakh,"122,028 km",Petrol,Kolkata,2018
Maruti Suzuki Baleno Alpha,₹ 2.88 Lakh,"158,410 km",Petrol,Kochi,2014
Audi Q5 quattro,₹ 35.37 Lakh,"79,357 km",Diesel,Bangalore,2021
Jaguar XE Prestige,₹ 46.15 Lakh,"90,397 km",Diesel,Jaipur,2019
Hyundai Grand i10,₹ 8.66 Lakh,"83,452 km",Petrol,Mumbai,2020
Tata Harrier XZ,₹ 9.79 Lakh,"92,155 km",Diesel,Bangalore,2020
Renault Kiger RXZ,₹ 6.43 Lakh,"16,069 km",Diesel,Thane,2023
Jeep Compass Limited,₹ 22.03 Lakh,"133,786 km",Diesel,Pune,2019
Kia Sonet GTX,₹ 7.38 Lakh,"130,576 km",Diesel,Mysuru,2015
Maruti Suzuki WagonR VXi,₹ 6.98 Lakh,"34,090 km",Diesel,Mysuru,2023
Tata Altroz XZ,₹ 5.60 Lakh,"152,906 km",CNG,Delhi,2016
Hyundai Venue SX,₹ 9.84 Lakh,"107,629 km",Electric,Thane,2018
Maruti Suzuki Swift VXi,₹ 5.46 Lakh,"46,563 km",Diesel,Delhi,2021
Toyota Urban Cruiser,₹ 11.83 Lakh,"118,257 km",Petrol,Kolkata,2019
Toyota Glanza G,₹ 10.60 Lakh,"71,952 km",CNG,Chennai,2019
Volkswagen Taigun GT,₹ 18.20 Lakh,"6,215 km",Electric,Noida,2024
Jaguar F-Pace,₹ 45.94 Lakh,"123,397 km",Diesel,Pune,2019
BMW 3 Series 320d,₹ 21.42 Lakh,"177,943 km",Diesel,Bangalore,2012
Mahindra Scorpio N Z8,₹ 12.50 Lakh,"47,928 km",CNG,Lucknow,2022
Mercedes-Benz C-Class C200,₹ 39.86 Lakh,"86,399 km",CNG,Bangalore,2019
Honda Jazz VX,₹ 4.35 Lakh,"119,061 km",CNG,Thane,2017
Mahindra XUV700 AX7,₹ 14.63 Lakh,"66,304 km",Petrol,Mumbai,2022
MG Astor Savvy,₹ 16.14 Lakh,"41,503 km",Diesel,Chennai,2025
Hyundai Venue SX,₹ 4.81 Lakh,"174,634 km",Hybrid,Mysuru,2014
Nissan Magnite XV,₹ 4.44 Lakh,"128,247 km",Petrol,Kolkata,2015
Hyundai Verna SX,₹ 6.29 Lakh,"130,157 km",Diesel,Hyderabad,2015
Tata Harrier XZ,₹ 10.21 Lakh,"65,130 km",Petrol,Mumbai,2020
BMW 5 Series 530d,₹ 38.08 Lakh,"115,158 km",Petrol,Kolkata,2019
Tata Punch Creative,₹ 5.59 Lakh,"156,562 km",Petrol,Delhi,2013
Mahindra Thar LX,₹ 12.08 Lakh,"66,720 km",Diesel,Mumbai,2021
Maruti Suzuki Dzire ZXi,₹ 2.64 Lakh,"157,779 km",Petrol,Chennai,2015
Renault Triber RXZ,₹ 5.89 Lakh,"59,941 km",Petrol,Jaipur,2024
Tata Punch Creative,₹ 4.88 Lakh,"133,250 km",Diesel,Chennai,2015
MG ZS EV,₹ 13.42 Lakh,"72,327 km",Diesel,Hyderabad,2021
Toyota Innova Crysta GX,₹ 15.57 Lakh,"58,996 km",Petrol,Chennai,2022
Kia Carens Prestige,₹ 10.60 Lakh,"69,754 km",Petrol,Ahmedabad,2021
Volkswagen Taigun GT,₹ 12.37 Lakh,"68,955 km",Diesel,Noida,2021
Jaguar XE Prestige,₹ 27.41 Lakh,"129,930 km",Electric,Hyderabad,2012
Volkswagen Polo GT,₹ 15.05 Lakh,"22,229 km",Diesel,Pune,2023
Nissan Magnite XV,₹ 6.06 Lakh,"69,907 km",Diesel,Ahmedabad,2023
Volkswagen Polo GT,₹ 7.04 Lakh,"158,077 km",Petrol,Lucknow,2014
Maruti Suzuki Swift VXi,₹ 4.02 Lakh,"87,272 km",Petrol,Kochi,2018
Mahindra Scorpio N Z8,₹ 8.31 Lakh,"99,670 km",Petrol,Mumbai,2017
Mahindra XUV500 W8,₹ 6.15 Lakh,"138,537 km",Petrol,Noida,2013
Toyota Urban Cruiser,₹ 9.35 Lakh,"88,924 km",Petrol,Mysuru,2018
Hyundai Venue SX,₹ 6.20 Lakh,"132,069 km",Petrol,Lucknow,2018
Honda BR-V VX,₹ 7.64 Lakh,"101,704 km",Petrol,Pune,2021
Hyundai Venue SX,₹ 12.60 Lakh,"63,696 km",Hybrid,Hyderabad,2022
Lexus ES 300h,₹ 37.58 Lakh,"141,733 km",Petrol,Delhi,2015
Ford EcoSport Titanium,₹ 7.98 Lakh,"106,199 km",Diesel,Kolkata,2018
Mahindra XUV500 W8,₹ 8.99 Lakh,"122,935 km",Petrol,Delhi,2016
Jeep Compass Limited,₹ 24.60 Lakh,"78,827 km",CNG,Jaipur,2021
Hyundai i20 Asta,₹ 6.89 Lakh,"84,589 km",Petrol,Bangalore,2020
Kia Carens Prestige,₹ 9.15 Lakh,"119,185 km",Petrol,Jaipur,2018
MG Astor Savvy,₹ 4.74 Lakh,"201,318 km",Diesel,Jaipur,2012
Kia Sonet GTX,₹ 4.73 Lakh,"151,554 km",Petrol,Hyderabad,2013
Ford EcoSport Titanium,₹ 5.19 Lakh,"174,659 km",Petrol,Kochi,2012
Honda Amaze VX,₹ 3.87 Lakh,"186,355 km",Hybrid,Jaipur,2013
Mercedes-Benz GLA 200,₹ 40.75 Lakh,"103,649 km",Petrol,Delhi,2019
Audi Q3 Premium,₹ 15.43 Lakh,"196,232 km",Petrol,Mumbai,2013
Maruti Suzuki Baleno Alpha,₹ 6.38 Lakh,"56,666 km",Hybrid,Kochi,2021
Honda City ZX,₹ 9.06 Lakh,"31,383 km",Diesel,Kochi,2024
Tata Punch Creative,₹ 6.41 Lakh,"111,381 km",Diesel,Chennai,2018
Audi Q3 Premium,₹ 21.05 Lakh,"161,881 km",Diesel,Lucknow,2014
Volkswagen Polo GT,₹ 4.50 Lakh,"166,178 km",Petrol,Ahmedabad,2013
MG Hector Sharp,₹ 6.07 Lakh,"170,224 km",CNG,Thane,2014
Volvo XC60,₹ 40.52 Lakh,"62,418 km",Diesel,Lucknow,2022
Mercedes-Benz C-Class C200,₹ 38.96 Lakh,"92,678 km",Petrol,Noida,2019
Volkswagen Polo GT,₹ 11.58 Lakh,"72,737 km",Petrol,Bangalore,2020
Lexus ES 300h,₹ 24.42 Lakh,"163,828 km",Diesel,Kochi,2012
BMW 3 Series 320d,₹ 50.62 Lakh,"43,127 km",Electric,Noida,2023
Skoda Kushaq Style,₹ 19.54 Lakh,"13,461 km",Diesel,Kochi,2025
Audi Q3 Premium,₹ 36.74 Lakh,"13,857 km",Petrol,Pune,2023
Kia Seltos HTX,₹ 15.08 Lakh,"7,286 km",Petrol,Pune,2024
Volkswagen Polo GT,₹ 3.37 Lakh,"190,127 km",Petrol,Ahmedabad,2012
Lexus NX 350h,₹ 67.52 Lakh,"38,597 km",Petrol,Kochi,2024
BMW 3 Series 320d,₹ 28.32 Lakh,"102,235 km",Petrol,Kolkata,2017
Ford Endeavour Titanium,₹ 15.46 Lakh,"36,335 km",Petrol,Mumbai,2025
Tata Nexon XZ+,₹ 7.88 Lakh,"114,111 km",Petrol,Jaipur,2017
Ford EcoSport Titanium,₹ 14.94 Lakh,"24,784 km",Petrol,Mumbai,2025
Renault Triber RXZ,₹ 1.77 Lakh,"171,305 km",Petrol,Chennai,2013
Nissan Magnite XV,₹ 1.59 Lakh,"169,016 km",Diesel,Kochi,2012
Ford Endeavour Titanium,₹ 6.26 Lakh,"161,247 km",Diesel,Thane,2014
Kia Seltos HTX,₹ 12.56 Lakh,"58,679 km",Petrol,Hyderabad,2021
MG Hector Sharp,₹ 12.90 Lakh,"72,007 km",Diesel,Thane,2019
Toyota Glanza G,₹ 13.37 Lakh,"58,200 km",Diesel,Noida,2021
MG Hector Sharp,₹ 12.64 Lakh,"117,038 km",Petrol,Ahmedabad,2019
Maruti Suzuki Baleno Alpha,₹ 1.29 Lakh,"157,050 km",Diesel,Ahmedabad,2013
Jaguar XE Prestige,₹ 43.38 Lakh,"121,821 km",Diesel,Noida,2018
Volkswagen Taigun GT,₹ 14.88 Lakh,"29,468 km",Petrol,Jaipur,2024
MG ZS EV,₹ 14.57 Lakh,"50,297 km",Petrol,Thane,2021
Volvo XC60,₹ 26.04 Lakh,"156,596 km",Petrol,Mysuru,2014
Honda Jazz VX,₹ 5.05 Lakh,"85,946 km",CNG,Kochi,2019
Honda City ZX,₹ 5.19 Lakh,"140,976 km",Diesel,Chennai,2014
Renault Triber RXZ,₹ 4.50 Lakh,"132,056 km",Hybrid,Mumbai,2017
Mercedes-Benz E-Class E220d,₹ 22.36 Lakh,"141,217 km",Petrol,Ahmedabad,2013
Lexus NX 350h,₹ 38.94 Lakh,"155,795 km",Diesel,Thane,2016
Toyota Fortuner 4x2,₹ 15.13 Lakh,"83,663 km",Petrol,Jaipur,2022
Ford EcoSport Titanium,₹ 7.94 Lakh,"103,450 km",Petrol,Pune,2018
Maruti Suzuki Baleno Alpha,₹ 5.24 Lakh,"65,153 km",Petrol,Chennai,2022
Audi A4 35 TDI,₹ 43.50 Lakh,"42,980 km",Electric,Lucknow,2025
MG Astor Savvy,₹ 13.42 Lakh,"53,696 km",Diesel,Mysuru,2022
Tata Harrier XZ,₹ 9.45 Lakh,"61,065 km",Petrol,Mumbai,2022
Mercedes-Benz C-Class C200,₹ 51.18 Lakh,"37,624 km",Diesel,Pune,2023
BMW X1 sDrive,₹ 42.62 Lakh,"62,796 km",Petrol,Chennai,2021
Volvo XC40 Recharge,₹ 43.45 Lakh,"26,292 km",Diesel,Mysuru,2022
Volvo XC40 Recharge,₹ 48.88 Lakh,"33,976 km",Petrol,Delhi,2025
Jaguar XE Prestige,₹ 36.97 Lakh,"132,383 km",Electric,Noida,2016
MG Astor Savvy,₹ 5.76 Lakh,"159,558 km",CNG,Kochi,2013
MG Hector Sharp,₹ 7.54 Lakh,"132,003 km",Diesel,Mumbai,2015
Honda City ZX,₹ 1.20 Lakh,"201,493 km",Diesel,Delhi,2012
Skoda Superb L&K,₹ 11.50 Lakh,"120,818 km",Petrol,Hyderabad,2016
Audi Q5 quattro,₹ 45.60 Lakh,"61,838 km",Hybrid,Noida,2024
Skoda Slavia Style,₹ 9.99 Lakh,"164,390 km",Diesel,Thane,2016
Mahindra Thar LX,₹ 15.02 Lakh,"68,278 km",Diesel,Ahmedabad,2023
Audi A4 35 TDI,₹ 19.07 Lakh,"136,211 km",CNG,Hyderabad,2015
Hyundai Venue SX,₹ 3.02 Lakh,"195,182 km",Petrol,Mysuru,2013
Mercedes-Benz E-Class E220d,₹ 43.61 Lakh,"56,933 km",Diesel,Mysuru,2020
Kia Seltos HTX,₹ 9.86 Lakh,"120,414 km",Diesel,Jaipur,2017
Tata Nexon XZ+,₹ 8.67 Lakh,"123,732 km",Diesel,Mysuru,2018
MG Astor Savvy,₹ 12.46 Lakh,"60,039 km",CNG,Delhi,2021
Renault Triber RXZ,₹ 1.58 Lakh,"148,599 km",Diesel,Hyderabad,2013
Maruti Suzuki Dzire ZXi,₹ 3.50 Lakh,"131,932 km",Diesel,Mumbai,2016
Lexus ES 300h,₹ 62.62 Lakh,"48,547 km",CNG,Mysuru,2023
Audi Q3 Premium,₹ 39.59 Lakh,"7,257 km",Diesel,Ahmedabad,2025
Jeep Compass Limited,₹ 22.27 Lakh,"94,550 km",Diesel,Ahmedabad,2020
Mahindra XUV700 AX7,₹ 5.73 Lakh,"144,498 km",Diesel,Lucknow,2014
BMW X1 sDrive,₹ 40.55 Lakh,"91,071 km",Diesel,Delhi,2020
Kia Sonet GTX,₹ 7.51 Lakh,"202,295 km",Electric,Jaipur,2012
Volvo XC60,₹ 24.50 Lakh,"172,892 km",Diesel,Thane,2015
Renault Kiger RXZ,₹ 3.77 Lakh,"123,487 km",Petrol,Delhi,2013
Tata Punch Creative,₹ 5.47 Lakh,"153,489 km",CNG,Bangalore,2014
Hyundai Venue SX,₹ 3.92 Lakh,"174,930 km",Petrol,Chennai,2015
Honda Jazz VX,₹ 9.40 Lakh,"94,141 km",Electric,Hyderabad,2019
Jeep Compass Limited,₹ 27.69 Lakh,"34,312 km",Petrol,Bangalore,2024
Toyota Urban Cruiser,₹ 13.84 Lakh,"42,118 km",Petrol,Pune,2023
Nissan Magnite XV,₹ 9.09 Lakh,"58,236 km",Electric,Ahmedabad,2022
Jeep Compass Limited,₹ 24.33 Lakh,"90,420 km",Petrol,Ahmedabad,2021
Mercedes-Benz E-Class E220d,₹ 35.16 Lakh,"123,065 km",Petrol,Ahmedabad,2016
Kia Carens Prestige,₹ 6.13 Lakh,"159,369 km",Diesel,Hyderabad,2012
Mercedes-Benz C-Class C200,₹ 22.15 Lakh,"158,663 km",Diesel,Ahmedabad,2013
BMW X1 sDrive,₹ 24.59 Lakh,"165,197 km",Petrol,Chennai,2014
Kia Seltos HTX,₹ 13.26 Lakh,"41,088 km",Petrol,Bangalore,2022
Maruti Suzuki Brezza ZXi,₹ 3.65 Lakh,"89,937 km",Petrol,Delhi,2019
Honda Jazz VX,₹ 3.70 Lakh,"156,577 km",Diesel,Chennai,2012
Tata Harrier XZ,₹ 7.91 Lakh,"165,200 km",Electric,Bangalore,2013
Renault Triber RXZ,₹ 2.51 Lakh,"147,285 km",Diesel,Jaipur,2014
Jeep Compass Limited,₹ 12.89 Lakh,"150,949 km",Hybrid,Ahmedabad,2013
MG Astor Savvy,₹ 8.61 Lakh,"139,831 km",Petrol,Jaipur,2015
Nissan Magnite XV,₹ 6.37 Lakh,"82,485 km",Petrol,Bangalore,2020
Volkswagen Virtus GT,₹ 7.03 Lakh,"139,455 km",Petrol,Mysuru,2014
Renault Kwid Climber,₹ 8.00 Lakh,"51,190 km",Electric,Lucknow,2021
Volvo XC40 Recharge,₹ 34.78 Lakh,"103,713 km",Petrol,Thane,2018
Skoda Superb L&K,₹ 15.68 Lakh,"92,397 km",Electric,Delhi,2019
Mercedes-Benz GLA 200,₹ 58.56 Lakh,"15,703 km",Petrol,Ahmedabad,2025
Honda City ZX,₹ 2.74 Lakh,"185,432 km",Petrol,Delhi,2012
Lexus ES 300h,₹ 32.14 Lakh,"164,382 km",Petrol,Ahmedabad,2014
Ford EcoSport Titanium,₹ 13.48 Lakh,"69,600 km",Electric,Ahmedabad,2021
Hyundai Creta SX,₹ 4.30 Lakh,"157,852 km",Petrol,Thane,2013
Jaguar F-Pace,₹ 51.75 Lakh,"46,431 km",Petrol,Chennai,2022
Volvo XC60,₹ 41.05 Lakh,"58,226 km",Diesel,Delhi,2022
Ford EcoSport Titanium,₹ 7.28 Lakh,"134,105 km",Diesel,Kochi,2017
MG Astor Savvy,₹ 13.55 Lakh,"96,186 km",Petrol,Thane,2020
Jeep Compass Limited,₹ 17.48 Lakh,"163,451 km",CNG,Mumbai,2016
Mahindra XUV700 AX7,₹ 4.85 Lakh,"154,224 km",Petrol,Kochi,2013
Volkswagen Polo GT,₹ 11.27 Lakh,"86,419 km",Petrol,Jaipur,2021
Toyota Innova Crysta GX,₹ 12.20 Lakh,"86,217 km",Diesel,Noida,2019
Hyundai Venue SX,₹ 7.13 Lakh,"91,334 km",Petrol,Kochi,2018
Skoda Kushaq Style,₹ 15.53 Lakh,"69,972 km",Diesel,Noida,2022
Nissan Magnite XV,₹ 4.58 Lakh,"91,661 km",Petrol,Lucknow,2020
Honda Amaze VX,₹ 9.78 Lakh,"3,000 km",Petrol,Mysuru,2025
Audi Q3 Premium,₹ 25.21 Lakh,"111,397 km",Diesel,Lucknow,2017
Tata Nexon XZ+,₹ 4.03 Lakh,"181,944 km",Petrol,Thane,2013
BMW 5 Series 530d,₹ 55.59 Lakh,"30,348 km",Diesel,Hyderabad,2025
Skoda Kushaq Style,₹ 8.18 Lakh,"172,266 km",Petrol,Ahmedabad,2013
Jeep Compass Limited,₹ 18.29 Lakh,"87,031 km",Diesel,Mysuru,2018
MG Astor Savvy,₹ 7.63 Lakh,"134,072 km",Petrol,Thane,2016
Jeep Compass Limited,₹ 16.59 Lakh,"130,192 km",Petrol,Thane,2015
Toyota Glanza G,₹ 15.42 Lakh,"61,967 km",Diesel,Mysuru,2022
BMW X1 sDrive,₹ 21.54 Lakh,"158,010 km",Diesel,Chennai,2014
Honda Jazz VX,₹ 8.98 Lakh,"60,378 km",Petrol,Hyderabad,2021
Jaguar F-Pace,₹ 23.23 Lakh,"193,584 km",Petrol,Pune,2012
Volkswagen Polo GT,₹ 11.44 Lakh,"122,406 km",Electric,Mysuru,2016
Audi Q3 Premium,₹ 26.77 Lakh,"94,952 km",Petrol,Thane,2019
Mahindra XUV500 W8,₹ 6.22 Lakh,"138,289 km",Petrol,Jaipur,2014
Ford Endeavour Titanium,₹ 8.49 Lakh,"100,807 km",Petrol,Bangalore,2019
Honda City ZX,₹ 7.71 Lakh,"69,485 km",Petrol,Kolkata,2019
Mercedes-Benz C-Class C200,₹ 35.59 Lakh,"107,109 km",Petrol,Ahmedabad,2018
BMW 5 Series 530d,₹ 30.03 Lakh,"115,756 km",Petrol,Noida,2018
Jeep Compass Limited,₹ 16.10 Lakh,"140,563 km",Petrol,Bangalore,2015
BMW X1 sDrive,₹ 36.97 Lakh,"96,405 km",Hybrid,Lucknow,2019
Ford EcoSport Titanium,₹ 10.98 Lakh,"93,192 km",Hybrid,Kolkata,2018
Nissan Magnite XV,₹ 4.33 Lakh,"80,689 km",Petrol,Jaipur,2019
Jeep Compass Limited,₹ 12.75 Lakh,"163,678 km",Diesel,Lucknow,2013
Hyundai Grand i10,₹ 7.50 Lakh,"85,861 km",Diesel,Chennai,2018
Maruti Suzuki Brezza ZXi,₹ 3.78 Lakh,"129,963 km",Petrol,Jaipur,2015
Lexus ES 300h,₹ 43.45 Lakh,"134,270 km",Petrol,Hyderabad,2017
Jaguar XE Prestige,₹ 41.17 Lakh,"83,898 km",Diesel,Mumbai,2018
Volvo XC40 Recharge,₹ 42.03 Lakh,"51,678 km",Petrol,Jaipur,2023
Hyundai Venue SX,₹ 2.59 Lakh,"187,131 km",Petrol,Kochi,2012
MG ZS EV,₹ 16.06 Lakh,"40,233 km",Diesel,Thane,2023
Lexus ES 300h,₹ 69.05 Lakh,"42,084 km",Petrol,Noida,2024
Mahindra Thar LX,₹ 6.00 Lakh,"110,422 km",CNG,Mysuru,2014
Renault Kwid Climber,₹ 9.22 Lakh,"79,275 km",Electric,Mumbai,2020
Maruti Suzuki Brezza ZXi,₹ 5.99 Lakh,"42,803 km",Diesel,Kochi,2025
Ford EcoSport Titanium,₹ 6.15 Lakh,"123,735 km",Diesel,Bangalore,2014
Toyota Urban Cruiser,₹ 13.22 Lakh,"110,512 km",Diesel,Kolkata,2020
Toyota Innova Crysta GX,₹ 8.25 Lakh,"158,808 km",Petrol,Lucknow,2014
Volkswagen Virtus GT,₹ 15.70 Lakh,"21,937 km",Petrol,Kolkata,2024
Ford EcoSport Titanium,₹ 6.28 Lakh,"143,387 km",Diesel,Lucknow,2014
Audi Q3 Premium,₹ 40.22 Lakh,"59,156 km",Petrol,Noida,2024
Renault Kwid Climber,₹ 3.45 Lakh,"140,756 km",CNG,Hyderabad,2015
Maruti Suzuki Dzire ZXi,₹ 5.10 Lakh,"114,568 km",Petrol,Chennai,2017
Audi Q5 quattro,₹ 15.95 Lakh,"146,561 km",Petrol,Mumbai,2014
Maruti Suzuki Swift VXi,₹ 5.31 Lakh,"60,798 km",Petrol,Mumbai,2022
Hyundai Verna SX,₹ 9.67 Lakh,"53,701 km",Petrol,Hyderabad,2022
Jeep Compass Limited,₹ 29.43 Lakh,"35,408 km",Petrol,Pune,2024
Mahindra Thar LX,₹ 5.57 Lakh,"162,093 km",Diesel,Hyderabad,2013
Audi Q3 Premium,₹ 20.88 Lakh,"156,127 km",CNG,Jaipur,2015
Lexus ES 300h,₹ 27.78 Lakh,"143,871 km",CNG,Chennai,2013
MG ZS EV,₹ 15.18 Lakh,"53,243 km",Diesel,Mumbai,2023
Kia Seltos HTX,₹ 11.64 Lakh,"118,977 km",Hybrid,Pune,2019
Toyota Glanza G,₹ 10.59 Lakh,"82,612 km",Diesel,Chennai,2018
Mahindra Scorpio N Z8,₹ 13.60 Lakh,"98,925 km",Electric,Mysuru,2017
BMW X1 sDrive,₹ 44.67 Lakh,"76,731 km",Petrol,Chennai,2021
Jeep Compass Limited,₹ 17.53 Lakh,"149,208 km",Petrol,Lucknow,2016
Jeep Compass Limited,₹ 22.48 Lakh,"66,790 km",Hybrid,Kochi,2019
Honda City ZX,₹ 8.07 Lakh,"70,609 km",Petrol,Ahmedabad,2022
Audi Q5 quattro,₹ 25.99 Lakh,"104,247 km",Petrol,Delhi,2018
Toyota Urban Cruiser,₹ 16.36 Lakh,"52,485 km",Petrol,Ahmedabad,2024
MG ZS EV,₹ 12.89 Lakh,"67,953 km",Diesel,Ahmedabad,2021
Nissan Magnite XV,₹ 4.54 Lakh,"93,420 km",Diesel,Noida,2019
Hyundai Venue SX,₹ 1.79 Lakh,"173,079 km",Petrol,Mysuru,2012
Kia Seltos HTX,₹ 8.91 Lakh,"97,676 km",Diesel,Noida,2019
Honda Amaze VX,₹ 8.35 Lakh,"38,918 km",Petrol,Delhi,2022
Mercedes-Benz GLA 200,₹ 28.45 Lakh,"123,588 km",Petrol,Ahmedabad,2016
BMW 5 Series 530d,₹ 17.62 Lakh,"185,606 km",CNG,Ahmedabad,2012
Audi A4 35 TDI,₹ 27.12 Lakh,"134,462 km",CNG,Kolkata,2016
Mahindra Thar LX,₹ 14.53 Lakh,"44,479 km",Diesel,Hyderabad,2024
Renault Triber RXZ,₹ 3.21 Lakh,"104,847 km",Petrol,Pune,2016
Lexus NX 350h,₹ 28.06 Lakh,"172,795 km",Petrol,Kochi,2012
Renault Kiger RXZ,₹ 5.10 Lakh,"97,118 km",Petrol,Kochi,2019
Volvo XC60,₹ 40.25 Lakh,"97,925 km",Petrol,Kochi,2021
Maruti Suzuki WagonR VXi,₹ 7.27 Lakh,"56,203 km",Petrol,Mysuru,2024
BMW 3 Series 320d,₹ 32.87 Lakh,"110,204 km",Diesel,Noida,2018
Hyundai Verna SX,₹ 9.83 Lakh,"46,246 km",Diesel,Kochi,2024
Mahindra Thar LX,₹ 16.32 Lakh,"23,711 km",Diesel,Jaipur,2024
Skoda Superb L&K,₹ 12.83 Lakh,"70,247 km",Petrol,Chennai,2019
Maruti Suzuki Swift VXi,₹ 2.57 Lakh,"113,226 km",Petrol,Kochi,2016
Mahindra XUV500 W8,₹ 11.43 Lakh,"104,968 km",Diesel,Mumbai,2018
Skoda Kushaq Style,₹ 18.43 Lakh,"25,089 km",Diesel,Chennai,2024
Audi Q3 Premium,₹ 43.98 Lakh,"33,982 km",Diesel,Chennai,2024
Maruti Suzuki Baleno Alpha,₹ 3.13 Lakh,"90,238 km",Petrol,Mysuru,2017
Jeep Compass Limited,₹ 17.86 Lakh,"151,830 km",Petrol,Bangalore,2017
Volkswagen Virtus GT,₹ 7.01 Lakh,"147,115 km",Petrol,Jaipur,2015
Toyota Innova Crysta GX,₹ 10.27 Lakh,"105,988 km",Petrol,Chennai,2018
Mercedes-Benz GLA 200,₹ 21.83 Lakh,"201,655 km",Petrol,Thane,2012
BMW 5 Series 530d,₹ 33.04 Lakh,"129,472 km",Petrol,Kochi,2017
MG Hector Sharp,₹ 6.90 Lakh,"134,939 km",Diesel,Hyderabad,2015
BMW 5 Series 530d,₹ 51.80 Lakh,"3,000 km",Petrol,Jaipur,2025
BMW 3 Series 320d,₹ 16.78 Lakh,"178,279 km",Diesel,Bangalore,2012
BMW 3 Series 320d,₹ 37.52 Lakh,"71,029 km",Diesel,Delhi,2020
Nissan Magnite XV,₹ 3.43 Lakh,"128,032 km",Petrol,Mysuru,2016
Honda BR-V VX,₹ 6.98 Lakh,"120,695 km",Diesel,Bangalore,2017
BMW 3 Series 320d,₹ 27.06 Lakh,"130,034 km",Diesel,Delhi,2015
MG ZS EV,₹ 15.99 Lakh,"70,725 km",Petrol,Mysuru,2024
Ford Endeavour Titanium,₹ 12.37 Lakh,"84,673 km",Petrol,Delhi,2022
Hyundai i20 Asta,₹ 9.10 Lakh,"33,729 km",Petrol,Mysuru,2022
Volvo XC40 Recharge,₹ 23.13 Lakh,"163,547 km",Diesel,Delhi,2015
Jaguar F-Pace,₹ 35.51 Lakh,"185,026 km",Hybrid,Delhi,2015
Hyundai Grand i10,₹ 4.16 Lakh,"146,989 km",Petrol,Kolkata,2014
Lexus NX 350h,₹ 34.88 Lakh,"145,990 km",Diesel,Noida,2016
Kia Carens Prestige,₹ 13.76 Lakh,"12,686 km",Petrol,Mumbai,2025
Jaguar F-Pace,₹ 28.90 Lakh,"136,998 km",Electric,Ahmedabad,2014
Toyota Urban Cruiser,₹ 14.20 Lakh,"71,421 km",CNG,Kochi,2021
Nissan Magnite XV,₹ 6.31 Lakh,"95,477 km",Diesel,Ahmedabad,2019
Mahindra Thar LX,₹ 7.24 Lakh,"118,934 km",Petrol,Hyderabad,2016
Renault Triber RXZ,₹ 1.20 Lakh,"182,604 km",Diesel,Noida,2013
Maruti Suzuki Swift VXi,₹ 2.80 Lakh,"104,270 km",Petrol,Hyderabad,2017
Jeep Compass Limited,₹ 10.57 Lakh,"195,137 km",CNG,Jaipur,2012
Kia Sonet GTX,₹ 6.79 Lakh,"141,269 km",Diesel,Jaipur,2016
Volvo XC60,₹ 50.87 Lakh,"28,791 km",Diesel,Hyderabad,2024
Toyota Innova Crysta GX,₹ 12.31 Lakh,"94,985 km",Petrol,Kochi,2019
Ford EcoSport Titanium,₹ 12.19 Lakh,"42,314 km",Diesel,Kolkata,2022
Jeep Compass Limited,₹ 13.42 Lakh,"132,894 km",Petrol,Jaipur,2014
Jeep Compass Limited,₹ 22.49 Lakh,"60,434 km",Petrol,Chennai,2020
Lexus ES 300h,₹ 47.41 Lakh,"91,366 km",Petrol,Kochi,2019
Tata Harrier XZ,₹ 7.93 Lakh,"140,611 km",Petrol,Bangalore,2017
Skoda Kushaq Style,₹ 17.12 Lakh,"63,339 km",Petrol,Bangalore,2022
MG ZS EV,₹ 7.74 Lakh,"110,121 km",CNG,Kolkata,2015
Toyota Innova Crysta GX,₹ 7.83 Lakh,"164,733 km",Diesel,Lucknow,2014
Renault Kwid Climber,₹ 5.41 Lakh,"74,553 km",Diesel,Kolkata,2017
Hyundai Verna SX,₹ 11.17 Lakh,"16,972 km",Petrol,Kochi,2023
Jaguar F-Pace,₹ 56.25 Lakh,"66,475 km",Diesel,Delhi,2024
Jeep Compass Limited,₹ 27.41 Lakh,"55,671 km",Electric,Kochi,2020
Jaguar XE Prestige,₹ 46.28 Lakh,"81,094 km",Petrol,Kolkata,2019
Mercedes-Benz E-Class E220d,₹ 51.60 Lakh,"65,615 km",Hybrid,Pune,2023
Volkswagen Taigun GT,₹ 11.11 Lakh,"79,602 km",CNG,Kolkata,2021
Volvo XC40 Recharge,₹ 25.00 Lakh,"172,901 km",CNG,Noida,2014
Mercedes-Benz E-Class E220d,₹ 29.31 Lakh,"153,260 km",Petrol,Kochi,2016
Audi A4 35 TDI,₹ 36.52 Lakh,"55,678 km",Petrol,Hyderabad,2021
Ford EcoSport Titanium,₹ 7.36 Lakh,"112,417 km",CNG,Ahmedabad,2018
Renault Kwid Climber,₹ 3.34 Lakh,"92,051 km",CNG,Jaipur,2018
Mercedes-Benz E-Class E220d,₹ 48.64 Lakh,"71,561 km",CNG,Mumbai,2022
Audi Q5 quattro,₹ 29.85 Lakh,"130,819 km",Diesel,Mumbai,2020
Volvo XC60,₹ 14.36 Lakh,"164,218 km",Petrol,Chennai,2012
Skoda Superb L&K,₹ 14.62 Lakh,"67,502 km",Petrol,Hyderabad,2019
Volkswagen Taigun GT,₹ 13.87 Lakh,"66,023 km",Diesel,Thane,2022
Toyota Glanza G,₹ 6.58 Lakh,"147,301 km",Petrol,Chennai,2012
Honda BR-V VX,₹ 4.26 Lakh,"144,513 km",Diesel,Pune,2015
Skoda Kushaq Style,₹ 18.98 Lakh,"72,861 km",Diesel,Ahmedabad,2025
Renault Triber RXZ,₹ 6.86 Lakh,"122,447 km",Hybrid,Lucknow,2016
Ford Endeavour Titanium,₹ 6.64 Lakh,"101,153 km",Petrol,Delhi,2016
Hyundai Creta SX,₹ 10.17 Lakh,"52,661 km",Diesel,Pune,2021
MG ZS EV,₹ 6.67 Lakh,"169,903 km",CNG,Jaipur,2014
Skoda Slavia Style,₹ 14.49 Lakh,"76,137 km",Petrol,Hyderabad,2021
Mercedes-Benz E-Class E220d,₹ 26.66 Lakh,"147,798 km",Diesel,Kochi,2014
Tata Harrier XZ,₹ 5.35 Lakh,"119,690 km",Petrol,Mumbai,2017
Hyundai Venue SX,₹ 5.37 Lakh,"150,963 km",Petrol,Lucknow,2014
Toyota Innova Crysta GX,₹ 15.40 Lakh,"54,268 km",Diesel,Chennai,2024
Mahindra Thar LX,₹ 5.60 Lakh,"137,652 km",Petrol,Mumbai,2014
Nissan Magnite XV,₹ 4.73 Lakh,"76,013 km",Petrol,Mysuru,2020
Ford Endeavour Titanium,₹ 14.85 Lakh,"33,920 km",Diesel,Delhi,2025
Volvo XC40 Recharge,₹ 37.65 Lakh,"69,724 km",CNG,Pune,2021
Toyota Glanza G,₹ 6.75 Lakh,"162,145 km",Diesel,Mysuru,2014
Volkswagen Taigun GT,₹ 4.26 Lakh,"196,613 km",Diesel,Pune,2012
Mahindra Thar LX,₹ 10.22 Lakh,"118,137 km",Diesel,Bangalore,2019
Ford EcoSport Titanium,₹ 12.34 Lakh,"43,597 km",Diesel,Noida,2023
Renault Triber RXZ,₹ 4.46 Lakh,"87,594 km",Diesel,Kolkata,2020
Honda Jazz VX,₹ 9.09 Lakh,"68,218 km",Hybrid,Bangalore,2022
Mercedes-Benz E-Class E220d,₹ 46.17 Lakh,"88,017 km",Electric,Mumbai,2020
Honda Amaze VX,₹ 4.73 Lakh,"149,852 km",Diesel,Jaipur,2015
Maruti Suzuki Baleno Alpha,₹ 1.20 Lakh,"183,927 km",Petrol,Kochi,2012
Mahindra Thar LX,₹ 12.60 Lakh,"89,463 km",CNG,Lucknow,2020
Jaguar F-Pace,₹ 46.61 Lakh,"87,001 km",CNG,Bangalore,2019
Ford Endeavour Titanium,₹ 10.12 Lakh,"79,631 km",Diesel,Pune,2020
Mahindra Thar LX,₹ 7.24 Lakh,"133,345 km",Diesel,Mysuru,2014
Ford EcoSport Titanium,₹ 12.58 Lakh,"68,753 km",Diesel,Lucknow,2023
Maruti Suzuki Dzire ZXi,₹ 4.56 Lakh,"76,862 km",Diesel,Lucknow,2019
Jaguar XE Prestige,₹ 52.30 Lakh,"18,003 km",Petrol,Delhi,2022
Volkswagen Polo GT,₹ 12.11 Lakh,"95,656 km",Diesel,Kolkata,2019
Volvo XC60,₹ 42.54 Lakh,"61,224 km",Petrol,Lucknow,2021
Jeep Compass Limited,₹ 20.09 Lakh,"128,830 km",Petrol,Pune,2018
Volvo XC60,₹ 40.92 Lakh,"80,998 km",Petrol,Hyderabad,2022
Skoda Slavia Style,₹ 7.55 Lakh,"138,800 km",Diesel,Chennai,2012
Volvo XC60,₹ 40.24 Lakh,"65,719 km",Diesel,Jaipur,2021
Audi Q3 Premium,₹ 28.47 Lakh,"75,872 km",Petrol,Kolkata,2018
Mercedes-Benz C-Class C200,₹ 57.62 Lakh,"14,769 km",CNG,Hyderabad,2025
Lexus ES 300h,₹ 42.79 Lakh,"76,782 km",Petrol,Pune,2017
Toyota Fortuner 4x2,₹ 10.53 Lakh,"131,504 km",Petrol,Mumbai,2017
Maruti Suzuki WagonR VXi,₹ 7.12 Lakh,"13,258 km",CNG,Delhi,2025
Ford EcoSport Titanium,₹ 11.46 Lakh,"95,822 km",Hybrid,Noida,2020
Ford Endeavour Titanium,₹ 9.50 Lakh,"92,567 km",Petrol,Noida,2020
Volvo XC60,₹ 24.74 Lakh,"128,935 km",Electric,Thane,2013
Maruti Suzuki Dzire ZXi,₹ 3.69 Lakh,"86,358 km",Petrol,Chennai,2018
Renault Kwid Climber,₹ 4.26 Lakh,"91,268 km",Diesel,Kolkata,2021
Ford EcoSport Titanium,₹ 9.02 Lakh,"90,224 km",Diesel,Pune,2020
Honda BR-V VX,₹ 10.60 Lakh,"107,169 km",Electric,Noida,2019
Mercedes-Benz E-Class E220d,₹ 56.62 Lakh,"3,000 km",Diesel,Jaipur,2025
Lexus ES 300h,₹ 28.99 Lakh,"168,539 km",Diesel,Thane,2013
Audi Q3 Premium,₹ 19.34 Lakh,"150,886 km",Petrol,Lucknow,2014
Maruti Suzuki Swift VXi,₹ 7.76 Lakh,"19,806 km",Petrol,Mysuru,2025
Tata Harrier XZ,₹ 11.23 Lakh,"24,682 km",Petrol,Lucknow,2024
Maruti Suzuki Swift VXi,₹ 3.41 Lakh,"104,868 km",Petrol,Kolkata,2018
Honda Amaze VX,₹ 2.95 Lakh,"179,340 km",Petrol,Delhi,2013
Toyota Fortuner 4x2,₹ 10.65 Lakh,"97,781 km",Petrol,Ahmedabad,2018
Tata Punch Creative,₹ 7.43 Lakh,"124,713 km",Diesel,Mumbai,2018
Toyota Urban Cruiser,₹ 13.31 Lakh,"89,386 km",Diesel,Jaipur,2020
Mahindra XUV700 AX7,₹ 12.57 Lakh,"65,826 km",Diesel,Ahmedabad,2021
BMW 5 Series 530d,₹ 41.38 Lakh,"81,504 km",Diesel,Kolkata,2022
Lexus ES 300h,₹ 43.50 Lakh,"145,288 km",Petrol,Thane,2017
MG Astor Savvy,₹ 14.89 Lakh,"60,632 km",Diesel,Kolkata,2023
Mahindra XUV500 W8,₹ 6.40 Lakh,"109,557 km",Petrol,Pune,2015
Skoda Slavia Style,₹ 14.79 Lakh,"102,509 km",Hybrid,Jaipur,2019
Nissan Magnite XV,₹ 5.33 Lakh,"88,156 km",Petrol,Ahmedabad,2021
Mercedes-Benz GLA 200,₹ 26.58 Lakh,"164,469 km",Petrol,Hyderabad,2014
Volvo XC60,₹ 28.91 Lakh,"175,864 km",Diesel,Bangalore,2015
Mercedes-Benz C-Class C200,₹ 22.13 Lakh,"176,492 km",Diesel,Delhi,2012
Mercedes-Benz E-Class E220d,₹ 55.32 Lakh,"43,412 km",Petrol,Lucknow,2023
Lexus NX 350h,₹ 30.93 Lakh,"145,021 km",CNG,Kochi,2014
Volkswagen Polo GT,₹ 12.11 Lakh,"88,469 km",Petrol,Pune,2019
Maruti Suzuki Swift VXi,₹ 6.47 Lakh,"72,507 km",CNG,Bangalore,2024
Toyota Urban Cruiser,₹ 16.73 Lakh,"28,657 km",CNG,Delhi,2024
Toyota Fortuner 4x2,₹ 5.51 Lakh,"149,655 km",Diesel,Jaipur,2012
MG Astor Savvy,₹ 16.30 Lakh,"45,611 km",Petrol,Jaipur,2025
Maruti Suzuki WagonR VXi,₹ 5.86 Lakh,"89,831 km",Diesel,Mumbai,2018
Maruti Suzuki Swift VXi,₹ 1.82 Lakh,"109,877 km",Diesel,Hyderabad,2014
Ford Endeavour Titanium,₹ 13.99 Lakh,"39,867 km",Petrol,Lucknow,2025
Skoda Superb L&K,₹ 7.36 Lakh,"185,113 km",Diesel,Pune,2012
Kia Carens Prestige,₹ 9.81 Lakh,"82,964 km",Petrol,Lucknow,2019
Nissan Magnite XV,₹ 6.93 Lakh,"70,012 km",Electric,Ahmedabad,2018
Toyota Glanza G,₹ 9.41 Lakh,"109,922 km",CNG,Delhi,2016
Lexus ES 300h,₹ 36.96 Lakh,"136,657 km",Petrol,Mumbai,2015
MG ZS EV,₹ 14.58 Lakh,"58,306 km",Petrol,Jaipur,2021
Audi A4 35 TDI,₹ 32.06 Lakh,"100,349 km",Petrol,Noida,2019
Kia Carens Prestige,₹ 7.50 Lakh,"102,792 km",Diesel,Jaipur,2015
Volvo XC60,₹ 40.78 Lakh,"62,506 km",Petrol,Noida,2022
Toyota Innova Crysta GX,₹ 14.22 Lakh,"40,788 km",Petrol,Kolkata,2023
Volvo XC60,₹ 31.90 Lakh,"110,008 km",Petrol,Hyderabad,2017
MG Astor Savvy,₹ 7.18 Lakh,"139,393 km",Petrol,Bangalore,2014
Skoda Superb L&K,₹ 15.32 Lakh,"78,701 km",Diesel,Bangalore,2021
Honda BR-V VX,₹ 5.80 Lakh,"75,211 km",Diesel,Mumbai,2019
Mercedes-Benz E-Class E220d,₹ 45.54 Lakh,"53,620 km",Hybrid,Bangalore,2020
Kia Carens Prestige,₹ 11.03 Lakh,"57,234 km",Petrol,Bangalore,2021
Jaguar F-Pace,₹ 26.84 Lakh,"153,972 km",Electric,Delhi,2013
Kia Carens Prestige,₹ 18.08 Lakh,"63,081 km",Hybrid,Chennai,2025
Volkswagen Taigun GT,₹ 11.88 Lakh,"62,020 km",Petrol,Ahmedabad,2021
Nissan Magnite XV,₹ 1.90 Lakh,"146,302 km",Petrol,Lucknow,2013
Mahindra XUV500 W8,₹ 9.93 Lakh,"104,079 km",Diesel,Mumbai,2019
Tata Nexon XZ+,₹ 10.84 Lakh,"120,797 km",Electric,Jaipur,2018
MG Hector Sharp,₹ 14.91 Lakh,"77,774 km",Electric,Bangalore,2021
Toyota Glanza G,₹ 7.52 Lakh,"167,904 km",Diesel,Noida,2013
Renault Triber RXZ,₹ 4.50 Lakh,"92,789 km",Diesel,Noida,2018
Tata Harrier XZ,₹ 7.33 Lakh,"130,789 km",Diesel,Kolkata,2016
Jeep Compass Limited,₹ 15.09 Lakh,"129,453 km",Diesel,Delhi,2015
Jeep Compass Limited,₹ 30.23 Lakh,"44,246 km",Hybrid,Ahmedabad,2023
Volkswagen Polo GT,₹ 14.38 Lakh,"73,151 km",CNG,Kochi,2022
Audi Q3 Premium,₹ 23.10 Lakh,"91,792 km",Petrol,Lucknow,2017
BMW 3 Series 320d,₹ 23.42 Lakh,"165,916 km",Electric,Kolkata,2013
Mercedes-Benz E-Class E220d,₹ 46.25 Lakh,"68,825 km",Petrol,Jaipur,2020
Skoda Slavia Style,₹ 11.51 Lakh,"139,247 km",Diesel,Pune,2017
BMW X1 sDrive,₹ 49.90 Lakh,"38,383 km",Hybrid,Pune,2024
Mahindra Thar LX,₹ 13.11 Lakh,"60,756 km",Diesel,Bangalore,2021
Lexus ES 300h,₹ 44.57 Lakh,"107,433 km",Petrol,Thane,2017
Skoda Kushaq Style,₹ 11.79 Lakh,"79,278 km",Diesel,Chennai,2018
Mercedes-Benz E-Class E220d,₹ 29.70 Lakh,"135,894 km",Petrol,Chennai,2015
Volvo XC40 Recharge,₹ 23.03 Lakh,"179,634 km",Petrol,Lucknow,2015
Volkswagen Virtus GT,₹ 5.64 Lakh,"166,835 km",Diesel,Hyderabad,2013
BMW 5 Series 530d,₹ 29.84 Lakh,"121,758 km",CNG,Kolkata,2016
Kia Carens Prestige,₹ 8.67 Lakh,"100,716 km",Diesel,Kolkata,2019
Nissan Magnite XV,₹ 9.68 Lakh,"38,199 km",Electric,Kochi,2023
Lexus NX 350h,₹ 67.29 Lakh,"33,731 km",CNG,Chennai,2025
MG ZS EV,₹ 8.34 Lakh,"163,250 km",Diesel,Thane,2014
Mahindra Thar LX,₹ 4.08 Lakh,"196,132 km",Diesel,Chennai,2012
Hyundai i20 Asta,₹ 6.55 Lakh,"116,172 km",Petrol,Ahmedabad,2019
Mahindra Scorpio N Z8,₹ 16.63 Lakh,"32,476 km",Petrol,Noida,2024
Kia Sonet GTX,₹ 5.91 Lakh,"114,975 km",Petrol,Kolkata,2014
Nissan Magnite XV,₹ 3.04 Lakh,"179,560 km",Petrol,Mysuru,2014
Toyota Glanza G,₹ 14.98 Lakh,"70,723 km",Petrol,Mumbai,2024
Toyota Innova Crysta GX,₹ 9.29 Lakh,"149,304 km",Petrol,Ahmedabad,2015
Mercedes-Benz E-Class E220d,₹ 22.26 Lakh,"168,256 km",Diesel,Bangalore,2013
Mercedes-Benz C-Class C200,₹ 37.48 Lakh,"76,846 km",Petrol,Lucknow,2019
Nissan Magnite XV,₹ 4.77 Lakh,"108,590 km",Petrol,Chennai,2017
Volvo XC40 Recharge,₹ 33.66 Lakh,"124,111 km",Diesel,Mysuru,2017
MG ZS EV,₹ 12.21 Lakh,"87,019 km",Petrol,Hyderabad,2019
Maruti Suzuki WagonR VXi,₹ 1.38 Lakh,"128,727 km",Petrol,Bangalore,2014
Tata Punch Creative,₹ 10.97 Lakh,"44,997 km",Petrol,Lucknow,2021
Toyota Fortuner 4x2,₹ 7.22 Lakh,"119,211 km",Petrol,Thane,2015
Jeep Compass Limited,₹ 12.49 Lakh,"156,600 km",Petrol,Mumbai,2013
Honda City ZX,₹ 4.94 Lakh,"129,824 km",Diesel,Pune,2016
Hyundai Grand i10,₹ 5.73 Lakh,"174,112 km",Petrol,Kolkata,2015
Renault Triber RXZ,₹ 3.45 Lakh,"88,831 km",Diesel,Ahmedabad,2018
Jaguar F-Pace,₹ 50.95 Lakh,"73,994 km",Petrol,Kochi,2021
Volkswagen Taigun GT,₹ 10.75 Lakh,"54,884 km",Petrol,Jaipur,2020
Toyota Fortuner 4x2,₹ 8.30 Lakh,"134,548 km",Diesel,Noida,2014
Nissan Magnite XV,₹ 4.49 Lakh,"133,524 km",CNG,Jaipur,2015
MG Astor Savvy,₹ 4.63 Lakh,"176,850 km",Diesel,Thane,2013
Skoda Kushaq Style,₹ 14.33 Lakh,"44,545 km",Petrol,Pune,2021
Honda BR-V VX,₹ 7.04 Lakh,"79,814 km",Diesel,Delhi,2021
Volkswagen Virtus GT,₹ 12.03 Lakh,"115,030 km",Electric,Noida,2016
Jeep Compass Limited,₹ 9.16 Lakh,"159,916 km",Diesel,Chennai,2012
Hyundai Verna SX,₹ 5.26 Lakh,"122,815 km",Petrol,Thane,2018
Volvo XC60,₹ 31.32 Lakh,"118,227 km",Electric,Mysuru,2017
Renault Triber RXZ,₹ 4.09 Lakh,"84,521 km",Diesel,Bangalore,2018
Mercedes-Benz C-Class C200,₹ 47.36 Lakh,"55,051 km",Petrol,Pune,2021
Volvo XC40 Recharge,₹ 29.14 Lakh,"130,983 km",CNG,Jaipur,2015
Volkswagen Taigun GT,₹ 14.38 Lakh,"3,000 km",Petrol,Jaipur,2024
Jaguar F-Pace,₹ 24.69 Lakh,"208,998 km",CNG,Mysuru,2012
Toyota Fortuner 4x2,₹ 8.02 Lakh,"182,601 km",Diesel,Mumbai,2014
Hyundai Venue SX,₹ 3.62 Lakh,"154,809 km",CNG,Noida,2014
Renault Kiger RXZ,₹ 2.91 Lakh,"158,911 km",Petrol,Mumbai,2013
Volvo XC40 Recharge,₹ 33.51 Lakh,"80,614 km",Petrol,Hyderabad,2019
Jeep Compass Limited,₹ 26.31 Lakh,"42,522 km",Diesel,Mumbai,2023
BMW 5 Series 530d,₹ 45.75 Lakh,"35,891 km",Petrol,Bangalore,2022
Skoda Slavia Style,₹ 7.91 Lakh,"187,048 km",Petrol,Mumbai,2013
Ford EcoSport Titanium,₹ 12.23 Lakh,"64,113 km",CNG,Hyderabad,2023
Tata Harrier XZ,₹ 10.35 Lakh,"40,136 km",Petrol,Jaipur,2023
Toyota Urban Cruiser,₹ 10.89 Lakh,"124,246 km",Diesel,Jaipur,2019
Hyundai i20 Asta,₹ 10.46 Lakh,"113,623 km",Electric,Jaipur,2020
BMW 3 Series 320d,₹ 28.51 Lakh,"121,799 km",Petrol,Kochi,2016
Volvo XC40 Recharge,₹ 24.58 Lakh,"133,325 km",Petrol,Pune,2016
Jaguar F-Pace,₹ 44.62 Lakh,"74,230 km",Petrol,Bangalore,2019
Volvo XC40 Recharge,₹ 34.99 Lakh,"102,493 km",Diesel,Lucknow,2019
Ford EcoSport Titanium,₹ 9.86 Lakh,"108,945 km",Petrol,Noida,2021
Toyota Fortuner 4x2,₹ 7.95 Lakh,"102,410 km",Petrol,Noida,2016
Audi A4 35 TDI,₹ 28.43 Lakh,"151,911 km",CNG,Kochi,2017
Honda Amaze VX,₹ 8.60 Lakh,"95,980 km",Hybrid,Chennai,2018
Mercedes-Benz E-Class E220d,₹ 44.33 Lakh,"80,898 km",Diesel,Jaipur,2020
BMW 3 Series 320d,₹ 32.61 Lakh,"144,110 km",Electric,Pune,2015
Maruti Suzuki Baleno Alpha,₹ 5.73 Lakh,"65,761 km",Diesel,Kochi,2021
Mahindra Scorpio N Z8,₹ 20.44 Lakh,"17,184 km",Electric,Mumbai,2025
Kia Carens Prestige,₹ 10.26 Lakh,"108,694 km",Diesel,Jaipur,2019
Ford EcoSport Titanium,₹ 9.06 Lakh,"88,882 km",Diesel,Kochi,2017
Skoda Kushaq Style,₹ 14.13 Lakh,"87,983 km",Petrol,Delhi,2020
Tata Punch Creative,₹ 7.55 Lakh,"108,331 km",Petrol,Delhi,2018
Audi Q5 quattro,₹ 27.78 Lakh,"103,593 km",Diesel,Kochi,2019
Mahindra XUV700 AX7,₹ 14.04 Lakh,"13,271 km",Petrol,Bangalore,2024
Mahindra XUV700 AX7,₹ 14.51 Lakh,"24,368 km",Diesel,Delhi,2022
Jeep Compass Limited,₹ 19.24 Lakh,"107,095 km",Petrol,Noida,2017
Hyundai Grand i10,₹ 8.66 Lakh,"133,008 km",Electric,Hyderabad,2015
Hyundai i20 Asta,₹ 10.60 Lakh,"27,942 km",CNG,Mumbai,2022
Skoda Kushaq Style,₹ 9.01 Lakh,"132,858 km",Petrol,Jaipur,2015
Ford Endeavour Titanium,₹ 5.84 Lakh,"162,259 km",Petrol,Noida,2015
Lexus NX 350h,₹ 47.83 Lakh,"113,534 km",Petrol,Mumbai,2018
Ford EcoSport Titanium,₹ 15.12 Lakh,"26,513 km",Petrol,Hyderabad,2025
Audi A4 35 TDI,₹ 37.31 Lakh,"36,214 km",Petrol,Mysuru,2023
Lexus NX 350h,₹ 64.61 Lakh,"24,460 km",Petrol,Pune,2023
Toyota Glanza G,₹ 8.80 Lakh,"160,777 km",Electric,Chennai,2013
Mercedes-Benz E-Class E220d,₹ 21.74 Lakh,"181,814 km",Petrol,Mumbai,2012
MG Astor Savvy,₹ 15.99 Lakh,"11,558 km",Petrol,Lucknow,2025
Renault Kiger RXZ,₹ 5.43 Lakh,"72,974 km",Petrol,Pune,2021
Jeep Compass Limited,₹ 25.67 Lakh,"44,225 km",Petrol,Lucknow,2022
Jaguar F-Pace,₹ 58.00 Lakh,"17,706 km",Diesel,Chennai,2025
Mahindra Scorpio N Z8,₹ 5.18 Lakh,"196,215 km",Diesel,Lucknow,2012
Nissan Magnite XV,₹ 4.48 Lakh,"92,016 km",Petrol,Mysuru,2020
Kia Carens Prestige,₹ 5.65 Lakh,"161,302 km",Diesel,Kolkata,2014
Mercedes-Benz E-Class E220d,₹ 35.58 Lakh,"119,492 km",Electric,Ahmedabad,2017
Mercedes-Benz GLA 200,₹ 18.12 Lakh,"156,619 km",CNG,Bangalore,2012
Nissan Magnite XV,₹ 4.37 Lakh,"100,537 km",Diesel,Noida,2020
Tata Harrier XZ,₹ 6.22 Lakh,"116,678 km",Diesel,Thane,2018
Volvo XC60,₹ 38.60 Lakh,"83,474 km",Petrol,Ahmedabad,2020
Hyundai Venue SX,₹ 9.95 Lakh,"29,064 km",Petrol,Mysuru,2025
Jaguar F-Pace,₹ 31.87 Lakh,"139,527 km",Petrol,Kolkata,2015
Lexus ES 300h,₹ 64.14 Lakh,"24,900 km",Petrol,Bangalore,2023
Jaguar XE Prestige,₹ 38.73 Lakh,"140,454 km",Diesel,Bangalore,2016
Ford EcoSport Titanium,₹ 11.41 Lakh,"32,992 km",Diesel,Ahmedabad,2022
Jeep Compass Limited,₹ 12.29 Lakh,"180,242 km",Hybrid,Hyderabad,2012
Toyota Innova Crysta GX,₹ 6.72 Lakh,"189,392 km",Petrol,Pune,2013
Jeep Compass Limited,₹ 22.68 Lakh,"87,518 km",Petrol,Kochi,2020
Volvo XC60,₹ 37.98 Lakh,"98,436 km",Diesel,Mysuru,2019
Honda BR-V VX,₹ 4.29 Lakh,"128,584 km",Petrol,Thane,2017
Volvo XC40 Recharge,₹ 28.15 Lakh,"117,835 km",Petrol,Lucknow,2017
Lexus ES 300h,₹ 49.28 Lakh,"61,342 km",Petrol,Lucknow,2019
Jeep Compass Limited,₹ 15.40 Lakh,"155,774 km",Petrol,Lucknow,2015
BMW 3 Series 320d,₹ 28.34 Lakh,"128,570 km",Hybrid,Chennai,2015
Tata Nexon XZ+,₹ 7.01 Lakh,"180,156 km",Electric,Delhi,2013
Hyundai i20 Asta,₹ 7.45 Lakh,"91,210 km",Petrol,Jaipur,2020
Audi Q5 quattro,₹ 19.53 Lakh,"146,442 km",Diesel,Bangalore,2015
Volvo XC60,₹ 28.33 Lakh,"122,502 km",Diesel,Thane,2016
Mercedes-Benz C-Class C200,₹ 34.48 Lakh,"117,066 km",CNG,Delhi,2018
Audi Q5 quattro,₹ 34.45 Lakh,"107,803 km",Electric,Bangalore,2020
Lexus NX 350h,₹ 40.47 Lakh,"108,154 km",Diesel,Mumbai,2016
Maruti Suzuki Dzire ZXi,₹ 5.82 Lakh,"49,566 km",CNG,Jaipur,2023
Volvo XC40 Recharge,₹ 43.79 Lakh,"45,584 km",Petrol,Mysuru,2024
Volkswagen Virtus GT,₹ 13.81 Lakh,"42,656 km",Petrol,Pune,2023
Mercedes-Benz E-Class E220d,₹ 25.56 Lakh,"137,261 km",Diesel,Noida,2014
Honda Amaze VX,₹ 6.78 Lakh,"94,272 km",Diesel,Mumbai,2021
Ford EcoSport Titanium,₹ 7.27 Lakh,"139,051 km",Petrol,Delhi,2015
Jaguar F-Pace,₹ 26.59 Lakh,"150,040 km",Petrol,Chennai,2013
MG ZS EV,₹ 10.37 Lakh,"68,424 km",Petrol,Hyderabad,2018
Maruti Suzuki Baleno Alpha,₹ 6.64 Lakh,"33,312 km",CNG,Chennai,2022
Ford EcoSport Titanium,₹ 8.67 Lakh,"71,082 km",Diesel,Noida,2019
Jaguar F-Pace,₹ 44.40 Lakh,"91,916 km",Petrol,Hyderabad,2019
Maruti Suzuki Dzire ZXi,₹ 7.39 Lakh,"127,753 km",Electric,Jaipur,2016
Mercedes-Benz E-Class E220d,₹ 40.71 Lakh,"93,206 km",Diesel,Chennai,2019
Audi A4 35 TDI,₹ 17.57 Lakh,"169,658 km",Petrol,Kochi,2014
Maruti Suzuki Swift VXi,₹ 5.55 Lakh,"3,000 km",CNG,Hyderabad,2024
Volvo XC40 Recharge,₹ 39.77 Lakh,"59,809 km",Electric,Pune,2019
Nissan Magnite XV,₹ 7.06 Lakh,"108,688 km",Diesel,Hyderabad,2020
BMW 3 Series 320d,₹ 53.63 Lakh,"14,271 km",Petrol,Jaipur,2025
Maruti Suzuki Brezza ZXi,₹ 4.81 Lakh,"142,223 km",Hybrid,Hyderabad,2016
Hyundai Creta SX,₹ 5.86 Lakh,"128,947 km",Petrol,Mysuru,2016
Jeep Compass Limited,₹ 15.91 Lakh,"163,540 km",Diesel,Ahmedabad,2016
Audi Q5 quattro,₹ 29.13 Lakh,"80,502 km",Petrol,Kochi,2020
MG ZS EV,₹ 15.04 Lakh,"60,179 km",Diesel,Hyderabad,2022
Ford EcoSport Titanium,₹ 13.55 Lakh,"61,742 km",Diesel,Kochi,2023
MG Hector Sharp,₹ 16.98 Lakh,"3,000 km",Petrol,Kochi,2025
Tata Nexon XZ+,₹ 2.91 Lakh,"167,187 km",Petrol,Bangalore,2013
Mahindra Scorpio N Z8,₹ 14.90 Lakh,"66,400 km",Petrol,Kochi,2023
Ford EcoSport Titanium,₹ 12.60 Lakh,"48,994 km",Diesel,Chennai,2021
Skoda Superb L&K,₹ 12.86 Lakh,"101,173 km",CNG,Jaipur,2018
Toyota Innova Crysta GX,₹ 15.13 Lakh,"86,778 km",Diesel,Lucknow,2022
Skoda Superb L&K,₹ 10.54 Lakh,"116,245 km",Diesel,Mysuru,2017
Honda City ZX,₹ 8.51 Lakh,"111,131 km",Hybrid,Pune,2019
Volvo XC60,₹ 28.33 Lakh,"113,962 km",Petrol,Mumbai,2016
Maruti Suzuki Baleno Alpha,₹ 3.59 Lakh,"153,074 km",CNG,Noida,2014
Skoda Kushaq Style,₹ 12.12 Lakh,"90,856 km",Petrol,Hyderabad,2019
Maruti Suzuki WagonR VXi,₹ 2.13 Lakh,"142,483 km",Diesel,Lucknow,2016
Ford EcoSport Titanium,₹ 6.94 Lakh,"134,439 km",Petrol,Delhi,2014
Lexus ES 300h,₹ 53.38 Lakh,"81,627 km",Diesel,Chennai,2021
BMW 3 Series 320d,₹ 24.50 Lakh,"133,337 km",Hybrid,Hyderabad,2013
Hyundai Grand i10,₹ 4.40 Lakh,"137,576 km",Diesel,Chennai,2013
MG Astor Savvy,₹ 14.57 Lakh,"108,688 km",Hybrid,Ahmedabad,2019
Lexus ES 300h,₹ 27.54 Lakh,"165,124 km",Hybrid,Hyderabad,2012
Volvo XC60,₹ 23.56 Lakh,"151,469 km",Petrol,Mysuru,2016
Mercedes-Benz GLA 200,₹ 57.82 Lakh,"26,351 km",Diesel,Kochi,2025
Audi Q5 quattro,₹ 40.38 Lakh,"36,690 km",Petrol,Bangalore,2023
Jeep Compass Limited,₹ 28.70 Lakh,"45,111 km",Petrol,Kolkata,2023
Audi A4 35 TDI,₹ 41.58 Lakh,"61,589 km",Petrol,Noida,2023
Tata Punch Creative,₹ 12.67 Lakh,"3,000 km",CNG,Pune,2025
BMW X1 sDrive,₹ 35.40 Lakh,"132,020 km",Petrol,Pune,2018
Nissan Magnite XV,₹ 2.36 Lakh,"161,972 km",Petrol,Pune,2014
Tata Altroz XZ,₹ 8.67 Lakh,"88,153 km",Petrol,Jaipur,2019
MG Hector Sharp,₹ 8.94 Lakh,"111,706 km",Petrol,Lucknow,2017
Skoda Kushaq Style,₹ 7.59 Lakh,"127,234 km",Diesel,Mumbai,2015
Maruti Suzuki WagonR VXi,₹ 1.73 Lakh,"155,926 km",Petrol,Kochi,2015
Jaguar XE Prestige,₹ 64.61 Lakh,"38,678 km",Hybrid,Kochi,2024
Tata Nexon XZ+,₹ 4.56 Lakh,"142,279 km",Diesel,Delhi,2015
Tata Harrier XZ,₹ 12.93 Lakh,"39,088 km",Petrol,Mumbai,2024
Tata Nexon XZ+,₹ 2.76 Lakh,"142,076 km",Petrol,Mysuru,2013
Skoda Kushaq Style,₹ 16.91 Lakh,"68,109 km",Petrol,Delhi,2023
Mahindra XUV500 W8,₹ 8.59 Lakh,"103,729 km",CNG,Kochi,2018
Mahindra XUV700 AX7,₹ 11.49 Lakh,"82,200 km",Petrol,Chennai,2021
Volvo XC40 Recharge,₹ 25.69 Lakh,"141,516 km",Petrol,Kolkata,2015
Jaguar F-Pace,₹ 48.81 Lakh,"102,411 km",Petrol,Ahmedabad,2020
Mercedes-Benz E-Class E220d,₹ 52.71 Lakh,"80,294 km",Petrol,Kolkata,2024
Nissan Magnite XV,₹ 3.87 Lakh,"139,809 km",CNG,Mysuru,2015
Audi A4 35 TDI,₹ 43.03 Lakh,"14,404 km",Petrol,Delhi,2025
Tata Altroz XZ,₹ 9.04 Lakh,"57,340 km",Petrol,Lucknow,2022
Jaguar XE Prestige,₹ 42.41 Lakh,"114,686 km",Petrol,Noida,2018
Mahindra XUV500 W8,₹ 11.79 Lakh,"57,370 km",Diesel,Mumbai,2021
Honda Jazz VX,₹ 10.60 Lakh,"51,294 km",Diesel,Kolkata,2023
Skoda Superb L&K,₹ 14.59 Lakh,"75,586 km",Electric,Delhi,2018
Hyundai Creta SX,₹ 10.01 Lakh,"42,106 km",Petrol,Kochi,2022
Honda City ZX,₹ 10.80 Lakh,"93,515 km",Electric,Noida,2022
Kia Seltos HTX,₹ 5.14 Lakh,"157,564 km",Diesel,Noida,2014
Nissan Magnite XV,₹ 6.01 Lakh,"64,412 km",Diesel,Bangalore,2023
Hyundai Creta SX,₹ 3.70 Lakh,"188,083 km",Petrol,Chennai,2013
Ford EcoSport Titanium,₹ 4.46 Lakh,"202,169 km",Diesel,Hyderabad,2012
Nissan Magnite XV,₹ 1.25 Lakh,"140,973 km",Diesel,Mysuru,2013
Tata Harrier XZ,₹ 5.56 Lakh,"152,412 km",Diesel,Noida,2013
Nissan Magnite XV,₹ 4.11 Lakh,"125,576 km",Hybrid,Kochi,2015
Audi Q3 Premium,₹ 36.08 Lakh,"41,829 km",Petrol,Noida,2023
Nissan Magnite XV,₹ 8.80 Lakh,"3,000 km",Petrol,Noida,2025
Volkswagen Taigun GT,₹ 14.77 Lakh,"71,330 km",Petrol,Bangalore,2023
Kia Seltos HTX,₹ 13.37 Lakh,"72,779 km",Hybrid,Chennai,2021
Toyota Glanza G,₹ 7.30 Lakh,"189,127 km",Petrol,Pune,2013
Lexus ES 300h,₹ 54.92 Lakh,"36,455 km",Petrol,Mysuru,2021
Ford EcoSport Titanium,₹ 3.72 Lakh,"189,397 km",Petrol,Noida,2012
Mercedes-Benz GLA 200,₹ 37.53 Lakh,"116,045 km",Hybrid,Chennai,2018
Audi Q3 Premium,₹ 27.31 Lakh,"115,041 km",Diesel,Hyderabad,2019
Tata Altroz XZ,₹ 8.14 Lakh,"98,300 km",Diesel,Lucknow,2017
Audi Q3 Premium,₹ 22.89 Lakh,"135,639 km",Petrol,Chennai,2015
Nissan Magnite XV,₹ 5.64 Lakh,"110,269 km",Hybrid,Noida,2016
Mercedes-Benz C-Class C200,₹ 43.59 Lakh,"92,828 km",CNG,Pune,2020
BMW 5 Series 530d,₹ 47.71 Lakh,"34,547 km",Petrol,Bangalore,2024
Audi Q5 quattro,₹ 18.14 Lakh,"159,417 km",Petrol,Ahmedabad,2012
Renault Kwid Climber,₹ 7.02 Lakh,"11,862 km",Petrol,Jaipur,2025
Maruti Suzuki WagonR VXi,₹ 6.28 Lakh,"37,926 km",CNG,Delhi,2023
Jeep Compass Limited,₹ 11.94 Lakh,"172,176 km",Diesel,Hyderabad,2012
Ford EcoSport Titanium,₹ 13.49 Lakh,"16,549 km",Petrol,Pune,2024
BMW 3 Series 320d,₹ 35.35 Lakh,"106,458 km",Diesel,Kolkata,2018
Nissan Magnite XV,₹ 1.96 Lakh,"168,869 km",Petrol,Mysuru,2013
Lexus ES 300h,₹ 52.87 Lakh,"73,798 km",Petrol,Kolkata,2021
Volkswagen Taigun GT,₹ 7.76 Lakh,"114,289 km",Diesel,Pune,2017
MG Hector Sharp,₹ 10.08 Lakh,"123,084 km",Petrol,Thane,2016
MG Hector Sharp,₹ 15.27 Lakh,"19,569 km",Diesel,Hyderabad,2024
Audi A4 35 TDI,₹ 28.20 Lakh,"103,799 km",Petrol,Chennai,2018
BMW 3 Series 320d,₹ 29.71 Lakh,"130,554 km",Hybrid,Hyderabad,2014
Skoda Superb L&K,₹ 11.74 Lakh,"76,003 km",Diesel,Noida,2019
Maruti Suzuki Swift VXi,₹ 5.57 Lakh,"81,772 km",Petrol,Thane,2019
Jeep Compass Limited,₹ 30.26 Lakh,"34,748 km",Petrol,Thane,2025
Ford Endeavour Titanium,₹ 3.55 Lakh,"171,073 km",Petrol,Pune,2013
Hyundai Grand i10,₹ 7.47 Lakh,"70,477 km",Petrol,Mumbai,2021
Skoda Kushaq Style,₹ 11.73 Lakh,"100,335 km",Petrol,Noida,2019
Audi Q3 Premium,₹ 24.37 Lakh,"135,792 km",Diesel,Lucknow,2017
Jeep Compass Limited,₹ 19.39 Lakh,"100,464 km",Petrol,Bangalore,2017
Skoda Superb L&K,₹ 14.90 Lakh,"58,488 km",Diesel,Mysuru,2022
Audi A4 35 TDI,₹ 41.38 Lakh,"48,209 km",Diesel,Jaipur,2023
Mahindra Thar LX,₹ 5.65 Lakh,"140,795 km",Petrol,Noida,2014
Mercedes-Benz E-Class E220d,₹ 26.18 Lakh,"171,776 km",Petrol,Jaipur,2013
Honda BR-V VX,₹ 13.57 Lakh,"12,604 km",Electric,Hyderabad,2025
Mercedes-Benz C-Class C200,₹ 26.87 Lakh,"145,177 km",Hybrid,Kolkata,2015
Lexus ES 300h,₹ 47.94 Lakh,"94,032 km",Diesel,Lucknow,2018
Mahindra Thar LX,₹ 5.33 Lakh,"148,205 km",Petrol,Delhi,2013
Jeep Compass Limited,₹ 11.35 Lakh,"146,905 km",Petrol,Noida,2012
Hyundai i20 Asta,₹ 8.23 Lakh,"65,321 km",Diesel,Kochi,2021
Skoda Superb L&K,₹ 16.46 Lakh,"60,201 km",Diesel,Kolkata,2023
Volkswagen Taigun GT,₹ 10.02 Lakh,"96,147 km",Petrol,Jaipur,2018
Ford EcoSport Titanium,₹ 12.88 Lakh,"90,566 km",Electric,Chennai,2020
Jaguar XE Prestige,₹ 36.70 Lakh,"135,754 km",Hybrid,Thane,2016
Honda Amaze VX,₹ 8.16 Lakh,"32,412 km",Petrol,Kolkata,2023
Jaguar F-Pace,₹ 57.17 Lakh,"68,245 km",Petrol,Mumbai,2023
Honda BR-V VX,₹ 8.16 Lakh,"52,005 km",Petrol,Ahmedabad,2022
Maruti Suzuki Baleno Alpha,₹ 4.89 Lakh,"72,461 km",Diesel,Bangalore,2019
Tata Altroz XZ,₹ 9.57 Lakh,"49,730 km",Petrol,Hyderabad,2021
Kia Carens Prestige,₹ 8.20 Lakh,"123,937 km",Petrol,Chennai,2017
Lexus NX 350h,₹ 47.84 Lakh,"87,622 km",Petrol,Mumbai,2019
MG Astor Savvy,₹ 6.22 Lakh,"176,771 km",Diesel,Lucknow,2014
Mercedes-Benz C-Class C200,₹ 45.98 Lakh,"66,659 km",Petrol,Mumbai,2022
Audi Q5 quattro,₹ 41.17 Lakh,"47,437 km",Hybrid,Delhi,2023
Mahindra Thar LX,₹ 11.55 Lakh,"72,147 km",Petrol,Mumbai,2021
Hyundai Creta SX,₹ 8.81 Lakh,"49,015 km",Diesel,Bangalore,2023
Skoda Kushaq Style,₹ 12.11 Lakh,"147,244 km",Hybrid,Thane,2017
Jaguar F-Pace,₹ 29.31 Lakh,"142,526 km",CNG,Ahmedabad,2015
Jeep Compass Limited,₹ 22.42 Lakh,"83,221 km",Hybrid,Kolkata,2019
Toyota Urban Cruiser,₹ 9.66 Lakh,"156,831 km",Petrol,Mysuru,2016
Renault Kiger RXZ,₹ 8.61 Lakh,"50,791 km",Hybrid,Kochi,2023
Nissan Magnite XV,₹ 1.54 Lakh,"169,288 km",Petrol,Chennai,2012
Maruti Suzuki Baleno Alpha,₹ 2.53 Lakh,"163,257 km",Petrol,Pune,2012
Maruti Suzuki Dzire ZXi,₹ 5.11 Lakh,"133,044 km",CNG,Mumbai,2019
BMW X1 sDrive,₹ 26.92 Lakh,"160,981 km",Petrol,Kolkata,2014
BMW 5 Series 530d,₹ 44.72 Lakh,"50,171 km",Diesel,Ahmedabad,2021
Maruti Suzuki Swift VXi,₹ 5.60 Lakh,"139,957 km",Electric,Thane,2018
Volvo XC60,₹ 40.59 Lakh,"71,208 km",Petrol,Mysuru,2020
Nissan Magnite XV,₹ 9.24 Lakh,"10,295 km",Petrol,Noida,2024
Kia Carens Prestige,₹ 11.01 Lakh,"101,928 km",Petrol,Pune,2019
Audi Q3 Premium,₹ 29.81 Lakh,"59,592 km",Electric,Mumbai,2019
Lexus NX 350h,₹ 40.15 Lakh,"94,752 km",Diesel,Hyderabad,2016
BMW X1 sDrive,₹ 45.97 Lakh,"57,677 km",Petrol,Chennai,2022
MG ZS EV,₹ 10.41 Lakh,"97,528 km",Diesel,Ahmedabad,2018
MG Astor Savvy,₹ 15.34 Lakh,"18,935 km",Petrol,Ahmedabad,2024
Hyundai Venue SX,₹ 3.61 Lakh,"174,299 km",Diesel,Noida,2013
Volvo XC60,₹ 47.54 Lakh,"55,682 km",Electric,Mysuru,2024
Mercedes-Benz GLA 200,₹ 46.28 Lakh,"106,551 km",Petrol,Jaipur,2020
Renault Triber RXZ,₹ 4.94 Lakh,"68,907 km",Petrol,Kochi,2021
Renault Triber RXZ,₹ 1.95 Lakh,"147,542 km",Diesel,Ahmedabad,2015
Jaguar XE Prestige,₹ 45.12 Lakh,"75,928 km",Diesel,Jaipur,2020
Jeep Compass Limited,₹ 21.53 Lakh,"100,389 km",Electric,Ahmedabad,2017
Maruti Suzuki WagonR VXi,₹ 2.25 Lakh,"133,980 km",CNG,Mumbai,2014
Kia Sonet GTX,₹ 7.73 Lakh,"154,326 km",Petrol,Bangalore,2015
Skoda Kushaq Style,₹ 9.98 Lakh,"76,028 km",Petrol,Chennai,2017
Honda Jazz VX,₹ 4.61 Lakh,"110,271 km",Diesel,Noida,2017
Hyundai Verna SX,₹ 9.01 Lakh,"61,523 km",CNG,Pune,2021
Honda Jazz VX,₹ 3.53 Lakh,"154,102 km",Diesel,Mumbai,2014
Hyundai Creta SX,₹ 15.85 Lakh,"3,000 km",Electric,Mysuru,2025
Audi Q5 quattro,₹ 29.85 Lakh,"147,587 km",Diesel,Jaipur,2017
Skoda Kushaq Style,₹ 16.21 Lakh,"50,047 km",Petrol,Ahmedabad,2021
Kia Seltos HTX,₹ 10.97 Lakh,"76,101 km",Electric,Kochi,2017
BMW 3 Series 320d,₹ 27.14 Lakh,"148,714 km",Petrol,Thane,2016
MG Astor Savvy,₹ 9.20 Lakh,"157,404 km",Diesel,Pune,2015
Volkswagen Taigun GT,₹ 9.71 Lakh,"88,812 km",Diesel,Kolkata,2019
Nissan Magnite XV,₹ 7.92 Lakh,"5,429 km",CNG,Chennai,2024
Jaguar XE Prestige,₹ 33.81 Lakh,"134,114 km",CNG,Kochi,2015
BMW 5 Series 530d,₹ 33.48 Lakh,"109,865 km",Diesel,Bangalore,2016
MG Astor Savvy,₹ 15.77 Lakh,"17,346 km",Diesel,Mysuru,2025
Lexus ES 300h,₹ 60.88 Lakh,"63,528 km",Hybrid,Mysuru,2022
Toyota Fortuner 4x2,₹ 9.43 Lakh,"118,693 km",Petrol,Lucknow,2015
Toyota Fortuner 4x2,₹ 12.13 Lakh,"88,555 km",Diesel,Noida,2019
Maruti Suzuki Baleno Alpha,₹ 7.08 Lakh,"46,379 km",Petrol,Delhi,2024
Toyota Innova Crysta GX,₹ 11.81 Lakh,"100,611 km",Diesel,Thane,2021
Ford EcoSport Titanium,₹ 12.97 Lakh,"49,689 km",Petrol,Mumbai,2022
Volvo XC60,₹ 33.65 Lakh,"84,433 km",Petrol,Noida,2019
Volkswagen Taigun GT,₹ 6.92 Lakh,"166,760 km",CNG,Mumbai,2013
Tata Harrier XZ,₹ 11.26 Lakh,"44,429 km",Diesel,Pune,2023
Honda Amaze VX,₹ 10.74 Lakh,"72,021 km",Hybrid,Mumbai,2022
Volvo XC40 Recharge,₹ 28.42 Lakh,"94,853 km",CNG,Ahmedabad,2017
Mahindra Thar LX,₹ 6.18 Lakh,"177,850 km",Petrol,Mumbai,2012
Tata Punch Creative,₹ 5.97 Lakh,"146,542 km",Petrol,Hyderabad,2015
Jeep Compass Limited,₹ 31.66 Lakh,"36,110 km",Electric,Ahmedabad,2023
Mercedes-Benz E-Class E220d,₹ 46.30 Lakh,"81,179 km",Petrol,Chennai,2021
Lexus ES 300h,₹ 41.56 Lakh,"109,746 km",Petrol,Pune,2016
Nissan Magnite XV,₹ 8.27 Lakh,"69,298 km",Petrol,Bangalore,2023
Nissan Magnite XV,₹ 2.18 Lakh,"147,874 km",Petrol,Lucknow,2015
Nissan Magnite XV,₹ 6.64 Lakh,"124,832 km",Hybrid,Kochi,2015
Maruti Suzuki Baleno Alpha,₹ 3.58 Lakh,"126,410 km",Petrol,Thane,2018
Maruti Suzuki Dzire ZXi,₹ 7.09 Lakh,"47,514 km",Petrol,Jaipur,2022
Mahindra Scorpio N Z8,₹ 5.51 Lakh,"126,449 km",CNG,Pune,2014
Honda Jazz VX,₹ 8.29 Lakh,"64,991 km",Petrol,Kolkata,2021
Audi A4 35 TDI,₹ 26.27 Lakh,"140,796 km",Petrol,Chennai,2016
Volvo XC40 Recharge,₹ 25.11 Lakh,"107,648 km",Petrol,Ahmedabad,2015
Renault Kwid Climber,₹ 3.67 Lakh,"124,096 km",CNG,Delhi,2018
Volvo XC40 Recharge,₹ 46.71 Lakh,"59,459 km",Electric,Thane,2022
Hyundai Creta SX,₹ 8.90 Lakh,"39,556 km",Diesel,Jaipur,2023
Mahindra Scorpio N Z8,₹ 12.29 Lakh,"83,992 km",Diesel,Noida,2019
Honda Jazz VX,₹ 7.59 Lakh,"101,096 km",Petrol,Kolkata,2018
Volvo XC60,₹ 35.67 Lakh,"65,533 km",Petrol,Kochi,2020
Toyota Innova Crysta GX,₹ 14.54 Lakh,"46,290 km",Diesel,Noida,2022
Lexus ES 300h,₹ 57.44 Lakh,"67,964 km",Petrol,Lucknow,2021
Ford Endeavour Titanium,₹ 15.46 Lakh,"41,396 km",Diesel,Ahmedabad,2025
Toyota Urban Cruiser,₹ 15.13 Lakh,"52,717 km",Petrol,Kolkata,2023
Jeep Compass Limited,₹ 29.22 Lakh,"9,310 km",Diesel,Mumbai,2025
Ford Endeavour Titanium,₹ 12.24 Lakh,"91,533 km",Hybrid,Noida,2020
Ford EcoSport Titanium,₹ 9.58 Lakh,"87,864 km",Petrol,Mysuru,2021
Hyundai i20 Asta,₹ 6.96 Lakh,"126,108 km",Petrol,Noida,2018
Toyota Glanza G,₹ 10.22 Lakh,"134,779 km",Petrol,Pune,2017
Tata Altroz XZ,₹ 13.43 Lakh,"42,304 km",Electric,Mumbai,2024
Lexus ES 300h,₹ 45.64 Lakh,"110,765 km",Diesel,Lucknow,2017
Jeep Compass Limited,₹ 19.67 Lakh,"87,330 km",Diesel,Kochi,2018
Mahindra XUV500 W8,₹ 15.29 Lakh,"41,376 km",Diesel,Mumbai,2023
Volkswagen Polo GT,₹ 15.47 Lakh,"30,488 km",Petrol,Lucknow,2024
Renault Kiger RXZ,₹ 8.98 Lakh,"87,263 km",Electric,Mumbai,2019
Kia Sonet GTX,₹ 9.65 Lakh,"94,301 km",CNG,Mumbai,2020
Maruti Suzuki Swift VXi,₹ 7.70 Lakh,"11,324 km",Petrol,Mysuru,2024
Honda BR-V VX,₹ 7.67 Lakh,"107,364 km",Electric,Mysuru,2017
Renault Kwid Climber,₹ 3.29 Lakh,"151,566 km",Diesel,Lucknow,2013
Honda Amaze VX,₹ 7.06 Lakh,"96,054 km",Petrol,Kolkata,2018
Volkswagen Taigun GT,₹ 12.39 Lakh,"66,945 km",Petrol,Thane,2020
Jaguar XE Prestige,₹ 41.79 Lakh,"102,344 km",Diesel,Thane,2018
Audi A4 35 TDI,₹ 39.95 Lakh,"57,004 km",Hybrid,Pune,2023
Honda BR-V VX,₹ 2.59 Lakh,"145,166 km",Petrol,Bangalore,2013
Kia Carens Prestige,₹ 5.21 Lakh,"191,766 km",Petrol,Mysuru,2012
Audi Q3 Premium,₹ 19.25 Lakh,"173,096 km",Petrol,Kochi,2014
Audi Q5 quattro,₹ 35.66 Lakh,"47,541 km",Diesel,Noida,2023
Jaguar XE Prestige,₹ 30.60 Lakh,"160,999 km",CNG,Kolkata,2015
Tata Nexon XZ+,₹ 2.86 Lakh,"164,703 km",CNG,Noida,2013
Kia Carens Prestige,₹ 7.27 Lakh,"131,085 km",CNG,Pune,2017
Lexus NX 350h,₹ 44.62 Lakh,"83,365 km",Diesel,Hyderabad,2018
Ford Endeavour Titanium,₹ 11.23 Lakh,"87,204 km",Diesel,Delhi,2020
Ford Endeavour Titanium,₹ 13.13 Lakh,"64,925 km",Petrol,Noida,2023
BMW 5 Series 530d,₹ 33.74 Lakh,"114,997 km",Diesel,Pune,2018
Audi Q3 Premium,₹ 28.68 Lakh,"89,777 km",Petrol,Kochi,2019
Volvo XC40 Recharge,₹ 24.60 Lakh,"131,545 km",Petrol,Noida,2016
Mahindra XUV500 W8,₹ 6.87 Lakh,"153,470 km",Petrol,Kolkata,2013
Audi A4 35 TDI,₹ 27.99 Lakh,"87,078 km",Diesel,Jaipur,2019
Jeep Compass Limited,₹ 13.81 Lakh,"143,585 km",Diesel,Pune,2015
Jaguar XE Prestige,₹ 48.75 Lakh,"70,102 km",CNG,Noida,2021
Toyota Urban Cruiser,₹ 9.20 Lakh,"145,374 km",CNG,Ahmedabad,2016
Toyota Glanza G,₹ 17.61 Lakh,"29,113 km",Diesel,Jaipur,2025
Kia Sonet GTX,₹ 13.12 Lakh,"66,672 km",Diesel,Pune,2022
Jeep Compass Limited,₹ 18.76 Lakh,"106,957 km",Petrol,Thane,2017
Audi Q3 Premium,₹ 20.77 Lakh,"137,206 km",CNG,Pune,2014
Jeep Compass Limited,₹ 18.13 Lakh,"133,581 km",Hybrid,Mysuru,2016
Tata Altroz XZ,₹ 7.45 Lakh,"120,336 km",CNG,Hyderabad,2017
Jaguar F-Pace,₹ 51.59 Lakh,"77,358 km",Petrol,Delhi,2021
Hyundai i20 Asta,₹ 7.63 Lakh,"107,799 km",Petrol,Noida,2018
Toyota Glanza G,₹ 12.07 Lakh,"84,042 km",Petrol,Bangalore,2018
Jeep Compass Limited,₹ 10.38 Lakh,"169,704 km",Petrol,Jaipur,2012
Mahindra XUV700 AX7,₹ 10.62 Lakh,"102,990 km",Petrol,Chennai,2019
Lexus NX 350h,₹ 37.35 Lakh,"99,957 km",Petrol,Delhi,2016
BMW 5 Series 530d,₹ 47.41 Lakh,"34,060 km",Petrol,Bangalore,2022
BMW 3 Series 320d,₹ 36.51 Lakh,"85,118 km",Diesel,Hyderabad,2019
MG Astor Savvy,₹ 6.80 Lakh,"184,343 km",Hybrid,Kochi,2013
Skoda Slavia Style,₹ 8.77 Lakh,"155,360 km",Petrol,Kochi,2015
Tata Harrier XZ,₹ 10.27 Lakh,"34,541 km",Diesel,Lucknow,2022
Lexus NX 350h,₹ 29.88 Lakh,"175,794 km",Petrol,Kolkata,2013
Honda BR-V VX,₹ 8.43 Lakh,"38,041 km",Petrol,Mumbai,2022
Audi A4 35 TDI,₹ 44.00 Lakh,"3,000 km",Diesel,Pune,2025
Tata Nexon XZ+,₹ 10.19 Lakh,"69,066 km",Petrol,Chennai,2021
Toyota Glanza G,₹ 14.73 Lakh,"22,203 km",CNG,Noida,2023
Toyota Innova Crysta GX,₹ 9.85 Lakh,"148,059 km",CNG,Mysuru,2018
Audi A4 35 TDI,₹ 37.49 Lakh,"58,444 km",Petrol,Kochi,2023
Toyota Urban Cruiser,₹ 7.27 Lakh,"115,577 km",Petrol,Delhi,2015
Honda Amaze VX,₹ 3.54 Lakh,"164,763 km",Petrol,Kochi,2015
Jeep Compass Limited,₹ 31.61 Lakh,"28,952 km",Petrol,Lucknow,2025
MG Astor Savvy,₹ 13.73 Lakh,"96,011 km",Diesel,Jaipur,2021
Toyota Urban Cruiser,₹ 11.32 Lakh,"128,546 km",Electric,Ahmedabad,2017
Skoda Superb L&K,₹ 11.82 Lakh,"80,139 km",Petrol,Mysuru,2018
Skoda Kushaq Style,₹ 13.10 Lakh,"103,402 km",Hybrid,Hyderabad,2018
Jeep Compass Limited,₹ 17.99 Lakh,"127,740 km",Petrol,Kolkata,2016
Ford Endeavour Titanium,₹ 7.83 Lakh,"115,778 km",Petrol,Bangalore,2016
Mercedes-Benz GLA 200,₹ 41.63 Lakh,"90,053 km",Petrol,Chennai,2020
Nissan Magnite XV,₹ 9.56 Lakh,"13,478 km",Petrol,Mumbai,2024
Audi Q5 quattro,₹ 16.85 Lakh,"154,787 km",Petrol,Noida,2013
Mahindra Scorpio N Z8,₹ 12.38 Lakh,"85,328 km",Hybrid,Delhi,2019
Volvo XC40 Recharge,₹ 43.51 Lakh,"57,908 km",Petrol,Pune,2022
Jaguar F-Pace,₹ 32.85 Lakh,"132,365 km",Petrol,Pune,2015
Audi Q3 Premium,₹ 32.28 Lakh,"93,586 km",Petrol,Noida,2020
Hyundai Verna SX,₹ 9.21 Lakh,"78,890 km",Petrol,Pune,2020
Jeep Compass Limited,₹ 18.89 Lakh,"101,161 km",Petrol,Jaipur,2017
Maruti Suzuki Dzire ZXi,₹ 5.19 Lakh,"78,816 km",Petrol,Noida,2020
Jaguar XE Prestige,₹ 38.59 Lakh,"63,443 km",CNG,Jaipur,2018
Jaguar XE Prestige,₹ 61.49 Lakh,"46,233 km",Diesel,Chennai,2024
Volkswagen Polo GT,₹ 11.75 Lakh,"82,726 km",CNG,Noida,2020
Skoda Kushaq Style,₹ 18.98 Lakh,"17,445 km",Diesel,Kochi,2025
Jeep Compass Limited,₹ 12.85 Lakh,"156,997 km",Petrol,Mysuru,2014
Renault Triber RXZ,₹ 5.77 Lakh,"95,358 km",Petrol,Ahmedabad,2021
Skoda Slavia Style,₹ 18.94 Lakh,"29,069 km",Hybrid,Noida,2024
Mercedes-Benz GLA 200,₹ 41.72 Lakh,"85,488 km",Petrol,Kochi,2019
Toyota Innova Crysta GX,₹ 16.37 Lakh,"84,537 km",Petrol,Hyderabad,2023
Renault Kiger RXZ,₹ 2.94 Lakh,"133,507 km",Diesel,Mumbai,2015
Mahindra Scorpio N Z8,₹ 6.95 Lakh,"169,485 km",Petrol,Hyderabad,2015
Nissan Magnite XV,₹ 3.80 Lakh,"110,959 km",Petrol,Hyderabad,2018
Toyota Fortuner 4x2,₹ 9.85 Lakh,"122,280 km",Petrol,Ahmedabad,2017
Mahindra XUV700 AX7,₹ 11.08 Lakh,"59,760 km",CNG,Kochi,2018
Jeep Compass Limited,₹ 15.04 Lakh,"150,993 km",Diesel,Noida,2015
MG ZS EV,₹ 5.06 Lakh,"181,077 km",Petrol,Thane,2012
Hyundai Venue SX,₹ 9.20 Lakh,"59,841 km",CNG,Mysuru,2022
Audi A4 35 TDI,₹ 21.49 Lakh,"130,658 km",Diesel,Pune,2015
Jaguar XE Prestige,₹ 35.36 Lakh,"129,059 km",Petrol,Ahmedabad,2017
Mahindra Scorpio N Z8,₹ 7.75 Lakh,"127,108 km",Petrol,Lucknow,2015
Mahindra XUV700 AX7,₹ 6.81 Lakh,"178,961 km",CNG,Ahmedabad,2014
Ford EcoSport Titanium,₹ 4.92 Lakh,"141,256 km",Petrol,Lucknow,2014
Volkswagen Virtus GT,₹ 16.90 Lakh,"4,086 km",CNG,Mumbai,2025
Skoda Kushaq Style,₹ 9.23 Lakh,"121,694 km",Diesel,Noida,2015
Volvo XC40 Recharge,₹ 28.44 Lakh,"114,058 km",Petrol,Bangalore,2015
Jeep Compass Limited,₹ 21.62 Lakh,"110,142 km",Diesel,Chennai,2019
Honda BR-V VX,₹ 4.77 Lakh,"104,755 km",Petrol,Delhi,2016
Jaguar XE Prestige,₹ 45.77 Lakh,"100,295 km",Hybrid,Bangalore,2019
Volvo XC40 Recharge,₹ 21.49 Lakh,"140,512 km",Diesel,Kolkata,2013
Ford Endeavour Titanium,₹ 5.99 Lakh,"190,003 km",Petrol,Thane,2013
Jaguar F-Pace,₹ 63.13 Lakh,"20,803 km",Diesel,Thane,2025
Jeep Compass Limited,₹ 17.75 Lakh,"133,299 km",Diesel,Thane,2017
Volvo XC60,₹ 48.17 Lakh,"41,787 km",Petrol,Thane,2024
Jaguar F-Pace,₹ 27.99 Lakh,"134,148 km",Petrol,Noida,2014
Jeep Compass Limited,₹ 18.56 Lakh,"120,398 km",Diesel,Thane,2018
Kia Carens Prestige,₹ 3.89 Lakh,"197,431 km",Petrol,Mysuru,2012
Nissan Magnite XV,₹ 5.70 Lakh,"111,926 km",Diesel,Chennai,2017
BMW 5 Series 530d,₹ 39.00 Lakh,"120,951 km",Petrol,Hyderabad,2019
Maruti Suzuki Dzire ZXi,₹ 4.61 Lakh,"75,896 km",Petrol,Noida,2022
Maruti Suzuki Swift VXi,₹ 2.51 Lakh,"194,314 km",Petrol,Chennai,2012
Honda Amaze VX,₹ 7.57 Lakh,"27,538 km",Petrol,Kolkata,2022
Maruti Suzuki Swift VXi,₹ 6.18 Lakh,"85,205 km",Diesel,Kolkata,2021
Renault Kiger RXZ,₹ 2.95 Lakh,"179,403 km",Petrol,Mysuru,2015
Kia Sonet GTX,₹ 9.82 Lakh,"83,179 km",Diesel,Thane,2019
Jeep Compass Limited,₹ 20.47 Lakh,"91,808 km",Diesel,Chennai,2019
Honda BR-V VX,₹ 3.73 Lakh,"147,202 km",Petrol,Noida,2016
Audi Q3 Premium,₹ 14.57 Lakh,"170,027 km",Petrol,Pune,2012
Skoda Kushaq Style,₹ 15.41 Lakh,"87,530 km",Petrol,Mumbai,2023
Kia Carens Prestige,₹ 9.26 Lakh,"101,047 km",CNG,Pune,2018
Maruti Suzuki WagonR VXi,₹ 8.26 Lakh,"93,522 km",Electric,Mumbai,2020
Maruti Suzuki Baleno Alpha,₹ 5.76 Lakh,"92,559 km",Petrol,Kolkata,2019
Tata Harrier XZ,₹ 7.30 Lakh,"96,783 km",Petrol,Noida,2019
Honda Amaze VX,₹ 8.04 Lakh,"60,905 km",Diesel,Lucknow,2022
Maruti Suzuki Brezza ZXi,₹ 7.37 Lakh,"53,498 km",CNG,Delhi,2024
Kia Carens Prestige,₹ 16.54 Lakh,"19,590 km",Petrol,Mumbai,2025
Jaguar F-Pace,₹ 39.03 Lakh,"140,088 km",CNG,Pune,2017
Kia Sonet GTX,₹ 4.06 Lakh,"162,459 km",Petrol,Delhi,2013
Hyundai Venue SX,₹ 5.02 Lakh,"101,621 km",Petrol,Chennai,2017
Volvo XC60,₹ 45.30 Lakh,"55,728 km",Diesel,Ahmedabad,2024
Mercedes-Benz GLA 200,₹ 40.51 Lakh,"78,519 km",Diesel,Delhi,2020
Honda City ZX,₹ 4.06 Lakh,"152,121 km",Petrol,Delhi,2016
Mercedes-Benz E-Class E220d,₹ 32.10 Lakh,"134,649 km",Diesel,Ahmedabad,2016
Lexus ES 300h,₹ 52.47 Lakh,"83,568 km",Petrol,Hyderabad,2020
Audi A4 35 TDI,₹ 38.87 Lakh,"24,282 km",Petrol,Ahmedabad,2024
Jeep Compass Limited,₹ 24.57 Lakh,"53,432 km",Diesel,Mysuru,2022
Kia Sonet GTX,₹ 4.96 Lakh,"165,147 km",Diesel,Thane,2012
Tata Harrier XZ,₹ 5.63 Lakh,"137,722 km",Diesel,Ahmedabad,2015
Tata Harrier XZ,₹ 10.85 Lakh,"83,524 km",Petrol,Thane,2023
Mercedes-Benz GLA 200,₹ 58.96 Lakh,"10,571 km",Petrol,Thane,2025
BMW 5 Series 530d,₹ 26.79 Lakh,"132,671 km",Petrol,Jaipur,2015
Volvo XC40 Recharge,₹ 42.96 Lakh,"53,035 km",Hybrid,Lucknow,2021
Skoda Kushaq Style,₹ 13.87 Lakh,"96,214 km",Diesel,Lucknow,2019
Volvo XC60,₹ 28.12 Lakh,"138,097 km",Petrol,Ahmedabad,2016
Volvo XC40 Recharge,₹ 20.92 Lakh,"182,818 km",Hybrid,Mysuru,2013
MG Hector Sharp,₹ 5.48 Lakh,"180,396 km",Diesel,Bangalore,2012
Lexus ES 300h,₹ 31.17 Lakh,"158,385 km",Petrol,Noida,2014
Jaguar F-Pace,₹ 55.16 Lakh,"45,419 km",Diesel,Mysuru,2023
Ford Endeavour Titanium,₹ 4.88 Lakh,"151,555 km",Diesel,Mysuru,2015
MG Astor Savvy,₹ 11.26 Lakh,"109,641 km",Petrol,Noida,2018
Honda BR-V VX,₹ 4.19 Lakh,"136,320 km",CNG,Kolkata,2016
Hyundai Venue SX,₹ 9.47 Lakh,"73,876 km",Petrol,Jaipur,2020
Volvo XC40 Recharge,₹ 23.95 Lakh,"162,109 km",Petrol,Thane,2014
Renault Kwid Climber,₹ 2.88 Lakh,"171,722 km",Petrol,Kolkata,2014
Mahindra XUV700 AX7,₹ 14.85 Lakh,"38,035 km",Petrol,Kochi,2022
Toyota Fortuner 4x2,₹ 12.02 Lakh,"113,465 km",Petrol,Ahmedabad,2018
Mercedes-Benz GLA 200,₹ 41.23 Lakh,"84,602 km",Diesel,Noida,2019
Volkswagen Taigun GT,₹ 12.72 Lakh,"64,486 km",Petrol,Chennai,2020
Honda City ZX,₹ 12.35 Lakh,"79,291 km",Electric,Noida,2022
Mercedes-Benz C-Class C200,₹ 49.05 Lakh,"23,428 km",Diesel,Noida,2023
Renault Kwid Climber,₹ 2.95 Lakh,"91,676 km",CNG,Chennai,2017
MG Astor Savvy,₹ 16.15 Lakh,"16,016 km",Petrol,Noida,2025
BMW 3 Series 320d,₹ 52.86 Lakh,"30,551 km",Petrol,Kolkata,2024
Mercedes-Benz C-Class C200,₹ 39.07 Lakh,"104,587 km",Petrol,Thane,2018
MG Hector Sharp,₹ 4.85 Lakh,"151,357 km",Diesel,Mysuru,2012
Mercedes-Benz C-Class C200,₹ 58.22 Lakh,"6,397 km",Petrol,Bangalore,2025
Jaguar XE Prestige,₹ 61.61 Lakh,"24,431 km",Diesel,Delhi,2025
MG Astor Savvy,₹ 10.48 Lakh,"101,293 km",Diesel,Chennai,2018
Tata Harrier XZ,₹ 12.76 Lakh,"66,448 km",Petrol,Chennai,2024
Mercedes-Benz E-Class E220d,₹ 41.34 Lakh,"74,381 km",Petrol,Chennai,2019
Honda Jazz VX,₹ 8.34 Lakh,"45,457 km",Diesel,Ahmedabad,2022
MG Hector Sharp,₹ 17.74 Lakh,"41,158 km",Electric,Mysuru,2023
Maruti Suzuki Brezza ZXi,₹ 3.55 Lakh,"178,928 km",Petrol,Kolkata,2014
Maruti Suzuki Dzire ZXi,₹ 1.20 Lakh,"164,737 km",Diesel,Thane,2013
Mahindra Thar LX,₹ 9.79 Lakh,"87,663 km",Petrol,Delhi,2017
Ford EcoSport Titanium,₹ 12.05 Lakh,"50,805 km",CNG,Kolkata,2022
Kia Carens Prestige,₹ 10.78 Lakh,"98,238 km",CNG,Mysuru,2019
Lexus NX 350h,₹ 56.08 Lakh,"48,724 km",Petrol,Kochi,2022
Lexus NX 350h,₹ 57.59 Lakh,"66,229 km",Petrol,Ahmedabad,2022
Jeep Compass Limited,₹ 21.01 Lakh,"103,235 km",Diesel,Kolkata,2019
Mercedes-Benz C-Class C200,₹ 39.79 Lakh,"85,180 km",Petrol,Noida,2019
Honda BR-V VX,₹ 5.17 Lakh,"112,601 km",Petrol,Thane,2017
Mahindra Thar LX,₹ 11.34 Lakh,"98,905 km",Petrol,Noida,2019
Volvo XC60,₹ 41.72 Lakh,"38,779 km",Diesel,Ahmedabad,2022
Maruti Suzuki Brezza ZXi,₹ 2.84 Lakh,"127,435 km",Petrol,Mumbai,2018
Mercedes-Benz GLA 200,₹ 41.04 Lakh,"69,364 km",Diesel,Hyderabad,2019
Volvo XC60,₹ 26.60 Lakh,"121,582 km",Petrol,Pune,2017
Ford EcoSport Titanium,₹ 8.04 Lakh,"114,431 km",Petrol,Noida,2016
Volvo XC60,₹ 31.39 Lakh,"129,324 km",Electric,Chennai,2017
Honda City ZX,₹ 9.79 Lakh,"29,705 km",Diesel,Bangalore,2024
Toyota Fortuner 4x2,₹ 13.98 Lakh,"71,672 km",Petrol,Kochi,2020
Lexus ES 300h,₹ 31.93 Lakh,"149,148 km",Petrol,Pune,2014
Renault Kiger RXZ,₹ 2.68 Lakh,"124,912 km",Petrol,Chennai,2015
Volvo XC40 Recharge,₹ 52.20 Lakh,"55,932 km",Hybrid,Noida,2024
Ford EcoSport Titanium,₹ 11.56 Lakh,"46,567 km",Diesel,Bangalore,2022
Mahindra XUV700 AX7,₹ 14.44 Lakh,"37,389 km",Petrol,Thane,2025
Mahindra XUV700 AX7,₹ 6.16 Lakh,"172,583 km",Diesel,Kolkata,2013
Audi Q3 Premium,₹ 20.80 Lakh,"164,428 km",Hybrid,Ahmedabad,2015
Volkswagen Virtus GT,₹ 9.41 Lakh,"137,350 km",Petrol,Thane,2016
Audi Q3 Premium,₹ 23.91 Lakh,"127,855 km",Petrol,Pune,2016
Hyundai Grand i10,₹ 9.98 Lakh,"18,316 km",Diesel,Chennai,2025
Honda Amaze VX,₹ 2.47 Lakh,"181,154 km",Petrol,Chennai,2013
Mercedes-Benz E-Class E220d,₹ 34.47 Lakh,"100,222 km",Petrol,Ahmedabad,2017
Maruti Suzuki Baleno Alpha,₹ 5.63 Lakh,"95,035 km",Petrol,Chennai,2018
MG Hector Sharp,₹ 16.91 Lakh,"18,100 km",Diesel,Delhi,2025
Volvo XC60,₹ 29.67 Lakh,"80,763 km",Petrol,Bangalore,2017
Mahindra Thar LX,₹ 8.32 Lakh,"127,058 km",Diesel,Delhi,2016
Skoda Slavia Style,₹ 11.86 Lakh,"73,757 km",Petrol,Hyderabad,2019
Nissan Magnite XV,₹ 1.26 Lakh,"149,124 km",Diesel,Kochi,2012
Jeep Compass Limited,₹ 26.96 Lakh,"88,365 km",Hybrid,Pune,2021
Jaguar XE Prestige,₹ 26.58 Lakh,"188,121 km",Petrol,Noida,2014
Honda City ZX,₹ 8.22 Lakh,"83,629 km",Diesel,Delhi,2021
Lexus NX 350h,₹ 66.75 Lakh,"31,592 km",Petrol,Ahmedabad,2025
Volvo XC60,₹ 42.32 Lakh,"69,523 km",Petrol,Thane,2022
Renault Kwid Climber,₹ 7.27 Lakh,"39,735 km",Diesel,Kolkata,2023
MG Astor Savvy,₹ 14.72 Lakh,"29,749 km",Petrol,Pune,2024
Tata Punch Creative,₹ 8.73 Lakh,"64,365 km",CNG,Chennai,2022
Jeep Compass Limited,₹ 16.03 Lakh,"147,347 km",Petrol,Ahmedabad,2015
Lexus ES 300h,₹ 32.80 Lakh,"183,664 km",Petrol,Jaipur,2015
Mercedes-Benz GLA 200,₹ 51.87 Lakh,"53,657 km",Petrol,Kolkata,2023
Maruti Suzuki Swift VXi,₹ 5.24 Lakh,"55,539 km",Petrol,Lucknow,2022
Mahindra Thar LX,₹ 12.67 Lakh,"116,723 km",Petrol,Kochi,2021
Honda Jazz VX,₹ 13.19 Lakh,"32,106 km",Hybrid,Mumbai,2024
Mercedes-Benz GLA 200,₹ 44.14 Lakh,"96,507 km",Diesel,Noida,2020
Skoda Kushaq Style,₹ 8.30 Lakh,"150,284 km",Petrol,Kolkata,2014
Toyota Fortuner 4x2,₹ 15.58 Lakh,"13,936 km",Petrol,Pune,2023
MG Astor Savvy,₹ 15.09 Lakh,"65,594 km",Petrol,Mysuru,2022
BMW 3 Series 320d,₹ 36.80 Lakh,"98,618 km",CNG,Mysuru,2018
Tata Altroz XZ,₹ 9.55 Lakh,"136,426 km",Hybrid,Bangalore,2016
Lexus ES 300h,₹ 39.64 Lakh,"124,895 km",Diesel,Delhi,2017
Audi A4 35 TDI,₹ 30.89 Lakh,"94,683 km",Petrol,Noida,2020
Skoda Slavia Style,₹ 10.69 Lakh,"104,889 km",Petrol,Noida,2017
Nissan Magnite XV,₹ 5.03 Lakh,"86,864 km",Diesel,Delhi,2021
Maruti Suzuki Dzire ZXi,₹ 4.23 Lakh,"67,698 km",Diesel,Hyderabad,2020
Tata Altroz XZ,₹ 4.17 Lakh,"150,893 km",Diesel,Pune,2015
Renault Triber RXZ,₹ 5.82 Lakh,"70,784 km",Petrol,Kolkata,2023
BMW X1 sDrive,₹ 41.33 Lakh,"71,195 km",Diesel,Mysuru,2022
Audi Q3 Premium,₹ 36.13 Lakh,"99,126 km",Petrol,Lucknow,2020
BMW X1 sDrive,₹ 25.23 Lakh,"148,630 km",Petrol,Jaipur,2014
Ford EcoSport Titanium,₹ 4.95 Lakh,"173,216 km",Diesel,Chennai,2012
Mahindra XUV500 W8,₹ 5.54 Lakh,"170,697 km",Diesel,Bangalore,2012
Skoda Superb L&K,₹ 14.52 Lakh,"62,524 km",Diesel,Delhi,2022
Maruti Suzuki Swift VXi,₹ 5.19 Lakh,"44,437 km",Diesel,Ahmedabad,2023
Audi A4 35 TDI,₹ 43.47 Lakh,"12,156 km",Petrol,Jaipur,2025
Volkswagen Virtus GT,₹ 9.70 Lakh,"116,149 km",Petrol,Thane,2018
Mahindra Thar LX,₹ 13.64 Lakh,"88,492 km",Petrol,Bangalore,2021
Jaguar F-Pace,₹ 44.10 Lakh,"108,708 km",Petrol,Mysuru,2018
Mahindra XUV700 AX7,₹ 13.24 Lakh,"87,969 km",Diesel,Hyderabad,2021
Audi A4 35 TDI,₹ 43.07 Lakh,"5,484 km",Diesel,Kolkata,2025
MG Hector Sharp,₹ 17.64 Lakh,"5,133 km",Petrol,Mumbai,2025
Ford EcoSport Titanium,₹ 13.52 Lakh,"61,025 km",Petrol,Jaipur,2023
Kia Carens Prestige,₹ 6.91 Lakh,"161,047 km",Petrol,Chennai,2017
Tata Altroz XZ,₹ 11.13 Lakh,"27,713 km",Petrol,Kochi,2024
Ford EcoSport Titanium,₹ 11.90 Lakh,"33,429 km",Diesel,Delhi,2023
Volkswagen Taigun GT,₹ 11.01 Lakh,"74,915 km",Diesel,Bangalore,2020
Jaguar F-Pace,₹ 59.65 Lakh,"21,747 km",Diesel,Ahmedabad,2025
Maruti Suzuki Dzire ZXi,₹ 2.25 Lakh,"147,659 km",Petrol,Jaipur,2014
MG Astor Savvy,₹ 6.62 Lakh,"187,436 km",Diesel,Mumbai,2012
Volkswagen Taigun GT,₹ 15.65 Lakh,"31,858 km",Diesel,Mumbai,2024
Lexus NX 350h,₹ 28.36 Lakh,"167,712 km",Diesel,Thane,2014
Volkswagen Polo GT,₹ 6.25 Lakh,"160,538 km",Petrol,Chennai,2012
Hyundai i20 Asta,₹ 6.50 Lakh,"111,872 km",Petrol,Kochi,2016
Kia Sonet GTX,₹ 3.93 Lakh,"170,115 km",Diesel,Bangalore,2013
Volvo XC40 Recharge,₹ 29.94 Lakh,"136,751 km",Diesel,Bangalore,2017
BMW 3 Series 320d,₹ 24.84 Lakh,"126,588 km",Diesel,Mumbai,2015
Audi A4 35 TDI,₹ 38.36 Lakh,"56,845 km",Petrol,Pune,2024
Honda Jazz VX,₹ 7.72 Lakh,"44,539 km",Diesel,Chennai,2023
Mahindra Scorpio N Z8,₹ 15.72 Lakh,"8,541 km",CNG,Mumbai,2024
Kia Carens Prestige,₹ 14.83 Lakh,"47,560 km",Diesel,Thane,2024
Honda Amaze VX,₹ 7.32 Lakh,"92,767 km",Diesel,Chennai,2019
Ford EcoSport Titanium,₹ 8.27 Lakh,"64,978 km",Petrol,Jaipur,2019
Lexus NX 350h,₹ 65.58 Lakh,"42,109 km",Diesel,Lucknow,2024
Honda Jazz VX,₹ 10.40 Lakh,"24,547 km",Diesel,Lucknow,2025
Tata Punch Creative,₹ 4.95 Lakh,"123,676 km",Diesel,Thane,2015
Jaguar F-Pace,₹ 65.20 Lakh,"8,101 km",Petrol,Lucknow,2025
Kia Carens Prestige,₹ 4.93 Lakh,"180,135 km",Petrol,Hyderabad,2012
BMW 3 Series 320d,₹ 43.26 Lakh,"76,232 km",CNG,Lucknow,2021
Hyundai Creta SX,₹ 2.07 Lakh,"188,900 km",Petrol,Kochi,2012
Honda Jazz VX,₹ 4.22 Lakh,"164,384 km",Petrol,Delhi,2012
MG Hector Sharp,₹ 6.50 Lakh,"157,666 km",Petrol,Kolkata,2014
Audi Q3 Premium,₹ 38.19 Lakh,"79,650 km",Petrol,Ahmedabad,2022
Volvo XC60,₹ 20.89 Lakh,"206,256 km",Hybrid,Chennai,2012
Mercedes-Benz E-Class E220d,₹ 48.44 Lakh,"56,331 km",Diesel,Lucknow,2021
Renault Kiger RXZ,₹ 4.20 Lakh,"114,335 km",Diesel,Kochi,2014
Volvo XC60,₹ 46.93 Lakh,"49,411 km",Petrol,Noida,2024
Toyota Urban Cruiser,₹ 12.32 Lakh,"57,394 km",CNG,Bangalore,2020
Jeep Compass Limited,₹ 28.93 Lakh,"38,533 km",Petrol,Kolkata,2025
Volkswagen Virtus GT,₹ 14.13 Lakh,"23,331 km",Diesel,Delhi,2024
Tata Harrier XZ,₹ 9.96 Lakh,"38,749 km",Petrol,Lucknow,2023
Mercedes-Benz C-Class C200,₹ 55.04 Lakh,"3,779 km",Diesel,Mumbai,2025
Maruti Suzuki Dzire ZXi,₹ 3.69 Lakh,"163,904 km",Petrol,Lucknow,2016
Volkswagen Virtus GT,₹ 3.67 Lakh,"176,160 km",Petrol,Pune,2012
Maruti Suzuki WagonR VXi,₹ 1.93 Lakh,"167,494 km",Diesel,Bangalore,2014
Skoda Slavia Style,₹ 8.43 Lakh,"143,502 km",Petrol,Mumbai,2015
Volkswagen Taigun GT,₹ 13.81 Lakh,"57,910 km",Diesel,Kochi,2021
Audi A4 35 TDI,₹ 21.05 Lakh,"135,899 km",Petrol,Pune,2014
Maruti Suzuki WagonR VXi,₹ 6.44 Lakh,"80,248 km",Petrol,Delhi,2020
Volvo XC60,₹ 31.29 Lakh,"104,763 km",Hybrid,Ahmedabad,2018
Lexus ES 300h,₹ 37.21 Lakh,"147,465 km",Petrol,Kolkata,2016
Nissan Magnite XV,₹ 3.26 Lakh,"172,718 km",CNG,Ahmedabad,2013
Mercedes-Benz E-Class E220d,₹ 53.34 Lakh,"37,999 km",Petrol,Kochi,2023
Mercedes-Benz C-Class C200,₹ 49.95 Lakh,"35,159 km",Diesel,Bangalore,2023
Ford EcoSport Titanium,₹ 10.03 Lakh,"114,004 km",Petrol,Mysuru,2018
Kia Seltos HTX,₹ 5.78 Lakh,"154,026 km",Petrol,Noida,2014
Audi A4 35 TDI,₹ 41.19 Lakh,"35,840 km",Petrol,Noida,2025
Audi Q5 quattro,₹ 47.24 Lakh,"3,000 km",Hybrid,Jaipur,2025
Ford Endeavour Titanium,₹ 5.76 Lakh,"157,078 km",Petrol,Jaipur,2014
Audi A4 35 TDI,₹ 35.21 Lakh,"47,826 km",Diesel,Noida,2021
Ford Endeavour Titanium,₹ 12.76 Lakh,"26,200 km",Petrol,Mysuru,2024
Audi A4 35 TDI,₹ 38.53 Lakh,"23,935 km",Petrol,Bangalore,2024
Maruti Suzuki Baleno Alpha,₹ 5.30 Lakh,"83,653 km",Petrol,Jaipur,2020
Ford Endeavour Titanium,₹ 14.18 Lakh,"43,675 km",Diesel,Jaipur,2024
Kia Seltos HTX,₹ 8.61 Lakh,"109,155 km",Diesel,Mysuru,2018
Volvo XC40 Recharge,₹ 26.55 Lakh,"168,914 km",Diesel,Hyderabad,2015
Kia Seltos HTX,₹ 9.21 Lakh,"135,845 km",Electric,Bangalore,2015
Mahindra XUV500 W8,₹ 10.37 Lakh,"92,080 km",Petrol,Bangalore,2019
BMW 3 Series 320d,₹ 24.11 Lakh,"160,651 km",Diesel,Bangalore,2015
Lexus NX 350h,₹ 63.00 Lakh,"18,477 km",Petrol,Bangalore,2024
Mercedes-Benz C-Class C200,₹ 36.94 Lakh,"116,965 km",Petrol,Delhi,2018
Honda BR-V VX,₹ 8.99 Lakh,"46,440 km",Diesel,Chennai,2023
Kia Sonet GTX,₹ 4.32 Lakh,"150,895 km",Petrol,Pune,2012
Skoda Kushaq Style,₹ 7.95 Lakh,"173,707 km",Petrol,Hyderabad,2013
Audi A4 35 TDI,₹ 19.08 Lakh,"177,066 km",Petrol,Mysuru,2014
Audi Q3 Premium,₹ 29.79 Lakh,"121,930 km",Electric,Jaipur,2018
Hyundai Verna SX,₹ 3.06 Lakh,"187,957 km",Petrol,Noida,2012
Mahindra XUV500 W8,₹ 12.60 Lakh,"72,146 km",Petrol,Chennai,2022
Renault Kiger RXZ,₹ 4.40 Lakh,"91,317 km",CNG,Mysuru,2019
Volvo XC60,₹ 51.30 Lakh,"36,396 km",Electric,Thane,2024
Mercedes-Benz C-Class C200,₹ 27.43 Lakh,"163,454 km",Diesel,Mysuru,2015
Nissan Magnite XV,₹ 7.07 Lakh,"68,873 km",Diesel,Ahmedabad,2019
Renault Triber RXZ,₹ 6.37 Lakh,"57,256 km",CNG,Lucknow,2022
Nissan Magnite XV,₹ 4.20 Lakh,"104,739 km",Diesel,Bangalore,2018
Mahindra Scorpio N Z8,₹ 16.68 Lakh,"66,431 km",Electric,Hyderabad,2024
Jaguar F-Pace,₹ 53.75 Lakh,"87,497 km",Electric,Chennai,2021
Nissan Magnite XV,₹ 6.73 Lakh,"54,608 km",Diesel,Hyderabad,2023
Maruti Suzuki Brezza ZXi,₹ 4.12 Lakh,"77,913 km",Petrol,Hyderabad,2021
BMW X1 sDrive,₹ 45.62 Lakh,"81,480 km",Petrol,Ahmedabad,2021
Hyundai Grand i10,₹ 11.13 Lakh,"22,939 km",Petrol,Lucknow,2024
Lexus NX 350h,₹ 42.77 Lakh,"117,884 km",Electric,Delhi,2017
Skoda Superb L&K,₹ 10.23 Lakh,"146,505 km",Diesel,Mumbai,2015
Jaguar F-Pace,₹ 38.75 Lakh,"131,405 km",Electric,Ahmedabad,2016
Nissan Magnite XV,₹ 7.23 Lakh,"10,908 km",Petrol,Delhi,2024
Toyota Fortuner 4x2,₹ 9.71 Lakh,"118,967 km",Electric,Chennai,2015
Tata Harrier XZ,₹ 13.16 Lakh,"24,681 km",Electric,Noida,2024
Honda Jazz VX,₹ 6.91 Lakh,"110,498 km",Petrol,Lucknow,2017
Jaguar F-Pace,₹ 50.72 Lakh,"58,613 km",Petrol,Kolkata,2021
Lexus ES 300h,₹ 49.39 Lakh,"105,789 km",Petrol,Mumbai,2019
Honda Amaze VX,₹ 8.52 Lakh,"12,614 km",Petrol,Mysuru,2023
Kia Seltos HTX,₹ 17.12 Lakh,"11,563 km",Hybrid,Mysuru,2025
Volvo XC40 Recharge,₹ 37.30 Lakh,"64,014 km",Petrol,Mumbai,2021
Nissan Magnite XV,₹ 8.06 Lakh,"12,746 km",Diesel,Chennai,2025
Honda BR-V VX,₹ 8.26 Lakh,"100,366 km",Petrol,Jaipur,2020
Lexus ES 300h,₹ 63.38 Lakh,"54,156 km",Diesel,Delhi,2024
Kia Seltos HTX,₹ 12.77 Lakh,"43,714 km",Diesel,Delhi,2022
Kia Sonet GTX,₹ 9.45 Lakh,"101,494 km",Petrol,Jaipur,2020
Jeep Compass Limited,₹ 14.27 Lakh,"138,901 km",CNG,Kolkata,2015
Kia Carens Prestige,₹ 16.12 Lakh,"29,674 km",Hybrid,Pune,2025
Mercedes-Benz GLA 200,₹ 50.06 Lakh,"53,514 km",Diesel,Delhi,2023
MG Astor Savvy,₹ 8.90 Lakh,"111,191 km",Petrol,Jaipur,2017
Jeep Compass Limited,₹ 22.46 Lakh,"69,488 km",CNG,Hyderabad,2021
Volkswagen Polo GT,₹ 14.61 Lakh,"81,569 km",Petrol,Jaipur,2023
Audi A4 35 TDI,₹ 27.78 Lakh,"104,661 km",Diesel,Thane,2018
Tata Altroz XZ,₹ 6.32 Lakh,"77,782 km",Petrol,Ahmedabad,2018
Jaguar F-Pace,₹ 35.00 Lakh,"139,809 km",Diesel,Mumbai,2016
Volvo XC60,₹ 39.39 Lakh,"43,649 km",Petrol,Bangalore,2022
BMW X1 sDrive,₹ 25.60 Lakh,"162,512 km",Petrol,Delhi,2016
Kia Carens Prestige,₹ 8.64 Lakh,"138,362 km",Diesel,Bangalore,2016
Renault Triber RXZ,₹ 4.73 Lakh,"93,433 km",Diesel,Hyderabad,2018
Audi Q3 Premium,₹ 31.12 Lakh,"62,058 km",CNG,Mysuru,2019
Renault Triber RXZ,₹ 6.61 Lakh,"97,540 km",Electric,Bangalore,2020
Hyundai Creta SX,₹ 9.18 Lakh,"52,986 km",Petrol,Ahmedabad,2021
Mercedes-Benz E-Class E220d,₹ 32.80 Lakh,"120,769 km",CNG,Kochi,2016
Jaguar F-Pace,₹ 47.45 Lakh,"82,026 km",Hybrid,Bangalore,2020
Audi A4 35 TDI,₹ 43.77 Lakh,"37,850 km",Diesel,Mysuru,2025
Lexus NX 350h,₹ 42.45 Lakh,"117,039 km",Diesel,Ahmedabad,2017
Tata Punch Creative,₹ 12.88 Lakh,"24,927 km",Hybrid,Delhi,2024
Maruti Suzuki Dzire ZXi,₹ 6.35 Lakh,"78,664 km",Petrol,Bangalore,2019
Toyota Urban Cruiser,₹ 14.31 Lakh,"83,431 km",Diesel,Chennai,2022
Lexus ES 300h,₹ 35.04 Lakh,"155,622 km",Diesel,Ahmedabad,2016
Kia Seltos HTX,₹ 9.46 Lakh,"77,103 km",Petrol,Delhi,2019
Mercedes-Benz GLA 200,₹ 45.65 Lakh,"15,271 km",CNG,Chennai,2022
Renault Kiger RXZ,₹ 3.59 Lakh,"109,874 km",Petrol,Kochi,2018
BMW 3 Series 320d,₹ 50.03 Lakh,"21,235 km",Hybrid,Mysuru,2024
Audi Q5 quattro,₹ 23.47 Lakh,"124,327 km",Diesel,Jaipur,2015
Tata Nexon XZ+,₹ 10.04 Lakh,"108,330 km",Hybrid,Mysuru,2017
Skoda Slavia Style,₹ 9.03 Lakh,"122,904 km",Petrol,Lucknow,2016
Volkswagen Virtus GT,₹ 7.48 Lakh,"141,392 km",Diesel,Ahmedabad,2015
Tata Nexon XZ+,₹ 7.59 Lakh,"120,180 km",Diesel,Bangalore,2019
Volvo XC40 Recharge,₹ 19.84 Lakh,"166,666 km",Petrol,Noida,2014
Volvo XC60,₹ 18.21 Lakh,"205,638 km",Petrol,Hyderabad,2012
Renault Triber RXZ,₹ 5.25 Lakh,"45,009 km",Diesel,Mysuru,2023
Hyundai Grand i10,₹ 6.63 Lakh,"75,871 km",Petrol,Pune,2019
Nissan Magnite XV,₹ 6.41 Lakh,"67,895 km",Petrol,Noida,2020
BMW 5 Series 530d,₹ 21.42 Lakh,"183,510 km",Diesel,Hyderabad,2012
Audi Q5 quattro,₹ 22.43 Lakh,"127,073 km",Petrol,Delhi,2016
Toyota Innova Crysta GX,₹ 15.70 Lakh,"34,711 km",Petrol,Noida,2023
Mahindra Thar LX,₹ 4.11 Lakh,"192,005 km",Diesel,Chennai,2012
Nissan Magnite XV,₹ 5.32 Lakh,"108,284 km",Petrol,Kochi,2017
Volvo XC40 Recharge,₹ 36.79 Lakh,"73,174 km",Diesel,Lucknow,2021
Volvo XC60,₹ 25.82 Lakh,"109,244 km",Petrol,Pune,2015
Renault Kiger RXZ,₹ 6.78 Lakh,"121,660 km",Hybrid,Thane,2016
Hyundai i20 Asta,₹ 2.39 Lakh,"182,025 km",Diesel,Pune,2013
Audi A4 35 TDI,₹ 46.95 Lakh,"35,566 km",Electric,Kochi,2025
Maruti Suzuki WagonR VXi,₹ 3.77 Lakh,"162,055 km",Petrol,Hyderabad,2015
Lexus ES 300h,₹ 38.54 Lakh,"147,056 km",Electric,Bangalore,2015
Mercedes-Benz E-Class E220d,₹ 54.09 Lakh,"36,214 km",Petrol,Mumbai,2024
Mercedes-Benz C-Class C200,₹ 26.88 Lakh,"120,996 km",Petrol,Mumbai,2015
Maruti Suzuki Baleno Alpha,₹ 8.06 Lakh,"48,453 km",Electric,Hyderabad,2022
Kia Sonet GTX,₹ 16.35 Lakh,"20,613 km",Diesel,Delhi,2025
Maruti Suzuki Swift VXi,₹ 2.36 Lakh,"183,484 km",Petrol,Kolkata,2012
Ford EcoSport Titanium,₹ 13.46 Lakh,"40,496 km",Petrol,Kochi,2024
Nissan Magnite XV,₹ 5.19 Lakh,"201,047 km",Hybrid,Jaipur,2012
Jeep Compass Limited,₹ 16.84 Lakh,"117,218 km",Petrol,Hyderabad,2016
Lexus NX 350h,₹ 63.29 Lakh,"44,263 km",Petrol,Mumbai,2023
Maruti Suzuki Swift VXi,₹ 5.66 Lakh,"48,149 km",Petrol,Noida,2023
Nissan Magnite XV,₹ 6.51 Lakh,"27,330 km",Petrol,Chennai,2024
Jeep Compass Limited,₹ 13.01 Lakh,"186,980 km",Petrol,Thane,2013
Jeep Compass Limited,₹ 20.93 Lakh,"117,790 km",Petrol,Hyderabad,2019
Maruti Suzuki Brezza ZXi,₹ 3.82 Lakh,"109,421 km",Petrol,Chennai,2016
Volkswagen Polo GT,₹ 5.07 Lakh,"172,452 km",Diesel,Pune,2013
Volvo XC40 Recharge,₹ 34.51 Lakh,"143,103 km",Electric,Chennai,2018
Lexus ES 300h,₹ 52.47 Lakh,"55,687 km",Electric,Thane,2019
Audi A4 35 TDI,₹ 40.26 Lakh,"28,842 km",Diesel,Mumbai,2023
Jaguar F-Pace,₹ 39.78 Lakh,"121,984 km",Diesel,Ahmedabad,2017
Kia Seltos HTX,₹ 4.90 Lakh,"170,254 km",Diesel,Noida,2013
Mercedes-Benz E-Class E220d,₹ 50.58 Lakh,"75,067 km",Diesel,Jaipur,2022
MG ZS EV,₹ 16.15 Lakh,"35,125 km",Petrol,Mysuru,2024
Mercedes-Benz E-Class E220d,₹ 39.39 Lakh,"114,977 km",Petrol,Noida,2019
Honda BR-V VX,₹ 7.14 Lakh,"71,210 km",Petrol,Hyderabad,2021
BMW X1 sDrive,₹ 24.43 Lakh,"149,421 km",Petrol,Chennai,2014
Tata Punch Creative,₹ 6.47 Lakh,"158,523 km",Petrol,Bangalore,2015
Toyota Fortuner 4x2,₹ 16.84 Lakh,"19,435 km",Petrol,Mysuru,2025
Maruti Suzuki WagonR VXi,₹ 5.81 Lakh,"34,794 km",Petrol,Lucknow,2023
Ford EcoSport Titanium,₹ 13.14 Lakh,"11,259 km",Diesel,Mumbai,2024
Volkswagen Polo GT,₹ 7.00 Lakh,"123,176 km",Diesel,Bangalore,2015
Ford EcoSport Titanium,₹ 7.11 Lakh,"120,574 km",Petrol,Kochi,2015
BMW X1 sDrive,₹ 15.93 Lakh,"177,724 km",Petrol,Hyderabad,2012
Mahindra XUV500 W8,₹ 15.14 Lakh,"80,547 km",Hybrid,Pune,2021
Mercedes-Benz C-Class C200,₹ 23.55 Lakh,"177,529 km",Petrol,Delhi,2013
Tata Nexon XZ+,₹ 12.03 Lakh,"19,991 km",Petrol,Kochi,2025
Kia Carens Prestige,₹ 8.22 Lakh,"68,455 km",Petrol,Lucknow,2017
Maruti Suzuki Swift VXi,₹ 3.43 Lakh,"119,838 km",Petrol,Thane,2015
Kia Seltos HTX,₹ 6.67 Lakh,"137,202 km",CNG,Mumbai,2017
Hyundai Venue SX,₹ 4.55 Lakh,"182,498 km",Petrol,Jaipur,2013
Skoda Superb L&K,₹ 8.55 Lakh,"174,682 km",Petrol,Mysuru,2014
Hyundai Grand i10,₹ 8.92 Lakh,"25,884 km",Petrol,Jaipur,2023
Volvo XC60,₹ 25.10 Lakh,"193,085 km",Electric,Kochi,2014
Ford Endeavour Titanium,₹ 5.94 Lakh,"148,017 km",Petrol,Lucknow,2013
Skoda Kushaq Style,₹ 7.02 Lakh,"160,445 km",Petrol,Mysuru,2013
Honda BR-V VX,₹ 6.29 Lakh,"109,005 km",Petrol,Mysuru,2016
Volvo XC60,₹ 36.20 Lakh,"92,554 km",Petrol,Noida,2019
Hyundai Venue SX,₹ 12.00 Lakh,"24,759 km",Petrol,Mumbai,2025
Tata Harrier XZ,₹ 7.50 Lakh,"131,417 km",Hybrid,Hyderabad,2014
Ford Endeavour Titanium,₹ 5.33 Lakh,"173,345 km",Petrol,Lucknow,2012
Volkswagen Taigun GT,₹ 15.07 Lakh,"53,796 km",Diesel,Bangalore,2023
BMW X1 sDrive,₹ 32.23 Lakh,"124,558 km",Diesel,Bangalore,2017
Mahindra XUV500 W8,₹ 7.84 Lakh,"141,726 km",Petrol,Ahmedabad,2015
Jaguar F-Pace,₹ 43.50 Lakh,"144,019 km",Hybrid,Noida,2017
Tata Nexon XZ+,₹ 11.99 Lakh,"44,944 km",Diesel,Kochi,2024
Nissan Magnite XV,₹ 1.20 Lakh,"177,274 km",Petrol,Ahmedabad,2013
Jeep Compass Limited,₹ 27.17 Lakh,"45,734 km",Diesel,Kochi,2022
Jeep Compass Limited,₹ 30.43 Lakh,"17,911 km",Petrol,Kolkata,2025
Maruti Suzuki Baleno Alpha,₹ 7.85 Lakh,"27,355 km",Petrol,Delhi,2023
BMW 5 Series 530d,₹ 23.49 Lakh,"123,772 km",Diesel,Noida,2015
Tata Nexon XZ+,₹ 13.65 Lakh,"3,000 km",Diesel,Ahmedabad,2025
Mahindra XUV700 AX7,₹ 11.41 Lakh,"118,988 km",Diesel,Thane,2019
MG Astor Savvy,₹ 16.83 Lakh,"30,557 km",Diesel,Mysuru,2025
Hyundai Verna SX,₹ 10.22 Lakh,"42,082 km",Petrol,Kolkata,2023
Ford EcoSport Titanium,₹ 11.64 Lakh,"17,793 km",Petrol,Mumbai,2023
Kia Carens Prestige,₹ 6.16 Lakh,"158,479 km",Petrol,Pune,2013
Renault Triber RXZ,₹ 4.24 Lakh,"104,041 km",Petrol,Mumbai,2018
Tata Altroz XZ,₹ 11.43 Lakh,"32,037 km",CNG,Kochi,2024
Jaguar F-Pace,₹ 35.51 Lakh,"147,310 km",Petrol,Lucknow,2017
Ford EcoSport Titanium,₹ 13.87 Lakh,"25,039 km",CNG,Thane,2025
Maruti Suzuki Brezza ZXi,₹ 5.27 Lakh,"75,787 km",Petrol,Kolkata,2023
BMW 5 Series 530d,₹ 54.22 Lakh,"25,205 km",Diesel,Thane,2025
Volkswagen Taigun GT,₹ 14.02 Lakh,"42,414 km",Diesel,Kolkata,2022
Hyundai Grand i10,₹ 7.18 Lakh,"86,654 km",CNG,Kolkata,2018
Nissan Magnite XV,₹ 5.72 Lakh,"64,168 km",Petrol,Noida,2021
Maruti Suzuki Baleno Alpha,₹ 7.74 Lakh,"58,652 km",Petrol,Noida,2023
Jaguar XE Prestige,₹ 50.84 Lakh,"92,446 km",Petrol,Pune,2020
Jeep Compass Limited,₹ 16.12 Lakh,"162,831 km",Diesel,Hyderabad,2015
Lexus ES 300h,₹ 31.83 Lakh,"165,513 km",Diesel,Mumbai,2014
Volkswagen Taigun GT,₹ 6.27 Lakh,"164,752 km",CNG,Kolkata,2015
Renault Triber RXZ,₹ 4.69 Lakh,"128,877 km",Petrol,Ahmedabad,2019
Lexus NX 350h,₹ 61.15 Lakh,"62,575 km",Diesel,Ahmedabad,2023
Skoda Slavia Style,₹ 10.30 Lakh,"150,154 km",Petrol,Jaipur,2016
Audi Q5 quattro,₹ 24.42 Lakh,"110,787 km",Diesel,Chennai,2016
Kia Sonet GTX,₹ 10.99 Lakh,"81,964 km",CNG,Lucknow,2022
Audi A4 35 TDI,₹ 14.91 Lakh,"155,722 km",Petrol,Kolkata,2013
Toyota Glanza G,₹ 8.54 Lakh,"176,289 km",Petrol,Thane,2015
Honda Jazz VX,₹ 4.29 Lakh,"129,061 km",Petrol,Jaipur,2014
Honda City ZX,₹ 10.63 Lakh,"43,052 km",Diesel,Kochi,2024
Lexus NX 350h,₹ 49.37 Lakh,"95,411 km",Petrol,Bangalore,2019
Mercedes-Benz GLA 200,₹ 22.36 Lakh,"150,197 km",Diesel,Ahmedabad,2013
Mercedes-Benz E-Class E220d,₹ 26.09 Lakh,"153,339 km",Diesel,Hyderabad,2014
MG Hector Sharp,₹ 6.65 Lakh,"137,357 km",Diesel,Delhi,2015
Mercedes-Benz GLA 200,₹ 49.88 Lakh,"64,645 km",Diesel,Mumbai,2022
Lexus ES 300h,₹ 51.69 Lakh,"68,581 km",Diesel,Bangalore,2021
Hyundai Verna SX,₹ 1.38 Lakh,"172,853 km",CNG,Delhi,2012
Renault Kwid Climber,₹ 7.25 Lakh,"56,569 km",Diesel,Mumbai,2023
Volvo XC60,₹ 34.71 Lakh,"96,256 km",Diesel,Jaipur,2019
Jeep Compass Limited,₹ 18.70 Lakh,"108,826 km",CNG,Delhi,2018
Volvo XC60,₹ 42.58 Lakh,"48,443 km",Petrol,Thane,2023
Audi Q3 Premium,₹ 31.90 Lakh,"80,908 km",Petrol,Mumbai,2019
Hyundai Venue SX,₹ 5.29 Lakh,"114,073 km",Diesel,Thane,2014
Toyota Glanza G,₹ 15.43 Lakh,"17,168 km",Diesel,Noida,2024
Jeep Compass Limited,₹ 24.59 Lakh,"58,073 km",Diesel,Mumbai,2021
Jeep Compass Limited,₹ 13.01 Lakh,"158,315 km",Diesel,Thane,2013
Volvo XC40 Recharge,₹ 25.65 Lakh,"169,653 km",CNG,Thane,2015
Hyundai Venue SX,₹ 9.53 Lakh,"98,416 km",Electric,Hyderabad,2019
Kia Carens Prestige,₹ 9.11 Lakh,"67,651 km",Petrol,Thane,2018
Honda Jazz VX,₹ 7.26 Lakh,"72,636 km",Diesel,Noida,2022
BMW X1 sDrive,₹ 27.43 Lakh,"130,259 km",CNG,Kolkata,2015
Jeep Compass Limited,₹ 17.04 Lakh,"115,064 km",Petrol,Jaipur,2016
Audi Q3 Premium,₹ 38.97 Lakh,"63,361 km",Petrol,Kochi,2022
Jaguar F-Pace,₹ 37.15 Lakh,"114,395 km",Petrol,Hyderabad,2017
Volkswagen Virtus GT,₹ 8.68 Lakh,"146,036 km",Diesel,Mysuru,2015
Mercedes-Benz E-Class E220d,₹ 38.74 Lakh,"83,924 km",Petrol,Mysuru,2019
Hyundai Verna SX,₹ 12.60 Lakh,"33,508 km",Petrol,Jaipur,2025
Nissan Magnite XV,₹ 5.29 Lakh,"114,089 km",Petrol,Lucknow,2016
Jeep Compass Limited,₹ 27.43 Lakh,"49,524 km",CNG,Ahmedabad,2023
Hyundai Verna SX,₹ 7.57 Lakh,"95,175 km",Petrol,Jaipur,2019
Lexus ES 300h,₹ 55.96 Lakh,"39,017 km",Diesel,Hyderabad,2022
Tata Altroz XZ,₹ 5.02 Lakh,"128,339 km",Diesel,Kolkata,2016
Renault Kiger RXZ,₹ 4.69 Lakh,"72,692 km",Petrol,Kolkata,2021
Volvo XC60,₹ 42.27 Lakh,"77,430 km",Electric,Mumbai,2021
MG ZS EV,₹ 18.13 Lakh,"45,604 km",Hybrid,Chennai,2025
Maruti Suzuki WagonR VXi,₹ 5.98 Lakh,"88,070 km",Diesel,Hyderabad,2020
Maruti Suzuki Dzire ZXi,₹ 6.80 Lakh,"68,279 km",Hybrid,Bangalore,2019
Kia Carens Prestige,₹ 15.12 Lakh,"3,000 km",Petrol,Thane,2025
Hyundai Venue SX,₹ 8.75 Lakh,"110,376 km",Petrol,Noida,2019
Kia Seltos HTX,₹ 12.04 Lakh,"82,318 km",Petrol,Kolkata,2021
Toyota Urban Cruiser,₹ 5.89 Lakh,"154,965 km",Petrol,Hyderabad,2014
BMW X1 sDrive,₹ 48.86 Lakh,"22,213 km",Petrol,Mysuru,2025
Maruti Suzuki Baleno Alpha,₹ 2.36 Lakh,"138,974 km",Diesel,Kochi,2016
Renault Kwid Climber,₹ 6.50 Lakh,"27,479 km",Petrol,Mumbai,2024
Nissan Magnite XV,₹ 5.20 Lakh,"125,803 km",Diesel,Delhi,2016
Jeep Compass Limited,₹ 26.73 Lakh,"32,790 km",Diesel,Bangalore,2023
Mahindra Thar LX,₹ 13.35 Lakh,"74,368 km",Diesel,Thane,2021
Maruti Suzuki Baleno Alpha,₹ 5.93 Lakh,"38,721 km",Petrol,Kochi,2022
Hyundai Venue SX,₹ 2.39 Lakh,"177,215 km",Diesel,Ahmedabad,2012
Renault Kiger RXZ,₹ 5.62 Lakh,"81,749 km",Petrol,Mumbai,2022
Jaguar XE Prestige,₹ 29.96 Lakh,"144,111 km",Diesel,Pune,2015
Hyundai Creta SX,₹ 8.32 Lakh,"105,007 km",Diesel,Ahmedabad,2018
Jeep Compass Limited,₹ 29.39 Lakh,"38,805 km",Electric,Noida,2022
Jaguar F-Pace,₹ 19.90 Lakh,"185,731 km",Diesel,Hyderabad,2012
Mercedes-Benz GLA 200,₹ 36.87 Lakh,"101,249 km",Diesel,Noida,2018
Lexus ES 300h,₹ 33.07 Lakh,"147,364 km",Diesel,Lucknow,2015
Tata Altroz XZ,₹ 4.69 Lakh,"134,616 km",Petrol,Lucknow,2016
Ford Endeavour Titanium,₹ 12.88 Lakh,"107,747 km",Petrol,Lucknow,2022
Volkswagen Taigun GT,₹ 7.10 Lakh,"121,808 km",Petrol,Lucknow,2016
BMW 3 Series 320d,₹ 32.66 Lakh,"114,342 km",Petrol,Mumbai,2018
Tata Punch Creative,₹ 3.37 Lakh,"183,319 km",Petrol,Jaipur,2012
Maruti Suzuki WagonR VXi,₹ 5.49 Lakh,"3,078 km",Diesel,Pune,2023
Mahindra XUV700 AX7,₹ 4.78 Lakh,"176,508 km",Petrol,Lucknow,2013
Maruti Suzuki Dzire ZXi,₹ 7.41 Lakh,"69,751 km",Hybrid,Jaipur,2023
Hyundai Verna SX,₹ 8.95 Lakh,"68,527 km",Petrol,Ahmedabad,2021
Toyota Glanza G,₹ 6.08 Lakh,"147,919 km",Petrol,Jaipur,2014
Ford Endeavour Titanium,₹ 5.62 Lakh,"172,097 km",Diesel,Delhi,2012
Maruti Suzuki Swift VXi,₹ 2.80 Lakh,"124,141 km",Petrol,Thane,2018
Jeep Compass Limited,₹ 27.08 Lakh,"68,633 km",Petrol,Mumbai,2022
Honda City ZX,₹ 2.97 Lakh,"150,813 km",Petrol,Noida,2012
Kia Seltos HTX,₹ 4.96 Lakh,"188,810 km",Diesel,Kolkata,2012
Tata Punch Creative,₹ 8.37 Lakh,"83,827 km",Petrol,Pune,2018
Honda Jazz VX,₹ 10.32 Lakh,"3,000 km",Diesel,Kochi,2024
Kia Seltos HTX,₹ 9.96 Lakh,"88,722 km",Diesel,Thane,2019
Mercedes-Benz GLA 200,₹ 23.70 Lakh,"132,683 km",Diesel,Noida,2014
BMW 3 Series 320d,₹ 24.77 Lakh,"128,004 km",Petrol,Kolkata,2014
Ford Endeavour Titanium,₹ 12.62 Lakh,"27,988 km",Petrol,Delhi,2023
Tata Nexon XZ+,₹ 8.82 Lakh,"80,160 km",Petrol,Noida,2020
Toyota Glanza G,₹ 8.40 Lakh,"141,565 km",Petrol,Chennai,2016
Skoda Superb L&K,₹ 8.04 Lakh,"125,728 km",Diesel,Thane,2015
Ford Endeavour Titanium,₹ 4.12 Lakh,"115,477 km",Petrol,Bangalore,2013
Hyundai Venue SX,₹ 5.40 Lakh,"118,763 km",Diesel,Hyderabad,2018
Skoda Kushaq Style,₹ 13.39 Lakh,"88,797 km",Petrol,Bangalore,2019
Audi Q3 Premium,₹ 21.42 Lakh,"129,064 km",Petrol,Lucknow,2015
BMW 5 Series 530d,₹ 45.13 Lakh,"65,929 km",Petrol,Hyderabad,2021
Lexus NX 350h,₹ 28.64 Lakh,"166,545 km",CNG,Chennai,2013
Audi Q5 quattro,₹ 21.01 Lakh,"103,016 km",Diesel,Kolkata,2016
Mahindra Scorpio N Z8,₹ 7.32 Lakh,"112,789 km",CNG,Mumbai,2016
Tata Harrier XZ,₹ 11.33 Lakh,"67,118 km",Diesel,Pune,2022
Honda Amaze VX,₹ 8.61 Lakh,"68,000 km",Petrol,Pune,2023
Jaguar F-Pace,₹ 64.07 Lakh,"23,956 km",Hybrid,Lucknow,2025
Jeep Compass Limited,₹ 14.65 Lakh,"183,972 km",Petrol,Pune,2014
Hyundai i20 Asta,₹ 3.93 Lakh,"175,891 km",CNG,Delhi,2013
MG Astor Savvy,₹ 6.23 Lakh,"188,096 km",Petrol,Mumbai,2013
Lexus NX 350h,₹ 33.43 Lakh,"114,404 km",CNG,Bangalore,2014
Volkswagen Virtus GT,₹ 13.01 Lakh,"131,448 km",Hybrid,Chennai,2020
Mahindra XUV700 AX7,₹ 13.93 Lakh,"37,011 km",Petrol,Bangalore,2023
BMW 3 Series 320d,₹ 18.21 Lakh,"201,865 km",Petrol,Mysuru,2012
Volvo XC60,₹ 43.25 Lakh,"66,413 km",Petrol,Jaipur,2021
Lexus NX 350h,₹ 58.89 Lakh,"43,684 km",Diesel,Kochi,2022
Audi Q3 Premium,₹ 35.94 Lakh,"107,548 km",Petrol,Mumbai,2021
Kia Seltos HTX,₹ 10.97 Lakh,"54,101 km",Diesel,Hyderabad,2021
Hyundai i20 Asta,₹ 11.44 Lakh,"38,110 km",Petrol,Mysuru,2024
Jaguar XE Prestige,₹ 28.94 Lakh,"156,309 km",Diesel,Bangalore,2015
Mercedes-Benz E-Class E220d,₹ 54.51 Lakh,"28,848 km",Petrol,Mumbai,2024
Nissan Magnite XV,₹ 4.34 Lakh,"138,453 km",Diesel,Thane,2014
Maruti Suzuki Swift VXi,₹ 1.20 Lakh,"149,391 km",Petrol,Chennai,2013
Maruti Suzuki Swift VXi,₹ 5.27 Lakh,"85,794 km",Petrol,Pune,2019
Mahindra XUV500 W8,₹ 15.34 Lakh,"18,629 km",Petrol,Thane,2024
Renault Kiger RXZ,₹ 2.57 Lakh,"180,693 km",Petrol,Pune,2012
Jeep Compass Limited,₹ 9.91 Lakh,"172,732 km",Petrol,Noida,2012
Skoda Superb L&K,₹ 5.33 Lakh,"174,992 km",Petrol,Mumbai,2012
MG Hector Sharp,₹ 15.25 Lakh,"55,498 km",Diesel,Hyderabad,2022
Ford Endeavour Titanium,₹ 5.36 Lakh,"171,331 km",Diesel,Ahmedabad,2012
Lexus ES 300h,₹ 38.28 Lakh,"108,951 km",Diesel,Noida,2017
Jeep Compass Limited,₹ 14.28 Lakh,"155,951 km",Petrol,Thane,2015
Volvo XC60,₹ 38.99 Lakh,"104,869 km",Diesel,Pune,2020
Skoda Superb L&K,₹ 6.30 Lakh,"206,461 km",Petrol,Mumbai,2014
Honda City ZX,₹ 4.03 Lakh,"113,554 km",Diesel,Bangalore,2016
Audi Q3 Premium,₹ 23.24 Lakh,"133,709 km",Petrol,Hyderabad,2016
MG Astor Savvy,₹ 11.24 Lakh,"119,962 km",Petrol,Mysuru,2018
Audi Q5 quattro,₹ 25.73 Lakh,"124,265 km",Petrol,Mysuru,2018
Hyundai Creta SX,₹ 4.43 Lakh,"171,005 km",Diesel,Hyderabad,2014
Volkswagen Virtus GT,₹ 9.54 Lakh,"93,545 km",Petrol,Mysuru,2018
Nissan Magnite XV,₹ 7.02 Lakh,"73,864 km",CNG,Bangalore,2021
Skoda Superb L&K,₹ 9.27 Lakh,"127,141 km",CNG,Hyderabad,2017
Ford EcoSport Titanium,₹ 8.82 Lakh,"72,158 km",Petrol,Mumbai,2018
Volvo XC40 Recharge,₹ 31.12 Lakh,"93,572 km",Petrol,Delhi,2018
Skoda Slavia Style,₹ 18.70 Lakh,"15,410 km",Petrol,Pune,2025
Maruti Suzuki WagonR VXi,₹ 4.06 Lakh,"106,779 km",Petrol,Noida,2016
Ford EcoSport Titanium,₹ 16.34 Lakh,"41,397 km",Electric,Ahmedabad,2023
Nissan Magnite XV,₹ 4.01 Lakh,"104,757 km",Diesel,Ahmedabad,2017
Skoda Slavia Style,₹ 5.57 Lakh,"148,964 km",Petrol,Hyderabad,2012
Jeep Compass Limited,₹ 21.73 Lakh,"102,230 km",Electric,Bangalore,2018
Volvo XC60,₹ 18.16 Lakh,"159,443 km",Diesel,Hyderabad,2012
Nissan Magnite XV,₹ 6.56 Lakh,"54,440 km",Diesel,Hyderabad,2021
Honda Amaze VX,₹ 5.96 Lakh,"115,589 km",CNG,Chennai,2016
Ford Endeavour Titanium,₹ 9.31 Lakh,"113,268 km",Petrol,Thane,2018
Volkswagen Virtus GT,₹ 5.19 Lakh,"208,239 km",Petrol,Mysuru,2013
Volkswagen Taigun GT,₹ 5.68 Lakh,"151,297 km",Petrol,Lucknow,2014
Lexus ES 300h,₹ 52.13 Lakh,"77,886 km",Diesel,Bangalore,2021
Audi A4 35 TDI,₹ 25.69 Lakh,"71,503 km",Petrol,Noida,2017
Nissan Magnite XV,₹ 1.37 Lakh,"204,900 km",Petrol,Hyderabad,2012
Tata Nexon XZ+,₹ 10.41 Lakh,"55,000 km",Petrol,Kochi,2023
Toyota Innova Crysta GX,₹ 11.25 Lakh,"162,417 km",Electric,Lucknow,2016
Skoda Superb L&K,₹ 6.66 Lakh,"150,246 km",Petrol,Thane,2013
Ford Endeavour Titanium,₹ 7.80 Lakh,"158,668 km",Diesel,Bangalore,2016
Toyota Glanza G,₹ 5.53 Lakh,"170,007 km",Diesel,Mumbai,2014
MG Astor Savvy,₹ 12.25 Lakh,"128,114 km",Electric,Bangalore,2015
Lexus ES 300h,₹ 61.79 Lakh,"43,936 km",Petrol,Lucknow,2023
Kia Sonet GTX,₹ 13.90 Lakh,"30,867 km",Diesel,Thane,2025
Toyota Innova Crysta GX,₹ 9.77 Lakh,"135,334 km",Diesel,Kolkata,2016
Jeep Compass Limited,₹ 18.59 Lakh,"112,569 km",Diesel,Kochi,2018
Ford Endeavour Titanium,₹ 6.94 Lakh,"130,486 km",Diesel,Mumbai,2016
Honda City ZX,₹ 5.61 Lakh,"114,350 km",Diesel,Jaipur,2015
Mahindra XUV500 W8,₹ 4.71 Lakh,"160,047 km",Petrol,Ahmedabad,2013
Lexus NX 350h,₹ 28.17 Lakh,"156,986 km",Diesel,Pune,2013
Volvo XC40 Recharge,₹ 30.76 Lakh,"109,400 km",Diesel,Mysuru,2018
Kia Sonet GTX,₹ 7.90 Lakh,"167,243 km",Diesel,Noida,2015
Tata Punch Creative,₹ 3.38 Lakh,"180,040 km",Petrol,Chennai,2013
Jaguar XE Prestige,₹ 29.80 Lakh,"155,664 km",CNG,Noida,2015
Honda City ZX,₹ 6.51 Lakh,"49,095 km",CNG,Bangalore,2021
Jeep Compass Limited,₹ 30.18 Lakh,"45,533 km",Petrol,Kolkata,2024
Volkswagen Polo GT,₹ 9.69 Lakh,"115,198 km",Diesel,Delhi,2016
Nissan Magnite XV,₹ 1.62 Lakh,"192,316 km",Diesel,Noida,2012
Jeep Compass Limited,₹ 9.11 Lakh,"180,309 km",Diesel,Bangalore,2012
MG Hector Sharp,₹ 6.29 Lakh,"184,944 km",Petrol,Bangalore,2012
Volvo XC60,₹ 47.02 Lakh,"84,593 km",Petrol,Hyderabad,2024
Kia Sonet GTX,₹ 4.18 Lakh,"178,081 km",Petrol,Chennai,2012
Toyota Glanza G,₹ 14.97 Lakh,"19,158 km",Petrol,Lucknow,2024
Kia Sonet GTX,₹ 11.05 Lakh,"89,003 km",Diesel,Lucknow,2021
Volvo XC60,₹ 22.84 Lakh,"160,092 km",Diesel,Jaipur,2013
Mahindra Thar LX,₹ 12.37 Lakh,"75,503 km",Diesel,Lucknow,2022
Volkswagen Taigun GT,₹ 11.31 Lakh,"75,081 km",Petrol,Mumbai,2019
Audi A4 35 TDI,₹ 43.01 Lakh,"10,176 km",Diesel,Noida,2025
MG Astor Savvy,₹ 15.67 Lakh,"38,246 km",Diesel,Ahmedabad,2025
Skoda Slavia Style,₹ 13.20 Lakh,"94,476 km",CNG,Jaipur,2019
Honda BR-V VX,₹ 9.43 Lakh,"95,659 km",Electric,Lucknow,2020
Tata Harrier XZ,₹ 7.15 Lakh,"181,830 km",Hybrid,Bangalore,2013
Lexus NX 350h,₹ 35.42 Lakh,"153,866 km",Diesel,Kochi,2014
MG Hector Sharp,₹ 10.67 Lakh,"142,808 km",Petrol,Kochi,2017
Toyota Innova Crysta GX,₹ 14.21 Lakh,"57,052 km",Petrol,Kochi,2022
MG ZS EV,₹ 15.65 Lakh,"46,501 km",CNG,Mysuru,2023
Skoda Slavia Style,₹ 6.58 Lakh,"174,757 km",Diesel,Lucknow,2012
Jaguar XE Prestige,₹ 55.93 Lakh,"55,938 km",Diesel,Hyderabad,2022
Mercedes-Benz GLA 200,₹ 39.25 Lakh,"139,285 km",Diesel,Noida,2018
Renault Triber RXZ,₹ 8.10 Lakh,"43,982 km",Hybrid,Delhi,2023
Jeep Compass Limited,₹ 13.57 Lakh,"157,963 km",Hybrid,Kolkata,2013
Ford EcoSport Titanium,₹ 7.70 Lakh,"126,825 km",Petrol,Delhi,2017
Lexus NX 350h,₹ 28.01 Lakh,"153,783 km",Petrol,Delhi,2013
Honda City ZX,₹ 8.72 Lakh,"51,145 km",Petrol,Noida,2022
Mahindra Scorpio N Z8,₹ 8.10 Lakh,"144,825 km",Petrol,Bangalore,2015
Ford EcoSport Titanium,₹ 8.71 Lakh,"126,907 km",Diesel,Kolkata,2017
BMW 5 Series 530d,₹ 21.66 Lakh,"178,072 km",Petrol,Mumbai,2012
Skoda Superb L&K,₹ 14.39 Lakh,"71,600 km",Petrol,Ahmedabad,2021
Audi A4 35 TDI,₹ 19.39 Lakh,"194,494 km",Petrol,Jaipur,2012
Nissan Magnite XV,₹ 6.55 Lakh,"41,164 km",Diesel,Delhi,2022
Mercedes-Benz C-Class C200,₹ 28.50 Lakh,"126,952 km",Diesel,Noida,2015
Jaguar F-Pace,₹ 52.84 Lakh,"86,790 km",Petrol,Kochi,2022
Kia Carens Prestige,₹ 16.27 Lakh,"20,231 km",Petrol,Kolkata,2025
Jeep Compass Limited,₹ 20.64 Lakh,"129,788 km",Diesel,Thane,2018
Renault Triber RXZ,₹ 3.16 Lakh,"161,037 km",Petrol,Hyderabad,2013
MG Astor Savvy,₹ 15.65 Lakh,"22,890 km",Petrol,Chennai,2025
BMW 5 Series 530d,₹ 46.73 Lakh,"37,250 km",Diesel,Chennai,2024
BMW 5 Series 530d,₹ 43.90 Lakh,"54,418 km",Petrol,Lucknow,2021
Maruti Suzuki Swift VXi,₹ 3.42 Lakh,"144,698 km",CNG,Mumbai,2018
Tata Nexon XZ+,₹ 6.69 Lakh,"156,449 km",Hybrid,Hyderabad,2013
Audi Q3 Premium,₹ 15.76 Lakh,"159,190 km",Petrol,Bangalore,2012
Audi A4 35 TDI,₹ 28.52 Lakh,"105,875 km",CNG,Hyderabad,2020
Hyundai Verna SX,₹ 5.18 Lakh,"202,631 km",Electric,Pune,2012
Maruti Suzuki Brezza ZXi,₹ 9.14 Lakh,"97,335 km",Electric,Thane,2019
Skoda Kushaq Style,₹ 11.34 Lakh,"71,205 km",CNG,Kochi,2017
Audi Q5 quattro,₹ 20.01 Lakh,"151,204 km",Diesel,Jaipur,2013
BMW 5 Series 530d,₹ 36.09 Lakh,"118,806 km",CNG,Delhi,2019
Mercedes-Benz E-Class E220d,₹ 32.38 Lakh,"143,140 km",Hybrid,Hyderabad,2016
Hyundai i20 Asta,₹ 9.07 Lakh,"82,593 km",Petrol,Kolkata,2020
Maruti Suzuki Dzire ZXi,₹ 5.93 Lakh,"61,415 km",Petrol,Jaipur,2023
Skoda Kushaq Style,₹ 6.08 Lakh,"173,457 km",Petrol,Thane,2012
Volkswagen Virtus GT,₹ 7.29 Lakh,"142,628 km",Diesel,Pune,2015
Lexus ES 300h,₹ 52.11 Lakh,"77,202 km",Petrol,Mumbai,2020
Volkswagen Virtus GT,₹ 15.34 Lakh,"69,563 km",Electric,Ahmedabad,2021
Renault Triber RXZ,₹ 9.94 Lakh,"24,774 km",Electric,Jaipur,2025
Volkswagen Taigun GT,₹ 15.19 Lakh,"41,462 km",Petrol,Bangalore,2025
Jeep Compass Limited,₹ 20.87 Lakh,"100,488 km",Diesel,Pune,2018
BMW 5 Series 530d,₹ 45.53 Lakh,"76,289 km",Diesel,Bangalore,2023
Skoda Slavia Style,₹ 16.06 Lakh,"46,087 km",Petrol,Kolkata,2022
Volkswagen Virtus GT,₹ 9.78 Lakh,"117,488 km",Petrol,Mysuru,2018
Audi Q3 Premium,₹ 22.59 Lakh,"146,251 km",Petrol,Pune,2016
Volvo XC60,₹ 21.50 Lakh,"148,873 km",CNG,Kochi,2014
Nissan Magnite XV,₹ 1.58 Lakh,"143,090 km",Diesel,Bangalore,2013
Jaguar F-Pace,₹ 25.42 Lakh,"194,027 km",Petrol,Pune,2012
Mercedes-Benz GLA 200,₹ 51.48 Lakh,"80,752 km",Electric,Bangalore,2022
BMW X1 sDrive,₹ 33.90 Lakh,"120,047 km",Petrol,Hyderabad,2017
BMW 5 Series 530d,₹ 51.70 Lakh,"29,939 km",Diesel,Kolkata,2024
Volkswagen Virtus GT,₹ 8.65 Lakh,"183,348 km",Hybrid,Jaipur,2014
Volkswagen Taigun GT,₹ 5.10 Lakh,"151,981 km",Petrol,Noida,2013
Tata Harrier XZ,₹ 11.69 Lakh,"9,895 km",Petrol,Noida,2023
Ford Endeavour Titanium,₹ 6.24 Lakh,"151,742 km",Diesel,Mysuru,2014
Renault Kiger RXZ,₹ 3.05 Lakh,"107,044 km",Diesel,Kochi,2018
Mercedes-Benz GLA 200,₹ 20.40 Lakh,"150,696 km",Diesel,Lucknow,2012
Toyota Urban Cruiser,₹ 10.97 Lakh,"92,378 km",Petrol,Delhi,2020
Maruti Suzuki Baleno Alpha,₹ 7.44 Lakh,"94,528 km",Electric,Ahmedabad,2020
Ford Endeavour Titanium,₹ 10.95 Lakh,"48,120 km",Petrol,Pune,2021
BMW X1 sDrive,₹ 22.42 Lakh,"151,406 km",Petrol,Lucknow,2014
Kia Carens Prestige,₹ 13.73 Lakh,"46,542 km",Petrol,Kochi,2023
Nissan Magnite XV,₹ 6.33 Lakh,"36,593 km",Petrol,Lucknow,2022
Volkswagen Taigun GT,₹ 8.67 Lakh,"111,059 km",Diesel,Hyderabad,2018
Mahindra Scorpio N Z8,₹ 11.15 Lakh,"60,066 km",Petrol,Ahmedabad,2020
Volkswagen Polo GT,₹ 14.49 Lakh,"43,368 km",Petrol,Chennai,2024
Volkswagen Taigun GT,₹ 9.64 Lakh,"110,591 km",Petrol,Hyderabad,2017
Nissan Magnite XV,₹ 7.11 Lakh,"41,462 km",Petrol,Bangalore,2022
Kia Seltos HTX,₹ 14.36 Lakh,"38,123 km",Petrol,Kochi,2023
MG Astor Savvy,₹ 10.38 Lakh,"99,017 km",Diesel,Lucknow,2017
Skoda Superb L&K,₹ 5.90 Lakh,"160,906 km",Diesel,Bangalore,2013
Audi A4 35 TDI,₹ 18.22 Lakh,"158,164 km",Petrol,Delhi,2014
Lexus ES 300h,₹ 44.86 Lakh,"117,675 km",CNG,Pune,2018
Lexus ES 300h,₹ 40.29 Lakh,"109,711 km",Petrol,Lucknow,2017
Jeep Compass Limited,₹ 23.68 Lakh,"58,825 km",Hybrid,Mumbai,2020
Nissan Magnite XV,₹ 4.01 Lakh,"151,291 km",Hybrid,Ahmedabad,2015
Mahindra XUV500 W8,₹ 11.89 Lakh,"110,263 km",Diesel,Mumbai,2019
Maruti Suzuki Swift VXi,₹ 1.20 Lakh,"191,205 km",Petrol,Mysuru,2013
Ford EcoSport Titanium,₹ 9.89 Lakh,"75,181 km",CNG,Hyderabad,2021
Nissan Magnite XV,₹ 7.42 Lakh,"35,219 km",Diesel,Hyderabad,2024
Renault Kwid Climber,₹ 4.06 Lakh,"113,203 km",Diesel,Thane,2016
Mahindra XUV500 W8,₹ 6.70 Lakh,"179,420 km",Petrol,Lucknow,2014
Mahindra XUV500 W8,₹ 10.36 Lakh,"113,632 km",Diesel,Mumbai,2017
Honda BR-V VX,₹ 4.82 Lakh,"109,779 km",Petrol,Delhi,2015
Mahindra Scorpio N Z8,₹ 17.46 Lakh,"34,836 km",Electric,Mysuru,2023
Jaguar F-Pace,₹ 26.31 Lakh,"164,647 km",Diesel,Mysuru,2014
Renault Kiger RXZ,₹ 8.33 Lakh,"69,714 km",Hybrid,Noida,2021
Volkswagen Taigun GT,₹ 4.40 Lakh,"201,842 km",Diesel,Pune,2012
Lexus ES 300h,₹ 51.02 Lakh,"71,708 km",Diesel,Kochi,2020
Hyundai Creta SX,₹ 7.37 Lakh,"168,557 km",Electric,Ahmedabad,2013
Honda City ZX,₹ 8.49 Lakh,"37,850 km",Diesel,Bangalore,2022
Mahindra Thar LX,₹ 7.67 Lakh,"114,353 km",Petrol,Pune,2016
Hyundai i20 Asta,₹ 3.30 Lakh,"137,259 km",Diesel,Lucknow,2013
Renault Triber RXZ,₹ 5.36 Lakh,"143,439 km",Electric,Chennai,2015
Skoda Slavia Style,₹ 18.93 Lakh,"3,000 km",Petrol,Lucknow,2025
Maruti Suzuki Baleno Alpha,₹ 3.26 Lakh,"107,171 km",Diesel,Thane,2018
Hyundai Venue SX,₹ 10.15 Lakh,"36,678 km",Diesel,Noida,2023
MG ZS EV,₹ 17.02 Lakh,"19,524 km",Petrol,Kochi,2024
Kia Sonet GTX,₹ 14.27 Lakh,"41,551 km",Petrol,Bangalore,2023
BMW 3 Series 320d,₹ 48.73 Lakh,"27,051 km",Diesel,Bangalore,2024
Kia Seltos HTX,₹ 11.31 Lakh,"87,340 km",Diesel,Pune,2019
Skoda Kushaq Style,₹ 10.41 Lakh,"109,903 km",Petrol,Kochi,2016
Honda Amaze VX,₹ 8.99 Lakh,"16,982 km",Diesel,Kochi,2024
Tata Harrier XZ,₹ 9.57 Lakh,"80,181 km",Petrol,Ahmedabad,2019
Tata Altroz XZ,₹ 10.67 Lakh,"61,364 km",Electric,Kochi,2019
Lexus NX 350h,₹ 61.71 Lakh,"52,422 km",Diesel,Thane,2023
Kia Sonet GTX,₹ 10.32 Lakh,"117,685 km",Petrol,Delhi,2021
Mahindra Thar LX,₹ 6.32 Lakh,"137,821 km",CNG,Jaipur,2015
Renault Kiger RXZ,₹ 7.27 Lakh,"21,430 km",Petrol,Thane,2024
Audi Q5 quattro,₹ 18.23 Lakh,"184,317 km",Petrol,Bangalore,2013
Hyundai i20 Asta,₹ 9.96 Lakh,"62,337 km",Petrol,Thane,2021
Toyota Innova Crysta GX,₹ 9.81 Lakh,"152,919 km",Electric,Pune,2013
Renault Triber RXZ,₹ 6.88 Lakh,"18,272 km",Diesel,Mysuru,2023
Jaguar F-Pace,₹ 30.59 Lakh,"112,080 km",Petrol,Pune,2015
Toyota Urban Cruiser,₹ 15.56 Lakh,"18,705 km",Petrol,Delhi,2024
Nissan Magnite XV,₹ 7.07 Lakh,"74,445 km",Diesel,Kolkata,2023
Tata Harrier XZ,₹ 4.80 Lakh,"134,328 km",Petrol,Pune,2015
Tata Nexon XZ+,₹ 2.59 Lakh,"188,080 km",Petrol,Mumbai,2012
Jeep Compass Limited,₹ 24.64 Lakh,"29,342 km",Petrol,Kochi,2021
BMW 5 Series 530d,₹ 42.24 Lakh,"49,407 km",Petrol,Jaipur,2022
Jaguar F-Pace,₹ 33.06 Lakh,"104,008 km",Diesel,Pune,2016
Maruti Suzuki Dzire ZXi,₹ 4.68 Lakh,"113,072 km",Petrol,Mysuru,2017
Maruti Suzuki Baleno Alpha,₹ 1.50 Lakh,"135,989 km",Diesel,Jaipur,2012
Audi A4 35 TDI,₹ 32.10 Lakh,"22,806 km",Diesel,Jaipur,2021
MG Hector Sharp,₹ 4.22 Lakh,"164,828 km",CNG,Kochi,2012
Mercedes-Benz C-Class C200,₹ 45.86 Lakh,"79,669 km",Diesel,Kochi,2021
Mercedes-Benz GLA 200,₹ 34.17 Lakh,"121,856 km",Petrol,Noida,2017
Ford Endeavour Titanium,₹ 11.97 Lakh,"3,000 km",Petrol,Kolkata,2023
Skoda Kushaq Style,₹ 16.23 Lakh,"99,985 km",Electric,Mysuru,2020
Mahindra XUV500 W8,₹ 17.21 Lakh,"3,074 km",Diesel,Hyderabad,2025
Nissan Magnite XV,₹ 6.81 Lakh,"68,279 km",CNG,Thane,2022
Skoda Slavia Style,₹ 5.76 Lakh,"175,632 km",Diesel,Hyderabad,2012
Hyundai Grand i10,₹ 4.53 Lakh,"136,132 km",Petrol,Bangalore,2015
Toyota Urban Cruiser,₹ 16.52 Lakh,"19,989 km",Petrol,Noida,2024
MG ZS EV,₹ 6.69 Lakh,"132,520 km",Diesel,Noida,2014
Mahindra Thar LX,₹ 8.63 Lakh,"154,886 km",Petrol,Jaipur,2015
Lexus ES 300h,₹ 27.15 Lakh,"165,079 km",Diesel,Ahmedabad,2013
Mahindra XUV500 W8,₹ 5.36 Lakh,"214,679 km",Hybrid,Mumbai,2012
Mahindra Scorpio N Z8,₹ 10.97 Lakh,"92,112 km",CNG,Bangalore,2020
Hyundai Creta SX,₹ 8.84 Lakh,"70,192 km",Petrol,Delhi,2022
Jaguar F-Pace,₹ 50.56 Lakh,"74,576 km",Diesel,Noida,2022
Skoda Superb L&K,₹ 6.20 Lakh,"168,068 km",Diesel,Kolkata,2013
Volvo XC40 Recharge,₹ 45.04 Lakh,"69,780 km",Diesel,Noida,2023
Jeep Compass Limited,₹ 22.74 Lakh,"72,697 km",Petrol,Lucknow,2020
Maruti Suzuki Baleno Alpha,₹ 3.05 Lakh,"107,794 km",CNG,Noida,2018
Renault Kiger RXZ,₹ 2.74 Lakh,"118,864 km",Diesel,Noida,2016
Renault Kiger RXZ,₹ 2.87 Lakh,"120,568 km",Diesel,Mysuru,2016
Maruti Suzuki Swift VXi,₹ 7.13 Lakh,"52,454 km",Petrol,Lucknow,2021
Volvo XC40 Recharge,₹ 49.19 Lakh,"20,465 km",Hybrid,Noida,2025
Nissan Magnite XV,₹ 3.62 Lakh,"145,830 km",Diesel,Kochi,2015
Mercedes-Benz E-Class E220d,₹ 37.15 Lakh,"106,632 km",Diesel,Lucknow,2018
Maruti Suzuki Baleno Alpha,₹ 2.59 Lakh,"212,302 km",Petrol,Chennai,2012
Volkswagen Taigun GT,₹ 6.04 Lakh,"192,791 km",Petrol,Mumbai,2013
Toyota Urban Cruiser,₹ 8.27 Lakh,"168,742 km",Petrol,Ahmedabad,2014
Skoda Slavia Style,₹ 10.37 Lakh,"112,978 km",Diesel,Delhi,2015
Renault Kwid Climber,₹ 1.22 Lakh,"166,761 km",Petrol,Kolkata,2015
Ford EcoSport Titanium,₹ 5.65 Lakh,"112,950 km",Diesel,Mysuru,2015
Mahindra XUV700 AX7,₹ 10.46 Lakh,"139,918 km",Petrol,Pune,2017
Mercedes-Benz E-Class E220d,₹ 60.84 Lakh,"52,716 km",Electric,Lucknow,2025
Tata Punch Creative,₹ 7.06 Lakh,"124,761 km",Diesel,Hyderabad,2017
Ford Endeavour Titanium,₹ 15.44 Lakh,"3,000 km",Diesel,Mysuru,2025
Ford EcoSport Titanium,₹ 11.21 Lakh,"72,526 km",Diesel,Kolkata,2022
Honda Amaze VX,₹ 11.00 Lakh,"127,109 km",Electric,Mysuru,2019
Skoda Superb L&K,₹ 5.91 Lakh,"180,665 km",Petrol,Ahmedabad,2012
BMW X1 sDrive,₹ 40.63 Lakh,"109,266 km",Electric,Pune,2019
Ford EcoSport Titanium,₹ 9.53 Lakh,"118,869 km",Petrol,Chennai,2018
Jeep Compass Limited,₹ 19.24 Lakh,"105,412 km",Petrol,Jaipur,2017
Tata Nexon XZ+,₹ 8.24 Lakh,"96,055 km",Diesel,Ahmedabad,2019
MG Astor Savvy,₹ 10.28 Lakh,"119,244 km",Electric,Noida,2015
MG ZS EV,₹ 20.50 Lakh,"19,583 km",Hybrid,Noida,2025
Mercedes-Benz GLA 200,₹ 39.01 Lakh,"64,096 km",Diesel,Mysuru,2019
Mercedes-Benz E-Class E220d,₹ 55.74 Lakh,"20,400 km",Hybrid,Thane,2023
Mercedes-Benz GLA 200,₹ 44.30 Lakh,"62,181 km",Petrol,Lucknow,2021
Mercedes-Benz C-Class C200,₹ 55.92 Lakh,"29,131 km",Petrol,Chennai,2025
BMW X1 sDrive,₹ 40.59 Lakh,"62,712 km",Petrol,Jaipur,2020
Volkswagen Virtus GT,₹ 15.32 Lakh,"59,733 km",Petrol,Noida,2024
Kia Carens Prestige,₹ 5.79 Lakh,"170,299 km",Petrol,Bangalore,2013
Volkswagen Taigun GT,₹ 9.18 Lakh,"100,862 km",CNG,Delhi,2017
Hyundai Grand i10,₹ 6.54 Lakh,"95,704 km",Petrol,Mumbai,2017
Volkswagen Virtus GT,₹ 9.63 Lakh,"86,992 km",Petrol,Noida,2018
Skoda Kushaq Style,₹ 11.73 Lakh,"78,696 km",Petrol,Jaipur,2017
Mercedes-Benz E-Class E220d,₹ 61.05 Lakh,"6,226 km",Hybrid,Pune,2025
Volkswagen Polo GT,₹ 6.21 Lakh,"161,353 km",Hybrid,Mumbai,2012
Renault Triber RXZ,₹ 2.61 Lakh,"170,101 km",CNG,Lucknow,2014
Volvo XC60,₹ 53.03 Lakh,"49,432 km",Electric,Mumbai,2025
Jeep Compass Limited,₹ 23.36 Lakh,"83,685 km",Petrol,Chennai,2020
Kia Sonet GTX,₹ 8.62 Lakh,"108,229 km",Petrol,Thane,2019
Volkswagen Virtus GT,₹ 11.43 Lakh,"66,490 km",Diesel,Chennai,2019
Volkswagen Polo GT,₹ 13.29 Lakh,"72,162 km",Petrol,Lucknow,2021
Mahindra XUV500 W8,₹ 16.61 Lakh,"17,758 km",Petrol,Kolkata,2025
Volkswagen Virtus GT,₹ 9.12 Lakh,"143,541 km",Petrol,Delhi,2016
Audi Q5 quattro,₹ 36.48 Lakh,"62,655 km",Petrol,Lucknow,2023
Jeep Compass Limited,₹ 25.96 Lakh,"64,058 km",Hybrid,Ahmedabad,2021
Honda Amaze VX,₹ 6.49 Lakh,"52,945 km",Diesel,Kochi,2020
Toyota Glanza G,₹ 13.84 Lakh,"62,228 km",CNG,Thane,2021
Maruti Suzuki Baleno Alpha,₹ 7.15 Lakh,"29,342 km",Petrol,Ahmedabad,2025
MG Hector Sharp,₹ 8.77 Lakh,"100,493 km",Petrol,Hyderabad,2016
Skoda Slavia Style,₹ 13.95 Lakh,"82,424 km",Diesel,Delhi,2021
Mercedes-Benz E-Class E220d,₹ 37.20 Lakh,"123,805 km",Diesel,Pune,2018
Nissan Magnite XV,₹ 8.35 Lakh,"71,849 km",Petrol,Noida,2023
Renault Kwid Climber,₹ 4.79 Lakh,"94,123 km",Diesel,Pune,2019
MG ZS EV,₹ 19.13 Lakh,"87,293 km",Electric,Thane,2024
Lexus ES 300h,₹ 50.25 Lakh,"82,587 km",Petrol,Bangalore,2020
Jaguar F-Pace,₹ 23.51 Lakh,"185,986 km",Petrol,Noida,2012
Ford EcoSport Titanium,₹ 8.34 Lakh,"105,982 km",Petrol,Thane,2019
Audi A4 35 TDI,₹ 17.10 Lakh,"154,915 km",Diesel,Hyderabad,2013
Jeep Compass Limited,₹ 15.52 Lakh,"151,525 km",Diesel,Delhi,2015
Mahindra Thar LX,₹ 5.13 Lakh,"160,094 km",Diesel,Chennai,2014
Audi A4 35 TDI,₹ 24.04 Lakh,"129,274 km",Petrol,Mysuru,2016
Skoda Superb L&K,₹ 16.25 Lakh,"113,748 km",Electric,Pune,2019
Maruti Suzuki Dzire ZXi,₹ 4.64 Lakh,"95,019 km",Petrol,Thane,2018
Skoda Kushaq Style,₹ 8.94 Lakh,"149,784 km",Petrol,Thane,2015
Mahindra Scorpio N Z8,₹ 11.11 Lakh,"118,937 km",Diesel,Chennai,2021
Honda BR-V VX,₹ 4.23 Lakh,"148,253 km",CNG,Delhi,2015
Maruti Suzuki Swift VXi,₹ 5.65 Lakh,"69,766 km",Petrol,Mysuru,2022
Jeep Compass Limited,₹ 24.82 Lakh,"67,621 km",Diesel,Jaipur,2021
Renault Kiger RXZ,₹ 1.20 Lakh,"168,587 km",Petrol,Kolkata,2012
Ford EcoSport Titanium,₹ 13.01 Lakh,"45,072 km",Petrol,Pune,2025
Tata Altroz XZ,₹ 5.32 Lakh,"189,608 km",Diesel,Delhi,2013
MG Hector Sharp,₹ 12.94 Lakh,"50,503 km",Diesel,Delhi,2022
Mercedes-Benz E-Class E220d,₹ 54.79 Lakh,"46,027 km",Petrol,Mysuru,2024
Lexus NX 350h,₹ 49.08 Lakh,"82,954 km",Petrol,Mumbai,2019
Audi Q3 Premium,₹ 38.98 Lakh,"23,304 km",Petrol,Delhi,2024
Jeep Compass Limited,₹ 9.85 Lakh,"185,543 km",Diesel,Mumbai,2012
Ford Endeavour Titanium,₹ 5.59 Lakh,"146,359 km",Diesel,Mysuru,2015
Audi Q3 Premium,₹ 32.53 Lakh,"51,660 km",Petrol,Noida,2020
Maruti Suzuki Swift VXi,₹ 6.22 Lakh,"61,484 km",Petrol,Lucknow,2023
Tata Punch Creative,₹ 13.88 Lakh,"22,705 km",Hybrid,Mumbai,2024
Mahindra XUV700 AX7,₹ 5.84 Lakh,"175,604 km",CNG,Bangalore,2012
Ford EcoSport Titanium,₹ 11.62 Lakh,"85,137 km",Petrol,Kochi,2022
MG Astor Savvy,₹ 11.65 Lakh,"127,945 km",Electric,Bangalore,2014
Volvo XC40 Recharge,₹ 31.93 Lakh,"119,666 km",Petrol,Jaipur,2018
MG Astor Savvy,₹ 13.25 Lakh,"55,887 km",Diesel,Noida,2020
Ford Endeavour Titanium,₹ 8.71 Lakh,"119,187 km",CNG,Hyderabad,2018
Audi Q3 Premium,₹ 30.68 Lakh,"103,725 km",Petrol,Delhi,2020
Mahindra Scorpio N Z8,₹ 5.83 Lakh,"166,082 km",Diesel,Kolkata,2012
Lexus NX 350h,₹ 65.04 Lakh,"33,244 km",Petrol,Mysuru,2024
Jeep Compass Limited,₹ 14.04 Lakh,"147,231 km",Petrol,Delhi,2014
Audi A4 35 TDI,₹ 42.52 Lakh,"39,815 km",Diesel,Hyderabad,2025
BMW 5 Series 530d,₹ 47.61 Lakh,"32,000 km",Electric,Kolkata,2023
Volvo XC40 Recharge,₹ 39.00 Lakh,"85,884 km",Diesel,Mysuru,2020
Renault Triber RXZ,₹ 7.22 Lakh,"54,525 km",Diesel,Kochi,2023
Nissan Magnite XV,₹ 3.50 Lakh,"98,053 km",CNG,Mumbai,2016
Hyundai Creta SX,₹ 9.12 Lakh,"45,536 km",Petrol,Jaipur,2023
Volkswagen Virtus GT,₹ 10.12 Lakh,"93,859 km",Petrol,Mysuru,2018
Honda Amaze VX,₹ 10.40 Lakh,"40,089 km",Petrol,Hyderabad,2023
Renault Triber RXZ,₹ 8.51 Lakh,"20,823 km",Diesel,Kolkata,2025
Hyundai Creta SX,₹ 4.35 Lakh,"177,192 km",Diesel,Lucknow,2014
Mahindra Thar LX,₹ 12.03 Lakh,"59,183 km",Diesel,Chennai,2022
Jeep Compass Limited,₹ 20.55 Lakh,"101,604 km",Petrol,Chennai,2019
Kia Sonet GTX,₹ 5.02 Lakh,"166,891 km",Petrol,Kolkata,2012
Mercedes-Benz E-Class E220d,₹ 30.69 Lakh,"114,513 km",Diesel,Kolkata,2016
Mercedes-Benz GLA 200,₹ 35.77 Lakh,"95,686 km",Diesel,Chennai,2018
Mahindra Thar LX,₹ 6.40 Lakh,"140,296 km",Petrol,Mysuru,2015
Maruti Suzuki WagonR VXi,₹ 8.56 Lakh,"5,700 km",Petrol,Hyderabad,2024
Tata Punch Creative,₹ 6.72 Lakh,"81,038 km",Petrol,Chennai,2018
BMW 3 Series 320d,₹ 42.76 Lakh,"52,067 km",CNG,Kochi,2022
Volkswagen Virtus GT,₹ 15.65 Lakh,"44,198 km",Petrol,Bangalore,2023
Renault Kwid Climber,₹ 2.90 Lakh,"174,326 km",Diesel,Ahmedabad,2012
Ford EcoSport Titanium,₹ 5.34 Lakh,"172,453 km",Diesel,Lucknow,2014
Tata Nexon XZ+,₹ 4.93 Lakh,"164,424 km",Petrol,Lucknow,2014
Honda Amaze VX,₹ 5.76 Lakh,"108,253 km",Diesel,Noida,2018
Maruti Suzuki Brezza ZXi,₹ 6.67 Lakh,"30,548 km",Petrol,Chennai,2023
Jaguar F-Pace,₹ 31.11 Lakh,"156,370 km",Electric,Chennai,2013
Volkswagen Virtus GT,₹ 4.05 Lakh,"159,210 km",Diesel,Lucknow,2012
Volkswagen Taigun GT,₹ 10.08 Lakh,"118,862 km",Petrol,Pune,2017
Jaguar F-Pace,₹ 50.11 Lakh,"73,792 km",Diesel,Pune,2021
BMW X1 sDrive,₹ 19.47 Lakh,"190,968 km",CNG,Bangalore,2012
Honda City ZX,₹ 9.57 Lakh,"51,183 km",Diesel,Mumbai,2022
BMW 3 Series 320d,₹ 26.25 Lakh,"156,643 km",Electric,Ahmedabad,2014
BMW 5 Series 530d,₹ 35.43 Lakh,"102,553 km",Petrol,Mysuru,2020
Honda City ZX,₹ 6.83 Lakh,"101,287 km",CNG,Kolkata,2018
Tata Harrier XZ,₹ 8.51 Lakh,"89,659 km",Petrol,Ahmedabad,2020
Tata Nexon XZ+,₹ 3.87 Lakh,"170,005 km",Diesel,Kolkata,2014
Kia Seltos HTX,₹ 6.76 Lakh,"164,428 km",Petrol,Kolkata,2013
Lexus ES 300h,₹ 30.11 Lakh,"153,416 km",Petrol,Thane,2014
Ford EcoSport Titanium,₹ 8.08 Lakh,"119,274 km",Diesel,Kochi,2016
Renault Kiger RXZ,₹ 2.31 Lakh,"169,867 km",Petrol,Lucknow,2013
Audi Q3 Premium,₹ 40.43 Lakh,"9,980 km",Petrol,Thane,2024
Volvo XC40 Recharge,₹ 30.92 Lakh,"98,497 km",Petrol,Chennai,2018
Tata Altroz XZ,₹ 11.48 Lakh,"35,252 km",Petrol,Kolkata,2022
Ford Endeavour Titanium,₹ 5.02 Lakh,"190,765 km",Petrol,Kochi,2012
Nissan Magnite XV,₹ 4.77 Lakh,"137,705 km",Diesel,Jaipur,2015
Tata Nexon XZ+,₹ 13.67 Lakh,"38,658 km",Hybrid,Kolkata,2023
Lexus ES 300h,₹ 55.12 Lakh,"79,265 km",Petrol,Noida,2020
Volkswagen Polo GT,₹ 13.95 Lakh,"61,711 km",Petrol,Ahmedabad,2023
Jeep Compass Limited,₹ 26.82 Lakh,"70,259 km",Diesel,Jaipur,2022
Skoda Superb L&K,₹ 12.01 Lakh,"96,000 km",Petrol,Pune,2017
Lexus NX 350h,₹ 49.06 Lakh,"80,449 km",Petrol,Mysuru,2020
Jaguar XE Prestige,₹ 52.82 Lakh,"77,893 km",Electric,Mumbai,2021
Mercedes-Benz C-Class C200,₹ 36.39 Lakh,"147,392 km",Diesel,Hyderabad,2017
Hyundai Venue SX,₹ 11.40 Lakh,"37,707 km",Petrol,Bangalore,2023
Kia Seltos HTX,₹ 5.25 Lakh,"159,864 km",Diesel,Noida,2013
BMW X1 sDrive,₹ 24.75 Lakh,"156,966 km",Petrol,Ahmedabad,2015
Kia Carens Prestige,₹ 8.61 Lakh,"112,725 km",Diesel,Chennai,2019
MG Astor Savvy,₹ 7.02 Lakh,"161,012 km",CNG,Noida,2014
BMW X1 sDrive,₹ 42.32 Lakh,"60,389 km",Petrol,Pune,2021
MG Astor Savvy,₹ 9.81 Lakh,"84,414 km",Diesel,Thane,2018
Jaguar F-Pace,₹ 24.17 Lakh,"204,708 km",Petrol,Kochi,2012
Skoda Superb L&K,₹ 19.95 Lakh,"38,897 km",Hybrid,Delhi,2025
Kia Seltos HTX,₹ 14.75 Lakh,"35,957 km",Hybrid,Kolkata,2023
Volkswagen Polo GT,₹ 3.48 Lakh,"176,429 km",Petrol,Chennai,2012
Maruti Suzuki WagonR VXi,₹ 1.20 Lakh,"171,729 km",Petrol,Thane,2012
Jeep Compass Limited,₹ 18.25 Lakh,"110,543 km",Diesel,Hyderabad,2018
Hyundai Creta SX,₹ 4.41 Lakh,"153,943 km",Petrol,Jaipur,2015
Tata Nexon XZ+,₹ 7.17 Lakh,"126,832 km",Petrol,Jaipur,2016
Maruti Suzuki Baleno Alpha,₹ 7.37 Lakh,"53,360 km",Petrol,Noida,2024
Ford EcoSport Titanium,₹ 11.91 Lakh,"28,846 km",Diesel,Thane,2023
Toyota Urban Cruiser,₹ 15.96 Lakh,"24,943 km",Diesel,Delhi,2024
BMW 5 Series 530d,₹ 47.04 Lakh,"36,608 km",Petrol,Bangalore,2024
BMW 5 Series 530d,₹ 35.77 Lakh,"94,461 km",CNG,Chennai,2018
Renault Kwid Climber,₹ 3.34 Lakh,"153,730 km",Diesel,Pune,2014
Maruti Suzuki Baleno Alpha,₹ 3.16 Lakh,"140,244 km",CNG,Lucknow,2018
Toyota Glanza G,₹ 20.93 Lakh,"37,245 km",Electric,Jaipur,2025
Hyundai Venue SX,₹ 2.48 Lakh,"166,178 km",Petrol,Jaipur,2012
Toyota Urban Cruiser,₹ 6.45 Lakh,"146,196 km",Petrol,Chennai,2013
Mercedes-Benz C-Class C200,₹ 37.86 Lakh,"106,631 km",Petrol,Pune,2019
BMW X1 sDrive,₹ 35.23 Lakh,"108,621 km",Diesel,Delhi,2018
Volkswagen Taigun GT,₹ 8.38 Lakh,"171,224 km",Petrol,Lucknow,2015
Volvo XC60,₹ 39.01 Lakh,"101,130 km",Hybrid,Mysuru,2021
Volkswagen Taigun GT,₹ 8.74 Lakh,"126,148 km",CNG,Bangalore,2016
Lexus NX 350h,₹ 71.12 Lakh,"19,073 km",Electric,Jaipur,2025
Jeep Compass Limited,₹ 16.03 Lakh,"139,119 km",Petrol,Lucknow,2015
Ford EcoSport Titanium,₹ 9.83 Lakh,"81,978 km",Petrol,Noida,2021
Renault Triber RXZ,₹ 2.01 Lakh,"175,634 km",Diesel,Kochi,2012
Mercedes-Benz C-Class C200,₹ 44.85 Lakh,"68,759 km",Petrol,Delhi,2021
Volvo XC60,₹ 48.05 Lakh,"53,629 km",Electric,Delhi,2022
MG Astor Savvy,₹ 14.53 Lakh,"82,998 km",Petrol,Jaipur,2021
Honda Jazz VX,₹ 6.95 Lakh,"77,721 km",CNG,Bangalore,2020
Kia Carens Prestige,₹ 5.60 Lakh,"154,479 km",Petrol,Kolkata,2014
Honda Amaze VX,₹ 8.96 Lakh,"48,820 km",Petrol,Delhi,2022
Ford Endeavour Titanium,₹ 3.35 Lakh,"181,478 km",Petrol,Lucknow,2012
Jeep Compass Limited,₹ 24.41 Lakh,"47,354 km",Diesel,Jaipur,2021
Honda City ZX,₹ 1.55 Lakh,"184,383 km",Diesel,Ahmedabad,2012
MG Astor Savvy,₹ 12.26 Lakh,"119,842 km",Petrol,Delhi,2019
Maruti Suzuki Baleno Alpha,₹ 7.12 Lakh,"51,339 km",Diesel,Ahmedabad,2023
Volvo XC40 Recharge,₹ 47.64 Lakh,"49,982 km",Electric,Jaipur,2024
Mahindra XUV500 W8,₹ 12.79 Lakh,"60,672 km",Diesel,Hyderabad,2022
Mahindra XUV500 W8,₹ 7.81 Lakh,"134,221 km",CNG,Bangalore,2017
Jeep Compass Limited,₹ 11.75 Lakh,"194,461 km",Petrol,Noida,2012
Volvo XC60,₹ 48.05 Lakh,"15,672 km",Petrol,Hyderabad,2024
Ford EcoSport Titanium,₹ 5.85 Lakh,"153,230 km",Diesel,Jaipur,2014
Jaguar F-Pace,₹ 48.13 Lakh,"89,114 km",Diesel,Noida,2020
Jaguar XE Prestige,₹ 32.30 Lakh,"131,795 km",Diesel,Mysuru,2014
Lexus NX 350h,₹ 67.76 Lakh,"43,490 km",Petrol,Jaipur,2024
Tata Harrier XZ,₹ 7.47 Lakh,"54,413 km",Petrol,Hyderabad,2019
Tata Nexon XZ+,₹ 11.13 Lakh,"23,142 km",Petrol,Pune,2024
BMW 3 Series 320d,₹ 31.98 Lakh,"129,473 km",Diesel,Thane,2017
Lexus NX 350h,₹ 23.61 Lakh,"177,280 km",Diesel,Kochi,2012
Tata Punch Creative,₹ 5.51 Lakh,"115,041 km",Petrol,Bangalore,2015
Audi A4 35 TDI,₹ 26.24 Lakh,"135,414 km",Diesel,Chennai,2016
Ford Endeavour Titanium,₹ 5.01 Lakh,"162,676 km",Petrol,Chennai,2014
Kia Sonet GTX,₹ 10.16 Lakh,"122,593 km",Diesel,Kochi,2019
Jaguar XE Prestige,₹ 24.76 Lakh,"136,697 km",Petrol,Bangalore,2013
Jaguar F-Pace,₹ 53.89 Lakh,"63,925 km",Electric,Mumbai,2021
Jaguar XE Prestige,₹ 47.98 Lakh,"63,999 km",Petrol,Kolkata,2021
Toyota Urban Cruiser,₹ 16.34 Lakh,"39,878 km",CNG,Lucknow,2025
MG Astor Savvy,₹ 12.52 Lakh,"108,049 km",Petrol,Thane,2019
Maruti Suzuki Swift VXi,₹ 5.59 Lakh,"58,645 km",Petrol,Kolkata,2020
Maruti Suzuki WagonR VXi,₹ 3.04 Lakh,"118,471 km",CNG,Jaipur,2016
BMW 3 Series 320d,₹ 45.04 Lakh,"46,865 km",Petrol,Chennai,2023
Mahindra Scorpio N Z8,₹ 7.73 Lakh,"120,868 km",Petrol,Mumbai,2017
Skoda Superb L&K,₹ 11.38 Lakh,"127,706 km",Diesel,Chennai,2016
Jaguar F-Pace,₹ 58.05 Lakh,"31,493 km",Diesel,Delhi,2023
Mahindra Thar LX,₹ 11.08 Lakh,"58,242 km",Diesel,Mysuru,2020
Maruti Suzuki Baleno Alpha,₹ 2.15 Lakh,"154,739 km",Diesel,Jaipur,2013
Jaguar XE Prestige,₹ 60.73 Lakh,"3,000 km",Petrol,Mumbai,2025
Volkswagen Taigun GT,₹ 14.91 Lakh,"58,627 km",Diesel,Kochi,2025
Jaguar F-Pace,₹ 35.01 Lakh,"119,729 km",Petrol,Lucknow,2015
Honda BR-V VX,₹ 8.83 Lakh,"62,156 km",CNG,Chennai,2023
Volkswagen Polo GT,₹ 15.17 Lakh,"108,000 km",Electric,Mysuru,2019
Lexus NX 350h,₹ 42.78 Lakh,"82,460 km",Diesel,Mysuru,2018
Volvo XC60,₹ 29.99 Lakh,"137,200 km",Petrol,Lucknow,2017
Jeep Compass Limited,₹ 28.76 Lakh,"45,903 km",Petrol,Mumbai,2024
Mahindra Scorpio N Z8,₹ 13.14 Lakh,"71,737 km",Diesel,Hyderabad,2020
Mercedes-Benz E-Class E220d,₹ 28.44 Lakh,"170,422 km",Petrol,Bangalore,2014
Ford EcoSport Titanium,₹ 12.90 Lakh,"48,933 km",CNG,Jaipur,2023
Volvo XC40 Recharge,₹ 34.14 Lakh,"91,244 km",Electric,Ahmedabad,2017
Audi Q3 Premium,₹ 43.19 Lakh,"3,000 km",Petrol,Delhi,2025
Jeep Compass Limited,₹ 26.22 Lakh,"72,901 km",Diesel,Kolkata,2022
Toyota Innova Crysta GX,₹ 15.51 Lakh,"29,740 km",Diesel,Lucknow,2022
Skoda Slavia Style,₹ 17.98 Lakh,"50,706 km",Petrol,Kolkata,2025
Volvo XC60,₹ 26.13 Lakh,"130,411 km",Petrol,Hyderabad,2015
Mercedes-Benz E-Class E220d,₹ 32.94 Lakh,"120,757 km",CNG,Mysuru,2017
MG Astor Savvy,₹ 8.77 Lakh,"108,086 km",Diesel,Lucknow,2017
Audi Q3 Premium,₹ 33.25 Lakh,"89,546 km",Petrol,Jaipur,2021
Skoda Kushaq Style,₹ 13.70 Lakh,"93,522 km",Diesel,Hyderabad,2020
Renault Triber RXZ,₹ 3.67 Lakh,"106,805 km",Diesel,Ahmedabad,2018
Kia Sonet GTX,₹ 9.86 Lakh,"114,047 km",Petrol,Mysuru,2018
Volvo XC60,₹ 21.28 Lakh,"171,881 km",Petrol,Chennai,2013
Volvo XC40 Recharge,₹ 37.32 Lakh,"71,087 km",Petrol,Thane,2020
Kia Carens Prestige,₹ 15.17 Lakh,"24,938 km",Diesel,Mumbai,2025
Skoda Superb L&K,₹ 20.16 Lakh,"16,034 km",Petrol,Hyderabad,2025
Nissan Magnite XV,₹ 4.75 Lakh,"132,454 km",CNG,Chennai,2016
Renault Kiger RXZ,₹ 4.76 Lakh,"53,809 km",Petrol,Thane,2021
Renault Triber RXZ,₹ 5.30 Lakh,"102,492 km",Diesel,Kochi,2017
Mahindra Thar LX,₹ 15.38 Lakh,"57,227 km",Hybrid,Mumbai,2023
Ford Endeavour Titanium,₹ 10.94 Lakh,"37,178 km",Diesel,Mysuru,2022
Kia Seltos HTX,₹ 13.09 Lakh,"71,643 km",Petrol,Lucknow,2021
Ford Endeavour Titanium,₹ 12.36 Lakh,"53,853 km",Petrol,Kolkata,2021
MG Hector Sharp,₹ 6.47 Lakh,"192,915 km",Petrol,Mysuru,2013
Mercedes-Benz C-Class C200,₹ 57.55 Lakh,"8,048 km",Petrol,Ahmedabad,2025
Kia Seltos HTX,₹ 14.91 Lakh,"3,667 km",Diesel,Thane,2025
Mercedes-Benz GLA 200,₹ 41.93 Lakh,"66,249 km",Petrol,Chennai,2020
Ford Endeavour Titanium,₹ 8.01 Lakh,"75,232 km",Diesel,Thane,2018
Skoda Slavia Style,₹ 13.80 Lakh,"92,728 km",CNG,Jaipur,2019
Ford Endeavour Titanium,₹ 3.44 Lakh,"172,389 km",CNG,Lucknow,2013
Ford Endeavour Titanium,₹ 12.46 Lakh,"71,120 km",Petrol,Hyderabad,2022
Lexus ES 300h,₹ 62.11 Lakh,"44,615 km",Petrol,Bangalore,2023
Mercedes-Benz GLA 200,₹ 47.30 Lakh,"105,091 km",Petrol,Mysuru,2022
Kia Carens Prestige,₹ 9.17 Lakh,"104,539 km",Petrol,Kolkata,2017
Mahindra XUV700 AX7,₹ 9.86 Lakh,"107,546 km",Diesel,Pune,2016
Nissan Magnite XV,₹ 9.29 Lakh,"10,122 km",Hybrid,Chennai,2024
Mercedes-Benz E-Class E220d,₹ 27.33 Lakh,"185,017 km",Diesel,Mysuru,2014
Audi Q3 Premium,₹ 26.24 Lakh,"117,223 km",Petrol,Noida,2016
Hyundai Venue SX,₹ 9.21 Lakh,"86,076 km",Petrol,Delhi,2020
Volvo XC60,₹ 34.80 Lakh,"115,052 km",Diesel,Hyderabad,2019
Nissan Magnite XV,₹ 7.14 Lakh,"24,173 km",CNG,Hyderabad,2024
Tata Altroz XZ,₹ 11.99 Lakh,"3,000 km",Petrol,Kolkata,2024
Mercedes-Benz C-Class C200,₹ 49.02 Lakh,"64,439 km",CNG,Mumbai,2023
Volvo XC40 Recharge,₹ 21.49 Lakh,"173,092 km",Diesel,Chennai,2013
Renault Kiger RXZ,₹ 6.02 Lakh,"42,697 km",CNG,Mumbai,2022
Jeep Compass Limited,₹ 15.67 Lakh,"189,696 km",Petrol,Ahmedabad,2016
Renault Kiger RXZ,₹ 6.90 Lakh,"10,874 km",Petrol,Noida,2024
Nissan Magnite XV,₹ 6.00 Lakh,"90,384 km",Petrol,Kolkata,2020
Nissan Magnite XV,₹ 10.23 Lakh,"86,188 km",Hybrid,Mumbai,2024
Volkswagen Polo GT,₹ 11.56 Lakh,"47,471 km",Diesel,Jaipur,2021
Nissan Magnite XV,₹ 1.63 Lakh,"141,297 km",CNG,Hyderabad,2015
Honda Jazz VX,₹ 7.76 Lakh,"60,662 km",Diesel,Bangalore,2022
Maruti Suzuki Dzire ZXi,₹ 8.29 Lakh,"52,179 km",Electric,Ahmedabad,2023
Audi A4 35 TDI,₹ 16.73 Lakh,"169,540 km",Petrol,Kolkata,2014
Hyundai i20 Asta,₹ 4.79 Lakh,"132,377 km",Diesel,Ahmedabad,2016
Volkswagen Virtus GT,₹ 15.71 Lakh,"35,484 km",Petrol,Delhi,2024
Volvo XC60,₹ 19.19 Lakh,"179,023 km",Petrol,Ahmedabad,2012
Hyundai Grand i10,₹ 15.17 Lakh,"3,000 km",Electric,Bangalore,2025
Renault Kwid Climber,₹ 5.75 Lakh,"34,746 km",CNG,Bangalore,2024
Mahindra Scorpio N Z8,₹ 6.84 Lakh,"180,054 km",Diesel,Hyderabad,2013
Renault Kwid Climber,₹ 5.99 Lakh,"113,034 km",Petrol,Thane,2019
Maruti Suzuki Swift VXi,₹ 1.40 Lakh,"176,368 km",Petrol,Ahmedabad,2013
Volvo XC60,₹ 42.96 Lakh,"72,204 km",Electric,Ahmedabad,2020
Toyota Fortuner 4x2,₹ 10.59 Lakh,"75,947 km",Petrol,Bangalore,2019
Audi Q3 Premium,₹ 21.92 Lakh,"182,452 km",Electric,Noida,2014
Jaguar F-Pace,₹ 43.75 Lakh,"113,016 km",Diesel,Delhi,2019
Hyundai Creta SX,₹ 3.35 Lakh,"165,905 km",Petrol,Hyderabad,2014
MG ZS EV,₹ 13.35 Lakh,"74,726 km",Petrol,Hyderabad,2021
Mahindra XUV500 W8,₹ 12.47 Lakh,"60,642 km",Petrol,Ahmedabad,2022
Mahindra Scorpio N Z8,₹ 8.32 Lakh,"171,704 km",Petrol,Delhi,2015
Mercedes-Benz GLA 200,₹ 32.21 Lakh,"109,605 km",Petrol,Kochi,2017
MG ZS EV,₹ 7.52 Lakh,"122,218 km",Petrol,Kochi,2016
Audi Q5 quattro,₹ 21.83 Lakh,"145,309 km",Petrol,Noida,2015
Mercedes-Benz C-Class C200,₹ 26.39 Lakh,"114,468 km",Diesel,Hyderabad,2015
Skoda Superb L&K,₹ 8.60 Lakh,"147,397 km",Petrol,Mysuru,2013
Renault Triber RXZ,₹ 3.31 Lakh,"86,774 km",Petrol,Bangalore,2017
Honda Jazz VX,₹ 8.13 Lakh,"71,013 km",Petrol,Hyderabad,2021
Mahindra XUV500 W8,₹ 14.67 Lakh,"70,327 km",Petrol,Ahmedabad,2022
Jaguar XE Prestige,₹ 27.28 Lakh,"160,104 km",Diesel,Delhi,2013
Tata Altroz XZ,₹ 12.26 Lakh,"32,099 km",Electric,Jaipur,2021
Jeep Compass Limited,₹ 15.76 Lakh,"121,945 km",Diesel,Noida,2015
Tata Altroz XZ,₹ 9.51 Lakh,"83,581 km",Petrol,Mumbai,2019
Lexus NX 350h,₹ 38.86 Lakh,"130,785 km",Diesel,Jaipur,2016
Kia Seltos HTX,₹ 13.87 Lakh,"3,000 km",Petrol,Thane,2024
Nissan Magnite XV,₹ 7.60 Lakh,"39,450 km",Diesel,Ahmedabad,2024
Renault Kiger RXZ,₹ 3.74 Lakh,"147,339 km",CNG,Mysuru,2015
Skoda Superb L&K,₹ 17.02 Lakh,"23,696 km",Diesel,Hyderabad,2024
Renault Kwid Climber,₹ 6.07 Lakh,"86,292 km",Petrol,Lucknow,2019
Maruti Suzuki WagonR VXi,₹ 5.20 Lakh,"96,027 km",Petrol,Ahmedabad,2020
Jeep Compass Limited,₹ 16.00 Lakh,"129,227 km",Hybrid,Chennai,2015
Mercedes-Benz C-Class C200,₹ 22.14 Lakh,"194,202 km",Diesel,Hyderabad,2013
Audi Q3 Premium,₹ 20.00 Lakh,"165,276 km",Petrol,Lucknow,2013
Jeep Compass Limited,₹ 24.75 Lakh,"72,128 km",Electric,Mumbai,2020
Renault Triber RXZ,₹ 3.67 Lakh,"96,155 km",Diesel,Bangalore,2020
Nissan Magnite XV,₹ 6.41 Lakh,"32,038 km",Diesel,Kochi,2022
MG Hector Sharp,₹ 9.05 Lakh,"143,202 km",Petrol,Jaipur,2015
Mercedes-Benz E-Class E220d,₹ 56.91 Lakh,"13,700 km",Petrol,Pune,2025
Volkswagen Polo GT,₹ 15.93 Lakh,"4,099 km",Petrol,Thane,2025
Volkswagen Virtus GT,₹ 5.95 Lakh,"149,418 km",Diesel,Lucknow,2014
Kia Seltos HTX,₹ 11.51 Lakh,"117,420 km",Diesel,Chennai,2019
Volvo XC40 Recharge,₹ 42.03 Lakh,"58,654 km",Petrol,Lucknow,2023
Audi Q5 quattro,₹ 26.47 Lakh,"97,563 km",Petrol,Mumbai,2018
Lexus NX 350h,₹ 47.48 Lakh,"107,657 km",Petrol,Jaipur,2019
Audi Q3 Premium,₹ 14.91 Lakh,"187,406 km",Diesel,Noida,2012
Kia Sonet GTX,₹ 6.67 Lakh,"147,768 km",Petrol,Jaipur,2014
Honda Amaze VX,₹ 9.75 Lakh,"20,164 km",Diesel,Jaipur,2025
BMW 3 Series 320d,₹ 19.34 Lakh,"199,985 km",Petrol,Kochi,2012
Audi Q3 Premium,₹ 30.28 Lakh,"76,731 km",CNG,Hyderabad,2020
Nissan Magnite XV,₹ 5.12 Lakh,"60,154 km",Petrol,Kochi,2020
Renault Kiger RXZ,₹ 7.27 Lakh,"79,415 km",Petrol,Ahmedabad,2023
MG Astor Savvy,₹ 16.48 Lakh,"26,174 km",Petrol,Kochi,2024
MG Hector Sharp,₹ 7.35 Lakh,"130,267 km",Petrol,Jaipur,2015
Jeep Compass Limited,₹ 10.68 Lakh,"140,813 km",Diesel,Pune,2013
Renault Kiger RXZ,₹ 3.58 Lakh,"85,689 km",Diesel,Kolkata,2019
Jeep Compass Limited,₹ 17.87 Lakh,"116,092 km",Petrol,Kolkata,2016
Mahindra XUV700 AX7,₹ 13.87 Lakh,"31,983 km",Petrol,Chennai,2023
Renault Kwid Climber,₹ 4.68 Lakh,"135,015 km",Petrol,Ahmedabad,2016
Honda Jazz VX,₹ 6.37 Lakh,"131,707 km",Diesel,Jaipur,2017
Mercedes-Benz E-Class E220d,₹ 54.33 Lakh,"70,567 km",Electric,Hyderabad,2023
MG ZS EV,₹ 16.65 Lakh,"88,329 km",Electric,Mysuru,2021
Honda Jazz VX,₹ 4.27 Lakh,"113,147 km",Petrol,Noida,2017
BMW 3 Series 320d,₹ 47.21 Lakh,"55,957 km",Diesel,Delhi,2024
Volvo XC40 Recharge,₹ 29.56 Lakh,"112,728 km",Diesel,Kolkata,2017
Renault Kiger RXZ,₹ 1.34 Lakh,"189,095 km",Petrol,Mumbai,2014
BMW 5 Series 530d,₹ 47.09 Lakh,"51,229 km",Petrol,Chennai,2023
MG ZS EV,₹ 10.11 Lakh,"121,986 km",Diesel,Thane,2019
Volvo XC60,₹ 33.75 Lakh,"87,889 km",Petrol,Mumbai,2019
Hyundai Grand i10,₹ 12.14 Lakh,"29,129 km",Petrol,Mumbai,2025
Mercedes-Benz C-Class C200,₹ 29.78 Lakh,"157,923 km",CNG,Kochi,2014
Toyota Innova Crysta GX,₹ 17.51 Lakh,"33,426 km",Diesel,Ahmedabad,2025
Volkswagen Taigun GT,₹ 6.75 Lakh,"139,020 km",Petrol,Mysuru,2015
Mahindra Thar LX,₹ 13.85 Lakh,"91,031 km",Petrol,Hyderabad,2021
Renault Kiger RXZ,₹ 8.18 Lakh,"11,057 km",Hybrid,Kolkata,2024
Volkswagen Taigun GT,₹ 16.21 Lakh,"13,550 km",Petrol,Pune,2024
Skoda Superb L&K,₹ 19.24 Lakh,"47,319 km",Hybrid,Ahmedabad,2024
Maruti Suzuki Baleno Alpha,₹ 6.28 Lakh,"50,919 km",Petrol,Ahmedabad,2021
Tata Harrier XZ,₹ 3.79 Lakh,"175,661 km",Petrol,Hyderabad,2014
Nissan Magnite XV,₹ 6.91 Lakh,"64,279 km",Diesel,Delhi,2022
Jeep Compass Limited,₹ 26.42 Lakh,"105,122 km",Hybrid,Chennai,2021
Audi Q5 quattro,₹ 38.43 Lakh,"23,377 km",Electric,Pune,2023
Volvo XC40 Recharge,₹ 41.40 Lakh,"61,851 km",Diesel,Lucknow,2021
Maruti Suzuki Baleno Alpha,₹ 4.44 Lakh,"124,668 km",Diesel,Kochi,2019
Mahindra XUV700 AX7,₹ 8.57 Lakh,"139,817 km",CNG,Hyderabad,2015
MG Hector Sharp,₹ 12.57 Lakh,"80,642 km",Diesel,Chennai,2021
Volkswagen Taigun GT,₹ 9.51 Lakh,"88,846 km",Petrol,Bangalore,2018
Nissan Magnite XV,₹ 5.34 Lakh,"130,302 km",Diesel,Kolkata,2016
Skoda Kushaq Style,₹ 6.61 Lakh,"135,876 km",Petrol,Pune,2013
Mahindra XUV500 W8,₹ 7.28 Lakh,"177,622 km",Petrol,Hyderabad,2015
Volkswagen Polo GT,₹ 10.36 Lakh,"81,577 km",Petrol,Mumbai,2018
Skoda Superb L&K,₹ 10.04 Lakh,"130,073 km",Diesel,Jaipur,2015
Toyota Innova Crysta GX,₹ 5.64 Lakh,"158,553 km",Petrol,Thane,2014
Volkswagen Virtus GT,₹ 14.01 Lakh,"34,180 km",Diesel,Delhi,2023
Volkswagen Polo GT,₹ 10.94 Lakh,"93,695 km",Petrol,Mysuru,2019
Renault Kwid Climber,₹ 2.19 Lakh,"169,251 km",Diesel,Bangalore,2015
Lexus ES 300h,₹ 70.57 Lakh,"3,000 km",Diesel,Lucknow,2025
Volvo XC40 Recharge,₹ 33.39 Lakh,"76,444 km",Petrol,Kolkata,2018
Lexus ES 300h,₹ 38.76 Lakh,"144,886 km",Petrol,Ahmedabad,2016
Ford Endeavour Titanium,₹ 4.96 Lakh,"209,374 km",Diesel,Kolkata,2013
Volkswagen Taigun GT,₹ 11.87 Lakh,"135,640 km",Petrol,Jaipur,2019
Tata Punch Creative,₹ 3.33 Lakh,"169,044 km",Petrol,Delhi,2013
Skoda Kushaq Style,₹ 5.36 Lakh,"190,483 km",Diesel,Lucknow,2012
Kia Seltos HTX,₹ 11.96 Lakh,"87,721 km",Diesel,Noida,2021
MG ZS EV,₹ 4.11 Lakh,"197,534 km",CNG,Pune,2012
Kia Seltos HTX,₹ 11.67 Lakh,"38,059 km",Petrol,Bangalore,2021
Volkswagen Virtus GT,₹ 11.47 Lakh,"97,046 km",Petrol,Pune,2020
Jeep Compass Limited,₹ 23.87 Lakh,"43,142 km",Diesel,Hyderabad,2021
Volvo XC60,₹ 25.21 Lakh,"139,967 km",Petrol,Kochi,2016
Tata Nexon XZ+,₹ 9.38 Lakh,"68,697 km",Petrol,Ahmedabad,2021
Kia Seltos HTX,₹ 13.87 Lakh,"32,752 km",CNG,Pune,2022
Skoda Kushaq Style,₹ 18.75 Lakh,"43,972 km",CNG,Chennai,2024
Volkswagen Polo GT,₹ 8.86 Lakh,"127,988 km",Petrol,Noida,2015
Ford EcoSport Titanium,₹ 7.85 Lakh,"126,849 km",Diesel,Ahmedabad,2017
Lexus ES 300h,₹ 66.91 Lakh,"51,840 km",Diesel,Noida,2025
Volvo XC60,₹ 40.05 Lakh,"73,426 km",Petrol,Kolkata,2021
Honda City ZX,₹ 4.60 Lakh,"147,472 km",Petrol,Bangalore,2014
MG Hector Sharp,₹ 10.83 Lakh,"71,961 km",Diesel,Mumbai,2019
Ford EcoSport Titanium,₹ 13.06 Lakh,"59,544 km",Petrol,Mysuru,2023
Honda BR-V VX,₹ 4.75 Lakh,"111,007 km",Petrol,Mumbai,2017
Skoda Slavia Style,₹ 9.26 Lakh,"157,964 km",CNG,Lucknow,2015
Lexus NX 350h,₹ 47.49 Lakh,"90,055 km",Petrol,Noida,2019
Jeep Compass Limited,₹ 24.17 Lakh,"86,379 km",Petrol,Thane,2022
Tata Altroz XZ,₹ 7.34 Lakh,"109,236 km",Diesel,Kochi,2017
Lexus NX 350h,₹ 54.49 Lakh,"90,080 km",Petrol,Jaipur,2020
Toyota Urban Cruiser,₹ 6.42 Lakh,"181,610 km",Diesel,Pune,2013
Volkswagen Polo GT,₹ 5.53 Lakh,"202,807 km",Petrol,Bangalore,2012
Toyota Glanza G,₹ 10.27 Lakh,"88,087 km",Diesel,Mumbai,2016
Jaguar F-Pace,₹ 42.71 Lakh,"100,698 km",CNG,Ahmedabad,2019
Mahindra Scorpio N Z8,₹ 7.45 Lakh,"122,874 km",Diesel,Hyderabad,2015
Tata Harrier XZ,₹ 6.57 Lakh,"108,074 km",Diesel,Kolkata,2019
Hyundai Grand i10,₹ 8.06 Lakh,"84,630 km",Diesel,Jaipur,2018
Nissan Magnite XV,₹ 7.63 Lakh,"3,000 km",Petrol,Thane,2025
Hyundai Verna SX,₹ 4.29 Lakh,"178,871 km",Petrol,Noida,2012
Mercedes-Benz C-Class C200,₹ 32.35 Lakh,"166,367 km",CNG,Mysuru,2016
Mahindra Thar LX,₹ 17.70 Lakh,"64,580 km",Electric,Jaipur,2022
Jaguar XE Prestige,₹ 33.42 Lakh,"137,116 km",Hybrid,Hyderabad,2015
Hyundai Creta SX,₹ 9.90 Lakh,"37,134 km",Diesel,Kochi,2021
Toyota Fortuner 4x2,₹ 11.80 Lakh,"132,085 km",Petrol,Noida,2018
Ford EcoSport Titanium,₹ 12.94 Lakh,"34,926 km",Diesel,Ahmedabad,2023
Volkswagen Polo GT,₹ 5.63 Lakh,"153,760 km",Diesel,Delhi,2013
Toyota Innova Crysta GX,₹ 17.34 Lakh,"31,193 km",Diesel,Chennai,2024
Volkswagen Virtus GT,₹ 12.71 Lakh,"35,175 km",Diesel,Chennai,2022
Volkswagen Taigun GT,₹ 12.48 Lakh,"58,776 km",Petrol,Ahmedabad,2022
Kia Sonet GTX,₹ 3.63 Lakh,"181,223 km",Petrol,Noida,2012
Volvo XC40 Recharge,₹ 24.44 Lakh,"145,378 km",CNG,Hyderabad,2015
Audi A4 35 TDI,₹ 35.02 Lakh,"5,818 km",Petrol,Jaipur,2023
Toyota Innova Crysta GX,₹ 16.27 Lakh,"35,083 km",CNG,Delhi,2023
BMW 3 Series 320d,₹ 42.46 Lakh,"65,072 km",Petrol,Jaipur,2020
BMW X1 sDrive,₹ 31.09 Lakh,"125,513 km",Diesel,Jaipur,2016
Nissan Magnite XV,₹ 9.21 Lakh,"54,976 km",Electric,Noida,2022
Mercedes-Benz GLA 200,₹ 48.50 Lakh,"85,426 km",Electric,Chennai,2020
Tata Altroz XZ,₹ 8.64 Lakh,"42,847 km",Petrol,Ahmedabad,2021
Jaguar XE Prestige,₹ 65.63 Lakh,"3,000 km",Electric,Chennai,2025
Honda Amaze VX,₹ 4.11 Lakh,"115,383 km",Diesel,Ahmedabad,2016
Ford EcoSport Titanium,₹ 14.05 Lakh,"35,495 km",Diesel,Ahmedabad,2025
Ford EcoSport Titanium,₹ 11.92 Lakh,"52,808 km",Petrol,Bangalore,2022
Mercedes-Benz C-Class C200,₹ 23.92 Lakh,"139,070 km",Petrol,Noida,2014
Volvo XC60,₹ 34.85 Lakh,"62,296 km",Diesel,Kolkata,2020
Mercedes-Benz C-Class C200,₹ 35.38 Lakh,"86,175 km",CNG,Mysuru,2018
Mahindra XUV500 W8,₹ 15.57 Lakh,"9,980 km",Petrol,Bangalore,2025
Renault Kiger RXZ,₹ 4.92 Lakh,"97,949 km",Petrol,Jaipur,2021
Renault Kiger RXZ,₹ 7.57 Lakh,"35,295 km",Diesel,Ahmedabad,2025
Ford Endeavour Titanium,₹ 6.67 Lakh,"117,151 km",Diesel,Thane,2015
Ford Endeavour Titanium,₹ 11.13 Lakh,"66,289 km",CNG,Jaipur,2022
Jeep Compass Limited,₹ 26.34 Lakh,"106,443 km",Electric,Kolkata,2020
Volvo XC40 Recharge,₹ 19.78 Lakh,"155,337 km",Petrol,Hyderabad,2012
Audi A4 35 TDI,₹ 32.62 Lakh,"41,351 km",Diesel,Delhi,2022
Ford EcoSport Titanium,₹ 11.72 Lakh,"75,146 km",Petrol,Kolkata,2023
Nissan Magnite XV,₹ 6.99 Lakh,"80,452 km",Petrol,Delhi,2019
Renault Kiger RXZ,₹ 6.27 Lakh,"60,753 km",Diesel,Hyderabad,2023
Lexus ES 300h,₹ 61.59 Lakh,"53,453 km",Petrol,Hyderabad,2023
Volvo XC60,₹ 29.80 Lakh,"155,511 km",Petrol,Jaipur,2016
Renault Triber RXZ,₹ 7.16 Lakh,"5,797 km",CNG,Kochi,2023
Kia Sonet GTX,₹ 3.75 Lakh,"168,494 km",CNG,Kochi,2013
Skoda Superb L&K,₹ 15.41 Lakh,"78,825 km",Diesel,Kochi,2020
Lexus NX 350h,₹ 54.29 Lakh,"93,189 km",Diesel,Thane,2020
Nissan Magnite XV,₹ 9.05 Lakh,"32,633 km",Diesel,Jaipur,2025
Skoda Superb L&K,₹ 16.99 Lakh,"64,540 km",Petrol,Mysuru,2022
Volkswagen Virtus GT,₹ 12.86 Lakh,"91,426 km",Electric,Kolkata,2018
Honda Amaze VX,₹ 7.18 Lakh,"67,890 km",Diesel,Noida,2022
Jeep Compass Limited,₹ 25.46 Lakh,"43,589 km",Petrol,Mysuru,2021
Volvo XC40 Recharge,₹ 21.01 Lakh,"138,151 km",Petrol,Bangalore,2014
BMW 3 Series 320d,₹ 37.75 Lakh,"122,416 km",Electric,Kochi,2018
Audi Q5 quattro,₹ 33.38 Lakh,"15,395 km",Petrol,Thane,2021
Honda BR-V VX,₹ 7.35 Lakh,"107,219 km",Petrol,Noida,2020
MG ZS EV,₹ 17.62 Lakh,"3,000 km",CNG,Kochi,2025
Nissan Magnite XV,₹ 1.36 Lakh,"163,850 km",Petrol,Thane,2013
Audi Q3 Premium,₹ 21.22 Lakh,"143,069 km",Petrol,Mumbai,2014
Maruti Suzuki WagonR VXi,₹ 5.10 Lakh,"54,674 km",Diesel,Lucknow,2023
MG Astor Savvy,₹ 16.34 Lakh,"32,312 km",Petrol,Bangalore,2023
Tata Nexon XZ+,₹ 4.23 Lakh,"150,596 km",Petrol,Lucknow,2015
Volvo XC40 Recharge,₹ 21.43 Lakh,"160,552 km",Electric,Pune,2012
Volkswagen Taigun GT,₹ 13.41 Lakh,"98,636 km",Petrol,Ahmedabad,2022
Hyundai Grand i10,₹ 9.33 Lakh,"124,717 km",Electric,Ahmedabad,2015
Jaguar F-Pace,₹ 24.30 Lakh,"140,214 km",Petrol,Thane,2013
Jeep Compass Limited,₹ 13.58 Lakh,"150,268 km",Diesel,Kochi,2013
Lexus NX 350h,₹ 42.56 Lakh,"138,324 km",Diesel,Pune,2017
Audi Q3 Premium,₹ 45.08 Lakh,"15,276 km",CNG,Chennai,2025
Hyundai Grand i10,₹ 11.27 Lakh,"21,388 km",Diesel,Thane,2025
Skoda Kushaq Style,₹ 15.10 Lakh,"44,020 km",Petrol,Lucknow,2022
Skoda Superb L&K,₹ 17.74 Lakh,"57,470 km",Diesel,Delhi,2023
Renault Kwid Climber,₹ 4.87 Lakh,"84,505 km",CNG,Pune,2020
Lexus NX 350h,₹ 46.33 Lakh,"124,858 km",Petrol,Kolkata,2019
Kia Seltos HTX,₹ 10.73 Lakh,"33,942 km",Diesel,Mumbai,2021
Lexus ES 300h,₹ 45.17 Lakh,"87,642 km",Diesel,Kochi,2018
Tata Altroz XZ,₹ 10.42 Lakh,"68,909 km",Electric,Kochi,2019
Audi A4 35 TDI,₹ 24.22 Lakh,"158,793 km",Electric,Kolkata,2014
Tata Altroz XZ,₹ 5.93 Lakh,"159,205 km",Diesel,Mumbai,2016
Lexus ES 300h,₹ 57.65 Lakh,"86,031 km",Hybrid,Kolkata,2022
Volvo XC40 Recharge,₹ 37.61 Lakh,"84,200 km",Hybrid,Mumbai,2019
Toyota Innova Crysta GX,₹ 14.26 Lakh,"34,012 km",Diesel,Jaipur,2023
Lexus ES 300h,₹ 44.26 Lakh,"102,142 km",Petrol,Thane,2018
Maruti Suzuki Baleno Alpha,₹ 7.77 Lakh,"59,051 km",Petrol,Mumbai,2023
Maruti Suzuki WagonR VXi,₹ 5.47 Lakh,"61,950 km",Petrol,Ahmedabad,2023
Renault Triber RXZ,₹ 5.30 Lakh,"87,658 km",Hybrid,Noida,2019
Ford Endeavour Titanium,₹ 6.15 Lakh,"149,344 km",Diesel,Hyderabad,2013
Tata Altroz XZ,₹ 5.72 Lakh,"147,536 km",Petrol,Mumbai,2015
Jeep Compass Limited,₹ 18.01 Lakh,"93,713 km",CNG,Mumbai,2018
Lexus NX 350h,₹ 55.19 Lakh,"94,186 km",Petrol,Mumbai,2021
Nissan Magnite XV,₹ 4.10 Lakh,"108,778 km",Diesel,Kolkata,2016
Skoda Slavia Style,₹ 17.18 Lakh,"22,880 km",Petrol,Lucknow,2024
Honda Jazz VX,₹ 3.10 Lakh,"161,569 km",Petrol,Kochi,2014
Lexus NX 350h,₹ 32.71 Lakh,"154,500 km",Petrol,Delhi,2015
Mercedes-Benz C-Class C200,₹ 45.03 Lakh,"69,089 km",Petrol,Lucknow,2021
Jeep Compass Limited,₹ 19.76 Lakh,"134,602 km",Petrol,Kolkata,2019
Nissan Magnite XV,₹ 9.42 Lakh,"96,028 km",Electric,Mumbai,2018
Skoda Superb L&K,₹ 9.45 Lakh,"186,764 km",Petrol,Kolkata,2015
Audi Q5 quattro,₹ 31.06 Lakh,"116,592 km",Petrol,Jaipur,2018
Skoda Slavia Style,₹ 5.77 Lakh,"162,207 km",Petrol,Delhi,2013
Tata Harrier XZ,₹ 4.96 Lakh,"151,371 km",Petrol,Lucknow,2015
Volkswagen Polo GT,₹ 5.04 Lakh,"173,791 km",Diesel,Ahmedabad,2013
Mahindra XUV500 W8,₹ 10.64 Lakh,"112,802 km",Petrol,Noida,2018
Jaguar F-Pace,₹ 44.90 Lakh,"97,854 km",Electric,Chennai,2019
Nissan Magnite XV,₹ 6.31 Lakh,"49,153 km",Diesel,Delhi,2023
Renault Kiger RXZ,₹ 4.08 Lakh,"121,322 km",Petrol,Chennai,2015
Ford EcoSport Titanium,₹ 13.69 Lakh,"28,451 km",Petrol,Chennai,2024
Jaguar F-Pace,₹ 63.64 Lakh,"37,814 km",Petrol,Mysuru,2025
BMW X1 sDrive,₹ 29.08 Lakh,"132,899 km",Electric,Pune,2014
Lexus ES 300h,₹ 67.34 Lakh,"22,030 km",Hybrid,Kochi,2024
Tata Altroz XZ,₹ 11.22 Lakh,"61,659 km",Petrol,Jaipur,2023
Honda Amaze VX,₹ 3.71 Lakh,"149,343 km",Diesel,Thane,2014
Jaguar F-Pace,₹ 41.78 Lakh,"62,726 km",Petrol,Noida,2019
Toyota Fortuner 4x2,₹ 5.91 Lakh,"220,181 km",Petrol,Hyderabad,2012
Maruti Suzuki Baleno Alpha,₹ 2.62 Lakh,"136,016 km",Petrol,Bangalore,2015
Mercedes-Benz C-Class C200,₹ 41.32 Lakh,"71,066 km",Petrol,Kochi,2020
Tata Punch Creative,₹ 7.52 Lakh,"138,266 km",Petrol,Bangalore,2017
Kia Carens Prestige,₹ 13.93 Lakh,"25,563 km",Petrol,Bangalore,2025
Toyota Glanza G,₹ 11.82 Lakh,"97,501 km",Diesel,Bangalore,2018
Tata Nexon XZ+,₹ 4.14 Lakh,"183,452 km",Petrol,Jaipur,2014
MG Hector Sharp,₹ 17.19 Lakh,"3,000 km",Diesel,Kolkata,2024
Honda BR-V VX,₹ 4.29 Lakh,"142,129 km",CNG,Kochi,2015
Audi A4 35 TDI,₹ 29.16 Lakh,"104,676 km",Electric,Kolkata,2018
Tata Harrier XZ,₹ 7.68 Lakh,"99,053 km",Diesel,Mysuru,2019
BMW 5 Series 530d,₹ 33.13 Lakh,"115,134 km",Diesel,Chennai,2016
Ford Endeavour Titanium,₹ 13.36 Lakh,"90,970 km",Electric,Pune,2019
Hyundai i20 Asta,₹ 7.00 Lakh,"141,599 km",CNG,Mysuru,2017
Renault Kwid Climber,₹ 3.93 Lakh,"101,338 km",Diesel,Jaipur,2020
Volkswagen Polo GT,₹ 5.78 Lakh,"168,430 km",Petrol,Ahmedabad,2013
Volkswagen Polo GT,₹ 11.01 Lakh,"103,432 km",Petrol,Mumbai,2020
Jeep Compass Limited,₹ 29.25 Lakh,"31,448 km",Diesel,Thane,2025
Honda Amaze VX,₹ 3.22 Lakh,"155,091 km",Petrol,Jaipur,2015
Tata Altroz XZ,₹ 12.08 Lakh,"82,644 km",Electric,Hyderabad,2020
Audi Q3 Premium,₹ 30.66 Lakh,"111,815 km",Hybrid,Mysuru,2019
Jeep Compass Limited,₹ 17.43 Lakh,"133,757 km",Diesel,Mumbai,2017
Maruti Suzuki Baleno Alpha,₹ 5.93 Lakh,"7,822 km",Petrol,Kochi,2023
MG Hector Sharp,₹ 16.34 Lakh,"72,506 km",Electric,Jaipur,2020
Renault Kwid Climber,₹ 6.85 Lakh,"38,151 km",Petrol,Kochi,2024
Mahindra XUV700 AX7,₹ 17.24 Lakh,"57,704 km",Electric,Kochi,2024
Lexus NX 350h,₹ 31.70 Lakh,"127,862 km",Diesel,Mysuru,2014
Honda Jazz VX,₹ 2.78 Lakh,"177,593 km",Diesel,Noida,2014
Maruti Suzuki Swift VXi,₹ 3.98 Lakh,"70,283 km",Petrol,Kochi,2020
BMW X1 sDrive,₹ 19.11 Lakh,"181,568 km",Petrol,Kolkata,2013
Mahindra XUV500 W8,₹ 6.07 Lakh,"137,004 km",Petrol,Jaipur,2015
Volvo XC60,₹ 45.49 Lakh,"30,342 km",Petrol,Delhi,2024
Toyota Fortuner 4x2,₹ 6.29 Lakh,"159,261 km",CNG,Pune,2012
Ford EcoSport Titanium,₹ 14.18 Lakh,"36,418 km",Petrol,Jaipur,2025
MG Hector Sharp,₹ 16.86 Lakh,"42,381 km",Diesel,Delhi,2024
Tata Harrier XZ,₹ 9.30 Lakh,"104,371 km",Diesel,Thane,2020
Jaguar XE Prestige,₹ 40.75 Lakh,"88,698 km",Petrol,Mysuru,2018
Honda BR-V VX,₹ 11.23 Lakh,"99,284 km",Electric,Ahmedabad,2020
Volkswagen Virtus GT,₹ 15.96 Lakh,"32,506 km",Petrol,Chennai,2024
Mercedes-Benz C-Class C200,₹ 39.50 Lakh,"105,749 km",Petrol,Mysuru,2018
Volvo XC40 Recharge,₹ 50.58 Lakh,"3,000 km",Petrol,Jaipur,2024
Hyundai i20 Asta,₹ 9.22 Lakh,"91,496 km",CNG,Pune,2021
Mahindra Thar LX,₹ 3.89 Lakh,"161,123 km",CNG,Bangalore,2012
MG Hector Sharp,₹ 15.03 Lakh,"51,308 km",Diesel,Thane,2024
Hyundai Creta SX,₹ 11.37 Lakh,"34,960 km",Petrol,Ahmedabad,2024
Honda Amaze VX,₹ 8.23 Lakh,"89,754 km",Petrol,Delhi,2021
Audi A4 35 TDI,₹ 39.73 Lakh,"11,689 km",CNG,Mumbai,2024
Volvo XC40 Recharge,₹ 18.08 Lakh,"186,519 km",Diesel,Bangalore,2012
Ford EcoSport Titanium,₹ 10.49 Lakh,"70,569 km",CNG,Kochi,2022
Audi A4 35 TDI,₹ 14.25 Lakh,"172,413 km",Diesel,Jaipur,2013
Hyundai Grand i10,₹ 9.82 Lakh,"50,078 km",Petrol,Kochi,2022
Kia Sonet GTX,₹ 3.72 Lakh,"211,045 km",Diesel,Kolkata,2012
BMW 5 Series 530d,₹ 50.19 Lakh,"24,954 km",Electric,Jaipur,2024
Mercedes-Benz C-Class C200,₹ 23.58 Lakh,"165,154 km",Diesel,Ahmedabad,2014
Mercedes-Benz GLA 200,₹ 22.73 Lakh,"174,541 km",Petrol,Mumbai,2012
Skoda Kushaq Style,₹ 12.25 Lakh,"95,787 km",Petrol,Kolkata,2017
Mahindra Thar LX,₹ 9.25 Lakh,"164,223 km",Hybrid,Kolkata,2015
Skoda Slavia Style,₹ 13.83 Lakh,"91,793 km",Petrol,Chennai,2019
Mercedes-Benz E-Class E220d,₹ 26.25 Lakh,"152,998 km",Diesel,Jaipur,2013
BMW X1 sDrive,₹ 53.51 Lakh,"28,854 km",Petrol,Kolkata,2025
Mercedes-Benz C-Class C200,₹ 27.07 Lakh,"165,433 km",Petrol,Pune,2013
Toyota Glanza G,₹ 14.36 Lakh,"86,372 km",Petrol,Jaipur,2021
Jaguar F-Pace,₹ 21.79 Lakh,"156,397 km",Diesel,Jaipur,2013
Volkswagen Virtus GT,₹ 16.44 Lakh,"55,207 km",Electric,Kolkata,2020
Jaguar F-Pace,₹ 50.58 Lakh,"48,504 km",Petrol,Bangalore,2021
Mercedes-Benz C-Class C200,₹ 44.57 Lakh,"65,487 km",Diesel,Kolkata,2021
Lexus ES 300h,₹ 49.67 Lakh,"75,863 km",Petrol,Mysuru,2020
Jaguar F-Pace,₹ 44.34 Lakh,"85,252 km",Diesel,Bangalore,2020
BMW 5 Series 530d,₹ 44.09 Lakh,"58,675 km",Hybrid,Delhi,2022
Honda City ZX,₹ 10.42 Lakh,"25,993 km",CNG,Lucknow,2024
Volkswagen Virtus GT,₹ 7.84 Lakh,"109,690 km",CNG,Thane,2017
Kia Carens Prestige,₹ 12.92 Lakh,"55,638 km",CNG,Hyderabad,2024
Volvo XC60,₹ 47.08 Lakh,"3,000 km",CNG,Hyderabad,2025
Nissan Magnite XV,₹ 3.91 Lakh,"164,456 km",Petrol,Pune,2016
Volvo XC60,₹ 22.54 Lakh,"164,070 km",Electric,Thane,2013
Skoda Superb L&K,₹ 11.66 Lakh,"120,909 km",Petrol,Mumbai,2017
Honda Jazz VX,₹ 11.28 Lakh,"3,000 km",Diesel,Ahmedabad,2024
BMW 5 Series 530d,₹ 17.60 Lakh,"173,903 km",Diesel,Mumbai,2012
Volkswagen Taigun GT,₹ 9.76 Lakh,"101,951 km",Petrol,Kochi,2019
BMW 5 Series 530d,₹ 39.53 Lakh,"73,900 km",Petrol,Lucknow,2021
Mahindra XUV700 AX7,₹ 11.44 Lakh,"47,851 km",Diesel,Bangalore,2021
Ford Endeavour Titanium,₹ 17.41 Lakh,"17,845 km",Hybrid,Pune,2025
Honda Jazz VX,₹ 4.65 Lakh,"151,051 km",Petrol,Bangalore,2015
Jeep Compass Limited,₹ 11.56 Lakh,"153,898 km",Petrol,Kolkata,2012
Kia Carens Prestige,₹ 11.63 Lakh,"57,941 km",Petrol,Mumbai,2022
Skoda Kushaq Style,₹ 6.97 Lakh,"154,228 km",Diesel,Hyderabad,2013
Volvo XC40 Recharge,₹ 20.86 Lakh,"131,260 km",Electric,Pune,2013
Ford Endeavour Titanium,₹ 9.84 Lakh,"64,823 km",CNG,Bangalore,2020
Ford Endeavour Titanium,₹ 12.61 Lakh,"107,280 km",Hybrid,Hyderabad,2020
Nissan Magnite XV,₹ 9.53 Lakh,"26,654 km",CNG,Delhi,2025
Honda City ZX,₹ 5.05 Lakh,"75,237 km",Petrol,Mumbai,2018
Maruti Suzuki Dzire ZXi,₹ 4.31 Lakh,"144,965 km",Petrol,Mysuru,2017
Honda Jazz VX,₹ 8.61 Lakh,"74,374 km",Petrol,Pune,2022
Skoda Superb L&K,₹ 10.76 Lakh,"131,079 km",Petrol,Kolkata,2017
Toyota Fortuner 4x2,₹ 13.39 Lakh,"54,328 km",Petrol,Jaipur,2021
Jeep Compass Limited,₹ 18.47 Lakh,"120,164 km",Diesel,Bangalore,2018
Tata Altroz XZ,₹ 4.59 Lakh,"133,253 km",Petrol,Jaipur,2016
Maruti Suzuki Brezza ZXi,₹ 1.20 Lakh,"205,565 km",Diesel,Kolkata,2014
Toyota Fortuner 4x2,₹ 10.22 Lakh,"99,395 km",Diesel,Kolkata,2017
Nissan Magnite XV,₹ 1.34 Lakh,"182,060 km",Diesel,Thane,2014
Lexus ES 300h,₹ 41.92 Lakh,"133,953 km",Electric,Kolkata,2015
Lexus ES 300h,₹ 67.26 Lakh,"3,000 km",Petrol,Ahmedabad,2025
BMW X1 sDrive,₹ 49.24 Lakh,"57,721 km",Petrol,Delhi,2025
Honda City ZX,₹ 9.78 Lakh,"18,801 km",Diesel,Ahmedabad,2023
MG Hector Sharp,₹ 16.56 Lakh,"51,419 km",Petrol,Jaipur,2023
MG ZS EV,₹ 10.14 Lakh,"100,618 km",Petrol,Mysuru,2019
MG Hector Sharp,₹ 11.83 Lakh,"112,869 km",Petrol,Thane,2018
Audi Q3 Premium,₹ 20.60 Lakh,"140,040 km",Petrol,Thane,2016
Nissan Magnite XV,₹ 4.92 Lakh,"95,024 km",Petrol,Jaipur,2018
Tata Altroz XZ,₹ 12.36 Lakh,"26,888 km",Petrol,Lucknow,2025
Maruti Suzuki WagonR VXi,₹ 5.09 Lakh,"35,874 km",Diesel,Delhi,2021
Skoda Slavia Style,₹ 8.63 Lakh,"166,608 km",Petrol,Lucknow,2014
Volkswagen Virtus GT,₹ 15.63 Lakh,"64,117 km",Electric,Ahmedabad,2021
Maruti Suzuki WagonR VXi,₹ 2.55 Lakh,"156,948 km",Petrol,Noida,2013
Honda Jazz VX,₹ 3.96 Lakh,"180,244 km",Petrol,Ahmedabad,2013
Volvo XC40 Recharge,₹ 23.61 Lakh,"167,387 km",Hybrid,Delhi,2013
Renault Triber RXZ,₹ 3.62 Lakh,"87,847 km",Petrol,Ahmedabad,2019
BMW X1 sDrive,₹ 28.56 Lakh,"155,706 km",Petrol,Ahmedabad,2016
BMW X1 sDrive,₹ 49.18 Lakh,"57,297 km",Diesel,Mumbai,2024
Lexus NX 350h,₹ 33.15 Lakh,"175,076 km",Hybrid,Mumbai,2014
Ford EcoSport Titanium,₹ 3.89 Lakh,"157,202 km",Petrol,Kolkata,2013
Jaguar XE Prestige,₹ 22.40 Lakh,"167,805 km",Petrol,Pune,2013
Nissan Magnite XV,₹ 5.92 Lakh,"103,154 km",Diesel,Thane,2017
Mahindra XUV500 W8,₹ 14.74 Lakh,"45,006 km",Petrol,Hyderabad,2023
Audi Q3 Premium,₹ 34.49 Lakh,"69,314 km",Petrol,Jaipur,2022
Honda City ZX,₹ 8.17 Lakh,"74,385 km",Petrol,Delhi,2020
Jaguar XE Prestige,₹ 51.61 Lakh,"82,261 km",Petrol,Noida,2021
Mahindra XUV500 W8,₹ 5.14 Lakh,"162,514 km",Petrol,Kochi,2013
Toyota Glanza G,₹ 10.59 Lakh,"149,821 km",Diesel,Noida,2017
Lexus ES 300h,₹ 50.38 Lakh,"95,722 km",Diesel,Ahmedabad,2020
Nissan Magnite XV,₹ 4.93 Lakh,"115,506 km",Petrol,Lucknow,2017
Audi A4 35 TDI,₹ 19.53 Lakh,"170,557 km",Hybrid,Delhi,2013
Toyota Fortuner 4x2,₹ 14.25 Lakh,"56,364 km",Diesel,Chennai,2023
Lexus NX 350h,₹ 39.65 Lakh,"122,110 km",Diesel,Chennai,2016
BMW X1 sDrive,₹ 26.46 Lakh,"148,167 km",CNG,Pune,2015
Audi A4 35 TDI,₹ 16.69 Lakh,"188,572 km",Petrol,Delhi,2012
BMW X1 sDrive,₹ 46.97 Lakh,"67,192 km",Diesel,Hyderabad,2023
BMW 5 Series 530d,₹ 49.37 Lakh,"48,566 km",Diesel,Kochi,2023
Mahindra XUV700 AX7,₹ 15.06 Lakh,"48,653 km",CNG,Lucknow,2024
Jaguar F-Pace,₹ 20.33 Lakh,"169,913 km",Petrol,Hyderabad,2012
Lexus NX 350h,₹ 31.37 Lakh,"169,459 km",Petrol,Hyderabad,2014
Hyundai Creta SX,₹ 9.80 Lakh,"121,208 km",Hybrid,Mysuru,2020
Volvo XC40 Recharge,₹ 34.30 Lakh,"74,419 km",CNG,Mumbai,2020
Audi Q5 quattro,₹ 33.39 Lakh,"84,624 km",CNG,Jaipur,2020
MG ZS EV,₹ 11.53 Lakh,"90,203 km",CNG,Thane,2018
Mercedes-Benz C-Class C200,₹ 24.91 Lakh,"186,519 km",CNG,Bangalore,2013
Volkswagen Taigun GT,₹ 11.23 Lakh,"71,944 km",Petrol,Mysuru,2021
MG Hector Sharp,₹ 6.48 Lakh,"204,028 km",Petrol,Thane,2012
Audi Q5 quattro,₹ 22.87 Lakh,"171,188 km",Diesel,Kochi,2015
Jeep Compass Limited,₹ 27.51 Lakh,"36,971 km",Petrol,Pune,2023
Ford Endeavour Titanium,₹ 11.76 Lakh,"81,699 km",Petrol,Thane,2022
Maruti Suzuki Baleno Alpha,₹ 4.32 Lakh,"97,819 km",Petrol,Bangalore,2021
BMW 3 Series 320d,₹ 20.96 Lakh,"131,815 km",Petrol,Mumbai,2014
Nissan Magnite XV,₹ 3.90 Lakh,"153,803 km",Petrol,Ahmedabad,2013
Skoda Kushaq Style,₹ 16.45 Lakh,"45,260 km",Petrol,Mumbai,2024
Jeep Compass Limited,₹ 16.75 Lakh,"127,794 km",Petrol,Ahmedabad,2016
Honda Amaze VX,₹ 5.34 Lakh,"112,395 km",Diesel,Mysuru,2016
Volvo XC40 Recharge,₹ 42.45 Lakh,"45,828 km",Diesel,Ahmedabad,2021
Jeep Compass Limited,₹ 18.23 Lakh,"128,888 km",Hybrid,Thane,2015
Volkswagen Polo GT,₹ 15.69 Lakh,"28,950 km",Diesel,Lucknow,2024
Tata Punch Creative,₹ 5.06 Lakh,"183,475 km",Diesel,Kochi,2013
Ford EcoSport Titanium,₹ 4.18 Lakh,"156,807 km",Petrol,Kochi,2013
Mercedes-Benz C-Class C200,₹ 35.71 Lakh,"130,996 km",Electric,Kochi,2017
Volvo XC40 Recharge,₹ 47.13 Lakh,"52,859 km",Petrol,Mumbai,2025
Toyota Urban Cruiser,₹ 8.27 Lakh,"138,253 km",Petrol,Jaipur,2014
Mahindra XUV700 AX7,₹ 6.51 Lakh,"141,207 km",Diesel,Mysuru,2015
Hyundai Grand i10,₹ 5.56 Lakh,"122,084 km",Petrol,Kochi,2017
MG ZS EV,₹ 8.47 Lakh,"153,148 km",Diesel,Ahmedabad,2016
Renault Kiger RXZ,₹ 3.24 Lakh,"152,939 km",Petrol,Jaipur,2016
Ford EcoSport Titanium,₹ 15.68 Lakh,"16,046 km",Hybrid,Hyderabad,2023
Audi A4 35 TDI,₹ 37.03 Lakh,"32,959 km",Petrol,Jaipur,2023
Ford EcoSport Titanium,₹ 4.26 Lakh,"170,422 km",Diesel,Delhi,2012
Hyundai i20 Asta,₹ 8.61 Lakh,"87,199 km",Diesel,Bangalore,2020
Toyota Innova Crysta GX,₹ 12.11 Lakh,"66,241 km",Diesel,Bangalore,2021
MG ZS EV,₹ 9.38 Lakh,"99,257 km",Petrol,Kolkata,2018
MG ZS EV,₹ 13.32 Lakh,"80,199 km",Petrol,Pune,2020
Jeep Compass Limited,₹ 9.78 Lakh,"170,074 km",Diesel,Kolkata,2012
Tata Nexon XZ+,₹ 8.04 Lakh,"83,211 km",Petrol,Jaipur,2019
MG Hector Sharp,₹ 10.14 Lakh,"161,333 km",Hybrid,Delhi,2014
Kia Sonet GTX,₹ 8.19 Lakh,"143,037 km",Hybrid,Noida,2014
Kia Seltos HTX,₹ 14.84 Lakh,"40,885 km",Petrol,Noida,2023
Renault Kiger RXZ,₹ 3.00 Lakh,"115,534 km",Diesel,Bangalore,2016
MG Astor Savvy,₹ 5.67 Lakh,"202,129 km",Diesel,Lucknow,2012
MG ZS EV,₹ 18.10 Lakh,"86,101 km",Electric,Ahmedabad,2022
Hyundai Verna SX,₹ 3.30 Lakh,"157,448 km",Petrol,Kochi,2014
Kia Carens Prestige,₹ 9.11 Lakh,"135,190 km",Petrol,Ahmedabad,2018
Maruti Suzuki Baleno Alpha,₹ 6.32 Lakh,"3,000 km",CNG,Pune,2025
Jaguar XE Prestige,₹ 23.47 Lakh,"185,724 km",Petrol,Delhi,2012
Jaguar F-Pace,₹ 56.89 Lakh,"34,235 km",Diesel,Thane,2023
Mahindra XUV500 W8,₹ 4.76 Lakh,"147,922 km",Petrol,Noida,2013
Nissan Magnite XV,₹ 4.43 Lakh,"148,345 km",Diesel,Ahmedabad,2014
Nissan Magnite XV,₹ 7.62 Lakh,"48,155 km",Diesel,Ahmedabad,2023
Kia Sonet GTX,₹ 10.41 Lakh,"110,749 km",Petrol,Jaipur,2018
Toyota Urban Cruiser,₹ 6.67 Lakh,"142,507 km",Diesel,Lucknow,2015
MG Astor Savvy,₹ 8.58 Lakh,"125,953 km",Petrol,Jaipur,2016
Tata Punch Creative,₹ 12.51 Lakh,"36,964 km",Petrol,Mysuru,2025
BMW 5 Series 530d,₹ 17.38 Lakh,"182,274 km",CNG,Noida,2013
BMW 5 Series 530d,₹ 31.19 Lakh,"143,614 km",Petrol,Jaipur,2016
Volvo XC60,₹ 15.97 Lakh,"170,751 km",Petrol,Hyderabad,2012
BMW 3 Series 320d,₹ 46.81 Lakh,"75,543 km",CNG,Kolkata,2023
Mahindra XUV700 AX7,₹ 9.26 Lakh,"151,914 km",Petrol,Lucknow,2016
Skoda Slavia Style,₹ 18.00 Lakh,"76,059 km",Petrol,Delhi,2023
Kia Carens Prestige,₹ 13.56 Lakh,"27,998 km",Petrol,Thane,2025
Ford EcoSport Titanium,₹ 8.25 Lakh,"182,704 km",Hybrid,Ahmedabad,2015
Toyota Innova Crysta GX,₹ 8.66 Lakh,"88,467 km",Diesel,Kochi,2017
Nissan Magnite XV,₹ 8.04 Lakh,"12,609 km",CNG,Ahmedabad,2025
Tata Harrier XZ,₹ 7.95 Lakh,"107,625 km",Petrol,Pune,2019
Skoda Superb L&K,₹ 9.53 Lakh,"117,249 km",Diesel,Ahmedabad,2016
Mercedes-Benz C-Class C200,₹ 35.35 Lakh,"132,295 km",Petrol,Ahmedabad,2016
Mercedes-Benz C-Class C200,₹ 30.54 Lakh,"168,879 km",Diesel,Pune,2015
Lexus ES 300h,₹ 40.52 Lakh,"135,037 km",Petrol,Pune,2016
Jaguar XE Prestige,₹ 46.03 Lakh,"65,582 km",Petrol,Ahmedabad,2020
Skoda Superb L&K,₹ 6.25 Lakh,"193,432 km",Diesel,Thane,2013
Skoda Slavia Style,₹ 9.07 Lakh,"128,456 km",Petrol,Noida,2016
Nissan Magnite XV,₹ 4.13 Lakh,"154,144 km",Petrol,Hyderabad,2014
Audi A4 35 TDI,₹ 44.01 Lakh,"23,413 km",Petrol,Hyderabad,2025
Tata Altroz XZ,₹ 12.54 Lakh,"54,135 km",Diesel,Bangalore,2024
Mahindra Scorpio N Z8,₹ 17.69 Lakh,"4,171 km",Diesel,Noida,2025
BMW X1 sDrive,₹ 42.59 Lakh,"81,881 km",Diesel,Chennai,2021
Volvo XC40 Recharge,₹ 41.08 Lakh,"64,196 km",Diesel,Kochi,2021
Maruti Suzuki Dzire ZXi,₹ 7.14 Lakh,"59,090 km",Diesel,Kolkata,2023
Mahindra XUV500 W8,₹ 7.39 Lakh,"133,066 km",Petrol,Kochi,2016
Toyota Fortuner 4x2,₹ 12.17 Lakh,"50,941 km",Diesel,Kochi,2021
Kia Sonet GTX,₹ 9.38 Lakh,"105,630 km",CNG,Kolkata,2020
Hyundai Creta SX,₹ 10.77 Lakh,"16,874 km",Petrol,Mumbai,2025
BMW X1 sDrive,₹ 23.17 Lakh,"128,021 km",Diesel,Noida,2015
Maruti Suzuki Swift VXi,₹ 4.83 Lakh,"141,735 km",Petrol,Mysuru,2017
Jaguar F-Pace,₹ 57.21 Lakh,"65,192 km",Diesel,Thane,2024
Jaguar F-Pace,₹ 48.01 Lakh,"94,995 km",Petrol,Pune,2021
BMW 3 Series 320d,₹ 23.13 Lakh,"159,673 km",Diesel,Kolkata,2014
Kia Sonet GTX,₹ 7.14 Lakh,"157,327 km",Petrol,Kochi,2016
Mahindra Thar LX,₹ 7.75 Lakh,"133,774 km",Petrol,Hyderabad,2017
Audi Q3 Premium,₹ 16.92 Lakh,"141,778 km",Diesel,Pune,2014
Hyundai Grand i10,₹ 7.60 Lakh,"72,929 km",Diesel,Delhi,2020
Jaguar XE Prestige,₹ 56.62 Lakh,"40,587 km",Petrol,Noida,2023
Jaguar F-Pace,₹ 58.32 Lakh,"53,502 km",Petrol,Kochi,2025
BMW 3 Series 320d,₹ 25.08 Lakh,"129,918 km",Diesel,Jaipur,2015
Lexus ES 300h,₹ 27.55 Lakh,"185,723 km",Petrol,Delhi,2012
Ford Endeavour Titanium,₹ 11.02 Lakh,"61,135 km",Diesel,Noida,2020
Kia Sonet GTX,₹ 12.96 Lakh,"64,403 km",Diesel,Kolkata,2024
Jeep Compass Limited,₹ 20.54 Lakh,"103,896 km",Petrol,Noida,2018
Audi A4 35 TDI,₹ 42.24 Lakh,"63,392 km",Diesel,Hyderabad,2023
Mahindra XUV500 W8,₹ 13.11 Lakh,"47,598 km",Diesel,Kochi,2023
Kia Seltos HTX,₹ 12.70 Lakh,"33,383 km",Petrol,Pune,2022
MG Hector Sharp,₹ 17.89 Lakh,"21,512 km",Diesel,Chennai,2025
Maruti Suzuki Dzire ZXi,₹ 7.58 Lakh,"62,228 km",Diesel,Mumbai,2024
Tata Harrier XZ,₹ 5.24 Lakh,"147,307 km",Petrol,Hyderabad,2013
Nissan Magnite XV,₹ 4.42 Lakh,"215,288 km",Electric,Kolkata,2012
Mercedes-Benz GLA 200,₹ 47.94 Lakh,"77,377 km",Hybrid,Chennai,2021
Nissan Magnite XV,₹ 6.10 Lakh,"98,340 km",Petrol,Thane,2019
Skoda Kushaq Style,₹ 7.74 Lakh,"120,276 km",Petrol,Kolkata,2015
BMW 5 Series 530d,₹ 49.84 Lakh,"17,081 km",Petrol,Jaipur,2023
Mahindra XUV700 AX7,₹ 9.70 Lakh,"93,627 km",Petrol,Thane,2019
Renault Triber RXZ,₹ 2.78 Lakh,"142,308 km",Diesel,Thane,2016
Honda Amaze VX,₹ 4.12 Lakh,"165,447 km",Hybrid,Mysuru,2012
Volvo XC40 Recharge,₹ 30.84 Lakh,"102,536 km",Diesel,Bangalore,2018
Lexus ES 300h,₹ 26.20 Lakh,"181,524 km",Petrol,Kolkata,2012
Toyota Fortuner 4x2,₹ 16.38 Lakh,"25,766 km",Diesel,Delhi,2025
Jaguar F-Pace,₹ 46.29 Lakh,"62,495 km",Diesel,Jaipur,2020
Mercedes-Benz GLA 200,₹ 21.23 Lakh,"158,806 km",Petrol,Mysuru,2012
Skoda Kushaq Style,₹ 15.31 Lakh,"54,682 km",Petrol,Kolkata,2022
Honda Jazz VX,₹ 4.94 Lakh,"109,702 km",CNG,Mumbai,2015
Volvo XC40 Recharge,₹ 40.04 Lakh,"81,635 km",Diesel,Chennai,2020
Mercedes-Benz C-Class C200,₹ 26.68 Lakh,"150,005 km",Petrol,Ahmedabad,2015
Skoda Slavia Style,₹ 7.51 Lakh,"157,649 km",Diesel,Bangalore,2014
Toyota Urban Cruiser,₹ 14.49 Lakh,"71,999 km",Petrol,Kochi,2021
Volvo XC40 Recharge,₹ 50.39 Lakh,"31,982 km",Petrol,Lucknow,2025
Ford EcoSport Titanium,₹ 9.05 Lakh,"93,406 km",Diesel,Pune,2017
Toyota Fortuner 4x2,₹ 10.66 Lakh,"121,657 km",Petrol,Delhi,2017
Volkswagen Taigun GT,₹ 7.00 Lakh,"176,259 km",Diesel,Pune,2015
Toyota Urban Cruiser,₹ 8.41 Lakh,"162,553 km",Petrol,Ahmedabad,2014
Ford Endeavour Titanium,₹ 14.49 Lakh,"20,383 km",CNG,Mysuru,2024
Audi Q3 Premium,₹ 12.78 Lakh,"192,871 km",Petrol,Kolkata,2012
Toyota Fortuner 4x2,₹ 12.98 Lakh,"65,637 km",Petrol,Bangalore,2021
Ford Endeavour Titanium,₹ 11.86 Lakh,"36,554 km",Petrol,Bangalore,2024
Skoda Superb L&K,₹ 10.69 Lakh,"126,113 km",Diesel,Mysuru,2017
Mahindra XUV700 AX7,₹ 5.50 Lakh,"139,287 km",Petrol,Delhi,2014
Volkswagen Taigun GT,₹ 13.55 Lakh,"50,868 km",Petrol,Chennai,2023
Volkswagen Taigun GT,₹ 10.30 Lakh,"95,076 km",CNG,Pune,2018
Jeep Compass Limited,₹ 21.97 Lakh,"91,606 km",Diesel,Mysuru,2020
Mahindra Thar LX,₹ 12.08 Lakh,"52,313 km",Petrol,Delhi,2022
Mercedes-Benz GLA 200,₹ 40.82 Lakh,"97,942 km",Petrol,Mumbai,2019
Toyota Urban Cruiser,₹ 14.49 Lakh,"48,884 km",Petrol,Ahmedabad,2023
Nissan Magnite XV,₹ 1.20 Lakh,"173,187 km",Petrol,Thane,2012
Jeep Compass Limited,₹ 15.06 Lakh,"138,217 km",Petrol,Kolkata,2015
Lexus NX 350h,₹ 42.31 Lakh,"115,095 km",Petrol,Mysuru,2017
MG ZS EV,₹ 20.03 Lakh,"15,301 km",Hybrid,Delhi,2025
Nissan Magnite XV,₹ 7.64 Lakh,"19,023 km",Petrol,Mysuru,2025
Maruti Suzuki Swift VXi,₹ 8.62 Lakh,"3,000 km",Diesel,Delhi,2025
Volvo XC60,₹ 49.02 Lakh,"26,318 km",Hybrid,Chennai,2025
Honda BR-V VX,₹ 3.03 Lakh,"203,010 km",Petrol,Bangalore,2013
Nissan Magnite XV,₹ 6.70 Lakh,"33,351 km",Diesel,Thane,2023
Honda Amaze VX,₹ 3.94 Lakh,"147,736 km",Petrol,Kolkata,2014
Toyota Glanza G,₹ 6.49 Lakh,"150,307 km",Petrol,Lucknow,2014
Maruti Suzuki Dzire ZXi,₹ 2.69 Lakh,"169,779 km",Petrol,Ahmedabad,2013
Audi Q5 quattro,₹ 28.00 Lakh,"129,564 km",Diesel,Lucknow,2017
BMW X1 sDrive,₹ 42.96 Lakh,"91,672 km",Petrol,Jaipur,2021
Renault Kwid Climber,₹ 4.72 Lakh,"161,266 km",Electric,Kochi,2013
BMW X1 sDrive,₹ 32.54 Lakh,"107,888 km",Petrol,Chennai,2017
BMW 3 Series 320d,₹ 51.21 Lakh,"33,717 km",CNG,Bangalore,2024
Skoda Kushaq Style,₹ 19.60 Lakh,"22,958 km",Diesel,Bangalore,2025
Skoda Slavia Style,₹ 15.41 Lakh,"80,513 km",Diesel,Hyderabad,2020
Jaguar F-Pace,₹ 23.70 Lakh,"209,193 km",Petrol,Lucknow,2012
Mahindra XUV700 AX7,₹ 16.19 Lakh,"42,669 km",Diesel,Bangalore,2025
Mercedes-Benz C-Class C200,₹ 35.01 Lakh,"145,005 km",CNG,Jaipur,2018
Renault Kiger RXZ,₹ 6.00 Lakh,"76,185 km",Petrol,Thane,2021
Skoda Slavia Style,₹ 16.39 Lakh,"62,299 km",Petrol,Bangalore,2021
Hyundai Creta SX,₹ 1.75 Lakh,"211,500 km",Petrol,Bangalore,2012
Mahindra Thar LX,₹ 5.19 Lakh,"160,639 km",Diesel,Ahmedabad,2013
Honda City ZX,₹ 1.53 Lakh,"158,803 km",Diesel,Hyderabad,2012
Audi Q5 quattro,₹ 35.52 Lakh,"23,292 km",Diesel,Hyderabad,2023
Jeep Compass Limited,₹ 17.12 Lakh,"128,352 km",Petrol,Delhi,2016
MG ZS EV,₹ 9.69 Lakh,"101,653 km",Petrol,Ahmedabad,2018
MG Hector Sharp,₹ 13.33 Lakh,"43,684 km",Petrol,Hyderabad,2022
Volvo XC60,₹ 51.44 Lakh,"4,241 km",Petrol,Pune,2025
Jaguar XE Prestige,₹ 52.38 Lakh,"63,805 km",Diesel,Ahmedabad,2022
MG Astor Savvy,₹ 5.97 Lakh,"141,741 km",Petrol,Thane,2014
Mercedes-Benz C-Class C200,₹ 52.34 Lakh,"18,533 km",Petrol,Mumbai,2024
Mahindra Scorpio N Z8,₹ 16.65 Lakh,"21,057 km",Diesel,Kolkata,2025
Hyundai Verna SX,₹ 4.45 Lakh,"160,200 km",Petrol,Kochi,2013
Audi Q5 quattro,₹ 20.56 Lakh,"152,213 km",Petrol,Mysuru,2015
Maruti Suzuki Dzire ZXi,₹ 4.67 Lakh,"161,542 km",Electric,Hyderabad,2013
BMW 5 Series 530d,₹ 22.10 Lakh,"166,511 km",Diesel,Jaipur,2013
Lexus ES 300h,₹ 37.37 Lakh,"99,841 km",Diesel,Mumbai,2016
Jeep Compass Limited,₹ 15.17 Lakh,"138,687 km",Diesel,Ahmedabad,2016
Renault Kwid Climber,₹ 3.84 Lakh,"91,471 km",Petrol,Hyderabad,2020
Toyota Glanza G,₹ 5.06 Lakh,"180,166 km",CNG,Mysuru,2012
MG ZS EV,₹ 5.80 Lakh,"216,260 km",Petrol,Bangalore,2012
Volkswagen Taigun GT,₹ 12.50 Lakh,"81,798 km",Diesel,Jaipur,2020
Lexus ES 300h,₹ 62.46 Lakh,"76,804 km",Petrol,Bangalore,2023
Mahindra Thar LX,₹ 13.84 Lakh,"52,945 km",Petrol,Chennai,2024
Maruti Suzuki Brezza ZXi,₹ 4.26 Lakh,"126,666 km",Petrol,Thane,2016
Toyota Fortuner 4x2,₹ 17.97 Lakh,"63,665 km",Hybrid,Kolkata,2024
Skoda Slavia Style,₹ 14.16 Lakh,"103,472 km",Petrol,Thane,2019
Volvo XC40 Recharge,₹ 18.81 Lakh,"158,969 km",Petrol,Mumbai,2012
Volvo XC60,₹ 43.33 Lakh,"39,205 km",CNG,Delhi,2023
Hyundai i20 Asta,₹ 5.24 Lakh,"131,505 km",Petrol,Lucknow,2017
Tata Punch Creative,₹ 5.51 Lakh,"113,343 km",Petrol,Chennai,2016
BMW 3 Series 320d,₹ 28.78 Lakh,"131,248 km",Petrol,Hyderabad,2017
BMW 3 Series 320d,₹ 37.22 Lakh,"99,827 km",Diesel,Kochi,2019
Volkswagen Taigun GT,₹ 8.76 Lakh,"156,157 km",Petrol,Ahmedabad,2017
Skoda Kushaq Style,₹ 19.76 Lakh,"37,353 km",Diesel,Jaipur,2025
Nissan Magnite XV,₹ 1.96 Lakh,"146,805 km",Petrol,Ahmedabad,2014
Honda BR-V VX,₹ 6.84 Lakh,"68,138 km",Diesel,Delhi,2021
Jeep Compass Limited,₹ 27.89 Lakh,"41,493 km",Electric,Delhi,2022
Honda Amaze VX,₹ 9.77 Lakh,"24,227 km",Petrol,Ahmedabad,2025
Audi A4 35 TDI,₹ 41.50 Lakh,"42,663 km",Diesel,Delhi,2024
Lexus ES 300h,₹ 29.29 Lakh,"168,218 km",Petrol,Pune,2013
Lexus NX 350h,₹ 51.59 Lakh,"70,674 km",Petrol,Mumbai,2021
MG Astor Savvy,₹ 14.85 Lakh,"35,926 km",Petrol,Kolkata,2023
Jeep Compass Limited,₹ 19.15 Lakh,"128,872 km",CNG,Lucknow,2018
Maruti Suzuki WagonR VXi,₹ 2.51 Lakh,"142,327 km",Petrol,Jaipur,2018
Mercedes-Benz C-Class C200,₹ 29.52 Lakh,"156,435 km",Diesel,Mumbai,2015
Jaguar F-Pace,₹ 26.14 Lakh,"163,938 km",Petrol,Delhi,2013
Audi Q5 quattro,₹ 13.71 Lakh,"179,252 km",Diesel,Delhi,2012
Honda Amaze VX,₹ 3.95 Lakh,"160,374 km",Petrol,Kolkata,2013
Maruti Suzuki WagonR VXi,₹ 3.93 Lakh,"135,913 km",Hybrid,Mumbai,2013
Lexus NX 350h,₹ 53.95 Lakh,"68,124 km",Petrol,Pune,2021
Honda Amaze VX,₹ 1.78 Lakh,"207,603 km",Petrol,Pune,2012
MG Astor Savvy,₹ 15.93 Lakh,"21,831 km",Petrol,Noida,2023
Skoda Slavia Style,₹ 9.98 Lakh,"119,925 km",Hybrid,Pune,2014
Maruti Suzuki Baleno Alpha,₹ 3.34 Lakh,"116,680 km",Diesel,Pune,2019
Honda City ZX,₹ 6.90 Lakh,"62,201 km",Diesel,Thane,2021
Mercedes-Benz GLA 200,₹ 24.97 Lakh,"146,633 km",Petrol,Thane,2013
Renault Kiger RXZ,₹ 6.85 Lakh,"48,471 km",Diesel,Noida,2023
Nissan Magnite XV,₹ 4.81 Lakh,"95,088 km",Petrol,Pune,2019
MG ZS EV,₹ 14.91 Lakh,"18,530 km",Petrol,Lucknow,2024
Toyota Fortuner 4x2,₹ 10.02 Lakh,"125,031 km",Diesel,Bangalore,2018
Jaguar F-Pace,₹ 55.03 Lakh,"67,050 km",Diesel,Chennai,2022
Nissan Magnite XV,₹ 1.20 Lakh,"199,315 km",Diesel,Ahmedabad,2012
Volvo XC60,₹ 29.38 Lakh,"106,675 km",Petrol,Mumbai,2018
Hyundai Verna SX,₹ 11.50 Lakh,"36,175 km",Petrol,Ahmedabad,2024
Kia Seltos HTX,₹ 14.09 Lakh,"62,888 km",Diesel,Chennai,2022
Kia Seltos HTX,₹ 14.30 Lakh,"27,136 km",Diesel,Delhi,2025
Jeep Compass Limited,₹ 19.61 Lakh,"84,075 km",CNG,Delhi,2018
Lexus NX 350h,₹ 50.16 Lakh,"66,770 km",Petrol,Kolkata,2020
Toyota Glanza G,₹ 11.98 Lakh,"66,893 km",Petrol,Thane,2021
Maruti Suzuki WagonR VXi,₹ 4.52 Lakh,"132,391 km",Petrol,Lucknow,2017
MG Astor Savvy,₹ 11.13 Lakh,"72,221 km",Petrol,Delhi,2020
Volkswagen Virtus GT,₹ 6.87 Lakh,"124,676 km",Petrol,Jaipur,2016
Tata Punch Creative,₹ 6.96 Lakh,"121,709 km",Diesel,Mumbai,2016
Audi A4 35 TDI,₹ 16.60 Lakh,"170,646 km",Diesel,Delhi,2012
Hyundai Creta SX,₹ 4.09 Lakh,"130,960 km",Petrol,Ahmedabad,2015
Volvo XC40 Recharge,₹ 44.33 Lakh,"36,412 km",Diesel,Kochi,2023
Skoda Kushaq Style,₹ 12.68 Lakh,"61,738 km",Diesel,Kochi,2019
Mercedes-Benz E-Class E220d,₹ 23.33 Lakh,"178,517 km",Diesel,Mumbai,2012
Mercedes-Benz E-Class E220d,₹ 50.19 Lakh,"39,884 km",Petrol,Lucknow,2023
Kia Sonet GTX,₹ 10.53 Lakh,"107,219 km",Petrol,Kolkata,2021
Honda Jazz VX,₹ 6.99 Lakh,"86,466 km",Petrol,Ahmedabad,2020
Volvo XC60,₹ 46.35 Lakh,"60,124 km",Diesel,Bangalore,2023
Skoda Kushaq Style,₹ 20.01 Lakh,"38,259 km",Hybrid,Noida,2025
Lexus ES 300h,₹ 67.30 Lakh,"30,545 km",Petrol,Bangalore,2025
Nissan Magnite XV,₹ 2.84 Lakh,"156,930 km",Petrol,Kochi,2015
Jaguar XE Prestige,₹ 36.01 Lakh,"123,994 km",Diesel,Chennai,2016
Honda City ZX,₹ 10.18 Lakh,"42,053 km",Petrol,Kochi,2022
Maruti Suzuki Swift VXi,₹ 4.06 Lakh,"71,455 km",Petrol,Delhi,2020
Hyundai Venue SX,₹ 2.45 Lakh,"176,233 km",Diesel,Noida,2012
Mercedes-Benz GLA 200,₹ 47.69 Lakh,"95,102 km",CNG,Kolkata,2021
Maruti Suzuki Baleno Alpha,₹ 5.95 Lakh,"126,177 km",Diesel,Pune,2019
Kia Carens Prestige,₹ 14.12 Lakh,"20,625 km",Diesel,Ahmedabad,2024
Renault Kwid Climber,₹ 4.90 Lakh,"97,723 km",Petrol,Delhi,2016
Lexus NX 350h,₹ 35.95 Lakh,"167,728 km",Electric,Mysuru,2014
Lexus ES 300h,₹ 65.25 Lakh,"38,210 km",Diesel,Mysuru,2023
Honda BR-V VX,₹ 11.33 Lakh,"20,464 km",Diesel,Kolkata,2025
Volvo XC40 Recharge,₹ 20.65 Lakh,"156,484 km",Petrol,Noida,2012
Skoda Slavia Style,₹ 10.35 Lakh,"132,978 km",Petrol,Ahmedabad,2016
Kia Seltos HTX,₹ 15.20 Lakh,"117,707 km",Electric,Lucknow,2020
Ford Endeavour Titanium,₹ 5.55 Lakh,"140,577 km",Petrol,Hyderabad,2015
Maruti Suzuki Dzire ZXi,₹ 6.68 Lakh,"73,666 km",Petrol,Delhi,2020
Honda Amaze VX,₹ 4.68 Lakh,"138,695 km",Petrol,Pune,2016
Nissan Magnite XV,₹ 3.78 Lakh,"136,413 km",Diesel,Kochi,2013
Audi A4 35 TDI,₹ 18.49 Lakh,"197,606 km",Diesel,Hyderabad,2014
Tata Harrier XZ,₹ 10.67 Lakh,"52,071 km",Petrol,Hyderabad,2025
Toyota Urban Cruiser,₹ 16.12 Lakh,"91,743 km",Electric,Jaipur,2021
Mahindra Thar LX,₹ 14.63 Lakh,"70,178 km",Petrol,Mysuru,2023
Audi A4 35 TDI,₹ 12.99 Lakh,"181,115 km",CNG,Mysuru,2012
Renault Triber RXZ,₹ 6.26 Lakh,"95,732 km",Hybrid,Thane,2017
Lexus ES 300h,₹ 35.76 Lakh,"139,622 km",Petrol,Thane,2016
Audi Q3 Premium,₹ 11.36 Lakh,"189,003 km",Petrol,Chennai,2012
Toyota Urban Cruiser,₹ 8.77 Lakh,"148,815 km",Petrol,Lucknow,2015
Mercedes-Benz GLA 200,₹ 39.35 Lakh,"85,789 km",Petrol,Hyderabad,2019
Ford Endeavour Titanium,₹ 7.47 Lakh,"124,189 km",Petrol,Jaipur,2018
Volvo XC40 Recharge,₹ 35.68 Lakh,"111,006 km",Petrol,Kochi,2019
Toyota Urban Cruiser,₹ 10.57 Lakh,"127,917 km",Diesel,Noida,2017
Tata Nexon XZ+,₹ 9.93 Lakh,"27,083 km",CNG,Noida,2024
Jeep Compass Limited,₹ 24.58 Lakh,"80,089 km",Petrol,Pune,2021
Tata Punch Creative,₹ 3.19 Lakh,"169,440 km",Diesel,Kolkata,2014
Skoda Superb L&K,₹ 10.85 Lakh,"136,839 km",CNG,Thane,2016
Kia Carens Prestige,₹ 7.98 Lakh,"111,939 km",Diesel,Hyderabad,2017
Skoda Slavia Style,₹ 4.97 Lakh,"170,230 km",CNG,Thane,2012
Skoda Slavia Style,₹ 19.05 Lakh,"44,393 km",Petrol,Bangalore,2025
Skoda Superb L&K,₹ 18.14 Lakh,"24,104 km",Electric,Pune,2021
Kia Sonet GTX,₹ 10.05 Lakh,"102,303 km",Diesel,Delhi,2018
Kia Sonet GTX,₹ 14.74 Lakh,"66,462 km",Petrol,Kolkata,2023
Jaguar XE Prestige,₹ 52.33 Lakh,"46,251 km",Petrol,Mumbai,2022
Hyundai i20 Asta,₹ 2.88 Lakh,"170,624 km",CNG,Mumbai,2014
Kia Sonet GTX,₹ 11.92 Lakh,"96,516 km",CNG,Mysuru,2020
Jaguar F-Pace,₹ 48.04 Lakh,"90,533 km",Petrol,Kolkata,2021
Maruti Suzuki WagonR VXi,₹ 2.87 Lakh,"146,822 km",Diesel,Lucknow,2015
Volkswagen Polo GT,₹ 8.58 Lakh,"101,502 km",Diesel,Jaipur,2018
MG Hector Sharp,₹ 12.10 Lakh,"107,882 km",Petrol,Hyderabad,2018
Audi Q5 quattro,₹ 27.62 Lakh,"127,430 km",Petrol,Jaipur,2017
Nissan Magnite XV,₹ 8.90 Lakh,"21,737 km",Diesel,Mumbai,2025
Jaguar XE Prestige,₹ 34.98 Lakh,"131,878 km",Petrol,Ahmedabad,2016
Mercedes-Benz E-Class E220d,₹ 43.61 Lakh,"70,961 km",Petrol,Kolkata,2021
Volvo XC40 Recharge,₹ 20.75 Lakh,"161,855 km",Diesel,Noida,2013
Tata Nexon XZ+,₹ 10.44 Lakh,"54,799 km",Petrol,Thane,2021
Volvo XC60,₹ 29.95 Lakh,"116,286 km",Petrol,Jaipur,2018
Lexus ES 300h,₹ 50.94 Lakh,"65,775 km",Petrol,Mysuru,2020
BMW X1 sDrive,₹ 29.56 Lakh,"129,618 km",CNG,Bangalore,2016
Jaguar F-Pace,₹ 52.42 Lakh,"31,390 km",Diesel,Lucknow,2022
Jaguar F-Pace,₹ 29.31 Lakh,"170,719 km",CNG,Bangalore,2014
Volvo XC40 Recharge,₹ 41.39 Lakh,"79,381 km",Diesel,Jaipur,2021
Jeep Compass Limited,₹ 29.38 Lakh,"48,260 km",CNG,Ahmedabad,2025
Ford Endeavour Titanium,₹ 11.93 Lakh,"75,675 km",Petrol,Ahmedabad,2023
Lexus ES 300h,₹ 34.00 Lakh,"162,910 km",Petrol,Kochi,2015
Jeep Compass Limited,₹ 23.39 Lakh,"88,288 km",Diesel,Thane,2021
Tata Punch Creative,₹ 9.50 Lakh,"126,274 km",Electric,Lucknow,2017
Maruti Suzuki Brezza ZXi,₹ 6.11 Lakh,"189,368 km",Hybrid,Mysuru,2016
Jaguar XE Prestige,₹ 56.94 Lakh,"46,281 km",CNG,Delhi,2023
Jaguar F-Pace,₹ 59.36 Lakh,"27,474 km",Petrol,Ahmedabad,2025
Skoda Kushaq Style,₹ 11.59 Lakh,"107,958 km",Diesel,Pune,2017
Mercedes-Benz GLA 200,₹ 56.72 Lakh,"54,269 km",Hybrid,Hyderabad,2024
BMW X1 sDrive,₹ 28.21 Lakh,"138,222 km",Petrol,Lucknow,2015
Maruti Suzuki Dzire ZXi,₹ 9.30 Lakh,"40,014 km",Electric,Bangalore,2024
Jeep Compass Limited,₹ 13.39 Lakh,"150,788 km",Petrol,Chennai,2014
Volkswagen Polo GT,₹ 10.68 Lakh,"95,970 km",Petrol,Pune,2017
Jeep Compass Limited,₹ 24.59 Lakh,"54,228 km",Petrol,Pune,2021
Jeep Compass Limited,₹ 29.74 Lakh,"37,650 km",Petrol,Hyderabad,2025
Nissan Magnite XV,₹ 1.63 Lakh,"147,514 km",CNG,Delhi,2015
Kia Carens Prestige,₹ 12.03 Lakh,"61,020 km",Petrol,Bangalore,2020
Kia Seltos HTX,₹ 11.34 Lakh,"103,734 km",Petrol,Chennai,2019
Volvo XC60,₹ 48.13 Lakh,"44,840 km",Diesel,Delhi,2025
Audi Q3 Premium,₹ 30.77 Lakh,"73,382 km",Petrol,Mysuru,2021
Jaguar XE Prestige,₹ 26.70 Lakh,"135,040 km",Diesel,Mysuru,2013
Renault Kwid Climber,₹ 9.12 Lakh,"37,015 km",Hybrid,Pune,2025
Honda City ZX,₹ 8.09 Lakh,"47,218 km",Diesel,Bangalore,2021
MG ZS EV,₹ 12.24 Lakh,"108,247 km",Electric,Kochi,2018
Honda BR-V VX,₹ 6.29 Lakh,"104,684 km",Petrol,Kochi,2019
Lexus NX 350h,₹ 57.24 Lakh,"83,730 km",Hybrid,Chennai,2021
Hyundai Creta SX,₹ 11.97 Lakh,"64,977 km",Hybrid,Pune,2022
Skoda Slavia Style,₹ 8.76 Lakh,"126,121 km",Petrol,Chennai,2016
Audi Q3 Premium,₹ 19.94 Lakh,"160,778 km",Petrol,Kolkata,2013
Skoda Superb L&K,₹ 5.80 Lakh,"140,108 km",Petrol,Jaipur,2013
Hyundai Creta SX,₹ 11.50 Lakh,"68,495 km",Hybrid,Mysuru,2022
Mercedes-Benz E-Class E220d,₹ 52.90 Lakh,"55,374 km",Diesel,Chennai,2024
Nissan Magnite XV,₹ 6.12 Lakh,"155,376 km",Hybrid,Mumbai,2016
Skoda Kushaq Style,₹ 12.82 Lakh,"81,378 km",Petrol,Jaipur,2019
Ford Endeavour Titanium,₹ 14.37 Lakh,"7,713 km",Petrol,Kolkata,2025
Skoda Kushaq Style,₹ 17.78 Lakh,"30,028 km",Petrol,Lucknow,2023
BMW 3 Series 320d,₹ 39.80 Lakh,"61,312 km",CNG,Kochi,2021
Mercedes-Benz GLA 200,₹ 41.69 Lakh,"99,642 km",Diesel,Noida,2018
Volkswagen Virtus GT,₹ 9.85 Lakh,"114,596 km",Petrol,Mysuru,2016
MG Hector Sharp,₹ 15.01 Lakh,"39,601 km",Diesel,Delhi,2023
MG ZS EV,₹ 17.75 Lakh,"41,786 km",Petrol,Mysuru,2025
Maruti Suzuki Baleno Alpha,₹ 2.69 Lakh,"156,425 km",Petrol,Pune,2014
BMW X1 sDrive,₹ 43.37 Lakh,"85,092 km",Petrol,Kochi,2020
Volvo XC60,₹ 30.43 Lakh,"114,453 km",Petrol,Kolkata,2018
Audi Q5 quattro,₹ 24.30 Lakh,"148,660 km",CNG,Hyderabad,2015
BMW 3 Series 320d,₹ 37.86 Lakh,"69,183 km",Petrol,Lucknow,2019
Volvo XC40 Recharge,₹ 23.57 Lakh,"150,055 km",Petrol,Chennai,2015
Volvo XC40 Recharge,₹ 43.17 Lakh,"59,942 km",Petrol,Jaipur,2023
BMW X1 sDrive,₹ 20.59 Lakh,"155,703 km",Petrol,Kochi,2013
Tata Altroz XZ,₹ 10.87 Lakh,"78,124 km",Petrol,Noida,2022
Honda City ZX,₹ 9.51 Lakh,"56,834 km",Petrol,Ahmedabad,2023
Volvo XC60,₹ 29.52 Lakh,"98,745 km",Petrol,Hyderabad,2017
Mercedes-Benz E-Class E220d,₹ 24.82 Lakh,"157,102 km",Diesel,Delhi,2014
Volkswagen Polo GT,₹ 13.02 Lakh,"47,778 km",Petrol,Mumbai,2023
Mahindra Thar LX,₹ 8.54 Lakh,"102,855 km",Petrol,Bangalore,2017
Honda BR-V VX,₹ 8.97 Lakh,"35,450 km",Petrol,Chennai,2025
Maruti Suzuki Dzire ZXi,₹ 1.79 Lakh,"137,903 km",Petrol,Chennai,2015
Mahindra Scorpio N Z8,₹ 13.03 Lakh,"67,485 km",Diesel,Mumbai,2023
Nissan Magnite XV,₹ 7.05 Lakh,"62,782 km",Petrol,Delhi,2020
Mercedes-Benz GLA 200,₹ 31.23 Lakh,"109,147 km",Diesel,Hyderabad,2017
Volkswagen Polo GT,₹ 11.07 Lakh,"92,287 km",Diesel,Kochi,2018
Hyundai i20 Asta,₹ 7.50 Lakh,"54,611 km",Petrol,Mysuru,2021
Ford EcoSport Titanium,₹ 6.35 Lakh,"127,171 km",Petrol,Delhi,2016
Toyota Fortuner 4x2,₹ 12.01 Lakh,"77,312 km",Diesel,Lucknow,2020
Audi A4 35 TDI,₹ 17.37 Lakh,"187,206 km",Diesel,Kolkata,2013
Volkswagen Polo GT,₹ 6.09 Lakh,"137,456 km",Petrol,Chennai,2014
BMW 5 Series 530d,₹ 53.02 Lakh,"27,886 km",Diesel,Hyderabad,2025
Audi Q3 Premium,₹ 19.75 Lakh,"118,705 km",Petrol,Noida,2015
Hyundai Venue SX,₹ 2.62 Lakh,"172,691 km",Petrol,Hyderabad,2013
Mercedes-Benz GLA 200,₹ 31.20 Lakh,"118,148 km",Petrol,Pune,2016
Volkswagen Taigun GT,₹ 9.47 Lakh,"149,906 km",Hybrid,Delhi,2014
MG Hector Sharp,₹ 15.21 Lakh,"100,403 km",Electric,Ahmedabad,2019
Skoda Slavia Style,₹ 13.91 Lakh,"106,526 km",Diesel,Mumbai,2019
Honda BR-V VX,₹ 10.56 Lakh,"107,595 km",Electric,Chennai,2018
Jeep Compass Limited,₹ 10.31 Lakh,"176,255 km",Diesel,Lucknow,2012
Kia Carens Prestige,₹ 17.75 Lakh,"37,528 km",Hybrid,Kochi,2025
Ford Endeavour Titanium,₹ 6.46 Lakh,"139,455 km",Petrol,Ahmedabad,2016
Lexus ES 300h,₹ 69.13 Lakh,"24,460 km",CNG,Mysuru,2025
Tata Nexon XZ+,₹ 11.05 Lakh,"41,350 km",Petrol,Kolkata,2023
Jeep Compass Limited,₹ 16.92 Lakh,"103,753 km",Petrol,Lucknow,2017
Nissan Magnite XV,₹ 3.92 Lakh,"91,282 km",CNG,Hyderabad,2019
Ford EcoSport Titanium,₹ 9.41 Lakh,"65,361 km",Diesel,Mumbai,2019
BMW 5 Series 530d,₹ 42.94 Lakh,"102,279 km",Diesel,Noida,2021
Lexus ES 300h,₹ 60.12 Lakh,"83,431 km",Petrol,Mysuru,2022
Honda Jazz VX,₹ 5.33 Lakh,"149,829 km",Petrol,Ahmedabad,2014
Jaguar XE Prestige,₹ 63.36 Lakh,"30,888 km",Petrol,Chennai,2024
Jeep Compass Limited,₹ 14.66 Lakh,"138,870 km",Diesel,Hyderabad,2014
Mercedes-Benz C-Class C200,₹ 22.90 Lakh,"197,023 km",CNG,Noida,2012
Jeep Compass Limited,₹ 15.76 Lakh,"153,690 km",Petrol,Mumbai,2015
Mercedes-Benz C-Class C200,₹ 44.14 Lakh,"69,230 km",Hybrid,Kolkata,2019
Volkswagen Virtus GT,₹ 6.33 Lakh,"180,958 km",Diesel,Kochi,2014
Lexus NX 350h,₹ 47.13 Lakh,"83,817 km",Petrol,Hyderabad,2018
Ford Endeavour Titanium,₹ 12.64 Lakh,"41,173 km",CNG,Thane,2023
Hyundai Verna SX,₹ 3.49 Lakh,"141,428 km",Diesel,Kochi,2013
Volvo XC60,₹ 36.45 Lakh,"130,076 km",Hybrid,Lucknow,2019
Mercedes-Benz GLA 200,₹ 48.65 Lakh,"66,738 km",Petrol,Chennai,2023
MG Astor Savvy,₹ 6.89 Lakh,"162,056 km",Petrol,Mumbai,2015
MG Astor Savvy,₹ 9.76 Lakh,"148,904 km",Petrol,Kolkata,2016
Jeep Compass Limited,₹ 29.14 Lakh,"32,358 km",Petrol,Bangalore,2024
Mercedes-Benz E-Class E220d,₹ 36.65 Lakh,"119,576 km",Diesel,Mysuru,2018
MG ZS EV,₹ 14.95 Lakh,"70,104 km",Diesel,Bangalore,2023
Honda City ZX,₹ 5.07 Lakh,"84,662 km",Diesel,Pune,2018
Jeep Compass Limited,₹ 24.66 Lakh,"70,816 km",Petrol,Jaipur,2021
Volvo XC60,₹ 37.29 Lakh,"58,857 km",Petrol,Jaipur,2021
BMW X1 sDrive,₹ 50.80 Lakh,"26,558 km",Petrol,Chennai,2024
Toyota Glanza G,₹ 4.86 Lakh,"192,320 km",Petrol,Bangalore,2012
Volvo XC60,₹ 48.21 Lakh,"46,493 km",Petrol,Delhi,2024
Toyota Urban Cruiser,₹ 7.09 Lakh,"151,376 km",Diesel,Pune,2014
BMW 3 Series 320d,₹ 42.07 Lakh,"59,713 km",Petrol,Thane,2022
Volkswagen Taigun GT,₹ 10.91 Lakh,"127,830 km",Electric,Lucknow,2014
MG Astor Savvy,₹ 8.90 Lakh,"138,962 km",Diesel,Pune,2015
Toyota Glanza G,₹ 12.62 Lakh,"131,312 km",Electric,Mysuru,2016
Mercedes-Benz E-Class E220d,₹ 36.54 Lakh,"133,321 km",Petrol,Ahmedabad,2017
Jaguar F-Pace,₹ 41.59 Lakh,"74,883 km",Petrol,Bangalore,2018
Toyota Innova Crysta GX,₹ 8.36 Lakh,"151,247 km",Petrol,Pune,2017
Mahindra XUV500 W8,₹ 9.42 Lakh,"119,793 km",Petrol,Kochi,2017
Jeep Compass Limited,₹ 22.38 Lakh,"91,367 km",Electric,Chennai,2017
BMW 5 Series 530d,₹ 21.50 Lakh,"193,198 km",Petrol,Delhi,2013
Volvo XC60,₹ 33.51 Lakh,"116,163 km",Petrol,Ahmedabad,2017
Lexus ES 300h,₹ 37.38 Lakh,"129,891 km",Petrol,Thane,2015
MG ZS EV,₹ 4.22 Lakh,"173,542 km",Petrol,Ahmedabad,2012
Honda Jazz VX,₹ 1.36 Lakh,"176,515 km",Petrol,Kochi,2012
Lexus ES 300h,₹ 32.94 Lakh,"151,418 km",Petrol,Chennai,2015
Tata Nexon XZ+,₹ 11.94 Lakh,"3,000 km",Diesel,Mysuru,2024
Skoda Kushaq Style,₹ 4.63 Lakh,"182,780 km",Petrol,Jaipur,2012
BMW 5 Series 530d,₹ 37.24 Lakh,"85,983 km",Diesel,Mumbai,2019
Toyota Innova Crysta GX,₹ 10.30 Lakh,"121,697 km",Diesel,Hyderabad,2019
Mahindra XUV500 W8,₹ 6.73 Lakh,"174,673 km",Petrol,Lucknow,2014
Jaguar F-Pace,₹ 53.49 Lakh,"56,010 km",Petrol,Noida,2023
Audi Q3 Premium,₹ 41.12 Lakh,"39,420 km",Electric,Mumbai,2024
Volvo XC40 Recharge,₹ 30.13 Lakh,"152,964 km",CNG,Lucknow,2017
Nissan Magnite XV,₹ 7.59 Lakh,"56,730 km",Petrol,Kolkata,2023
Volkswagen Virtus GT,₹ 11.49 Lakh,"118,356 km",Diesel,Chennai,2019
MG ZS EV,₹ 8.20 Lakh,"164,843 km",Petrol,Pune,2014
Mercedes-Benz E-Class E220d,₹ 39.09 Lakh,"103,783 km",Diesel,Hyderabad,2019
Jaguar XE Prestige,₹ 51.58 Lakh,"40,416 km",Petrol,Mumbai,2022
MG ZS EV,₹ 15.77 Lakh,"32,582 km",Petrol,Kochi,2024
Mercedes-Benz GLA 200,₹ 31.52 Lakh,"115,935 km",Petrol,Chennai,2017
Jeep Compass Limited,₹ 28.46 Lakh,"3,000 km",Diesel,Kolkata,2023
Jaguar F-Pace,₹ 27.40 Lakh,"135,904 km",Diesel,Kolkata,2014
Volkswagen Virtus GT,₹ 16.88 Lakh,"50,323 km",Petrol,Thane,2025
Honda City ZX,₹ 3.11 Lakh,"177,476 km",Diesel,Hyderabad,2012
Volvo XC40 Recharge,₹ 30.25 Lakh,"105,199 km",Diesel,Mumbai,2018
Lexus ES 300h,₹ 39.53 Lakh,"122,642 km",Diesel,Lucknow,2016
MG Hector Sharp,₹ 6.96 Lakh,"180,715 km",Diesel,Hyderabad,2015
MG Astor Savvy,₹ 8.92 Lakh,"156,609 km",Petrol,Lucknow,2015
Tata Harrier XZ,₹ 10.50 Lakh,"40,703 km",CNG,Ahmedabad,2023
Ford EcoSport Titanium,₹ 13.19 Lakh,"37,690 km",Diesel,Lucknow,2022
Kia Carens Prestige,₹ 7.90 Lakh,"109,553 km",CNG,Pune,2018
Honda Amaze VX,₹ 7.64 Lakh,"49,881 km",Petrol,Mysuru,2023
Kia Seltos HTX,₹ 11.60 Lakh,"34,288 km",Diesel,Mysuru,2022
Jeep Compass Limited,₹ 25.84 Lakh,"64,325 km",Electric,Pune,2021
Lexus ES 300h,₹ 51.92 Lakh,"113,683 km",Petrol,Mysuru,2020
Nissan Magnite XV,₹ 7.34 Lakh,"36,988 km",Diesel,Mysuru,2024
Nissan Magnite XV,₹ 9.71 Lakh,"35,160 km",Petrol,Noida,2025
Lexus ES 300h,₹ 39.57 Lakh,"119,349 km",Diesel,Delhi,2017
Ford EcoSport Titanium,₹ 6.88 Lakh,"82,907 km",CNG,Noida,2016
BMW 3 Series 320d,₹ 28.85 Lakh,"126,065 km",Diesel,Chennai,2016
Toyota Urban Cruiser,₹ 4.85 Lakh,"156,832 km",Diesel,Thane,2012
Audi Q5 quattro,₹ 32.96 Lakh,"77,352 km",Diesel,Hyderabad,2019
Nissan Magnite XV,₹ 2.37 Lakh,"166,621 km",Diesel,Mysuru,2014
Mahindra Scorpio N Z8,₹ 9.94 Lakh,"105,175 km",Petrol,Kolkata,2018
Kia Sonet GTX,₹ 10.65 Lakh,"98,728 km",Diesel,Chennai,2020
Volkswagen Virtus GT,₹ 13.89 Lakh,"81,782 km",Hybrid,Jaipur,2019
Kia Carens Prestige,₹ 13.91 Lakh,"6,469 km",Petrol,Mumbai,2025
Renault Kiger RXZ,₹ 3.55 Lakh,"146,885 km",Petrol,Delhi,2016
Jeep Compass Limited,₹ 17.84 Lakh,"121,858 km",Hybrid,Chennai,2016
Volvo XC60,₹ 16.21 Lakh,"183,564 km",Diesel,Jaipur,2012
Hyundai i20 Asta,₹ 9.10 Lakh,"27,792 km",Petrol,Mumbai,2020
Lexus NX 350h,₹ 45.95 Lakh,"99,095 km",Petrol,Kochi,2017
Jaguar XE Prestige,₹ 49.99 Lakh,"111,529 km",Electric,Hyderabad,2019
Volkswagen Polo GT,₹ 15.99 Lakh,"23,102 km",Petrol,Pune,2025
Nissan Magnite XV,₹ 6.31 Lakh,"96,488 km",Petrol,Jaipur,2020
Maruti Suzuki Dzire ZXi,₹ 10.34 Lakh,"26,532 km",Electric,Ahmedabad,2025
Nissan Magnite XV,₹ 9.38 Lakh,"9,375 km",Diesel,Delhi,2024
Skoda Slavia Style,₹ 14.07 Lakh,"65,914 km",Diesel,Mumbai,2020
Skoda Slavia Style,₹ 9.13 Lakh,"158,006 km",Diesel,Ahmedabad,2015
Honda Jazz VX,₹ 10.11 Lakh,"54,553 km",Petrol,Kochi,2023
Honda Jazz VX,₹ 7.48 Lakh,"150,520 km",Electric,Kolkata,2014
Ford Endeavour Titanium,₹ 7.85 Lakh,"132,557 km",Petrol,Mumbai,2017
Toyota Innova Crysta GX,₹ 6.64 Lakh,"165,548 km",Diesel,Mumbai,2014
Skoda Kushaq Style,₹ 5.36 Lakh,"193,457 km",Petrol,Jaipur,2012
Volkswagen Polo GT,₹ 15.11 Lakh,"54,176 km",Hybrid,Pune,2023
BMW X1 sDrive,₹ 20.48 Lakh,"155,357 km",CNG,Delhi,2013
Skoda Superb L&K,₹ 15.61 Lakh,"56,656 km",Petrol,Delhi,2022
Jeep Compass Limited,₹ 9.33 Lakh,"175,991 km",Petrol,Pune,2012
Lexus NX 350h,₹ 39.33 Lakh,"104,761 km",Petrol,Ahmedabad,2017
Nissan Magnite XV,₹ 3.25 Lakh,"120,954 km",CNG,Kochi,2017
Skoda Superb L&K,₹ 17.68 Lakh,"27,622 km",Diesel,Chennai,2022
MG Astor Savvy,₹ 12.07 Lakh,"51,216 km",Petrol,Delhi,2021
Maruti Suzuki Brezza ZXi,₹ 6.91 Lakh,"100,665 km",Electric,Noida,2019
Skoda Superb L&K,₹ 11.30 Lakh,"98,750 km",Petrol,Kolkata,2018
Jeep Compass Limited,₹ 11.47 Lakh,"168,500 km",Diesel,Chennai,2012
Tata Harrier XZ,₹ 4.07 Lakh,"141,271 km",Diesel,Jaipur,2015
Toyota Urban Cruiser,₹ 5.76 Lakh,"182,995 km",Diesel,Bangalore,2012
Jeep Compass Limited,₹ 14.47 Lakh,"158,886 km",Petrol,Jaipur,2014
Jeep Compass Limited,₹ 22.98 Lakh,"64,140 km",Petrol,Mysuru,2020
Jaguar F-Pace,₹ 42.29 Lakh,"76,306 km",Diesel,Jaipur,2019
Volkswagen Virtus GT,₹ 8.94 Lakh,"127,614 km",Diesel,Hyderabad,2016
Kia Carens Prestige,₹ 11.56 Lakh,"66,786 km",Diesel,Kolkata,2022
Ford EcoSport Titanium,₹ 12.81 Lakh,"47,341 km",Petrol,Mysuru,2022
Jeep Compass Limited,₹ 11.33 Lakh,"156,233 km",Diesel,Mumbai,2013
Nissan Magnite XV,₹ 4.98 Lakh,"127,435 km",Petrol,Delhi,2017
Renault Kiger RXZ,₹ 4.98 Lakh,"60,439 km",Diesel,Mysuru,2020
Skoda Kushaq Style,₹ 15.19 Lakh,"46,216 km",CNG,Pune,2022
Kia Sonet GTX,₹ 10.65 Lakh,"98,399 km",Petrol,Hyderabad,2019
Volvo XC40 Recharge,₹ 21.58 Lakh,"186,313 km",Petrol,Bangalore,2013
Hyundai Grand i10,₹ 5.42 Lakh,"133,233 km",Diesel,Bangalore,2014
Ford Endeavour Titanium,₹ 11.13 Lakh,"82,778 km",Petrol,Mumbai,2022
Volvo XC40 Recharge,₹ 21.39 Lakh,"172,030 km",Petrol,Kolkata,2012
MG Astor Savvy,₹ 10.98 Lakh,"66,247 km",CNG,Ahmedabad,2020
MG Astor Savvy,₹ 10.42 Lakh,"94,611 km",Diesel,Delhi,2017
Renault Kiger RXZ,₹ 5.82 Lakh,"85,294 km",Diesel,Jaipur,2020
Ford Endeavour Titanium,₹ 13.00 Lakh,"18,393 km",Petrol,Mumbai,2025
Mercedes-Benz E-Class E220d,₹ 23.51 Lakh,"152,711 km",Diesel,Lucknow,2013
Lexus ES 300h,₹ 56.52 Lakh,"65,389 km",Diesel,Pune,2022
Renault Kwid Climber,₹ 6.82 Lakh,"32,554 km",Petrol,Bangalore,2022
Jaguar F-Pace,₹ 49.26 Lakh,"73,838 km",Petrol,Thane,2021
MG Astor Savvy,₹ 8.91 Lakh,"158,655 km",Electric,Kochi,2014
Kia Carens Prestige,₹ 9.86 Lakh,"81,760 km",Petrol,Hyderabad,2018
Mahindra XUV500 W8,₹ 13.84 Lakh,"45,600 km",Diesel,Ahmedabad,2023
Tata Altroz XZ,₹ 10.43 Lakh,"62,150 km",Petrol,Kolkata,2022
Jaguar XE Prestige,₹ 38.08 Lakh,"124,074 km",Diesel,Thane,2018
Maruti Suzuki WagonR VXi,₹ 6.02 Lakh,"73,578 km",Diesel,Delhi,2019
Nissan Magnite XV,₹ 8.52 Lakh,"109,965 km",Electric,Lucknow,2017
BMW X1 sDrive,₹ 56.05 Lakh,"35,439 km",Petrol,Kochi,2025
Skoda Slavia Style,₹ 19.44 Lakh,"69,914 km",Hybrid,Delhi,2023
Maruti Suzuki WagonR VXi,₹ 3.11 Lakh,"94,626 km",Petrol,Delhi,2018
Maruti Suzuki Baleno Alpha,₹ 4.46 Lakh,"88,987 km",Diesel,Lucknow,2020
Mercedes-Benz GLA 200,₹ 23.75 Lakh,"132,172 km",Petrol,Delhi,2013
Tata Nexon XZ+,₹ 10.38 Lakh,"46,797 km",Petrol,Bangalore,2023
Tata Harrier XZ,₹ 5.82 Lakh,"139,962 km",Diesel,Bangalore,2014
Mercedes-Benz C-Class C200,₹ 56.19 Lakh,"47,277 km",Diesel,Chennai,2024
BMW X1 sDrive,₹ 21.18 Lakh,"165,116 km",Diesel,Pune,2013
Jaguar F-Pace,₹ 42.56 Lakh,"117,529 km",Diesel,Pune,2018
Skoda Slavia Style,₹ 11.63 Lakh,"121,593 km",CNG,Mysuru,2018
Lexus NX 350h,₹ 60.49 Lakh,"46,144 km",Diesel,Bangalore,2023
Tata Punch Creative,₹ 6.92 Lakh,"93,470 km",Petrol,Hyderabad,2016
Maruti Suzuki Baleno Alpha,₹ 5.30 Lakh,"135,780 km",Diesel,Bangalore,2019
Volvo XC40 Recharge,₹ 17.42 Lakh,"178,363 km",Petrol,Delhi,2013
Honda Amaze VX,₹ 1.62 Lakh,"206,094 km",Petrol,Ahmedabad,2012
Audi Q3 Premium,₹ 45.83 Lakh,"19,581 km",Petrol,Ahmedabad,2025
Volvo XC40 Recharge,₹ 51.26 Lakh,"28,070 km",Diesel,Thane,2025
Jaguar F-Pace,₹ 51.66 Lakh,"34,122 km",Diesel,Noida,2021
Honda Amaze VX,₹ 6.84 Lakh,"109,210 km",Diesel,Ahmedabad,2018
Maruti Suzuki Baleno Alpha,₹ 4.85 Lakh,"107,035 km",Petrol,Lucknow,2020
MG ZS EV,₹ 14.90 Lakh,"91,615 km",Hybrid,Kolkata,2020
Jaguar XE Prestige,₹ 36.16 Lakh,"140,562 km",Hybrid,Ahmedabad,2017
Kia Seltos HTX,₹ 13.68 Lakh,"36,212 km",Petrol,Mysuru,2025
Jaguar XE Prestige,₹ 49.87 Lakh,"64,525 km",Petrol,Chennai,2021
Jaguar F-Pace,₹ 49.49 Lakh,"71,128 km",CNG,Pune,2021
Tata Nexon XZ+,₹ 6.59 Lakh,"107,199 km",Diesel,Pune,2015
Kia Carens Prestige,₹ 10.61 Lakh,"53,409 km",Diesel,Bangalore,2021
Hyundai i20 Asta,₹ 5.80 Lakh,"123,901 km",Petrol,Jaipur,2018
Nissan Magnite XV,₹ 3.93 Lakh,"132,039 km",Diesel,Noida,2015
Volkswagen Taigun GT,₹ 15.20 Lakh,"31,724 km",Petrol,Thane,2024
MG Hector Sharp,₹ 13.95 Lakh,"80,521 km",Petrol,Kochi,2020
Maruti Suzuki Swift VXi,₹ 4.22 Lakh,"123,840 km",Petrol,Mysuru,2015
Toyota Fortuner 4x2,₹ 17.52 Lakh,"29,728 km",Petrol,Mumbai,2024
Hyundai i20 Asta,₹ 7.41 Lakh,"108,297 km",Diesel,Jaipur,2018
Jeep Compass Limited,₹ 25.90 Lakh,"11,308 km",Diesel,Thane,2022
Tata Harrier XZ,₹ 4.37 Lakh,"163,057 km",Petrol,Delhi,2013
Tata Altroz XZ,₹ 6.83 Lakh,"139,304 km",Diesel,Pune,2016
Mahindra Thar LX,₹ 14.49 Lakh,"50,649 km",Petrol,Noida,2023
Maruti Suzuki WagonR VXi,₹ 3.91 Lakh,"143,822 km",Petrol,Mysuru,2016
Toyota Innova Crysta GX,₹ 15.43 Lakh,"66,367 km",Diesel,Mumbai,2022
Mercedes-Benz GLA 200,₹ 21.52 Lakh,"228,796 km",Petrol,Chennai,2012
Maruti Suzuki Dzire ZXi,₹ 7.03 Lakh,"48,747 km",Petrol,Mysuru,2024
Nissan Magnite XV,₹ 8.21 Lakh,"103,094 km",Electric,Jaipur,2017
Audi Q3 Premium,₹ 30.32 Lakh,"80,817 km",Petrol,Thane,2020
BMW 3 Series 320d,₹ 23.53 Lakh,"157,836 km",Diesel,Mumbai,2014
Tata Punch Creative,₹ 10.83 Lakh,"27,221 km",Petrol,Thane,2024
Maruti Suzuki Baleno Alpha,₹ 6.51 Lakh,"28,652 km",Petrol,Bangalore,2024
Skoda Kushaq Style,₹ 14.88 Lakh,"85,782 km",Petrol,Lucknow,2020
Maruti Suzuki Dzire ZXi,₹ 5.25 Lakh,"105,983 km",Petrol,Jaipur,2018
Honda City ZX,₹ 5.15 Lakh,"111,911 km",Diesel,Bangalore,2017
Maruti Suzuki WagonR VXi,₹ 4.22 Lakh,"125,660 km",Petrol,Bangalore,2017
Lexus NX 350h,₹ 69.19 Lakh,"10,645 km",Diesel,Mysuru,2025
BMW 3 Series 320d,₹ 15.12 Lakh,"164,621 km",CNG,Chennai,2012
Maruti Suzuki Swift VXi,₹ 6.90 Lakh,"83,767 km",Petrol,Ahmedabad,2021
Audi Q5 quattro,₹ 14.73 Lakh,"147,274 km",Petrol,Pune,2013
Jaguar F-Pace,₹ 42.99 Lakh,"104,331 km",Electric,Hyderabad,2017
Mercedes-Benz C-Class C200,₹ 44.57 Lakh,"104,742 km",Hybrid,Lucknow,2019
Kia Sonet GTX,₹ 12.71 Lakh,"69,449 km",Petrol,Jaipur,2022
Toyota Urban Cruiser,₹ 9.30 Lakh,"119,137 km",Petrol,Mysuru,2018
Honda Jazz VX,₹ 5.34 Lakh,"124,878 km",CNG,Chennai,2016
BMW X1 sDrive,₹ 39.76 Lakh,"91,812 km",Diesel,Lucknow,2019
Ford EcoSport Titanium,₹ 8.36 Lakh,"143,671 km",Hybrid,Mumbai,2014
Toyota Urban Cruiser,₹ 5.33 Lakh,"182,613 km",Petrol,Noida,2013
Renault Kiger RXZ,₹ 7.48 Lakh,"31,196 km",Petrol,Ahmedabad,2024
Toyota Urban Cruiser,₹ 15.03 Lakh,"61,571 km",Petrol,Bangalore,2024
Kia Sonet GTX,₹ 6.70 Lakh,"196,039 km",Diesel,Pune,2014
Mahindra Thar LX,₹ 9.42 Lakh,"147,954 km",Electric,Noida,2012
Lexus ES 300h,₹ 66.39 Lakh,"8,744 km",Petrol,Lucknow,2025
Ford EcoSport Titanium,₹ 12.43 Lakh,"79,333 km",Petrol,Kolkata,2023
Honda BR-V VX,₹ 4.90 Lakh,"202,971 km",Hybrid,Bangalore,2012
Nissan Magnite XV,₹ 8.55 Lakh,"34,529 km",Petrol,Ahmedabad,2024
Jeep Compass Limited,₹ 15.69 Lakh,"105,585 km",Diesel,Bangalore,2015
Kia Seltos HTX,₹ 8.28 Lakh,"86,083 km",Petrol,Kochi,2018
Kia Sonet GTX,₹ 11.73 Lakh,"89,178 km",Diesel,Thane,2021
Honda Jazz VX,₹ 13.32 Lakh,"53,085 km",Electric,Jaipur,2023
Maruti Suzuki Swift VXi,₹ 8.58 Lakh,"95,009 km",Electric,Jaipur,2020
Hyundai Venue SX,₹ 2.57 Lakh,"183,040 km",Petrol,Kochi,2013
Mercedes-Benz GLA 200,₹ 39.21 Lakh,"97,921 km",Petrol,Jaipur,2018
Mercedes-Benz C-Class C200,₹ 50.50 Lakh,"29,773 km",Diesel,Pune,2023
Lexus ES 300h,₹ 49.16 Lakh,"108,414 km",Diesel,Thane,2018
Volkswagen Virtus GT,₹ 13.77 Lakh,"58,670 km",CNG,Hyderabad,2021
Skoda Slavia Style,₹ 11.97 Lakh,"99,940 km",Petrol,Pune,2019
Skoda Slavia Style,₹ 11.74 Lakh,"106,436 km",CNG,Mumbai,2019
MG Astor Savvy,₹ 8.85 Lakh,"102,154 km",Petrol,Lucknow,2017
Honda City ZX,₹ 4.92 Lakh,"86,753 km",Petrol,Pune,2018
BMW 5 Series 530d,₹ 38.23 Lakh,"73,671 km",Diesel,Kolkata,2020
Volvo XC40 Recharge,₹ 22.67 Lakh,"162,695 km",Petrol,Kochi,2014
Nissan Magnite XV,₹ 2.52 Lakh,"174,356 km",Petrol,Bangalore,2013
Honda BR-V VX,₹ 3.58 Lakh,"155,073 km",CNG,Hyderabad,2013
Honda Amaze VX,₹ 9.92 Lakh,"42,804 km",Diesel,Delhi,2022
Toyota Glanza G,₹ 6.53 Lakh,"130,731 km",Petrol,Pune,2013
Skoda Slavia Style,₹ 9.16 Lakh,"145,584 km",Petrol,Delhi,2014
Hyundai Creta SX,₹ 12.21 Lakh,"17,710 km",Diesel,Chennai,2024
BMW X1 sDrive,₹ 24.52 Lakh,"156,563 km",Diesel,Bangalore,2015
Audi A4 35 TDI,₹ 19.41 Lakh,"166,256 km",Diesel,Bangalore,2014
Hyundai Verna SX,₹ 10.17 Lakh,"104,901 km",Electric,Thane,2019
Volkswagen Polo GT,₹ 9.97 Lakh,"85,095 km",Petrol,Kochi,2018
Lexus NX 350h,₹ 70.93 Lakh,"5,555 km",Diesel,Mysuru,2025
Renault Triber RXZ,₹ 3.69 Lakh,"134,952 km",CNG,Kochi,2015
Jaguar F-Pace,₹ 46.66 Lakh,"87,267 km",Petrol,Kolkata,2020
Lexus ES 300h,₹ 60.61 Lakh,"59,230 km",Diesel,Hyderabad,2023
Mercedes-Benz C-Class C200,₹ 23.48 Lakh,"164,201 km",Petrol,Lucknow,2012
Ford EcoSport Titanium,₹ 4.68 Lakh,"174,231 km",Petrol,Kolkata,2014
Skoda Slavia Style,₹ 10.97 Lakh,"137,695 km",Electric,Kochi,2013
Volvo XC40 Recharge,₹ 34.81 Lakh,"81,805 km",Diesel,Delhi,2019
Maruti Suzuki Swift VXi,₹ 4.19 Lakh,"158,908 km",Diesel,Hyderabad,2016
BMW 3 Series 320d,₹ 37.72 Lakh,"95,301 km",Petrol,Chennai,2020
Volvo XC60,₹ 44.15 Lakh,"48,664 km",Electric,Noida,2022
Audi Q5 quattro,₹ 38.68 Lakh,"19,358 km",Diesel,Bangalore,2023
Maruti Suzuki Baleno Alpha,₹ 6.32 Lakh,"130,031 km",Electric,Kochi,2015
Nissan Magnite XV,₹ 4.92 Lakh,"131,085 km",Petrol,Pune,2018
Nissan Magnite XV,₹ 8.19 Lakh,"54,328 km",Diesel,Chennai,2023
BMW 3 Series 320d,₹ 46.59 Lakh,"76,754 km",Electric,Jaipur,2022
Honda Jazz VX,₹ 7.73 Lakh,"44,450 km",Petrol,Jaipur,2022
Maruti Suzuki Dzire ZXi,₹ 5.00 Lakh,"111,256 km",Petrol,Lucknow,2017
Toyota Innova Crysta GX,₹ 18.08 Lakh,"59,634 km",Electric,Delhi,2022
Jeep Compass Limited,₹ 19.02 Lakh,"95,447 km",Petrol,Kolkata,2017
MG Astor Savvy,₹ 15.92 Lakh,"69,332 km",Petrol,Chennai,2023
Lexus NX 350h,₹ 56.52 Lakh,"77,244 km",Diesel,Mumbai,2021
Toyota Innova Crysta GX,₹ 17.40 Lakh,"107,510 km",Electric,Thane,2021
Jaguar XE Prestige,₹ 51.99 Lakh,"72,375 km",Diesel,Kochi,2021
Kia Sonet GTX,₹ 7.98 Lakh,"128,881 km",Petrol,Mysuru,2015
Jaguar F-Pace,₹ 31.86 Lakh,"166,799 km",Petrol,Noida,2014
Jeep Compass Limited,₹ 29.30 Lakh,"14,540 km",Petrol,Thane,2024
Volkswagen Taigun GT,₹ 5.56 Lakh,"158,107 km",Petrol,Delhi,2014
Nissan Magnite XV,₹ 3.01 Lakh,"144,363 km",Petrol,Pune,2016
Hyundai Grand i10,₹ 9.90 Lakh,"108,586 km",Hybrid,Lucknow,2020
Mahindra XUV700 AX7,₹ 14.74 Lakh,"39,761 km",Hybrid,Thane,2022
BMW X1 sDrive,₹ 52.07 Lakh,"44,445 km",Petrol,Mysuru,2024
Jeep Compass Limited,₹ 9.26 Lakh,"207,285 km",Petrol,Chennai,2012
Nissan Magnite XV,₹ 6.75 Lakh,"117,546 km",Diesel,Delhi,2020
Audi A4 35 TDI,₹ 20.64 Lakh,"168,864 km",Petrol,Thane,2015
Tata Nexon XZ+,₹ 7.54 Lakh,"152,817 km",Electric,Bangalore,2014
Ford Endeavour Titanium,₹ 13.65 Lakh,"31,813 km",Petrol,Pune,2024
Mercedes-Benz C-Class C200,₹ 31.58 Lakh,"112,718 km",CNG,Chennai,2017
Jaguar XE Prestige,₹ 54.92 Lakh,"44,547 km",Petrol,Delhi,2023
Honda City ZX,₹ 6.70 Lakh,"87,420 km",Petrol,Ahmedabad,2020
Lexus ES 300h,₹ 61.10 Lakh,"30,528 km",Diesel,Mysuru,2023
Honda Jazz VX,₹ 3.29 Lakh,"160,810 km",Petrol,Kochi,2013
Maruti Suzuki Brezza ZXi,₹ 7.09 Lakh,"16,353 km",Diesel,Thane,2025
Nissan Magnite XV,₹ 6.49 Lakh,"62,829 km",Petrol,Mumbai,2020
Hyundai Creta SX,₹ 3.37 Lakh,"174,868 km",CNG,Jaipur,2015
Jeep Compass Limited,₹ 22.93 Lakh,"68,227 km",Petrol,Kolkata,2021
Kia Sonet GTX,₹ 11.96 Lakh,"108,341 km",Diesel,Noida,2020
Jaguar XE Prestige,₹ 35.41 Lakh,"151,779 km",Petrol,Mumbai,2017
Toyota Innova Crysta GX,₹ 14.73 Lakh,"56,320 km",Petrol,Kolkata,2023
Kia Carens Prestige,₹ 11.65 Lakh,"97,851 km",Diesel,Kochi,2020
Jaguar XE Prestige,₹ 46.00 Lakh,"93,092 km",Diesel,Noida,2020
MG ZS EV,₹ 15.23 Lakh,"32,424 km",Petrol,Kochi,2023
Renault Kwid Climber,₹ 1.79 Lakh,"172,348 km",Diesel,Delhi,2013
Mahindra XUV700 AX7,₹ 6.32 Lakh,"167,681 km",Diesel,Ahmedabad,2013
Hyundai Creta SX,₹ 9.10 Lakh,"84,973 km",Petrol,Noida,2020
Skoda Superb L&K,₹ 9.79 Lakh,"129,812 km",Diesel,Hyderabad,2017
Honda City ZX,₹ 9.66 Lakh,"51,666 km",Petrol,Noida,2023
Hyundai Creta SX,₹ 5.35 Lakh,"112,589 km",Diesel,Lucknow,2016
Audi Q3 Premium,₹ 37.42 Lakh,"68,287 km",Petrol,Jaipur,2022
Mahindra XUV700 AX7,₹ 13.53 Lakh,"57,700 km",Diesel,Pune,2021
Volkswagen Taigun GT,₹ 13.38 Lakh,"49,797 km",Diesel,Delhi,2022
Renault Kwid Climber,₹ 1.66 Lakh,"166,375 km",Petrol,Ahmedabad,2012
Jaguar F-Pace,₹ 43.59 Lakh,"71,156 km",Petrol,Jaipur,2019
Audi Q3 Premium,₹ 31.34 Lakh,"90,121 km",Petrol,Mumbai,2019
BMW X1 sDrive,₹ 19.29 Lakh,"169,855 km",Petrol,Mumbai,2012
MG ZS EV,₹ 12.64 Lakh,"58,851 km",Petrol,Ahmedabad,2021
Mahindra Thar LX,₹ 13.23 Lakh,"42,815 km",Diesel,Noida,2022
Tata Altroz XZ,₹ 11.85 Lakh,"63,096 km",Petrol,Bangalore,2023
Jeep Compass Limited,₹ 10.45 Lakh,"202,271 km",Petrol,Jaipur,2013
Mahindra XUV700 AX7,₹ 10.09 Lakh,"111,485 km",Petrol,Mysuru,2018
Jaguar XE Prestige,₹ 28.19 Lakh,"180,410 km",Petrol,Mumbai,2014
Lexus NX 350h,₹ 70.08 Lakh,"38,048 km",Petrol,Bangalore,2025
MG ZS EV,₹ 10.13 Lakh,"134,163 km",Diesel,Delhi,2016
Hyundai Grand i10,₹ 6.91 Lakh,"84,501 km",Diesel,Noida,2017
Jaguar XE Prestige,₹ 27.38 Lakh,"144,922 km",Diesel,Hyderabad,2013
Volvo XC60,₹ 48.01 Lakh,"48,493 km",Diesel,Lucknow,2024
Nissan Magnite XV,₹ 2.16 Lakh,"163,016 km",Petrol,Lucknow,2012
Maruti Suzuki Dzire ZXi,₹ 8.74 Lakh,"13,476 km",Diesel,Chennai,2025
Volkswagen Virtus GT,₹ 7.58 Lakh,"150,432 km",Diesel,Mumbai,2015
Jeep Compass Limited,₹ 24.20 Lakh,"56,285 km",Petrol,Bangalore,2020
Nissan Magnite XV,₹ 1.99 Lakh,"153,151 km",Diesel,Kolkata,2015
Mahindra XUV700 AX7,₹ 9.39 Lakh,"101,483 km",Diesel,Kolkata,2018
Maruti Suzuki Baleno Alpha,₹ 4.76 Lakh,"104,867 km",Diesel,Delhi,2018
Ford EcoSport Titanium,₹ 4.61 Lakh,"149,231 km",CNG,Noida,2015
MG Hector Sharp,₹ 13.67 Lakh,"78,129 km",CNG,Pune,2021
Lexus NX 350h,₹ 60.18 Lakh,"71,280 km",Diesel,Delhi,2022
Hyundai Verna SX,₹ 12.05 Lakh,"17,524 km",Petrol,Kolkata,2024
Skoda Kushaq Style,₹ 11.99 Lakh,"100,695 km",Diesel,Kolkata,2019
Ford Endeavour Titanium,₹ 8.61 Lakh,"90,449 km",Petrol,Kolkata,2018
MG Hector Sharp,₹ 4.59 Lakh,"181,988 km",Petrol,Hyderabad,2012
Jaguar F-Pace,₹ 37.97 Lakh,"122,218 km",Electric,Mumbai,2017
Maruti Suzuki Dzire ZXi,₹ 6.85 Lakh,"3,000 km",Diesel,Mumbai,2025
BMW 3 Series 320d,₹ 40.91 Lakh,"81,777 km",Petrol,Ahmedabad,2021
Audi Q5 quattro,₹ 20.62 Lakh,"154,670 km",Electric,Jaipur,2013
Audi A4 35 TDI,₹ 31.80 Lakh,"99,048 km",Diesel,Mysuru,2020
Audi Q3 Premium,₹ 33.04 Lakh,"78,680 km",Petrol,Mysuru,2019
Maruti Suzuki Baleno Alpha,₹ 4.15 Lakh,"98,433 km",Diesel,Bangalore,2020
BMW 5 Series 530d,₹ 21.41 Lakh,"134,673 km",Diesel,Jaipur,2014
Mahindra XUV700 AX7,₹ 14.93 Lakh,"49,829 km",Petrol,Bangalore,2024
Mahindra XUV500 W8,₹ 10.54 Lakh,"103,589 km",Petrol,Chennai,2017
Jeep Compass Limited,₹ 27.37 Lakh,"35,635 km",Diesel,Thane,2024
Toyota Urban Cruiser,₹ 20.55 Lakh,"20,116 km",Electric,Ahmedabad,2024
Maruti Suzuki Dzire ZXi,₹ 3.86 Lakh,"114,785 km",Petrol,Jaipur,2016
Honda BR-V VX,₹ 4.46 Lakh,"137,077 km",Petrol,Bangalore,2018
Renault Kiger RXZ,₹ 6.94 Lakh,"52,498 km",Diesel,Mumbai,2021
Jaguar F-Pace,₹ 25.77 Lakh,"179,433 km",Petrol,Bangalore,2013
Kia Sonet GTX,₹ 10.14 Lakh,"119,224 km",Hybrid,Mumbai,2018
Volkswagen Taigun GT,₹ 11.22 Lakh,"52,974 km",CNG,Thane,2021
Renault Kiger RXZ,₹ 6.38 Lakh,"84,399 km",Diesel,Kolkata,2021
Volvo XC60,₹ 31.10 Lakh,"106,415 km",Hybrid,Lucknow,2016
Volvo XC60,₹ 47.36 Lakh,"26,651 km",Petrol,Lucknow,2023
Jaguar XE Prestige,₹ 28.76 Lakh,"167,681 km",Petrol,Kolkata,2014
Jeep Compass Limited,₹ 20.83 Lakh,"91,768 km",Petrol,Thane,2018
Hyundai Grand i10,₹ 11.31 Lakh,"30,478 km",Diesel,Lucknow,2023
Volkswagen Virtus GT,₹ 14.75 Lakh,"14,720 km",Petrol,Ahmedabad,2025
BMW 3 Series 320d,₹ 23.40 Lakh,"164,049 km",Hybrid,Hyderabad,2014
BMW 3 Series 320d,₹ 27.12 Lakh,"118,911 km",Petrol,Jaipur,2015
Renault Kwid Climber,₹ 4.47 Lakh,"144,050 km",Electric,Pune,2013
Lexus NX 350h,₹ 23.56 Lakh,"189,500 km",Diesel,Mysuru,2012
Maruti Suzuki Brezza ZXi,₹ 3.25 Lakh,"108,628 km",CNG,Chennai,2017
BMW X1 sDrive,₹ 46.28 Lakh,"50,447 km",Petrol,Ahmedabad,2023
Hyundai Venue SX,₹ 3.85 Lakh,"157,901 km",CNG,Pune,2013
Hyundai Grand i10,₹ 7.42 Lakh,"108,514 km",CNG,Mumbai,2018
BMW 5 Series 530d,₹ 38.91 Lakh,"99,808 km",Diesel,Delhi,2020
Tata Altroz XZ,₹ 4.07 Lakh,"185,846 km",Petrol,Lucknow,2013
Maruti Suzuki WagonR VXi,₹ 5.82 Lakh,"57,628 km",Diesel,Pune,2025
Kia Seltos HTX,₹ 5.54 Lakh,"149,745 km",Petrol,Pune,2014
Volkswagen Polo GT,₹ 17.39 Lakh,"3,000 km",Petrol,Ahmedabad,2025
Jeep Compass Limited,₹ 26.36 Lakh,"72,937 km",Diesel,Kolkata,2022
Honda City ZX,₹ 3.33 Lakh,"178,030 km",Diesel,Noida,2012
Renault Triber RXZ,₹ 7.97 Lakh,"17,473 km",Hybrid,Bangalore,2022
Audi Q3 Premium,₹ 18.36 Lakh,"187,472 km",Hybrid,Kolkata,2012
Renault Kwid Climber,₹ 2.51 Lakh,"100,498 km",Diesel,Bangalore,2017
Mercedes-Benz E-Class E220d,₹ 55.89 Lakh,"11,887 km",Petrol,Mysuru,2025
Audi A4 35 TDI,₹ 32.02 Lakh,"64,112 km",Diesel,Lucknow,2021
Nissan Magnite XV,₹ 7.07 Lakh,"92,605 km",Petrol,Jaipur,2021
Skoda Slavia Style,₹ 13.54 Lakh,"49,982 km",Diesel,Thane,2020
Jeep Compass Limited,₹ 28.48 Lakh,"21,489 km",Diesel,Lucknow,2023
Mercedes-Benz E-Class E220d,₹ 49.06 Lakh,"76,034 km",Petrol,Kochi,2022
Maruti Suzuki Swift VXi,₹ 6.86 Lakh,"77,932 km",Diesel,Chennai,2023
Ford Endeavour Titanium,₹ 12.65 Lakh,"39,014 km",Petrol,Pune,2024
Audi A4 35 TDI,₹ 35.16 Lakh,"80,575 km",Diesel,Kochi,2021
Maruti Suzuki WagonR VXi,₹ 7.28 Lakh,"38,122 km",Diesel,Kolkata,2023
Maruti Suzuki WagonR VXi,₹ 6.51 Lakh,"138,255 km",Hybrid,Kochi,2017
Volkswagen Polo GT,₹ 7.19 Lakh,"159,596 km",Diesel,Pune,2014
Honda Jazz VX,₹ 10.70 Lakh,"26,464 km",Petrol,Ahmedabad,2025
Volkswagen Taigun GT,₹ 17.70 Lakh,"40,101 km",Electric,Thane,2023
Kia Carens Prestige,₹ 13.66 Lakh,"28,763 km",Diesel,Chennai,2025
Renault Kiger RXZ,₹ 5.37 Lakh,"52,574 km",Diesel,Noida,2023
Kia Sonet GTX,₹ 12.93 Lakh,"88,148 km",Petrol,Noida,2021
Jaguar XE Prestige,₹ 56.34 Lakh,"31,705 km",CNG,Ahmedabad,2024
Maruti Suzuki Baleno Alpha,₹ 8.72 Lakh,"89,720 km",Electric,Chennai,2020
Kia Sonet GTX,₹ 12.05 Lakh,"65,161 km",Petrol,Delhi,2021
BMW 3 Series 320d,₹ 47.99 Lakh,"26,441 km",Petrol,Kochi,2023
Skoda Kushaq Style,₹ 18.68 Lakh,"12,031 km",Petrol,Mumbai,2025
Ford EcoSport Titanium,₹ 12.90 Lakh,"20,597 km",Petrol,Noida,2025
Mahindra Scorpio N Z8,₹ 13.72 Lakh,"66,827 km",Petrol,Lucknow,2021
Honda City ZX,₹ 8.45 Lakh,"29,799 km",Diesel,Kolkata,2023
Mahindra Thar LX,₹ 13.64 Lakh,"63,478 km",Petrol,Thane,2021
Toyota Fortuner 4x2,₹ 9.25 Lakh,"124,547 km",Petrol,Mysuru,2015
BMW 5 Series 530d,₹ 20.73 Lakh,"156,012 km",Petrol,Thane,2013
Lexus NX 350h,₹ 61.43 Lakh,"11,175 km",Diesel,Delhi,2024
Jeep Compass Limited,₹ 22.74 Lakh,"77,152 km",Petrol,Mumbai,2019
Jeep Compass Limited,₹ 16.48 Lakh,"125,938 km",Petrol,Thane,2016
Audi Q5 quattro,₹ 38.88 Lakh,"34,504 km",Diesel,Bangalore,2024
Honda City ZX,₹ 7.38 Lakh,"119,714 km",Petrol,Thane,2018
Maruti Suzuki WagonR VXi,₹ 1.68 Lakh,"151,724 km",CNG,Delhi,2016
Ford EcoSport Titanium,₹ 9.07 Lakh,"111,228 km",Diesel,Bangalore,2018
Toyota Glanza G,₹ 4.03 Lakh,"166,012 km",Diesel,Thane,2012
Kia Sonet GTX,₹ 7.36 Lakh,"144,948 km",Petrol,Bangalore,2015
Nissan Magnite XV,₹ 1.79 Lakh,"184,431 km",CNG,Lucknow,2012
Lexus NX 350h,₹ 24.52 Lakh,"175,375 km",Diesel,Mysuru,2012
Maruti Suzuki Swift VXi,₹ 1.20 Lakh,"177,448 km",Petrol,Kolkata,2012
Jaguar XE Prestige,₹ 60.21 Lakh,"45,584 km",Electric,Hyderabad,2023
MG Astor Savvy,₹ 10.33 Lakh,"104,133 km",Petrol,Noida,2016
Skoda Kushaq Style,₹ 13.89 Lakh,"98,186 km",Diesel,Hyderabad,2020
Hyundai Grand i10,₹ 7.85 Lakh,"87,116 km",Petrol,Noida,2021
Ford EcoSport Titanium,₹ 12.14 Lakh,"72,638 km",CNG,Ahmedabad,2023
Mahindra XUV500 W8,₹ 4.78 Lakh,"144,593 km",Petrol,Kochi,2013
Skoda Superb L&K,₹ 16.78 Lakh,"81,501 km",Electric,Thane,2020
Renault Kiger RXZ,₹ 3.53 Lakh,"130,511 km",Diesel,Thane,2017
Tata Nexon XZ+,₹ 3.50 Lakh,"124,580 km",Petrol,Delhi,2014
Volvo XC40 Recharge,₹ 42.67 Lakh,"48,710 km",Petrol,Kolkata,2023
Mahindra XUV500 W8,₹ 15.71 Lakh,"24,987 km",Petrol,Delhi,2025
Jaguar XE Prestige,₹ 29.93 Lakh,"147,568 km",Petrol,Thane,2015
Jaguar F-Pace,₹ 51.65 Lakh,"70,305 km",Diesel,Ahmedabad,2021
Volkswagen Taigun GT,₹ 7.02 Lakh,"127,078 km",CNG,Hyderabad,2015
Tata Harrier XZ,₹ 8.75 Lakh,"90,967 km",Petrol,Hyderabad,2020
Jeep Compass Limited,₹ 13.92 Lakh,"145,798 km",CNG,Noida,2015
BMW 3 Series 320d,₹ 31.79 Lakh,"145,615 km",CNG,Pune,2016
Mercedes-Benz C-Class C200,₹ 57.82 Lakh,"3,000 km",Diesel,Noida,2025
Renault Kiger RXZ,₹ 7.05 Lakh,"3,000 km",Petrol,Ahmedabad,2025
Kia Seltos HTX,₹ 11.34 Lakh,"88,702 km",Petrol,Lucknow,2021
Nissan Magnite XV,₹ 3.86 Lakh,"119,097 km",CNG,Ahmedabad,2015
Mahindra XUV500 W8,₹ 6.88 Lakh,"145,659 km",Diesel,Delhi,2016
Jaguar XE Prestige,₹ 62.89 Lakh,"59,664 km",Petrol,Jaipur,2025
Jeep Compass Limited,₹ 29.56 Lakh,"77,501 km",Petrol,Kolkata,2024
Kia Seltos HTX,₹ 9.37 Lakh,"118,382 km",CNG,Chennai,2018
Kia Carens Prestige,₹ 11.73 Lakh,"56,585 km",CNG,Kolkata,2021
Hyundai i20 Asta,₹ 2.23 Lakh,"183,824 km",Diesel,Lucknow,2012
Jeep Compass Limited,₹ 30.78 Lakh,"9,021 km",Diesel,Mumbai,2025
Mercedes-Benz C-Class C200,₹ 20.45 Lakh,"182,446 km",Petrol,Chennai,2012
Maruti Suzuki WagonR VXi,₹ 5.70 Lakh,"119,791 km",Diesel,Hyderabad,2019
Honda City ZX,₹ 9.79 Lakh,"18,316 km",Petrol,Bangalore,2025
Volvo XC40 Recharge,₹ 27.10 Lakh,"161,485 km",Diesel,Delhi,2015
Jaguar F-Pace,₹ 29.24 Lakh,"164,373 km",Petrol,Mumbai,2014
Tata Nexon XZ+,₹ 5.45 Lakh,"135,456 km",Diesel,Thane,2015
Audi A4 35 TDI,₹ 27.63 Lakh,"85,726 km",CNG,Mysuru,2018
Honda Amaze VX,₹ 10.15 Lakh,"20,770 km",Petrol,Pune,2023
Hyundai Venue SX,₹ 8.64 Lakh,"103,728 km",Electric,Pune,2018
Toyota Glanza G,₹ 4.68 Lakh,"176,450 km",CNG,Lucknow,2012
Renault Kiger RXZ,₹ 7.16 Lakh,"4,004 km",Petrol,Thane,2025
Lexus NX 350h,₹ 59.92 Lakh,"51,535 km",CNG,Ahmedabad,2023
Maruti Suzuki Swift VXi,₹ 5.83 Lakh,"75,429 km",Diesel,Pune,2020
Tata Harrier XZ,₹ 5.27 Lakh,"140,773 km",Petrol,Chennai,2014
Ford Endeavour Titanium,₹ 6.83 Lakh,"126,898 km",Petrol,Mumbai,2015
Maruti Suzuki Baleno Alpha,₹ 8.41 Lakh,"11,982 km",Petrol,Hyderabad,2024
Nissan Magnite XV,₹ 4.23 Lakh,"109,945 km",Petrol,Lucknow,2020
Jeep Compass Limited,₹ 18.51 Lakh,"76,455 km",Diesel,Bangalore,2017
Toyota Fortuner 4x2,₹ 13.40 Lakh,"51,440 km",Petrol,Thane,2021
Maruti Suzuki WagonR VXi,₹ 2.07 Lakh,"136,744 km",Petrol,Mumbai,2012
Hyundai Venue SX,₹ 4.02 Lakh,"159,320 km",Petrol,Jaipur,2013
Audi Q5 quattro,₹ 19.32 Lakh,"159,204 km",Petrol,Delhi,2013
Volvo XC60,₹ 49.52 Lakh,"14,781 km",Diesel,Lucknow,2024
Jeep Compass Limited,₹ 17.83 Lakh,"126,945 km",Diesel,Ahmedabad,2017
Nissan Magnite XV,₹ 6.26 Lakh,"77,972 km",Diesel,Delhi,2020
Jaguar F-Pace,₹ 34.01 Lakh,"151,346 km",Petrol,Lucknow,2016
Kia Seltos HTX,₹ 12.89 Lakh,"77,693 km",Petrol,Chennai,2023
Kia Sonet GTX,₹ 7.49 Lakh,"174,939 km",Electric,Noida,2012
Maruti Suzuki Swift VXi,₹ 4.58 Lakh,"70,015 km",Petrol,Lucknow,2021
Audi Q5 quattro,₹ 31.00 Lakh,"119,940 km",Petrol,Mysuru,2019
Audi Q5 quattro,₹ 28.46 Lakh,"157,693 km",Diesel,Ahmedabad,2017
Lexus NX 350h,₹ 28.40 Lakh,"164,662 km",Petrol,Lucknow,2013
Kia Carens Prestige,₹ 15.74 Lakh,"40,387 km",Diesel,Kochi,2025
Mahindra XUV500 W8,₹ 12.12 Lakh,"91,491 km",CNG,Jaipur,2021
Honda City ZX,₹ 7.27 Lakh,"114,160 km",Diesel,Chennai,2019
BMW X1 sDrive,₹ 37.81 Lakh,"86,286 km",Petrol,Bangalore,2020
Maruti Suzuki Brezza ZXi,₹ 1.27 Lakh,"176,371 km",Petrol,Delhi,2012
Maruti Suzuki Swift VXi,₹ 1.92 Lakh,"177,700 km",Petrol,Pune,2014
Volvo XC60,₹ 29.52 Lakh,"152,433 km",Electric,Thane,2016
Volvo XC40 Recharge,₹ 29.00 Lakh,"121,864 km",Diesel,Chennai,2018
Jeep Compass Limited,₹ 25.01 Lakh,"86,454 km",Petrol,Pune,2021
Jeep Compass Limited,₹ 13.74 Lakh,"138,859 km",Diesel,Bangalore,2015
Skoda Slavia Style,₹ 12.23 Lakh,"105,867 km",Diesel,Ahmedabad,2019
Honda BR-V VX,₹ 1.42 Lakh,"184,025 km",CNG,Thane,2013
Renault Kiger RXZ,₹ 6.87 Lakh,"3,000 km",Diesel,Delhi,2025
Mahindra XUV500 W8,₹ 7.01 Lakh,"162,058 km",Hybrid,Chennai,2013
Mahindra XUV500 W8,₹ 12.65 Lakh,"55,564 km",CNG,Kolkata,2022
Mahindra Thar LX,₹ 16.20 Lakh,"31,794 km",Diesel,Kochi,2024
Toyota Fortuner 4x2,₹ 8.41 Lakh,"172,325 km",Electric,Mysuru,2014
Audi Q5 quattro,₹ 19.07 Lakh,"163,411 km",Diesel,Kolkata,2014
Mahindra Thar LX,₹ 16.86 Lakh,"40,514 km",Hybrid,Hyderabad,2023
BMW 3 Series 320d,₹ 20.55 Lakh,"125,363 km",Petrol,Kolkata,2013
Toyota Fortuner 4x2,₹ 11.79 Lakh,"82,281 km",Petrol,Jaipur,2021
Jeep Compass Limited,₹ 23.05 Lakh,"81,256 km",Petrol,Lucknow,2020
Renault Triber RXZ,₹ 5.50 Lakh,"83,318 km",Petrol,Thane,2019
Renault Triber RXZ,₹ 2.56 Lakh,"132,122 km",Petrol,Hyderabad,2016
Honda Amaze VX,₹ 5.69 Lakh,"145,719 km",Petrol,Pune,2015
Mercedes-Benz E-Class E220d,₹ 29.62 Lakh,"133,055 km",Diesel,Kochi,2015
Tata Harrier XZ,₹ 2.77 Lakh,"167,982 km",Petrol,Delhi,2013
Kia Carens Prestige,₹ 7.53 Lakh,"110,047 km",Petrol,Mysuru,2016
Skoda Kushaq Style,₹ 5.18 Lakh,"179,262 km",CNG,Ahmedabad,2013
Volkswagen Taigun GT,₹ 10.10 Lakh,"85,594 km",Petrol,Thane,2019
Maruti Suzuki Baleno Alpha,₹ 8.62 Lakh,"3,000 km",Petrol,Kolkata,2025
Volkswagen Polo GT,₹ 11.46 Lakh,"93,028 km",Diesel,Kolkata,2019
BMW X1 sDrive,₹ 50.30 Lakh,"51,434 km",Diesel,Thane,2024
Volvo XC60,₹ 41.80 Lakh,"73,164 km",Diesel,Mumbai,2022
Volvo XC60,₹ 44.21 Lakh,"50,318 km",CNG,Kochi,2022
Audi Q5 quattro,₹ 38.12 Lakh,"64,942 km",Petrol,Noida,2023
Renault Triber RXZ,₹ 6.40 Lakh,"34,759 km",Diesel,Mumbai,2023
Toyota Urban Cruiser,₹ 8.98 Lakh,"118,328 km",Diesel,Ahmedabad,2017
Jeep Compass Limited,₹ 24.27 Lakh,"61,842 km",Diesel,Noida,2022
Mercedes-Benz E-Class E220d,₹ 50.63 Lakh,"47,590 km",Petrol,Kochi,2024
Mercedes-Benz E-Class E220d,₹ 57.31 Lakh,"23,896 km",Diesel,Thane,2024
Jaguar XE Prestige,₹ 22.97 Lakh,"215,492 km",Diesel,Thane,2012
Mahindra Scorpio N Z8,₹ 14.62 Lakh,"41,439 km",Diesel,Jaipur,2024
Maruti Suzuki WagonR VXi,₹ 3.01 Lakh,"175,958 km",Petrol,Kolkata,2012
Honda Amaze VX,₹ 8.73 Lakh,"3,000 km",Petrol,Ahmedabad,2024
Renault Triber RXZ,₹ 6.55 Lakh,"60,984 km",Diesel,Noida,2021
Honda City ZX,₹ 7.37 Lakh,"104,023 km",Diesel,Lucknow,2021
Kia Carens Prestige,₹ 10.20 Lakh,"88,776 km",Petrol,Kochi,2019
Renault Kiger RXZ,₹ 2.90 Lakh,"124,844 km",Petrol,Delhi,2017
MG Astor Savvy,₹ 9.50 Lakh,"118,994 km",Petrol,Delhi,2018
Lexus ES 300h,₹ 61.32 Lakh,"62,801 km",Diesel,Chennai,2022
BMW 3 Series 320d,₹ 25.70 Lakh,"154,330 km",Petrol,Delhi,2014
Maruti Suzuki Swift VXi,₹ 7.89 Lakh,"44,513 km",Diesel,Hyderabad,2024
Mercedes-Benz E-Class E220d,₹ 27.38 Lakh,"154,994 km",Diesel,Bangalore,2014
Toyota Glanza G,₹ 6.45 Lakh,"195,441 km",Petrol,Delhi,2012
Volvo XC60,₹ 38.32 Lakh,"73,526 km",Diesel,Kolkata,2020
Tata Harrier XZ,₹ 5.29 Lakh,"164,361 km",Petrol,Mysuru,2013
Volkswagen Virtus GT,₹ 11.07 Lakh,"97,903 km",Diesel,Bangalore,2020
Mahindra Thar LX,₹ 15.65 Lakh,"40,072 km",Petrol,Bangalore,2024
Volvo XC40 Recharge,₹ 40.42 Lakh,"106,826 km",CNG,Delhi,2021
Jeep Compass Limited,₹ 25.75 Lakh,"44,295 km",Diesel,Hyderabad,2022
Audi Q3 Premium,₹ 21.07 Lakh,"167,951 km",Petrol,Noida,2013
Renault Kiger RXZ,₹ 6.53 Lakh,"33,191 km",Petrol,Lucknow,2022
Jeep Compass Limited,₹ 18.75 Lakh,"92,029 km",Diesel,Thane,2018
Jaguar XE Prestige,₹ 52.76 Lakh,"29,867 km",Petrol,Noida,2023
Lexus NX 350h,₹ 60.28 Lakh,"84,146 km",Diesel,Lucknow,2022
Volkswagen Taigun GT,₹ 12.81 Lakh,"82,741 km",Petrol,Jaipur,2022
Mahindra XUV700 AX7,₹ 9.67 Lakh,"100,244 km",Petrol,Ahmedabad,2018
Jeep Compass Limited,₹ 30.74 Lakh,"40,661 km",Hybrid,Lucknow,2025
Ford Endeavour Titanium,₹ 7.18 Lakh,"194,603 km",Electric,Kochi,2012
Skoda Slavia Style,₹ 14.60 Lakh,"135,743 km",Electric,Pune,2017
Lexus NX 350h,₹ 57.25 Lakh,"105,026 km",Diesel,Bangalore,2022
Renault Triber RXZ,₹ 2.19 Lakh,"176,484 km",Petrol,Ahmedabad,2012
Nissan Magnite XV,₹ 5.07 Lakh,"75,136 km",Diesel,Thane,2021
BMW X1 sDrive,₹ 33.57 Lakh,"112,712 km",Petrol,Jaipur,2018
Maruti Suzuki Baleno Alpha,₹ 9.21 Lakh,"57,180 km",Electric,Bangalore,2024
Tata Nexon XZ+,₹ 11.28 Lakh,"31,549 km",Diesel,Lucknow,2022
Toyota Innova Crysta GX,₹ 12.21 Lakh,"93,438 km",Hybrid,Thane,2019
Mahindra Thar LX,₹ 10.31 Lakh,"132,352 km",Diesel,Bangalore,2018
BMW 5 Series 530d,₹ 33.26 Lakh,"82,830 km",Diesel,Mumbai,2019
Audi Q3 Premium,₹ 28.92 Lakh,"92,468 km",Electric,Kochi,2018
Volkswagen Polo GT,₹ 9.97 Lakh,"113,167 km",Diesel,Kochi,2019
Mahindra Scorpio N Z8,₹ 7.53 Lakh,"155,900 km",Petrol,Kolkata,2014
Volvo XC60,₹ 22.89 Lakh,"165,801 km",Petrol,Jaipur,2013
BMW 3 Series 320d,₹ 18.58 Lakh,"152,629 km",CNG,Kolkata,2013
Ford EcoSport Titanium,₹ 13.38 Lakh,"41,081 km",Hybrid,Kochi,2023
Mercedes-Benz GLA 200,₹ 24.63 Lakh,"184,325 km",Diesel,Kolkata,2012
Mercedes-Benz E-Class E220d,₹ 22.98 Lakh,"166,587 km",Petrol,Pune,2013
Volkswagen Taigun GT,₹ 15.78 Lakh,"51,020 km",Petrol,Mysuru,2023
Nissan Magnite XV,₹ 2.54 Lakh,"122,395 km",Petrol,Mysuru,2016
Volkswagen Taigun GT,₹ 13.26 Lakh,"78,509 km",Diesel,Thane,2020
Tata Altroz XZ,₹ 9.39 Lakh,"79,502 km",Diesel,Chennai,2022
Mahindra XUV700 AX7,₹ 17.54 Lakh,"12,673 km",Petrol,Pune,2025
Jeep Compass Limited,₹ 13.76 Lakh,"124,975 km",Petrol,Delhi,2014
BMW 3 Series 320d,₹ 29.51 Lakh,"111,965 km",Petrol,Noida,2016
Nissan Magnite XV,₹ 6.25 Lakh,"48,752 km",Petrol,Lucknow,2023
Honda BR-V VX,₹ 9.66 Lakh,"46,030 km",Petrol,Noida,2024
Honda City ZX,₹ 7.79 Lakh,"97,052 km",Petrol,Kochi,2022
Kia Sonet GTX,₹ 11.09 Lakh,"106,753 km",Electric,Kolkata,2018
Skoda Superb L&K,₹ 13.74 Lakh,"69,772 km",Petrol,Lucknow,2019
Mahindra Thar LX,₹ 11.82 Lakh,"55,687 km",Diesel,Ahmedabad,2021
Jaguar XE Prestige,₹ 45.31 Lakh,"98,704 km",Petrol,Lucknow,2019
Ford Endeavour Titanium,₹ 6.14 Lakh,"154,791 km",Petrol,Chennai,2013
BMW 3 Series 320d,₹ 52.82 Lakh,"21,696 km",Electric,Jaipur,2024
Mercedes-Benz GLA 200,₹ 45.25 Lakh,"82,699 km",CNG,Jaipur,2020
Jaguar F-Pace,₹ 38.16 Lakh,"131,347 km",Diesel,Hyderabad,2017
Hyundai Grand i10,₹ 8.72 Lakh,"56,943 km",Hybrid,Hyderabad,2019
Volvo XC40 Recharge,₹ 30.39 Lakh,"89,843 km",Petrol,Lucknow,2018
Lexus NX 350h,₹ 67.78 Lakh,"34,313 km",Petrol,Kolkata,2025
Tata Altroz XZ,₹ 6.53 Lakh,"149,930 km",CNG,Mysuru,2018
Tata Punch Creative,₹ 12.87 Lakh,"31,035 km",Electric,Mysuru,2023
Nissan Magnite XV,₹ 5.98 Lakh,"64,156 km",Petrol,Delhi,2022
Lexus ES 300h,₹ 64.44 Lakh,"11,441 km",Diesel,Hyderabad,2025
Nissan Magnite XV,₹ 5.24 Lakh,"104,497 km",Petrol,Jaipur,2017
Renault Kiger RXZ,₹ 8.30 Lakh,"25,317 km",Diesel,Chennai,2024
Maruti Suzuki WagonR VXi,₹ 3.59 Lakh,"156,466 km",Diesel,Mumbai,2014
Hyundai Venue SX,₹ 4.38 Lakh,"154,114 km",Petrol,Mysuru,2013
Audi A4 35 TDI,₹ 16.92 Lakh,"183,692 km",CNG,Hyderabad,2012
Skoda Superb L&K,₹ 17.36 Lakh,"55,121 km",Petrol,Lucknow,2022
Mahindra Scorpio N Z8,₹ 8.81 Lakh,"101,676 km",Petrol,Kolkata,2016
Kia Sonet GTX,₹ 4.49 Lakh,"177,361 km",Petrol,Pune,2012
Audi A4 35 TDI,₹ 25.68 Lakh,"97,935 km",Petrol,Hyderabad,2018
Renault Triber RXZ,₹ 3.51 Lakh,"141,622 km",Diesel,Jaipur,2015
Jaguar F-Pace,₹ 48.70 Lakh,"73,988 km",Petrol,Kolkata,2021
Jaguar XE Prestige,₹ 22.81 Lakh,"186,865 km",Electric,Hyderabad,2012
Jaguar F-Pace,₹ 50.70 Lakh,"106,464 km",Diesel,Noida,2021
Mercedes-Benz C-Class C200,₹ 23.02 Lakh,"186,697 km",Petrol,Ahmedabad,2013
Nissan Magnite XV,₹ 4.77 Lakh,"129,218 km",Petrol,Thane,2015
Toyota Urban Cruiser,₹ 10.71 Lakh,"115,969 km",Diesel,Jaipur,2018
Volvo XC40 Recharge,₹ 46.18 Lakh,"12,451 km",Diesel,Noida,2025
Mahindra XUV500 W8,₹ 7.05 Lakh,"130,253 km",Petrol,Thane,2014
Audi A4 35 TDI,₹ 14.56 Lakh,"181,752 km",Diesel,Delhi,2012
Honda BR-V VX,₹ 9.78 Lakh,"3,000 km",Diesel,Kolkata,2025
Lexus ES 300h,₹ 58.71 Lakh,"78,970 km",Diesel,Noida,2022
Mercedes-Benz C-Class C200,₹ 36.46 Lakh,"71,918 km",CNG,Pune,2019
Hyundai Verna SX,₹ 8.81 Lakh,"109,897 km",Petrol,Lucknow,2019
Tata Altroz XZ,₹ 8.42 Lakh,"88,703 km",Diesel,Ahmedabad,2017
Audi A4 35 TDI,₹ 31.16 Lakh,"50,038 km",Petrol,Delhi,2021
Tata Harrier XZ,₹ 12.21 Lakh,"20,331 km",Diesel,Noida,2025
Tata Altroz XZ,₹ 11.24 Lakh,"93,045 km",Petrol,Thane,2023
Volvo XC60,₹ 45.78 Lakh,"56,928 km",Petrol,Bangalore,2024
Honda BR-V VX,₹ 8.89 Lakh,"13,883 km",Diesel,Noida,2023
Volvo XC60,₹ 44.97 Lakh,"66,334 km",CNG,Lucknow,2023
MG Astor Savvy,₹ 14.44 Lakh,"59,552 km",Diesel,Bangalore,2024
Mahindra XUV700 AX7,₹ 9.83 Lakh,"124,878 km",Diesel,Bangalore,2016
Kia Sonet GTX,₹ 4.10 Lakh,"162,600 km",Diesel,Bangalore,2012
Audi A4 35 TDI,₹ 24.36 Lakh,"147,626 km",Hybrid,Lucknow,2015
Tata Altroz XZ,₹ 7.24 Lakh,"135,878 km",Hybrid,Pune,2014
Mahindra XUV700 AX7,₹ 6.05 Lakh,"152,095 km",Diesel,Mysuru,2013
Volkswagen Polo GT,₹ 10.10 Lakh,"126,884 km",Diesel,Pune,2018
BMW 5 Series 530d,₹ 43.29 Lakh,"74,655 km",Petrol,Jaipur,2022
Volkswagen Taigun GT,₹ 14.96 Lakh,"54,962 km",Petrol,Mysuru,2024
Honda Amaze VX,₹ 6.75 Lakh,"104,441 km",Diesel,Lucknow,2021
Mercedes-Benz C-Class C200,₹ 49.24 Lakh,"73,151 km",Petrol,Bangalore,2023
Volvo XC60,₹ 43.54 Lakh,"53,988 km",Diesel,Kolkata,2023
Kia Seltos HTX,₹ 9.84 Lakh,"49,683 km",Petrol,Pune,2020
Mahindra XUV500 W8,₹ 7.92 Lakh,"124,363 km",CNG,Hyderabad,2014
Toyota Fortuner 4x2,₹ 10.17 Lakh,"87,796 km",Petrol,Pune,2018
Mercedes-Benz GLA 200,₹ 47.85 Lakh,"56,371 km",Diesel,Chennai,2021
Nissan Magnite XV,₹ 6.03 Lakh,"65,729 km",Petrol,Mumbai,2021
Hyundai Verna SX,₹ 8.12 Lakh,"95,020 km",Petrol,Mysuru,2020
Jeep Compass Limited,₹ 14.49 Lakh,"178,659 km",Diesel,Noida,2015
BMW X1 sDrive,₹ 34.44 Lakh,"117,872 km",Petrol,Chennai,2018
MG Astor Savvy,₹ 7.60 Lakh,"176,947 km",Petrol,Ahmedabad,2014
Maruti Suzuki WagonR VXi,₹ 2.30 Lakh,"146,847 km",Petrol,Mysuru,2015
Kia Seltos HTX,₹ 14.63 Lakh,"30,074 km",Petrol,Noida,2025
Renault Triber RXZ,₹ 6.59 Lakh,"5,176 km",Petrol,Delhi,2025
BMW 5 Series 530d,₹ 44.90 Lakh,"72,530 km",Petrol,Mumbai,2022
Audi A4 35 TDI,₹ 21.95 Lakh,"181,071 km",Petrol,Jaipur,2014
Maruti Suzuki WagonR VXi,₹ 7.08 Lakh,"3,000 km",Petrol,Noida,2025
Kia Carens Prestige,₹ 12.31 Lakh,"54,982 km",Petrol,Kolkata,2022
Hyundai Venue SX,₹ 7.03 Lakh,"64,853 km",Petrol,Hyderabad,2020
Honda City ZX,₹ 7.16 Lakh,"36,838 km",Petrol,Ahmedabad,2020
Volvo XC40 Recharge,₹ 36.36 Lakh,"79,814 km",Petrol,Noida,2019
Mercedes-Benz GLA 200,₹ 36.55 Lakh,"120,656 km",Diesel,Jaipur,2018
Mercedes-Benz C-Class C200,₹ 56.88 Lakh,"3,000 km",Petrol,Hyderabad,2024
Honda BR-V VX,₹ 10.52 Lakh,"3,000 km",Petrol,Kochi,2025
Audi A4 35 TDI,₹ 26.38 Lakh,"97,193 km",Hybrid,Chennai,2018
Lexus ES 300h,₹ 49.37 Lakh,"113,264 km",CNG,Delhi,2019
Renault Triber RXZ,₹ 5.85 Lakh,"59,923 km",Petrol,Noida,2023
Mercedes-Benz GLA 200,₹ 39.11 Lakh,"104,532 km",Diesel,Ahmedabad,2018
Volkswagen Polo GT,₹ 8.93 Lakh,"136,173 km",Petrol,Mysuru,2015
Tata Altroz XZ,₹ 2.97 Lakh,"180,064 km",Petrol,Ahmedabad,2012
Mercedes-Benz C-Class C200,₹ 29.31 Lakh,"201,276 km",Diesel,Jaipur,2015
MG Astor Savvy,₹ 8.44 Lakh,"148,626 km",Petrol,Mumbai,2014
Hyundai i20 Asta,₹ 12.02 Lakh,"3,255 km",Diesel,Mumbai,2024
Audi Q5 quattro,₹ 24.25 Lakh,"145,447 km",Diesel,Bangalore,2015
Toyota Urban Cruiser,₹ 10.79 Lakh,"99,221 km",Diesel,Pune,2019
Mahindra XUV700 AX7,₹ 10.13 Lakh,"82,113 km",Petrol,Thane,2019
Volkswagen Taigun GT,₹ 8.05 Lakh,"136,280 km",Diesel,Lucknow,2016
Kia Sonet GTX,₹ 11.81 Lakh,"60,588 km",Diesel,Ahmedabad,2022
Jaguar XE Prestige,₹ 27.97 Lakh,"148,733 km",CNG,Chennai,2015
Audi A4 35 TDI,₹ 41.75 Lakh,"43,509 km",Petrol,Ahmedabad,2023
BMW 5 Series 530d,₹ 32.88 Lakh,"121,180 km",CNG,Hyderabad,2017
Honda Amaze VX,₹ 9.51 Lakh,"79,023 km",Diesel,Pune,2022
Volkswagen Virtus GT,₹ 15.33 Lakh,"27,158 km",CNG,Delhi,2023
Volvo XC60,₹ 22.76 Lakh,"119,821 km",Petrol,Ahmedabad,2013
Volkswagen Taigun GT,₹ 17.67 Lakh,"39,513 km",Electric,Lucknow,2024
Volkswagen Polo GT,₹ 12.57 Lakh,"90,230 km",Diesel,Hyderabad,2020
BMW X1 sDrive,₹ 31.06 Lakh,"111,570 km",Petrol,Pune,2016
Nissan Magnite XV,₹ 8.10 Lakh,"44,920 km",Petrol,Delhi,2025
Tata Punch Creative,₹ 6.75 Lakh,"159,907 km",Diesel,Pune,2015
Skoda Kushaq Style,₹ 18.25 Lakh,"16,536 km",Diesel,Jaipur,2025
Lexus ES 300h,₹ 56.61 Lakh,"22,076 km",Petrol,Hyderabad,2022
Mahindra XUV500 W8,₹ 7.62 Lakh,"152,618 km",Petrol,Thane,2014
Mahindra XUV700 AX7,₹ 6.01 Lakh,"137,175 km",Diesel,Chennai,2013
Volkswagen Taigun GT,₹ 7.84 Lakh,"147,943 km",Petrol,Noida,2017
Toyota Urban Cruiser,₹ 8.88 Lakh,"175,646 km",Diesel,Bangalore,2015
Ford EcoSport Titanium,₹ 14.38 Lakh,"16,400 km",Diesel,Mumbai,2024
MG Hector Sharp,₹ 9.20 Lakh,"151,541 km",CNG,Kolkata,2016
Jaguar F-Pace,₹ 52.63 Lakh,"57,999 km",Diesel,Bangalore,2022
Toyota Fortuner 4x2,₹ 16.04 Lakh,"24,533 km",Petrol,Hyderabad,2024
Renault Triber RXZ,₹ 1.69 Lakh,"181,110 km",Diesel,Noida,2013
Lexus ES 300h,₹ 33.82 Lakh,"143,060 km",Electric,Lucknow,2014
Toyota Urban Cruiser,₹ 11.33 Lakh,"102,136 km",Petrol,Hyderabad,2020
Jeep Compass Limited,₹ 28.42 Lakh,"61,641 km",Diesel,Bangalore,2023
Lexus ES 300h,₹ 59.52 Lakh,"12,647 km",Petrol,Chennai,2023
Tata Punch Creative,₹ 9.15 Lakh,"103,041 km",Diesel,Noida,2020
Tata Harrier XZ,₹ 3.46 Lakh,"172,166 km",Petrol,Pune,2014
Volkswagen Virtus GT,₹ 9.67 Lakh,"137,094 km",Diesel,Bangalore,2016
Volkswagen Taigun GT,₹ 9.38 Lakh,"121,248 km",Diesel,Thane,2017
Mercedes-Benz E-Class E220d,₹ 43.29 Lakh,"87,131 km",Diesel,Jaipur,2020
Lexus ES 300h,₹ 60.05 Lakh,"58,004 km",CNG,Pune,2023
Jeep Compass Limited,₹ 24.16 Lakh,"68,376 km",Diesel,Kolkata,2021
Renault Kwid Climber,₹ 1.37 Lakh,"198,731 km",Petrol,Noida,2014
Honda BR-V VX,₹ 9.31 Lakh,"9,710 km",Diesel,Jaipur,2025
Jaguar F-Pace,₹ 30.97 Lakh,"108,456 km",Petrol,Hyderabad,2015
MG Astor Savvy,₹ 3.98 Lakh,"191,317 km",Petrol,Chennai,2012
Mahindra XUV500 W8,₹ 12.08 Lakh,"83,608 km",Petrol,Noida,2022
Lexus ES 300h,₹ 49.89 Lakh,"88,612 km",Diesel,Thane,2019
BMW 3 Series 320d,₹ 29.74 Lakh,"125,240 km",Electric,Jaipur,2016
Honda BR-V VX,₹ 3.94 Lakh,"139,821 km",CNG,Lucknow,2015
Ford Endeavour Titanium,₹ 6.68 Lakh,"138,539 km",Petrol,Delhi,2016
Jaguar XE Prestige,₹ 38.28 Lakh,"117,736 km",Diesel,Chennai,2017
Volkswagen Polo GT,₹ 4.86 Lakh,"178,328 km",Diesel,Thane,2012
Jaguar XE Prestige,₹ 30.69 Lakh,"127,101 km",Petrol,Ahmedabad,2015
Renault Kwid Climber,₹ 3.86 Lakh,"110,700 km",Diesel,Kolkata,2015
Maruti Suzuki Baleno Alpha,₹ 1.40 Lakh,"139,840 km",Petrol,Lucknow,2013
Honda BR-V VX,₹ 4.74 Lakh,"153,740 km",Petrol,Mysuru,2016
Mercedes-Benz GLA 200,₹ 24.16 Lakh,"174,638 km",Diesel,Mumbai,2012
BMW 3 Series 320d,₹ 43.56 Lakh,"93,525 km",Diesel,Noida,2021
Maruti Suzuki Baleno Alpha,₹ 3.95 Lakh,"154,101 km",Petrol,Delhi,2016
Mahindra XUV700 AX7,₹ 7.03 Lakh,"167,006 km",Diesel,Kolkata,2015
BMW 3 Series 320d,₹ 20.18 Lakh,"173,161 km",Diesel,Lucknow,2013
Volkswagen Polo GT,₹ 5.39 Lakh,"171,675 km",Diesel,Chennai,2013
Tata Harrier XZ,₹ 5.29 Lakh,"161,182 km",Petrol,Chennai,2014
Toyota Fortuner 4x2,₹ 15.81 Lakh,"72,780 km",Hybrid,Kochi,2021
Volvo XC60,₹ 49.65 Lakh,"33,057 km",Diesel,Chennai,2025
Maruti Suzuki Swift VXi,₹ 4.29 Lakh,"101,457 km",Petrol,Bangalore,2019
Audi Q3 Premium,₹ 33.56 Lakh,"88,345 km",Electric,Hyderabad,2020
Jaguar XE Prestige,₹ 42.55 Lakh,"88,137 km",Hybrid,Chennai,2018
Maruti Suzuki Dzire ZXi,₹ 7.09 Lakh,"28,553 km",Petrol,Noida,2025
Ford EcoSport Titanium,₹ 14.71 Lakh,"3,000 km",Petrol,Ahmedabad,2025
Renault Triber RXZ,₹ 1.62 Lakh,"162,498 km",Diesel,Thane,2012
Mercedes-Benz GLA 200,₹ 31.69 Lakh,"131,121 km",Petrol,Hyderabad,2016
Renault Kwid Climber,₹ 5.31 Lakh,"91,954 km",Hybrid,Hyderabad,2018
Kia Carens Prestige,₹ 5.81 Lakh,"139,744 km",Petrol,Lucknow,2015
Nissan Magnite XV,₹ 6.93 Lakh,"58,632 km",Diesel,Pune,2023
MG Hector Sharp,₹ 16.49 Lakh,"50,343 km",Petrol,Mumbai,2023
Skoda Superb L&K,₹ 13.09 Lakh,"81,440 km",Hybrid,Bangalore,2017
Mercedes-Benz C-Class C200,₹ 25.26 Lakh,"180,624 km",Petrol,Kochi,2013
BMW 3 Series 320d,₹ 24.47 Lakh,"134,434 km",Petrol,Noida,2015
Tata Harrier XZ,₹ 5.90 Lakh,"132,692 km",Diesel,Delhi,2018
Maruti Suzuki Baleno Alpha,₹ 2.74 Lakh,"104,071 km",Diesel,Chennai,2017
Audi Q5 quattro,₹ 39.20 Lakh,"14,284 km",Diesel,Thane,2024
Jeep Compass Limited,₹ 27.57 Lakh,"56,144 km",Petrol,Ahmedabad,2024
Mercedes-Benz C-Class C200,₹ 54.82 Lakh,"4,807 km",Petrol,Thane,2025
Volkswagen Taigun GT,₹ 5.96 Lakh,"161,728 km",Petrol,Delhi,2012
Volvo XC40 Recharge,₹ 42.33 Lakh,"32,833 km",Diesel,Bangalore,2022
Mercedes-Benz GLA 200,₹ 49.90 Lakh,"59,908 km",Petrol,Ahmedabad,2022
Tata Punch Creative,₹ 6.93 Lakh,"87,568 km",Diesel,Thane,2017
Jaguar XE Prestige,₹ 46.06 Lakh,"72,533 km",Petrol,Bangalore,2020
Mercedes-Benz GLA 200,₹ 22.52 Lakh,"203,142 km",Petrol,Lucknow,2012
Hyundai Creta SX,₹ 11.45 Lakh,"15,956 km",Diesel,Delhi,2025
Nissan Magnite XV,₹ 3.99 Lakh,"134,623 km",Petrol,Hyderabad,2017
Lexus ES 300h,₹ 52.44 Lakh,"118,284 km",Petrol,Kochi,2021
Kia Seltos HTX,₹ 6.48 Lakh,"163,706 km",CNG,Kolkata,2013
Ford EcoSport Titanium,₹ 7.09 Lakh,"125,276 km",Petrol,Ahmedabad,2014
Kia Seltos HTX,₹ 7.52 Lakh,"127,596 km",Diesel,Chennai,2016
Volvo XC40 Recharge,₹ 40.74 Lakh,"58,183 km",Petrol,Mysuru,2022
Jeep Compass Limited,₹ 15.66 Lakh,"141,425 km",Petrol,Chennai,2015
Renault Triber RXZ,₹ 6.62 Lakh,"137,370 km",Electric,Noida,2015
Audi Q3 Premium,₹ 39.23 Lakh,"19,891 km",Petrol,Delhi,2024
Honda Amaze VX,₹ 9.13 Lakh,"51,215 km",Diesel,Chennai,2022
Nissan Magnite XV,₹ 3.60 Lakh,"98,634 km",Diesel,Ahmedabad,2018
Mercedes-Benz C-Class C200,₹ 60.61 Lakh,"18,627 km",CNG,Delhi,2025
Renault Kwid Climber,₹ 3.69 Lakh,"119,115 km",Petrol,Chennai,2016
Hyundai i20 Asta,₹ 4.03 Lakh,"152,881 km",Petrol,Pune,2012
Hyundai Creta SX,₹ 7.32 Lakh,"93,705 km",Diesel,Noida,2020
Nissan Magnite XV,₹ 5.49 Lakh,"94,168 km",CNG,Noida,2018
BMW X1 sDrive,₹ 43.42 Lakh,"27,941 km",Petrol,Mysuru,2023
Renault Kiger RXZ,₹ 5.63 Lakh,"32,734 km",Petrol,Kochi,2022
Jaguar F-Pace,₹ 34.06 Lakh,"158,828 km",Petrol,Chennai,2017
BMW 3 Series 320d,₹ 44.04 Lakh,"43,293 km",CNG,Bangalore,2022
Nissan Magnite XV,₹ 6.87 Lakh,"18,950 km",Petrol,Thane,2024
Renault Kiger RXZ,₹ 2.70 Lakh,"143,088 km",Petrol,Lucknow,2012
Volkswagen Virtus GT,₹ 14.24 Lakh,"49,202 km",CNG,Ahmedabad,2024
Honda Amaze VX,₹ 6.37 Lakh,"129,775 km",Diesel,Pune,2016
Lexus ES 300h,₹ 64.06 Lakh,"59,181 km",Petrol,Hyderabad,2023
MG ZS EV,₹ 15.23 Lakh,"72,051 km",Electric,Noida,2019
Nissan Magnite XV,₹ 2.89 Lakh,"150,080 km",CNG,Pune,2016
Mahindra Thar LX,₹ 11.50 Lakh,"129,775 km",Diesel,Kochi,2019
Skoda Kushaq Style,₹ 10.71 Lakh,"124,150 km",Petrol,Bangalore,2018
Mahindra XUV700 AX7,₹ 12.17 Lakh,"43,756 km",Diesel,Mysuru,2022
Maruti Suzuki WagonR VXi,₹ 5.80 Lakh,"72,116 km",Petrol,Mysuru,2020
MG Astor Savvy,₹ 6.87 Lakh,"130,785 km",Diesel,Thane,2015
Ford EcoSport Titanium,₹ 4.74 Lakh,"178,604 km",CNG,Lucknow,2013
MG ZS EV,₹ 8.39 Lakh,"162,786 km",Electric,Kolkata,2013
Jeep Compass Limited,₹ 11.10 Lakh,"172,749 km",Petrol,Delhi,2013
Toyota Innova Crysta GX,₹ 11.89 Lakh,"105,835 km",Petrol,Kochi,2020
Skoda Kushaq Style,₹ 9.05 Lakh,"160,529 km",CNG,Bangalore,2014
Mercedes-Benz E-Class E220d,₹ 29.46 Lakh,"146,545 km",Petrol,Pune,2016
Jaguar F-Pace,₹ 45.50 Lakh,"124,118 km",Petrol,Ahmedabad,2019
Audi Q3 Premium,₹ 36.99 Lakh,"63,149 km",Petrol,Hyderabad,2024
Renault Kiger RXZ,₹ 7.22 Lakh,"92,099 km",Hybrid,Pune,2019
BMW X1 sDrive,₹ 52.96 Lakh,"25,302 km",Diesel,Kolkata,2024
Audi Q5 quattro,₹ 19.97 Lakh,"133,257 km",Petrol,Lucknow,2015
MG Hector Sharp,₹ 12.31 Lakh,"84,746 km",Diesel,Kolkata,2018
Nissan Magnite XV,₹ 4.64 Lakh,"203,588 km",Hybrid,Hyderabad,2012
Mercedes-Benz GLA 200,₹ 40.60 Lakh,"99,555 km",Petrol,Pune,2019
Jaguar XE Prestige,₹ 51.33 Lakh,"77,709 km",Diesel,Bangalore,2022
Ford EcoSport Titanium,₹ 9.01 Lakh,"129,081 km",Petrol,Jaipur,2017
Volvo XC40 Recharge,₹ 31.94 Lakh,"119,743 km",Petrol,Delhi,2018
Kia Seltos HTX,₹ 6.17 Lakh,"120,157 km",Diesel,Bangalore,2015
Jaguar XE Prestige,₹ 44.03 Lakh,"76,699 km",Diesel,Mumbai,2019
Skoda Kushaq Style,₹ 4.94 Lakh,"161,868 km",Diesel,Pune,2012
Maruti Suzuki Baleno Alpha,₹ 6.55 Lakh,"59,644 km",Petrol,Mumbai,2021
Honda Amaze VX,₹ 8.88 Lakh,"79,532 km",CNG,Kolkata,2021
Renault Kwid Climber,₹ 4.12 Lakh,"114,035 km",Petrol,Chennai,2019
Volkswagen Virtus GT,₹ 9.85 Lakh,"68,264 km",Diesel,Jaipur,2019
Nissan Magnite XV,₹ 2.82 Lakh,"185,431 km",Petrol,Chennai,2012
Renault Triber RXZ,₹ 6.68 Lakh,"17,641 km",Petrol,Chennai,2023
BMW 3 Series 320d,₹ 48.72 Lakh,"72,583 km",Petrol,Mumbai,2023
Maruti Suzuki Brezza ZXi,₹ 5.85 Lakh,"3,026 km",Petrol,Hyderabad,2024
Honda BR-V VX,₹ 9.81 Lakh,"107,792 km",Hybrid,Mysuru,2019
Renault Kiger RXZ,₹ 2.85 Lakh,"202,170 km",Petrol,Jaipur,2013
Hyundai Venue SX,₹ 10.95 Lakh,"3,000 km",CNG,Kochi,2025
Mercedes-Benz E-Class E220d,₹ 27.01 Lakh,"144,982 km",Hybrid,Lucknow,2014
Audi Q3 Premium,₹ 32.15 Lakh,"133,215 km",Diesel,Chennai,2020
Ford Endeavour Titanium,₹ 5.26 Lakh,"183,674 km",CNG,Hyderabad,2012
Mercedes-Benz GLA 200,₹ 28.22 Lakh,"141,414 km",Petrol,Mysuru,2015
Volkswagen Taigun GT,₹ 7.62 Lakh,"193,087 km",Petrol,Kolkata,2014
Lexus ES 300h,₹ 51.39 Lakh,"109,526 km",CNG,Mysuru,2019
Jaguar XE Prestige,₹ 43.13 Lakh,"122,089 km",Diesel,Bangalore,2018
Mercedes-Benz C-Class C200,₹ 58.10 Lakh,"9,972 km",Petrol,Bangalore,2024
Tata Altroz XZ,₹ 11.63 Lakh,"57,686 km",Petrol,Thane,2024
Volkswagen Virtus GT,₹ 9.41 Lakh,"111,695 km",Petrol,Hyderabad,2019
Volkswagen Taigun GT,₹ 7.44 Lakh,"149,037 km",Diesel,Mumbai,2014
Mahindra XUV700 AX7,₹ 7.69 Lakh,"159,868 km",Petrol,Kochi,2015
Honda Amaze VX,₹ 3.89 Lakh,"158,794 km",Petrol,Mysuru,2016
Ford EcoSport Titanium,₹ 9.32 Lakh,"82,836 km",CNG,Delhi,2019
Mahindra Thar LX,₹ 9.41 Lakh,"133,908 km",Petrol,Lucknow,2016
Volkswagen Virtus GT,₹ 8.92 Lakh,"127,344 km",CNG,Mumbai,2016
Renault Triber RXZ,₹ 3.88 Lakh,"140,511 km",Petrol,Kolkata,2014
Maruti Suzuki Swift VXi,₹ 7.06 Lakh,"31,654 km",Diesel,Jaipur,2024
MG Astor Savvy,₹ 15.63 Lakh,"22,786 km",Diesel,Kochi,2023
Volkswagen Virtus GT,₹ 3.14 Lakh,"211,084 km",Petrol,Kolkata,2012
Renault Kiger RXZ,₹ 8.14 Lakh,"93,180 km",Electric,Thane,2020
Nissan Magnite XV,₹ 7.57 Lakh,"16,316 km",Petrol,Mysuru,2025
Lexus NX 350h,₹ 48.13 Lakh,"82,619 km",Petrol,Mysuru,2020
Jaguar F-Pace,₹ 32.84 Lakh,"166,945 km",Diesel,Lucknow,2015
Lexus NX 350h,₹ 69.71 Lakh,"3,000 km",Diesel,Bangalore,2025
Toyota Innova Crysta GX,₹ 8.98 Lakh,"117,863 km",Petrol,Mumbai,2017
Audi Q5 quattro,₹ 30.47 Lakh,"94,001 km",Diesel,Ahmedabad,2018
Lexus ES 300h,₹ 44.71 Lakh,"97,551 km",Petrol,Pune,2018
Maruti Suzuki Baleno Alpha,₹ 5.75 Lakh,"108,014 km",Petrol,Chennai,2019
Nissan Magnite XV,₹ 10.49 Lakh,"55,882 km",Hybrid,Hyderabad,2024
Volkswagen Virtus GT,₹ 9.73 Lakh,"136,986 km",Petrol,Chennai,2017
Mahindra Thar LX,₹ 10.16 Lakh,"87,921 km",Petrol,Thane,2019
Renault Triber RXZ,₹ 5.52 Lakh,"73,635 km",Diesel,Mysuru,2021
Honda Jazz VX,₹ 4.49 Lakh,"133,630 km",Petrol,Ahmedabad,2017
Audi Q3 Premium,₹ 23.73 Lakh,"122,233 km",Diesel,Kochi,2015
Hyundai Verna SX,₹ 5.25 Lakh,"115,046 km",Diesel,Noida,2017
Ford EcoSport Titanium,₹ 11.25 Lakh,"96,755 km",Diesel,Noida,2022
Nissan Magnite XV,₹ 4.86 Lakh,"84,123 km",Petrol,Delhi,2018
Volkswagen Polo GT,₹ 18.49 Lakh,"28,645 km",Hybrid,Mysuru,2025
Lexus NX 350h,₹ 23.16 Lakh,"173,105 km",Petrol,Hyderabad,2012
Skoda Slavia Style,₹ 13.27 Lakh,"129,167 km",Electric,Hyderabad,2017
Honda Amaze VX,₹ 10.21 Lakh,"25,219 km",Petrol,Ahmedabad,2023
Lexus NX 350h,₹ 26.77 Lakh,"187,973 km",Petrol,Pune,2013
Jeep Compass Limited,₹ 18.96 Lakh,"145,317 km",Petrol,Chennai,2017
Tata Harrier XZ,₹ 8.51 Lakh,"94,866 km",Diesel,Chennai,2019
Nissan Magnite XV,₹ 7.86 Lakh,"3,000 km",Petrol,Kochi,2025
Ford EcoSport Titanium,₹ 12.37 Lakh,"3,000 km",Diesel,Lucknow,2024
Toyota Urban Cruiser,₹ 8.15 Lakh,"153,290 km",Electric,Kochi,2012
Ford Endeavour Titanium,₹ 9.09 Lakh,"93,078 km",Diesel,Mysuru,2018
MG Astor Savvy,₹ 7.84 Lakh,"127,222 km",Diesel,Mysuru,2016
Audi Q3 Premium,₹ 40.28 Lakh,"72,381 km",Petrol,Ahmedabad,2022
Jeep Compass Limited,₹ 10.63 Lakh,"175,855 km",Petrol,Hyderabad,2012
Honda BR-V VX,₹ 8.20 Lakh,"69,148 km",Diesel,Bangalore,2021
Audi Q3 Premium,₹ 25.09 Lakh,"118,445 km",Petrol,Thane,2016
Tata Punch Creative,₹ 15.98 Lakh,"37,477 km",Electric,Mumbai,2024
Toyota Fortuner 4x2,₹ 18.82 Lakh,"63,660 km",Electric,Jaipur,2023
Audi Q5 quattro,₹ 26.76 Lakh,"99,868 km",Petrol,Thane,2018
Mahindra Thar LX,₹ 14.01 Lakh,"89,102 km",Electric,Pune,2018
Honda Amaze VX,₹ 11.43 Lakh,"76,661 km",Electric,Ahmedabad,2021
Volvo XC40 Recharge,₹ 40.10 Lakh,"53,107 km",Diesel,Kochi,2022
Honda City ZX,₹ 2.59 Lakh,"145,904 km",CNG,Thane,2015
BMW 5 Series 530d,₹ 37.76 Lakh,"61,940 km",Petrol,Delhi,2020
Mercedes-Benz C-Class C200,₹ 54.58 Lakh,"14,530 km",Petrol,Bangalore,2024
Kia Seltos HTX,₹ 10.49 Lakh,"75,765 km",Diesel,Kolkata,2021
Ford Endeavour Titanium,₹ 7.44 Lakh,"103,908 km",Petrol,Lucknow,2018
Mahindra XUV500 W8,₹ 9.93 Lakh,"130,380 km",Petrol,Mysuru,2017
Volvo XC60,₹ 33.73 Lakh,"129,475 km",Diesel,Kolkata,2018
Kia Sonet GTX,₹ 10.49 Lakh,"83,246 km",Diesel,Thane,2019
Skoda Kushaq Style,₹ 10.44 Lakh,"127,747 km",Petrol,Bangalore,2017
Renault Triber RXZ,₹ 2.34 Lakh,"155,684 km",Diesel,Mysuru,2016
Mercedes-Benz C-Class C200,₹ 45.71 Lakh,"71,850 km",CNG,Noida,2021
Ford EcoSport Titanium,₹ 7.66 Lakh,"132,483 km",Petrol,Ahmedabad,2016
Volkswagen Virtus GT,₹ 13.10 Lakh,"50,995 km",Petrol,Kolkata,2022
Volkswagen Polo GT,₹ 5.40 Lakh,"142,642 km",Petrol,Ahmedabad,2014
Nissan Magnite XV,₹ 7.41 Lakh,"27,511 km",Diesel,Kolkata,2022
Lexus ES 300h,₹ 27.81 Lakh,"188,171 km",Diesel,Kolkata,2013
Tata Punch Creative,₹ 3.11 Lakh,"159,001 km",Petrol,Chennai,2013
Maruti Suzuki Baleno Alpha,₹ 7.80 Lakh,"29,513 km",Petrol,Noida,2024
Volvo XC60,₹ 17.42 Lakh,"156,073 km",CNG,Hyderabad,2012
Honda Jazz VX,₹ 4.40 Lakh,"120,509 km",Diesel,Hyderabad,2014
Audi Q3 Premium,₹ 18.58 Lakh,"164,116 km",Petrol,Noida,2012
Skoda Slavia Style,₹ 12.31 Lakh,"84,728 km",Petrol,Lucknow,2018
Renault Triber RXZ,₹ 8.60 Lakh,"88,923 km",Electric,Noida,2019
Tata Nexon XZ+,₹ 5.31 Lakh,"125,128 km",CNG,Pune,2016
MG ZS EV,₹ 16.43 Lakh,"46,034 km",Petrol,Lucknow,2023
Tata Punch Creative,₹ 4.39 Lakh,"139,113 km",Petrol,Delhi,2014
Volvo XC60,₹ 34.04 Lakh,"95,153 km",Hybrid,Pune,2018
MG Hector Sharp,₹ 13.21 Lakh,"96,829 km",Petrol,Lucknow,2020
Skoda Slavia Style,₹ 16.63 Lakh,"33,330 km",Petrol,Thane,2024
Renault Kwid Climber,₹ 1.90 Lakh,"177,419 km",Petrol,Ahmedabad,2013
Lexus ES 300h,₹ 66.48 Lakh,"3,000 km",Petrol,Jaipur,2025
Jaguar XE Prestige,₹ 41.00 Lakh,"109,876 km",Diesel,Noida,2019
Volvo XC40 Recharge,₹ 27.42 Lakh,"99,376 km",Diesel,Pune,2017
Nissan Magnite XV,₹ 7.36 Lakh,"53,881 km",Petrol,Hyderabad,2022
Volkswagen Taigun GT,₹ 9.91 Lakh,"61,762 km",Petrol,Chennai,2018
MG Hector Sharp,₹ 10.59 Lakh,"120,387 km",Diesel,Pune,2017
Skoda Superb L&K,₹ 18.99 Lakh,"43,938 km",Diesel,Delhi,2025
Jeep Compass Limited,₹ 30.34 Lakh,"9,502 km",Petrol,Bangalore,2025
MG ZS EV,₹ 8.40 Lakh,"147,045 km",Petrol,Chennai,2015
Maruti Suzuki Brezza ZXi,₹ 4.62 Lakh,"86,980 km",Petrol,Jaipur,2020
Tata Nexon XZ+,₹ 6.39 Lakh,"144,667 km",Hybrid,Noida,2015
Tata Punch Creative,₹ 6.46 Lakh,"151,876 km",Hybrid,Lucknow,2015
Maruti Suzuki Dzire ZXi,₹ 5.48 Lakh,"80,957 km",Diesel,Kochi,2020
Mercedes-Benz E-Class E220d,₹ 60.17 Lakh,"16,339 km",Hybrid,Bangalore,2025
Lexus ES 300h,₹ 45.44 Lakh,"84,602 km",Diesel,Jaipur,2019
Tata Harrier XZ,₹ 11.13 Lakh,"117,798 km",Electric,Jaipur,2018
Renault Triber RXZ,₹ 4.04 Lakh,"127,500 km",Petrol,Bangalore,2016
Audi Q3 Premium,₹ 16.32 Lakh,"161,889 km",Petrol,Delhi,2012
Maruti Suzuki Swift VXi,₹ 7.79 Lakh,"39,165 km",Petrol,Kolkata,2025
Jeep Compass Limited,₹ 17.39 Lakh,"143,417 km",Petrol,Mumbai,2016
Jaguar XE Prestige,₹ 49.97 Lakh,"43,430 km",Diesel,Kochi,2021
Mercedes-Benz E-Class E220d,₹ 55.16 Lakh,"36,327 km",Diesel,Delhi,2025
Nissan Magnite XV,₹ 5.44 Lakh,"71,232 km",Petrol,Kochi,2020
Jaguar F-Pace,₹ 18.89 Lakh,"183,573 km",Diesel,Mysuru,2012
Volvo XC40 Recharge,₹ 29.43 Lakh,"133,048 km",Petrol,Bangalore,2017
Kia Carens Prestige,₹ 11.61 Lakh,"97,464 km",Petrol,Lucknow,2020
Skoda Kushaq Style,₹ 14.45 Lakh,"97,947 km",Petrol,Thane,2020
Lexus NX 350h,₹ 70.43 Lakh,"15,383 km",Hybrid,Pune,2025
Toyota Glanza G,₹ 12.04 Lakh,"97,168 km",Diesel,Hyderabad,2019
Ford Endeavour Titanium,₹ 14.29 Lakh,"3,000 km",Diesel,Ahmedabad,2025
Audi Q5 quattro,₹ 33.20 Lakh,"50,104 km",CNG,Lucknow,2022
Mercedes-Benz C-Class C200,₹ 23.84 Lakh,"135,918 km",CNG,Jaipur,2014
Honda Amaze VX,₹ 8.61 Lakh,"79,485 km",CNG,Hyderabad,2022
Volvo XC60,₹ 45.11 Lakh,"62,202 km",Petrol,Lucknow,2024
Tata Altroz XZ,₹ 8.17 Lakh,"148,794 km",Electric,Mumbai,2017
BMW X1 sDrive,₹ 49.43 Lakh,"62,941 km",Electric,Jaipur,2022
Hyundai Venue SX,₹ 9.43 Lakh,"72,021 km",Hybrid,Delhi,2021
Mercedes-Benz E-Class E220d,₹ 22.25 Lakh,"161,962 km",Diesel,Mumbai,2012
MG Hector Sharp,₹ 12.50 Lakh,"114,756 km",CNG,Mysuru,2021
Mahindra XUV700 AX7,₹ 13.36 Lakh,"48,747 km",CNG,Thane,2023
Honda City ZX,₹ 6.19 Lakh,"64,530 km",Petrol,Bangalore,2019
Maruti Suzuki WagonR VXi,₹ 1.20 Lakh,"163,483 km",Petrol,Lucknow,2014
Jaguar F-Pace,₹ 40.61 Lakh,"112,859 km",Diesel,Bangalore,2019
Kia Seltos HTX,₹ 6.15 Lakh,"137,949 km",Diesel,Jaipur,2015
Lexus NX 350h,₹ 49.50 Lakh,"117,759 km",Petrol,Thane,2019
Nissan Magnite XV,₹ 9.02 Lakh,"27,987 km",Hybrid,Noida,2025
Jaguar XE Prestige,₹ 47.68 Lakh,"85,679 km",Petrol,Pune,2020
Honda BR-V VX,₹ 4.54 Lakh,"127,187 km",Diesel,Delhi,2018
Renault Triber RXZ,₹ 3.90 Lakh,"112,716 km",Petrol,Pune,2014
Nissan Magnite XV,₹ 5.55 Lakh,"83,928 km",Diesel,Delhi,2021
Lexus ES 300h,₹ 23.25 Lakh,"196,747 km",Petrol,Thane,2012
Lexus NX 350h,₹ 65.75 Lakh,"28,097 km",Diesel,Lucknow,2024
Lexus NX 350h,₹ 32.66 Lakh,"141,029 km",Petrol,Hyderabad,2015
Mahindra XUV500 W8,₹ 13.41 Lakh,"81,827 km",Petrol,Kochi,2022
Tata Nexon XZ+,₹ 8.46 Lakh,"100,397 km",Diesel,Lucknow,2018
Jaguar XE Prestige,₹ 42.41 Lakh,"99,333 km",Diesel,Ahmedabad,2018
Renault Kiger RXZ,₹ 5.96 Lakh,"86,455 km",Diesel,Noida,2019
Tata Nexon XZ+,₹ 4.15 Lakh,"138,011 km",Petrol,Chennai,2014
Nissan Magnite XV,₹ 7.77 Lakh,"63,852 km",Diesel,Mumbai,2024
Nissan Magnite XV,₹ 6.69 Lakh,"90,184 km",Petrol,Kochi,2019
Skoda Slavia Style,₹ 13.07 Lakh,"121,476 km",Petrol,Delhi,2018
Honda BR-V VX,₹ 3.31 Lakh,"187,554 km",Petrol,Ahmedabad,2012
Renault Kwid Climber,₹ 7.93 Lakh,"21,913 km",Petrol,Ahmedabad,2024
Honda Jazz VX,₹ 8.19 Lakh,"35,922 km",Petrol,Pune,2023
Renault Kiger RXZ,₹ 4.89 Lakh,"57,009 km",CNG,Kochi,2022
Volvo XC40 Recharge,₹ 28.63 Lakh,"103,520 km",Petrol,Noida,2015
Skoda Slavia Style,₹ 7.69 Lakh,"141,783 km",Petrol,Mumbai,2014
Honda Jazz VX,₹ 5.19 Lakh,"148,619 km",CNG,Kolkata,2016
Hyundai i20 Asta,₹ 7.32 Lakh,"107,143 km",Diesel,Delhi,2018
Volvo XC40 Recharge,₹ 32.18 Lakh,"103,323 km",CNG,Kolkata,2017
Jaguar F-Pace,₹ 55.88 Lakh,"32,682 km",CNG,Pune,2023
Audi Q3 Premium,₹ 31.54 Lakh,"106,339 km",Petrol,Mumbai,2019
Honda Jazz VX,₹ 2.93 Lakh,"141,450 km",Diesel,Ahmedabad,2013
Audi A4 35 TDI,₹ 33.95 Lakh,"89,849 km",Diesel,Hyderabad,2021
BMW 5 Series 530d,₹ 47.70 Lakh,"36,341 km",Petrol,Hyderabad,2023
Renault Kwid Climber,₹ 1.20 Lakh,"178,416 km",Petrol,Kolkata,2013
Mahindra Thar LX,₹ 12.19 Lakh,"92,673 km",Petrol,Mysuru,2021
Lexus ES 300h,₹ 25.00 Lakh,"184,827 km",Petrol,Mysuru,2013
Nissan Magnite XV,₹ 8.61 Lakh,"3,000 km",Petrol,Noida,2025
Skoda Superb L&K,₹ 6.47 Lakh,"170,996 km",Petrol,Kochi,2012
BMW X1 sDrive,₹ 40.27 Lakh,"68,090 km",Petrol,Lucknow,2021
Volkswagen Virtus GT,₹ 6.23 Lakh,"160,031 km",Petrol,Lucknow,2015
Nissan Magnite XV,₹ 1.20 Lakh,"172,713 km",CNG,Bangalore,2012
Honda Jazz VX,₹ 5.02 Lakh,"130,831 km",Petrol,Hyderabad,2017
Ford Endeavour Titanium,₹ 7.03 Lakh,"91,788 km",Diesel,Lucknow,2017
Tata Punch Creative,₹ 9.00 Lakh,"60,572 km",Diesel,Bangalore,2022
Skoda Kushaq Style,₹ 17.08 Lakh,"31,316 km",Petrol,Lucknow,2024
Nissan Magnite XV,₹ 5.06 Lakh,"107,050 km",Petrol,Pune,2015
BMW 5 Series 530d,₹ 17.51 Lakh,"181,913 km",Petrol,Ahmedabad,2012
Maruti Suzuki Dzire ZXi,₹ 6.66 Lakh,"22,689 km",Diesel,Kolkata,2025
Mahindra XUV500 W8,₹ 10.52 Lakh,"64,062 km",CNG,Mysuru,2020
Nissan Magnite XV,₹ 7.74 Lakh,"27,173 km",Diesel,Hyderabad,2023
Kia Seltos HTX,₹ 9.32 Lakh,"125,604 km",Diesel,Kochi,2017
Maruti Suzuki WagonR VXi,₹ 3.30 Lakh,"128,762 km",Petrol,Chennai,2015
Maruti Suzuki WagonR VXi,₹ 4.78 Lakh,"88,442 km",Diesel,Delhi,2021
MG ZS EV,₹ 14.23 Lakh,"41,040 km",Petrol,Lucknow,2023
Mercedes-Benz C-Class C200,₹ 28.79 Lakh,"165,929 km",CNG,Hyderabad,2015
Honda BR-V VX,₹ 4.42 Lakh,"143,663 km",CNG,Chennai,2016
Jeep Compass Limited,₹ 27.99 Lakh,"72,734 km",Petrol,Chennai,2023
Honda BR-V VX,₹ 8.44 Lakh,"51,187 km",Petrol,Bangalore,2024
Nissan Magnite XV,₹ 4.70 Lakh,"166,384 km",Petrol,Thane,2015
Maruti Suzuki WagonR VXi,₹ 3.93 Lakh,"74,151 km",Petrol,Jaipur,2017
Tata Harrier XZ,₹ 5.34 Lakh,"135,985 km",Petrol,Delhi,2016
Hyundai Verna SX,₹ 5.94 Lakh,"115,181 km",Diesel,Kolkata,2018
Maruti Suzuki Brezza ZXi,₹ 7.03 Lakh,"48,183 km",Diesel,Mysuru,2021
Audi Q3 Premium,₹ 16.49 Lakh,"129,963 km",Diesel,Ahmedabad,2014
BMW 5 Series 530d,₹ 27.78 Lakh,"124,679 km",Petrol,Pune,2015
Tata Nexon XZ+,₹ 13.16 Lakh,"18,303 km",Petrol,Delhi,2024
Jaguar F-Pace,₹ 25.34 Lakh,"142,992 km",CNG,Mumbai,2014
Volvo XC40 Recharge,₹ 32.18 Lakh,"93,725 km",Petrol,Delhi,2018
Tata Harrier XZ,₹ 10.20 Lakh,"75,874 km",Petrol,Mysuru,2022
Audi A4 35 TDI,₹ 35.54 Lakh,"68,687 km",Diesel,Kolkata,2022
Lexus ES 300h,₹ 46.82 Lakh,"106,406 km",Petrol,Kochi,2019
Volkswagen Virtus GT,₹ 18.49 Lakh,"13,619 km",Hybrid,Mumbai,2024
Kia Carens Prestige,₹ 6.91 Lakh,"165,878 km",Hybrid,Ahmedabad,2014
Volvo XC60,₹ 47.94 Lakh,"48,950 km",Diesel,Kochi,2024
Toyota Glanza G,₹ 15.33 Lakh,"100,227 km",Electric,Bangalore,2020
Audi Q5 quattro,₹ 16.89 Lakh,"173,858 km",Diesel,Noida,2013
Maruti Suzuki Baleno Alpha,₹ 7.26 Lakh,"38,299 km",Diesel,Pune,2023
Jaguar F-Pace,₹ 32.19 Lakh,"161,010 km",Petrol,Pune,2015
Lexus ES 300h,₹ 67.42 Lakh,"19,734 km",Diesel,Chennai,2024
Honda BR-V VX,₹ 10.26 Lakh,"27,890 km",Diesel,Kolkata,2025
Nissan Magnite XV,₹ 5.39 Lakh,"101,223 km",Diesel,Noida,2017
BMW X1 sDrive,₹ 20.46 Lakh,"131,114 km",Diesel,Chennai,2013
BMW X1 sDrive,₹ 17.95 Lakh,"148,077 km",CNG,Pune,2012
Ford Endeavour Titanium,₹ 11.58 Lakh,"84,895 km",Petrol,Noida,2020
Jaguar F-Pace,₹ 34.18 Lakh,"125,417 km",Diesel,Mysuru,2016
Mahindra XUV700 AX7,₹ 9.66 Lakh,"96,870 km",Petrol,Mysuru,2017
MG Astor Savvy,₹ 13.64 Lakh,"55,957 km",Petrol,Hyderabad,2022
Skoda Kushaq Style,₹ 14.31 Lakh,"106,869 km",Diesel,Pune,2020
Ford Endeavour Titanium,₹ 8.32 Lakh,"134,814 km",Diesel,Kolkata,2017
Tata Nexon XZ+,₹ 8.29 Lakh,"95,899 km",CNG,Kochi,2019
Mercedes-Benz E-Class E220d,₹ 27.29 Lakh,"161,112 km",Hybrid,Mumbai,2014
Honda Jazz VX,₹ 4.35 Lakh,"154,800 km",Diesel,Delhi,2013
Skoda Superb L&K,₹ 8.85 Lakh,"154,406 km",Diesel,Pune,2015
Renault Kwid Climber,₹ 1.20 Lakh,"133,510 km",Diesel,Delhi,2013
Audi A4 35 TDI,₹ 41.85 Lakh,"68,436 km",Petrol,Mumbai,2025
Ford EcoSport Titanium,₹ 5.79 Lakh,"107,922 km",Diesel,Hyderabad,2015
Jeep Compass Limited,₹ 15.50 Lakh,"168,012 km",CNG,Delhi,2015
Honda BR-V VX,₹ 5.45 Lakh,"159,464 km",Diesel,Kolkata,2015
MG Hector Sharp,₹ 10.51 Lakh,"121,374 km",Petrol,Pune,2017
Tata Altroz XZ,₹ 12.37 Lakh,"3,000 km",Petrol,Ahmedabad,2025
BMW 3 Series 320d,₹ 54.99 Lakh,"3,000 km",Diesel,Noida,2025
Nissan Magnite XV,₹ 4.89 Lakh,"142,945 km",Diesel,Chennai,2015
Maruti Suzuki WagonR VXi,₹ 3.18 Lakh,"162,967 km",Diesel,Mumbai,2013
Audi A4 35 TDI,₹ 16.11 Lakh,"183,690 km",CNG,Chennai,2012
Honda Jazz VX,₹ 9.96 Lakh,"20,066 km",CNG,Pune,2024
Renault Triber RXZ,₹ 6.88 Lakh,"80,388 km",Petrol,Lucknow,2022
Renault Kiger RXZ,₹ 2.82 Lakh,"178,549 km",Hybrid,Lucknow,2013
BMW 3 Series 320d,₹ 37.71 Lakh,"70,885 km",Diesel,Delhi,2020
Lexus ES 300h,₹ 64.36 Lakh,"17,163 km",Diesel,Mumbai,2023
Volkswagen Polo GT,₹ 15.19 Lakh,"26,078 km",Diesel,Bangalore,2022
Renault Kiger RXZ,₹ 3.61 Lakh,"97,728 km",Diesel,Chennai,2018
Toyota Glanza G,₹ 6.61 Lakh,"188,811 km",Petrol,Bangalore,2012
Kia Seltos HTX,₹ 6.62 Lakh,"132,518 km",Diesel,Kolkata,2016
Mercedes-Benz C-Class C200,₹ 30.81 Lakh,"119,778 km",Diesel,Mumbai,2015
Lexus NX 350h,₹ 35.08 Lakh,"144,462 km",Petrol,Mysuru,2015
Skoda Superb L&K,₹ 12.54 Lakh,"99,403 km",Petrol,Noida,2018
Toyota Fortuner 4x2,₹ 10.75 Lakh,"77,177 km",Hybrid,Kochi,2017
Volkswagen Virtus GT,₹ 8.96 Lakh,"125,186 km",CNG,Mumbai,2016
Toyota Innova Crysta GX,₹ 14.80 Lakh,"36,644 km",Petrol,Mumbai,2024
Hyundai i20 Asta,₹ 7.91 Lakh,"110,385 km",Petrol,Mumbai,2019
Volvo XC60,₹ 21.35 Lakh,"122,058 km",Diesel,Mumbai,2013
Ford Endeavour Titanium,₹ 11.86 Lakh,"33,412 km",Petrol,Pune,2022
Honda City ZX,₹ 3.72 Lakh,"125,500 km",Petrol,Noida,2016
Skoda Superb L&K,₹ 4.80 Lakh,"189,797 km",Petrol,Lucknow,2012
Skoda Slavia Style,₹ 17.27 Lakh,"22,601 km",CNG,Mumbai,2025
Kia Sonet GTX,₹ 10.48 Lakh,"132,577 km",Hybrid,Delhi,2016
BMW X1 sDrive,₹ 43.07 Lakh,"57,138 km",Diesel,Mysuru,2022
BMW X1 sDrive,₹ 24.50 Lakh,"146,957 km",Petrol,Thane,2014
Toyota Glanza G,₹ 16.58 Lakh,"69,205 km",Hybrid,Chennai,2021
Hyundai Creta SX,₹ 1.68 Lakh,"181,286 km",Petrol,Mumbai,2012
Ford Endeavour Titanium,₹ 15.54 Lakh,"48,266 km",Hybrid,Thane,2023
Maruti Suzuki Dzire ZXi,₹ 7.63 Lakh,"7,382 km",Petrol,Hyderabad,2025
Kia Sonet GTX,₹ 12.35 Lakh,"44,903 km",Diesel,Kolkata,2021
Volkswagen Taigun GT,₹ 8.24 Lakh,"163,164 km",Petrol,Bangalore,2015
Audi A4 35 TDI,₹ 19.78 Lakh,"164,434 km",Diesel,Delhi,2015
Audi Q5 quattro,₹ 26.53 Lakh,"107,089 km",Diesel,Noida,2017
Toyota Urban Cruiser,₹ 13.21 Lakh,"37,924 km",Diesel,Lucknow,2022
Maruti Suzuki Swift VXi,₹ 10.45 Lakh,"20,148 km",Hybrid,Pune,2025
Maruti Suzuki Baleno Alpha,₹ 5.00 Lakh,"71,571 km",Diesel,Chennai,2021
Skoda Slavia Style,₹ 17.70 Lakh,"51,530 km",Diesel,Ahmedabad,2023
Jeep Compass Limited,₹ 14.43 Lakh,"176,943 km",Petrol,Mysuru,2015
Hyundai Grand i10,₹ 9.56 Lakh,"82,279 km",Electric,Noida,2019
Tata Altroz XZ,₹ 5.08 Lakh,"130,177 km",Diesel,Kolkata,2014
Maruti Suzuki WagonR VXi,₹ 7.98 Lakh,"113,602 km",Electric,Mumbai,2017
Volvo XC40 Recharge,₹ 21.10 Lakh,"135,748 km",Diesel,Jaipur,2015
Volkswagen Virtus GT,₹ 10.06 Lakh,"133,059 km",Petrol,Bangalore,2017
Honda BR-V VX,₹ 3.81 Lakh,"122,929 km",Petrol,Jaipur,2016
Kia Sonet GTX,₹ 8.91 Lakh,"121,560 km",Petrol,Jaipur,2017
Volvo XC60,₹ 46.70 Lakh,"60,700 km",Petrol,Ahmedabad,2024
Skoda Superb L&K,₹ 10.30 Lakh,"128,672 km",Petrol,Mumbai,2018
Lexus ES 300h,₹ 55.49 Lakh,"65,860 km",Diesel,Kolkata,2021
Jaguar F-Pace,₹ 60.01 Lakh,"41,780 km",Petrol,Mumbai,2025
Maruti Suzuki Dzire ZXi,₹ 2.72 Lakh,"129,274 km",Diesel,Jaipur,2017
Ford Endeavour Titanium,₹ 3.72 Lakh,"182,498 km",Petrol,Mumbai,2012
BMW 5 Series 530d,₹ 33.65 Lakh,"99,683 km",Diesel,Mysuru,2018
Volvo XC40 Recharge,₹ 47.37 Lakh,"3,000 km",Electric,Thane,2023
Audi Q3 Premium,₹ 35.03 Lakh,"45,671 km",CNG,Thane,2021
Ford EcoSport Titanium,₹ 14.03 Lakh,"3,000 km",Diesel,Mumbai,2025
MG Hector Sharp,₹ 10.16 Lakh,"109,908 km",Petrol,Kochi,2019
Jaguar XE Prestige,₹ 48.02 Lakh,"104,488 km",CNG,Bangalore,2021
BMW 3 Series 320d,₹ 52.65 Lakh,"3,000 km",Electric,Hyderabad,2025
Mercedes-Benz E-Class E220d,₹ 55.14 Lakh,"45,371 km",Petrol,Kochi,2025
Toyota Innova Crysta GX,₹ 16.17 Lakh,"3,000 km",Diesel,Hyderabad,2025
Renault Kiger RXZ,₹ 4.26 Lakh,"117,953 km",Petrol,Kolkata,2018
Jaguar F-Pace,₹ 53.97 Lakh,"83,963 km",Electric,Thane,2021
Jeep Compass Limited,₹ 24.02 Lakh,"65,101 km",Petrol,Jaipur,2020
Audi Q3 Premium,₹ 41.65 Lakh,"32,008 km",Hybrid,Noida,2023
Renault Kwid Climber,₹ 2.95 Lakh,"173,031 km",Diesel,Pune,2014
MG Hector Sharp,₹ 4.83 Lakh,"167,124 km",Petrol,Pune,2013
Jaguar F-Pace,₹ 64.00 Lakh,"48,613 km",Diesel,Noida,2025
Volkswagen Polo GT,₹ 14.58 Lakh,"74,089 km",Hybrid,Mysuru,2021
Toyota Innova Crysta GX,₹ 5.04 Lakh,"187,802 km",Diesel,Hyderabad,2012
Maruti Suzuki WagonR VXi,₹ 4.31 Lakh,"118,204 km",Petrol,Bangalore,2019
Mercedes-Benz GLA 200,₹ 31.00 Lakh,"137,634 km",Diesel,Lucknow,2015
Ford EcoSport Titanium,₹ 14.43 Lakh,"17,771 km",Petrol,Noida,2024
Jeep Compass Limited,₹ 26.11 Lakh,"23,088 km",Petrol,Jaipur,2023
Renault Triber RXZ,₹ 7.93 Lakh,"35,093 km",Diesel,Bangalore,2024
Lexus ES 300h,₹ 56.42 Lakh,"50,850 km",Petrol,Ahmedabad,2021
Audi A4 35 TDI,₹ 39.23 Lakh,"16,067 km",Petrol,Hyderabad,2024
Toyota Innova Crysta GX,₹ 4.78 Lakh,"154,852 km",Petrol,Ahmedabad,2012
Kia Seltos HTX,₹ 7.25 Lakh,"141,213 km",CNG,Hyderabad,2014
MG Astor Savvy,₹ 5.45 Lakh,"190,397 km",Diesel,Noida,2014
Honda BR-V VX,₹ 13.44 Lakh,"3,000 km",Hybrid,Ahmedabad,2025
MG ZS EV,₹ 15.94 Lakh,"38,725 km",Petrol,Kochi,2022
Mahindra XUV500 W8,₹ 4.72 Lakh,"166,941 km",Diesel,Thane,2012
Mahindra Thar LX,₹ 14.64 Lakh,"70,625 km",Petrol,Lucknow,2022
Kia Sonet GTX,₹ 10.99 Lakh,"116,879 km",Petrol,Mumbai,2019
Nissan Magnite XV,₹ 8.51 Lakh,"21,763 km",Diesel,Noida,2025
Hyundai Creta SX,₹ 10.23 Lakh,"47,138 km",CNG,Kolkata,2024
Tata Nexon XZ+,₹ 10.57 Lakh,"61,164 km",Petrol,Hyderabad,2022
Audi Q3 Premium,₹ 28.40 Lakh,"67,248 km",Petrol,Bangalore,2019
Maruti Suzuki Baleno Alpha,₹ 3.89 Lakh,"170,339 km",Petrol,Thane,2015
Ford Endeavour Titanium,₹ 15.18 Lakh,"3,000 km",Diesel,Thane,2025
Ford EcoSport Titanium,₹ 11.75 Lakh,"72,267 km",Petrol,Pune,2024
Jeep Compass Limited,₹ 9.08 Lakh,"174,042 km",Diesel,Bangalore,2012
Mercedes-Benz C-Class C200,₹ 55.08 Lakh,"13,958 km",Diesel,Noida,2025
Honda Jazz VX,₹ 8.18 Lakh,"62,030 km",Petrol,Bangalore,2021
Mercedes-Benz C-Class C200,₹ 22.98 Lakh,"151,431 km",Diesel,Bangalore,2013
Tata Nexon XZ+,₹ 10.07 Lakh,"67,548 km",Petrol,Thane,2021
Nissan Magnite XV,₹ 7.47 Lakh,"34,140 km",Diesel,Thane,2023
Mercedes-Benz E-Class E220d,₹ 53.36 Lakh,"53,285 km",CNG,Kolkata,2023
Renault Triber RXZ,₹ 2.64 Lakh,"135,815 km",Petrol,Noida,2015
Mercedes-Benz C-Class C200,₹ 27.97 Lakh,"123,804 km",Petrol,Kochi,2014
Jaguar XE Prestige,₹ 29.84 Lakh,"154,250 km",Diesel,Chennai,2014
Ford Endeavour Titanium,₹ 13.12 Lakh,"17,555 km",Petrol,Pune,2025
Toyota Urban Cruiser,₹ 16.44 Lakh,"78,471 km",Hybrid,Mumbai,2023
Kia Seltos HTX,₹ 13.12 Lakh,"27,755 km",Diesel,Kochi,2024
Tata Altroz XZ,₹ 2.61 Lakh,"159,019 km",Petrol,Bangalore,2012
BMW X1 sDrive,₹ 44.92 Lakh,"77,302 km",Petrol,Jaipur,2022
Mahindra XUV700 AX7,₹ 4.54 Lakh,"200,803 km",Diesel,Bangalore,2012
Volvo XC60,₹ 17.61 Lakh,"181,618 km",Diesel,Mysuru,2013
Ford EcoSport Titanium,₹ 12.92 Lakh,"23,313 km",Petrol,Delhi,2025
Maruti Suzuki WagonR VXi,₹ 6.67 Lakh,"47,036 km",Petrol,Mysuru,2025
MG Hector Sharp,₹ 5.83 Lakh,"143,876 km",Petrol,Noida,2013
Jaguar F-Pace,₹ 60.85 Lakh,"11,579 km",Petrol,Jaipur,2025
Hyundai Grand i10,₹ 6.81 Lakh,"107,316 km",Petrol,Ahmedabad,2018
Renault Kwid Climber,₹ 6.35 Lakh,"81,088 km",Petrol,Thane,2020
Toyota Fortuner 4x2,₹ 12.03 Lakh,"60,573 km",Petrol,Kolkata,2021
Mercedes-Benz C-Class C200,₹ 31.48 Lakh,"131,583 km",Diesel,Pune,2015
Volkswagen Virtus GT,₹ 14.20 Lakh,"26,351 km",Diesel,Delhi,2024
Lexus ES 300h,₹ 64.53 Lakh,"75,853 km",Petrol,Kolkata,2023
Volvo XC60,₹ 25.22 Lakh,"171,239 km",Diesel,Mysuru,2014
Skoda Slavia Style,₹ 9.17 Lakh,"137,611 km",Petrol,Hyderabad,2016
Honda City ZX,₹ 1.43 Lakh,"181,319 km",Petrol,Noida,2012
Renault Triber RXZ,₹ 3.89 Lakh,"80,449 km",Petrol,Mysuru,2019
Volkswagen Polo GT,₹ 15.74 Lakh,"10,234 km",Diesel,Lucknow,2025
Kia Seltos HTX,₹ 12.73 Lakh,"80,975 km",Petrol,Mysuru,2021
Volkswagen Virtus GT,₹ 11.25 Lakh,"70,212 km",Petrol,Mumbai,2020
Renault Triber RXZ,₹ 4.35 Lakh,"60,045 km",Petrol,Mysuru,2021
Volkswagen Polo GT,₹ 6.33 Lakh,"167,708 km",Petrol,Mysuru,2013
Skoda Superb L&K,₹ 19.14 Lakh,"59,810 km",Electric,Pune,2021
Toyota Urban Cruiser,₹ 10.30 Lakh,"88,933 km",Diesel,Lucknow,2018
Volvo XC60,₹ 16.96 Lakh,"184,900 km",Petrol,Chennai,2012
Ford Endeavour Titanium,₹ 9.72 Lakh,"54,068 km",CNG,Thane,2020
MG ZS EV,₹ 5.79 Lakh,"181,816 km",CNG,Delhi,2013
Hyundai Grand i10,₹ 4.27 Lakh,"188,139 km",Diesel,Mysuru,2013
Lexus ES 300h,₹ 31.77 Lakh,"197,000 km",Petrol,Chennai,2013
Honda Amaze VX,₹ 2.75 Lakh,"170,511 km",CNG,Lucknow,2014
Kia Sonet GTX,₹ 5.32 Lakh,"200,002 km",Petrol,Chennai,2012
Renault Triber RXZ,₹ 5.80 Lakh,"37,920 km",Diesel,Hyderabad,2024
Nissan Magnite XV,₹ 6.97 Lakh,"19,280 km",Petrol,Hyderabad,2025
Nissan Magnite XV,₹ 6.96 Lakh,"99,658 km",Electric,Thane,2018
Renault Triber RXZ,₹ 4.01 Lakh,"139,210 km",Petrol,Jaipur,2015
Jeep Compass Limited,₹ 24.91 Lakh,"82,442 km",Electric,Jaipur,2019
Renault Kiger RXZ,₹ 1.76 Lakh,"180,997 km",Petrol,Noida,2012
BMW 3 Series 320d,₹ 24.26 Lakh,"141,520 km",Petrol,Jaipur,2014
BMW 5 Series 530d,₹ 52.90 Lakh,"7,962 km",Diesel,Lucknow,2025
Volvo XC40 Recharge,₹ 42.95 Lakh,"53,544 km",Petrol,Hyderabad,2022
Maruti Suzuki Swift VXi,₹ 6.16 Lakh,"23,439 km",Petrol,Delhi,2022
Nissan Magnite XV,₹ 7.23 Lakh,"47,733 km",Petrol,Thane,2023
Tata Altroz XZ,₹ 5.81 Lakh,"159,547 km",Diesel,Thane,2015
Ford EcoSport Titanium,₹ 7.94 Lakh,"140,721 km",CNG,Mumbai,2017
Hyundai Venue SX,₹ 4.35 Lakh,"168,369 km",Petrol,Bangalore,2012
Jeep Compass Limited,₹ 15.02 Lakh,"130,381 km",Petrol,Thane,2015
Tata Punch Creative,₹ 3.92 Lakh,"162,336 km",Petrol,Jaipur,2015
MG Hector Sharp,₹ 15.88 Lakh,"35,372 km",Diesel,Mysuru,2024
Audi Q3 Premium,₹ 21.27 Lakh,"133,493 km",Petrol,Kolkata,2015
Volkswagen Taigun GT,₹ 12.30 Lakh,"60,296 km",CNG,Chennai,2021
Jeep Compass Limited,₹ 15.82 Lakh,"158,252 km",Petrol,Jaipur,2015
Jeep Compass Limited,₹ 29.38 Lakh,"3,000 km",Diesel,Delhi,2025
Lexus NX 350h,₹ 67.95 Lakh,"41,513 km",Electric,Kolkata,2024
Jaguar XE Prestige,₹ 35.89 Lakh,"130,620 km",Diesel,Pune,2016
Ford Endeavour Titanium,₹ 9.82 Lakh,"87,641 km",Diesel,Pune,2018
Mahindra Thar LX,₹ 11.36 Lakh,"103,858 km",Petrol,Chennai,2018
Skoda Slavia Style,₹ 13.38 Lakh,"87,895 km",Petrol,Chennai,2018
Renault Kwid Climber,₹ 3.31 Lakh,"76,221 km",CNG,Ahmedabad,2019
Lexus ES 300h,₹ 65.65 Lakh,"15,741 km",CNG,Thane,2025
Hyundai i20 Asta,₹ 3.96 Lakh,"160,668 km",Petrol,Lucknow,2014
Volkswagen Taigun GT,₹ 14.59 Lakh,"53,109 km",Petrol,Chennai,2022
Honda City ZX,₹ 9.16 Lakh,"67,236 km",Petrol,Kolkata,2022
BMW 3 Series 320d,₹ 31.62 Lakh,"133,357 km",Petrol,Thane,2016
Tata Punch Creative,₹ 8.10 Lakh,"95,181 km",Petrol,Mumbai,2019
Nissan Magnite XV,₹ 3.33 Lakh,"132,350 km",Diesel,Noida,2017
Nissan Magnite XV,₹ 6.00 Lakh,"50,454 km",Petrol,Hyderabad,2023
Renault Triber RXZ,₹ 4.56 Lakh,"107,674 km",Petrol,Delhi,2017
Kia Seltos HTX,₹ 9.34 Lakh,"114,774 km",Petrol,Jaipur,2016
Ford Endeavour Titanium,₹ 7.39 Lakh,"105,609 km",Petrol,Hyderabad,2018
Renault Triber RXZ,₹ 4.59 Lakh,"89,920 km",Petrol,Mysuru,2016
MG Astor Savvy,₹ 15.65 Lakh,"47,011 km",Electric,Ahmedabad,2021
Hyundai Grand i10,₹ 12.80 Lakh,"33,056 km",Electric,Chennai,2024
Jaguar F-Pace,₹ 44.25 Lakh,"116,681 km",Diesel,Jaipur,2018
Nissan Magnite XV,₹ 7.31 Lakh,"85,434 km",Petrol,Chennai,2020
Mahindra Thar LX,₹ 10.03 Lakh,"124,332 km",Hybrid,Chennai,2014
Skoda Superb L&K,₹ 10.60 Lakh,"93,577 km",Petrol,Lucknow,2018
Nissan Magnite XV,₹ 5.79 Lakh,"63,300 km",Petrol,Chennai,2020
Nissan Magnite XV,₹ 6.56 Lakh,"48,004 km",CNG,Lucknow,2022
Tata Harrier XZ,₹ 12.03 Lakh,"28,449 km",Petrol,Pune,2024
Volkswagen Taigun GT,₹ 6.74 Lakh,"156,949 km",Diesel,Delhi,2013
Volkswagen Polo GT,₹ 7.97 Lakh,"156,188 km",Diesel,Lucknow,2014
Skoda Superb L&K,₹ 6.53 Lakh,"162,913 km",Diesel,Mysuru,2013
Hyundai Verna SX,₹ 4.82 Lakh,"109,186 km",Diesel,Lucknow,2017
Mercedes-Benz E-Class E220d,₹ 47.97 Lakh,"70,586 km",Petrol,Jaipur,2021
Ford Endeavour Titanium,₹ 14.63 Lakh,"74,017 km",Petrol,Mysuru,2025
Renault Kiger RXZ,₹ 4.33 Lakh,"82,159 km",CNG,Chennai,2017
Volvo XC40 Recharge,₹ 50.26 Lakh,"28,680 km",Electric,Lucknow,2025
Jeep Compass Limited,₹ 17.36 Lakh,"155,736 km",Hybrid,Hyderabad,2016
BMW X1 sDrive,₹ 34.35 Lakh,"126,640 km",Diesel,Chennai,2017
Skoda Kushaq Style,₹ 16.99 Lakh,"69,360 km",Hybrid,Mysuru,2020
Kia Sonet GTX,₹ 8.63 Lakh,"113,920 km",Diesel,Chennai,2016
Skoda Kushaq Style,₹ 15.93 Lakh,"61,198 km",Petrol,Mumbai,2023
Renault Kwid Climber,₹ 4.05 Lakh,"128,425 km",Diesel,Kolkata,2017
Toyota Glanza G,₹ 11.64 Lakh,"77,866 km",Diesel,Thane,2019
Ford EcoSport Titanium,₹ 8.15 Lakh,"109,426 km",Petrol,Thane,2015
Kia Seltos HTX,₹ 5.54 Lakh,"166,903 km",CNG,Hyderabad,2013
Lexus ES 300h,₹ 49.17 Lakh,"82,490 km",Diesel,Mysuru,2020
Mahindra Scorpio N Z8,₹ 8.54 Lakh,"117,278 km",Diesel,Chennai,2017
Jeep Compass Limited,₹ 17.81 Lakh,"86,979 km",Petrol,Bangalore,2017
Tata Altroz XZ,₹ 9.66 Lakh,"48,541 km",Diesel,Mysuru,2022
Kia Sonet GTX,₹ 5.29 Lakh,"149,283 km",Petrol,Pune,2013
Volkswagen Virtus GT,₹ 9.16 Lakh,"156,372 km",Petrol,Ahmedabad,2018
Volvo XC60,₹ 30.53 Lakh,"118,624 km",Diesel,Ahmedabad,2017
Skoda Kushaq Style,₹ 13.95 Lakh,"109,419 km",Petrol,Delhi,2019
Volkswagen Polo GT,₹ 10.50 Lakh,"106,474 km",Petrol,Jaipur,2018
Honda BR-V VX,₹ 5.58 Lakh,"144,945 km",Petrol,Kochi,2017
Honda City ZX,₹ 10.12 Lakh,"31,316 km",Diesel,Thane,2025
Lexus NX 350h,₹ 59.09 Lakh,"71,658 km",Diesel,Bangalore,2022
Volvo XC40 Recharge,₹ 27.49 Lakh,"125,770 km",Diesel,Delhi,2017
Hyundai Venue SX,₹ 4.21 Lakh,"139,418 km",Diesel,Chennai,2014
Kia Seltos HTX,₹ 9.58 Lakh,"120,037 km",Petrol,Kochi,2017
Maruti Suzuki Baleno Alpha,₹ 4.76 Lakh,"170,321 km",Electric,Bangalore,2013
MG Hector Sharp,₹ 7.00 Lakh,"142,803 km",Diesel,Delhi,2013
Toyota Glanza G,₹ 9.80 Lakh,"109,326 km",CNG,Noida,2016
MG Hector Sharp,₹ 8.14 Lakh,"160,772 km",Diesel,Kolkata,2015
MG Astor Savvy,₹ 15.76 Lakh,"24,331 km",Petrol,Ahmedabad,2024
Toyota Glanza G,₹ 11.05 Lakh,"81,375 km",Petrol,Thane,2020
Honda Jazz VX,₹ 10.70 Lakh,"77,020 km",Electric,Chennai,2019
Mercedes-Benz E-Class E220d,₹ 33.23 Lakh,"130,693 km",Diesel,Ahmedabad,2017
Tata Altroz XZ,₹ 9.50 Lakh,"44,593 km",Petrol,Pune,2023
Jaguar XE Prestige,₹ 32.99 Lakh,"134,142 km",CNG,Lucknow,2015
Lexus NX 350h,₹ 59.97 Lakh,"46,862 km",CNG,Lucknow,2022
Honda Jazz VX,₹ 6.36 Lakh,"82,276 km",Petrol,Mumbai,2018
Kia Seltos HTX,₹ 12.37 Lakh,"70,513 km",Diesel,Thane,2021
Volvo XC60,₹ 44.34 Lakh,"82,458 km",Diesel,Thane,2022
Volkswagen Virtus GT,₹ 9.19 Lakh,"109,849 km",Petrol,Thane,2018
Tata Harrier XZ,₹ 9.94 Lakh,"77,814 km",Electric,Lucknow,2017
Ford EcoSport Titanium,₹ 12.39 Lakh,"76,786 km",Diesel,Thane,2021
Jaguar F-Pace,₹ 41.85 Lakh,"69,939 km",Petrol,Jaipur,2018
Mercedes-Benz E-Class E220d,₹ 27.66 Lakh,"120,966 km",Diesel,Kolkata,2015
Skoda Superb L&K,₹ 12.63 Lakh,"103,447 km",Petrol,Mysuru,2020
BMW 3 Series 320d,₹ 23.57 Lakh,"167,731 km",Electric,Lucknow,2012
Honda BR-V VX,₹ 6.78 Lakh,"94,854 km",Diesel,Lucknow,2016
Mahindra Scorpio N Z8,₹ 9.29 Lakh,"96,418 km",Diesel,Kochi,2018
Mahindra XUV500 W8,₹ 4.94 Lakh,"198,067 km",Petrol,Hyderabad,2013
MG Hector Sharp,₹ 10.82 Lakh,"125,855 km",Diesel,Hyderabad,2017
Maruti Suzuki WagonR VXi,₹ 2.69 Lakh,"123,712 km",Petrol,Mumbai,2016
Mahindra XUV500 W8,₹ 11.93 Lakh,"116,216 km",Petrol,Thane,2021
Honda Jazz VX,₹ 10.13 Lakh,"132,037 km",Electric,Noida,2019
Toyota Urban Cruiser,₹ 11.75 Lakh,"101,283 km",Petrol,Thane,2018
Volvo XC60,₹ 15.25 Lakh,"180,952 km",Petrol,Mysuru,2012
Nissan Magnite XV,₹ 7.58 Lakh,"105,297 km",Electric,Chennai,2018
Ford Endeavour Titanium,₹ 13.26 Lakh,"33,606 km",Petrol,Jaipur,2024
Honda Amaze VX,₹ 7.54 Lakh,"108,836 km",Hybrid,Ahmedabad,2016
Renault Kwid Climber,₹ 1.31 Lakh,"168,607 km",Petrol,Hyderabad,2012
Jeep Compass Limited,₹ 21.94 Lakh,"127,851 km",Petrol,Mumbai,2019
Renault Triber RXZ,₹ 4.52 Lakh,"103,074 km",Petrol,Delhi,2016
Toyota Fortuner 4x2,₹ 5.54 Lakh,"137,354 km",Diesel,Noida,2012
Lexus NX 350h,₹ 66.95 Lakh,"58,274 km",Petrol,Noida,2025
Maruti Suzuki Baleno Alpha,₹ 5.17 Lakh,"55,825 km",Diesel,Noida,2022
Jeep Compass Limited,₹ 28.00 Lakh,"34,643 km",Petrol,Mysuru,2023
Volkswagen Taigun GT,₹ 13.02 Lakh,"34,140 km",Petrol,Hyderabad,2023
Mercedes-Benz C-Class C200,₹ 52.29 Lakh,"75,026 km",Electric,Kochi,2021
Kia Sonet GTX,₹ 12.87 Lakh,"6,941 km",Petrol,Kolkata,2023
Skoda Slavia Style,₹ 6.23 Lakh,"182,994 km",Petrol,Noida,2013
Jaguar F-Pace,₹ 34.33 Lakh,"160,997 km",Diesel,Thane,2015
Honda Jazz VX,₹ 4.36 Lakh,"128,525 km",Petrol,Chennai,2014
Jaguar F-Pace,₹ 39.73 Lakh,"113,780 km",Diesel,Delhi,2017
Mercedes-Benz E-Class E220d,₹ 54.23 Lakh,"44,507 km",Petrol,Kolkata,2023
Skoda Superb L&K,₹ 14.40 Lakh,"113,447 km",Electric,Jaipur,2017
Honda Amaze VX,₹ 8.83 Lakh,"57,182 km",Petrol,Bangalore,2022
Hyundai Grand i10,₹ 4.03 Lakh,"146,805 km",Diesel,Kolkata,2012
Jaguar XE Prestige,₹ 29.10 Lakh,"171,352 km",Petrol,Thane,2014
Kia Sonet GTX,₹ 13.18 Lakh,"44,421 km",Diesel,Lucknow,2024
Volkswagen Polo GT,₹ 11.83 Lakh,"83,094 km",Diesel,Mysuru,2019
Tata Harrier XZ,₹ 3.80 Lakh,"150,093 km",Petrol,Pune,2014
Skoda Superb L&K,₹ 4.44 Lakh,"199,057 km",Petrol,Ahmedabad,2012
Ford Endeavour Titanium,₹ 6.31 Lakh,"129,535 km",CNG,Ahmedabad,2016
BMW 3 Series 320d,₹ 39.26 Lakh,"107,173 km",Diesel,Thane,2020
Volkswagen Virtus GT,₹ 10.08 Lakh,"72,052 km",Hybrid,Delhi,2016
Renault Triber RXZ,₹ 5.15 Lakh,"81,993 km",Diesel,Mysuru,2019
Renault Triber RXZ,₹ 1.20 Lakh,"170,149 km",Diesel,Jaipur,2012
Maruti Suzuki Baleno Alpha,₹ 2.56 Lakh,"187,756 km",Diesel,Ahmedabad,2012
Volkswagen Taigun GT,₹ 9.77 Lakh,"90,993 km",Petrol,Ahmedabad,2017
Hyundai Creta SX,₹ 3.38 Lakh,"138,855 km",Diesel,Kolkata,2014
Jaguar F-Pace,₹ 62.81 Lakh,"30,886 km",Petrol,Hyderabad,2025
Mahindra Scorpio N Z8,₹ 12.57 Lakh,"79,347 km",Petrol,Mumbai,2021
Jeep Compass Limited,₹ 14.45 Lakh,"127,105 km",Diesel,Mumbai,2014
Mahindra Scorpio N Z8,₹ 7.03 Lakh,"134,730 km",Petrol,Delhi,2016
Toyota Fortuner 4x2,₹ 7.39 Lakh,"156,291 km",Diesel,Mysuru,2015
Volvo XC40 Recharge,₹ 26.41 Lakh,"170,462 km",Diesel,Lucknow,2015
Ford EcoSport Titanium,₹ 3.12 Lakh,"167,812 km",Diesel,Delhi,2012
Honda Amaze VX,₹ 8.42 Lakh,"37,010 km",Petrol,Jaipur,2024
Skoda Kushaq Style,₹ 15.01 Lakh,"18,679 km",Diesel,Thane,2022
Jeep Compass Limited,₹ 21.98 Lakh,"82,292 km",Petrol,Pune,2020
Skoda Slavia Style,₹ 19.15 Lakh,"45,262 km",Electric,Bangalore,2022
Tata Punch Creative,₹ 4.63 Lakh,"186,678 km",Petrol,Kochi,2012
Mercedes-Benz C-Class C200,₹ 42.32 Lakh,"111,401 km",Petrol,Noida,2019
Jeep Compass Limited,₹ 31.50 Lakh,"27,291 km",Diesel,Bangalore,2025
Skoda Kushaq Style,₹ 11.53 Lakh,"127,596 km",Petrol,Ahmedabad,2019
Audi Q3 Premium,₹ 39.15 Lakh,"77,524 km",Petrol,Kolkata,2022
Maruti Suzuki Dzire ZXi,₹ 1.55 Lakh,"150,585 km",Petrol,Chennai,2014
Audi Q5 quattro,₹ 22.35 Lakh,"146,204 km",CNG,Delhi,2015
Renault Kiger RXZ,₹ 4.59 Lakh,"81,937 km",Petrol,Kolkata,2020
Skoda Kushaq Style,₹ 6.67 Lakh,"158,103 km",Diesel,Jaipur,2014
Jaguar F-Pace,₹ 53.76 Lakh,"44,767 km",CNG,Kochi,2023
Skoda Kushaq Style,₹ 17.77 Lakh,"20,613 km",Diesel,Kolkata,2025
MG Astor Savvy,₹ 8.56 Lakh,"137,069 km",Petrol,Delhi,2014
Mahindra XUV500 W8,₹ 5.12 Lakh,"146,078 km",Diesel,Kolkata,2013
Toyota Fortuner 4x2,₹ 4.31 Lakh,"212,651 km",Diesel,Delhi,2013
Toyota Urban Cruiser,₹ 13.24 Lakh,"78,982 km",Petrol,Kochi,2020
BMW 5 Series 530d,₹ 26.98 Lakh,"136,518 km",Petrol,Jaipur,2015
Nissan Magnite XV,₹ 10.42 Lakh,"36,402 km",Hybrid,Hyderabad,2025
Tata Altroz XZ,₹ 5.54 Lakh,"137,753 km",Diesel,Thane,2016
Renault Kwid Climber,₹ 8.56 Lakh,"5,445 km",Petrol,Lucknow,2025
Kia Carens Prestige,₹ 7.95 Lakh,"167,928 km",Petrol,Delhi,2016
Audi A4 35 TDI,₹ 17.39 Lakh,"185,367 km",Petrol,Mumbai,2013
Nissan Magnite XV,₹ 6.72 Lakh,"71,264 km",Petrol,Ahmedabad,2021
Jeep Compass Limited,₹ 26.77 Lakh,"65,654 km",Petrol,Lucknow,2022
BMW 3 Series 320d,₹ 45.80 Lakh,"31,476 km",Petrol,Mumbai,2022
Mercedes-Benz GLA 200,₹ 45.27 Lakh,"63,219 km",Petrol,Jaipur,2020
Jeep Compass Limited,₹ 16.31 Lakh,"149,590 km",Petrol,Chennai,2015
Tata Harrier XZ,₹ 13.08 Lakh,"8,001 km",Diesel,Thane,2024
Kia Carens Prestige,₹ 8.97 Lakh,"130,697 km",Electric,Kochi,2014
Lexus ES 300h,₹ 45.61 Lakh,"122,338 km",Electric,Ahmedabad,2018
Kia Sonet GTX,₹ 7.12 Lakh,"134,568 km",Petrol,Mumbai,2016
Honda Amaze VX,₹ 9.31 Lakh,"74,725 km",Diesel,Mysuru,2022
Honda City ZX,₹ 5.22 Lakh,"114,360 km",Diesel,Jaipur,2018
Ford Endeavour Titanium,₹ 9.66 Lakh,"75,329 km",Petrol,Hyderabad,2021
Jaguar XE Prestige,₹ 25.49 Lakh,"165,407 km",Diesel,Thane,2012
Ford Endeavour Titanium,₹ 13.14 Lakh,"57,416 km",Petrol,Chennai,2022
Mercedes-Benz E-Class E220d,₹ 39.24 Lakh,"121,041 km",Petrol,Bangalore,2018
Audi A4 35 TDI,₹ 35.32 Lakh,"95,979 km",Diesel,Kochi,2021
BMW 5 Series 530d,₹ 29.87 Lakh,"147,505 km",Diesel,Thane,2016
Tata Altroz XZ,₹ 11.76 Lakh,"32,278 km",Petrol,Bangalore,2024
Renault Kwid Climber,₹ 1.20 Lakh,"161,350 km",CNG,Ahmedabad,2013
Tata Nexon XZ+,₹ 8.99 Lakh,"89,594 km",Diesel,Chennai,2019
Volkswagen Taigun GT,₹ 7.29 Lakh,"151,330 km",Petrol,Pune,2016
Mahindra XUV500 W8,₹ 14.70 Lakh,"31,012 km",Petrol,Pune,2024
Audi Q5 quattro,₹ 23.46 Lakh,"131,901 km",Electric,Ahmedabad,2015
Renault Kiger RXZ,₹ 4.73 Lakh,"74,654 km",CNG,Chennai,2019
Jaguar XE Prestige,₹ 47.95 Lakh,"72,872 km",Diesel,Noida,2019
Kia Carens Prestige,₹ 13.81 Lakh,"21,058 km",Diesel,Kochi,2025
Honda BR-V VX,₹ 7.29 Lakh,"57,543 km",CNG,Noida,2019
Hyundai Venue SX,₹ 2.68 Lakh,"167,132 km",Diesel,Bangalore,2013
Hyundai Venue SX,₹ 9.12 Lakh,"74,617 km",Diesel,Jaipur,2019
Nissan Magnite XV,₹ 8.00 Lakh,"44,096 km",Diesel,Mumbai,2023
Jeep Compass Limited,₹ 14.44 Lakh,"175,924 km",Diesel,Hyderabad,2014
Hyundai Creta SX,₹ 10.08 Lakh,"98,285 km",Hybrid,Hyderabad,2019
Maruti Suzuki Brezza ZXi,₹ 3.28 Lakh,"124,563 km",Petrol,Noida,2015
MG ZS EV,₹ 5.22 Lakh,"154,009 km",Diesel,Chennai,2013
Volvo XC60,₹ 17.67 Lakh,"167,372 km",Petrol,Thane,2013
Nissan Magnite XV,₹ 1.61 Lakh,"148,679 km",Diesel,Mysuru,2013
Jeep Compass Limited,₹ 22.28 Lakh,"121,019 km",Electric,Mumbai,2018
Hyundai Venue SX,₹ 8.21 Lakh,"92,463 km",Petrol,Noida,2020
Kia Seltos HTX,₹ 12.68 Lakh,"62,705 km",Petrol,Lucknow,2022
Toyota Fortuner 4x2,₹ 11.13 Lakh,"106,821 km",Petrol,Delhi,2019
Jeep Compass Limited,₹ 21.45 Lakh,"55,856 km",Petrol,Kolkata,2020
Lexus NX 350h,₹ 63.39 Lakh,"23,001 km",Diesel,Noida,2024
Mahindra Scorpio N Z8,₹ 5.51 Lakh,"152,028 km",Diesel,Noida,2014
Mahindra XUV700 AX7,₹ 15.49 Lakh,"30,028 km",Petrol,Jaipur,2023
Skoda Slavia Style,₹ 7.87 Lakh,"149,477 km",Petrol,Delhi,2015
Renault Kwid Climber,₹ 5.76 Lakh,"16,567 km",CNG,Hyderabad,2025
Volkswagen Polo GT,₹ 8.01 Lakh,"91,721 km",Petrol,Pune,2017
Mahindra XUV500 W8,₹ 16.03 Lakh,"3,000 km",Petrol,Thane,2025
Jeep Compass Limited,₹ 12.29 Lakh,"160,938 km",Petrol,Chennai,2013
Skoda Superb L&K,₹ 12.14 Lakh,"137,769 km",Diesel,Lucknow,2017
Renault Triber RXZ,₹ 6.89 Lakh,"50,182 km",Petrol,Bangalore,2023
Honda Amaze VX,₹ 4.37 Lakh,"165,667 km",CNG,Kochi,2013
Tata Nexon XZ+,₹ 16.58 Lakh,"18,003 km",Electric,Mumbai,2025
Kia Seltos HTX,₹ 15.36 Lakh,"8,527 km",Diesel,Mumbai,2025
BMW 3 Series 320d,₹ 53.25 Lakh,"23,973 km",Diesel,Ahmedabad,2025
Volvo XC60,₹ 27.19 Lakh,"143,267 km",Diesel,Kochi,2015
Tata Punch Creative,₹ 11.36 Lakh,"67,439 km",Petrol,Pune,2022
Jeep Compass Limited,₹ 29.91 Lakh,"17,824 km",Diesel,Bangalore,2024
Hyundai Grand i10,₹ 12.44 Lakh,"44,745 km",Diesel,Lucknow,2025
Ford Endeavour Titanium,₹ 9.13 Lakh,"109,142 km",Electric,Hyderabad,2015
Nissan Magnite XV,₹ 6.29 Lakh,"40,821 km",Petrol,Pune,2023
Nissan Magnite XV,₹ 5.78 Lakh,"176,717 km",Electric,Noida,2014
Toyota Innova Crysta GX,₹ 17.35 Lakh,"38,596 km",Petrol,Jaipur,2024
Mahindra Thar LX,₹ 6.38 Lakh,"176,146 km",Petrol,Noida,2013
Hyundai Grand i10,₹ 10.16 Lakh,"20,817 km",Diesel,Kolkata,2024
Lexus NX 350h,₹ 23.91 Lakh,"180,359 km",Diesel,Delhi,2012
Honda BR-V VX,₹ 4.16 Lakh,"157,781 km",Diesel,Bangalore,2013
Renault Kwid Climber,₹ 10.28 Lakh,"57,257 km",Hybrid,Kochi,2024
Mahindra XUV700 AX7,₹ 6.33 Lakh,"165,697 km",Petrol,Pune,2013
Honda Jazz VX,₹ 3.77 Lakh,"107,230 km",Diesel,Ahmedabad,2016
Hyundai Venue SX,₹ 11.21 Lakh,"58,915 km",Electric,Chennai,2022
BMW 5 Series 530d,₹ 29.23 Lakh,"115,387 km",Petrol,Mumbai,2016
Maruti Suzuki Baleno Alpha,₹ 2.94 Lakh,"174,138 km",Petrol,Ahmedabad,2013
Skoda Kushaq Style,₹ 15.17 Lakh,"85,811 km",Petrol,Lucknow,2023
Volvo XC60,₹ 38.99 Lakh,"85,915 km",Petrol,Mysuru,2022
Maruti Suzuki WagonR VXi,₹ 4.70 Lakh,"76,688 km",Petrol,Pune,2022
Kia Carens Prestige,₹ 10.44 Lakh,"98,079 km",Diesel,Kochi,2018
Audi Q5 quattro,₹ 42.72 Lakh,"19,828 km",Petrol,Kolkata,2025
Kia Seltos HTX,₹ 13.11 Lakh,"40,891 km",Petrol,Lucknow,2023
BMW 5 Series 530d,₹ 17.77 Lakh,"154,936 km",Petrol,Bangalore,2012
Nissan Magnite XV,₹ 4.19 Lakh,"147,846 km",Petrol,Ahmedabad,2018
Mahindra XUV500 W8,₹ 4.65 Lakh,"128,281 km",Petrol,Jaipur,2012
Jaguar F-Pace,₹ 47.03 Lakh,"95,778 km",Petrol,Kolkata,2020
Lexus ES 300h,₹ 51.49 Lakh,"106,402 km",Diesel,Bangalore,2019
Toyota Glanza G,₹ 15.76 Lakh,"55,605 km",Petrol,Jaipur,2025
Hyundai Grand i10,₹ 4.28 Lakh,"148,728 km",Petrol,Lucknow,2014
Hyundai i20 Asta,₹ 7.49 Lakh,"99,555 km",Petrol,Kolkata,2018
Volvo XC40 Recharge,₹ 27.88 Lakh,"95,144 km",Diesel,Kochi,2017
Kia Seltos HTX,₹ 3.95 Lakh,"165,451 km",Petrol,Delhi,2013
Jaguar F-Pace,₹ 50.77 Lakh,"42,942 km",Diesel,Jaipur,2022
Skoda Superb L&K,₹ 13.02 Lakh,"110,247 km",CNG,Ahmedabad,2018
Hyundai i20 Asta,₹ 9.85 Lakh,"51,801 km",Petrol,Ahmedabad,2022
Mahindra Scorpio N Z8,₹ 4.24 Lakh,"157,312 km",Petrol,Thane,2012
Jaguar F-Pace,₹ 60.39 Lakh,"54,919 km",Petrol,Hyderabad,2024
Hyundai Venue SX,₹ 2.86 Lakh,"148,323 km",Petrol,Noida,2014
Mahindra XUV500 W8,₹ 15.71 Lakh,"3,000 km",Petrol,Chennai,2025
Ford Endeavour Titanium,₹ 11.80 Lakh,"13,867 km",Diesel,Ahmedabad,2023
Lexus ES 300h,₹ 28.78 Lakh,"152,036 km",Petrol,Lucknow,2014
MG Astor Savvy,₹ 7.26 Lakh,"143,159 km",CNG,Ahmedabad,2013
Tata Nexon XZ+,₹ 8.00 Lakh,"138,950 km",CNG,Bangalore,2020
Tata Harrier XZ,₹ 3.97 Lakh,"149,537 km",Petrol,Chennai,2015
Maruti Suzuki Dzire ZXi,₹ 5.03 Lakh,"130,801 km",Electric,Hyderabad,2016
Nissan Magnite XV,₹ 1.84 Lakh,"145,722 km",Petrol,Lucknow,2013
Skoda Kushaq Style,₹ 6.23 Lakh,"178,620 km",Petrol,Noida,2013
MG Hector Sharp,₹ 10.51 Lakh,"93,092 km",Diesel,Pune,2019
Nissan Magnite XV,₹ 2.11 Lakh,"151,797 km",Diesel,Jaipur,2014
Skoda Superb L&K,₹ 7.51 Lakh,"167,434 km",Diesel,Ahmedabad,2013
Nissan Magnite XV,₹ 7.36 Lakh,"86,754 km",Petrol,Delhi,2023
Mahindra XUV500 W8,₹ 8.47 Lakh,"94,773 km",Petrol,Noida,2017
Lexus NX 350h,₹ 69.15 Lakh,"56,641 km",Diesel,Bangalore,2024
Ford EcoSport Titanium,₹ 9.43 Lakh,"120,880 km",Electric,Kochi,2015
Skoda Superb L&K,₹ 6.41 Lakh,"153,100 km",Petrol,Kolkata,2012
Mercedes-Benz GLA 200,₹ 56.51 Lakh,"30,599 km",Hybrid,Noida,2025
Nissan Magnite XV,₹ 1.20 Lakh,"164,324 km",Petrol,Mysuru,2013
Toyota Urban Cruiser,₹ 11.44 Lakh,"127,332 km",Petrol,Thane,2018
Tata Nexon XZ+,₹ 3.07 Lakh,"166,086 km",CNG,Kochi,2012
BMW X1 sDrive,₹ 55.16 Lakh,"28,177 km",Petrol,Noida,2025
Jeep Compass Limited,₹ 30.26 Lakh,"43,699 km",CNG,Pune,2025
Toyota Glanza G,₹ 14.00 Lakh,"77,798 km",Petrol,Kochi,2020
Nissan Magnite XV,₹ 2.55 Lakh,"182,053 km",Diesel,Chennai,2012
Toyota Glanza G,₹ 12.98 Lakh,"54,745 km",Petrol,Jaipur,2021
Hyundai i20 Asta,₹ 5.27 Lakh,"136,078 km",Petrol,Chennai,2013
Nissan Magnite XV,₹ 3.00 Lakh,"124,965 km",Diesel,Thane,2014
Nissan Magnite XV,₹ 7.50 Lakh,"71,898 km",Diesel,Delhi,2022
Mercedes-Benz C-Class C200,₹ 32.58 Lakh,"160,190 km",Hybrid,Mumbai,2015
Skoda Superb L&K,₹ 8.55 Lakh,"170,725 km",Diesel,Lucknow,2016
Jaguar XE Prestige,₹ 39.02 Lakh,"102,550 km",Petrol,Kochi,2018
Mercedes-Benz C-Class C200,₹ 51.76 Lakh,"28,296 km",CNG,Chennai,2024
Nissan Magnite XV,₹ 4.11 Lakh,"102,309 km",Petrol,Kolkata,2018
Mahindra XUV700 AX7,₹ 8.83 Lakh,"92,553 km",Diesel,Bangalore,2017
Maruti Suzuki WagonR VXi,₹ 5.91 Lakh,"25,824 km",Diesel,Bangalore,2024
Volvo XC60,₹ 36.19 Lakh,"92,774 km",Petrol,Delhi,2019
Toyota Urban Cruiser,₹ 11.13 Lakh,"101,176 km",Petrol,Jaipur,2018
Kia Seltos HTX,₹ 14.13 Lakh,"76,144 km",Diesel,Bangalore,2023
Honda City ZX,₹ 11.70 Lakh,"36,278 km",Petrol,Ahmedabad,2025
Toyota Innova Crysta GX,₹ 6.39 Lakh,"137,994 km",Petrol,Delhi,2014
Audi Q5 quattro,₹ 30.53 Lakh,"99,292 km",Petrol,Mysuru,2019
Maruti Suzuki Dzire ZXi,₹ 5.33 Lakh,"180,381 km",Electric,Ahmedabad,2012
Toyota Innova Crysta GX,₹ 7.06 Lakh,"182,401 km",Petrol,Kochi,2013
Kia Seltos HTX,₹ 9.35 Lakh,"96,531 km",Petrol,Mumbai,2019
Ford Endeavour Titanium,₹ 15.09 Lakh,"30,172 km",Diesel,Kolkata,2025
Audi Q3 Premium,₹ 29.62 Lakh,"98,278 km",Petrol,Bangalore,2020
BMW 5 Series 530d,₹ 19.39 Lakh,"160,201 km",Diesel,Kochi,2013
Nissan Magnite XV,₹ 2.33 Lakh,"163,258 km",Petrol,Kochi,2012
Toyota Glanza G,₹ 15.05 Lakh,"90,795 km",Hybrid,Kochi,2021
BMW X1 sDrive,₹ 24.74 Lakh,"149,571 km",Petrol,Mysuru,2014
Maruti Suzuki Baleno Alpha,₹ 2.46 Lakh,"124,985 km",Diesel,Hyderabad,2017
Volkswagen Virtus GT,₹ 9.88 Lakh,"106,264 km",Petrol,Delhi,2016
Toyota Urban Cruiser,₹ 13.88 Lakh,"60,391 km",Diesel,Pune,2022
BMW 5 Series 530d,₹ 42.50 Lakh,"30,346 km",Petrol,Bangalore,2022
Honda City ZX,₹ 7.18 Lakh,"99,852 km",Petrol,Kolkata,2018
Mercedes-Benz GLA 200,₹ 35.56 Lakh,"124,907 km",Hybrid,Kochi,2016
Jeep Compass Limited,₹ 12.20 Lakh,"145,108 km",Petrol,Noida,2014
Honda BR-V VX,₹ 3.39 Lakh,"153,187 km",CNG,Bangalore,2016
Volkswagen Taigun GT,₹ 10.94 Lakh,"106,230 km",Petrol,Delhi,2019
Maruti Suzuki Brezza ZXi,₹ 9.91 Lakh,"50,363 km",Electric,Bangalore,2022
Honda Jazz VX,₹ 3.46 Lakh,"175,053 km",Petrol,Kolkata,2012
Lexus NX 350h,₹ 48.60 Lakh,"71,775 km",Diesel,Chennai,2020
BMW 3 Series 320d,₹ 55.28 Lakh,"20,952 km",Diesel,Delhi,2025
Honda Jazz VX,₹ 14.29 Lakh,"55,355 km",Electric,Pune,2025
Volvo XC60,₹ 16.19 Lakh,"184,780 km",CNG,Kochi,2012
MG ZS EV,₹ 13.81 Lakh,"42,603 km",Petrol,Thane,2021
Skoda Slavia Style,₹ 13.22 Lakh,"138,985 km",Electric,Kochi,2017
Maruti Suzuki Baleno Alpha,₹ 1.20 Lakh,"193,310 km",Petrol,Noida,2013
Jaguar XE Prestige,₹ 30.05 Lakh,"155,533 km",Petrol,Mumbai,2014
Mercedes-Benz C-Class C200,₹ 42.23 Lakh,"80,098 km",Electric,Mysuru,2019
Tata Harrier XZ,₹ 9.67 Lakh,"85,250 km",Petrol,Ahmedabad,2021
Jeep Compass Limited,₹ 24.52 Lakh,"95,358 km",Petrol,Pune,2021
MG Hector Sharp,₹ 6.15 Lakh,"145,216 km",CNG,Noida,2015
Skoda Slavia Style,₹ 9.58 Lakh,"131,136 km",CNG,Mumbai,2016
Lexus NX 350h,₹ 54.36 Lakh,"72,472 km",Petrol,Noida,2021
Lexus NX 350h,₹ 39.62 Lakh,"112,208 km",Petrol,Ahmedabad,2016
Hyundai Venue SX,₹ 8.03 Lakh,"53,629 km",Diesel,Chennai,2021
Tata Nexon XZ+,₹ 6.00 Lakh,"111,764 km",CNG,Pune,2016
Audi Q5 quattro,₹ 30.38 Lakh,"99,019 km",Electric,Lucknow,2017
Ford Endeavour Titanium,₹ 11.18 Lakh,"68,750 km",CNG,Ahmedabad,2023
Ford EcoSport Titanium,₹ 6.32 Lakh,"152,019 km",Diesel,Kolkata,2014
Tata Altroz XZ,₹ 11.50 Lakh,"43,658 km",Petrol,Kolkata,2024
Volvo XC60,₹ 14.47 Lakh,"151,415 km",Petrol,Thane,2012
Volkswagen Taigun GT,₹ 14.45 Lakh,"38,821 km",Petrol,Hyderabad,2023
Audi A4 35 TDI,₹ 34.67 Lakh,"81,536 km",Petrol,Jaipur,2022
Mahindra Thar LX,₹ 13.39 Lakh,"58,973 km",Diesel,Lucknow,2021
Lexus NX 350h,₹ 30.52 Lakh,"155,831 km",Diesel,Ahmedabad,2014
